ISO-10303-21;
HEADER;
FILE_DESCRIPTION(('FreeCAD Model'),'2;1');
FILE_NAME('Open CASCADE Shape Model','2026-10-01T10:29:55',('FreeCAD'),(
    'FreeCAD'),'Open CASCADE STEP processor 7.8','FreeCAD','Unknown');
FILE_SCHEMA(('AUTOMOTIVE_DESIGN { 1 0 10303 214 1 1 1 1 }'));
ENDSEC;
DATA;
#1 = APPLICATION_PROTOCOL_DEFINITION('international standard',
  'automotive_design',2000,#2);
#2 = APPLICATION_CONTEXT(
  'core data for automotive mechanical design processes');
#3 = SHAPE_DEFINITION_REPRESENTATION(#4,#10);
#4 = PRODUCT_DEFINITION_SHAPE('','',#5);
#5 = PRODUCT_DEFINITION('design','',#6,#9);
#6 = PRODUCT_DEFINITION_FORMATION('','',#7);
#7 = PRODUCT('Open CASCADE STEP translator 7.8 1',
  'Open CASCADE STEP translator 7.8 1','',(#8));
#8 = PRODUCT_CONTEXT('',#2,'mechanical');
#9 = PRODUCT_DEFINITION_CONTEXT('part definition',#2,'design');
#10 = ADVANCED_BREP_SHAPE_REPRESENTATION('',(#11,#15),#3495);
#11 = AXIS2_PLACEMENT_3D('',#12,#13,#14);
#12 = CARTESIAN_POINT('',(0.,0.,0.));
#13 = DIRECTION('',(0.,0.,1.));
#14 = DIRECTION('',(1.,0.,-0.));
#15 = MANIFOLD_SOLID_BREP('',#16);
#16 = CLOSED_SHELL('',(#17,#57,#208,#354,#442,#985,#997,#1021,#1079,
    #1103,#1120,#1178,#1195,#1220,#1245,#1276,#1300,#1324,#1341,#1366,
    #1391,#1416,#1438,#1455,#1472,#1484,#1509,#1534,#1559,#1584,#1609,
    #1633,#1657,#1674,#1698,#1722,#1739,#1751,#1763,#1775,#1787,#1818,
    #1842,#1866,#1890,#1914,#1931,#1962,#1986,#2010,#2034,#2058,#2075,
    #2106,#2130,#2154,#2178,#2202,#2219,#2250,#2274,#2298,#2322,#2346,
    #2363,#2394,#2418,#2442,#2466,#2490,#2507,#2538,#2562,#2586,#2610,
    #2634,#2651,#2682,#2706,#2730,#2754,#2778,#2795,#2826,#2850,#2874,
    #2898,#2922,#2939,#2981,#3005,#3032,#3049,#3091,#3115,#3142,#3159,
    #3190,#3214,#3238,#3255,#3272,#3289,#3306,#3323,#3340,#3357,#3374,
    #3391,#3403,#3428,#3440,#3465,#3477,#3486));
#17 = ADVANCED_FACE('',(#18),#52,.F.);
#18 = FACE_BOUND('',#19,.F.);
#19 = EDGE_LOOP('',(#20,#30,#38,#46));
#20 = ORIENTED_EDGE('',*,*,#21,.F.);
#21 = EDGE_CURVE('',#22,#24,#26,.T.);
#22 = VERTEX_POINT('',#23);
#23 = CARTESIAN_POINT('',(0.,187.75,8.));
#24 = VERTEX_POINT('',#25);
#25 = CARTESIAN_POINT('',(0.,187.75,0.));
#26 = LINE('',#27,#28);
#27 = CARTESIAN_POINT('',(0.,187.75,8.));
#28 = VECTOR('',#29,1.);
#29 = DIRECTION('',(0.,0.,-1.));
#30 = ORIENTED_EDGE('',*,*,#31,.T.);
#31 = EDGE_CURVE('',#22,#32,#34,.T.);
#32 = VERTEX_POINT('',#33);
#33 = CARTESIAN_POINT('',(0.,0.,8.));
#34 = LINE('',#35,#36);
#35 = CARTESIAN_POINT('',(0.,187.75,8.));
#36 = VECTOR('',#37,1.);
#37 = DIRECTION('',(0.,-1.,0.));
#38 = ORIENTED_EDGE('',*,*,#39,.T.);
#39 = EDGE_CURVE('',#32,#40,#42,.T.);
#40 = VERTEX_POINT('',#41);
#41 = CARTESIAN_POINT('',(0.,0.,2.84217094304E-14));
#42 = LINE('',#43,#44);
#43 = CARTESIAN_POINT('',(0.,0.,8.));
#44 = VECTOR('',#45,1.);
#45 = DIRECTION('',(0.,0.,-1.));
#46 = ORIENTED_EDGE('',*,*,#47,.F.);
#47 = EDGE_CURVE('',#24,#40,#48,.T.);
#48 = LINE('',#49,#50);
#49 = CARTESIAN_POINT('',(0.,187.75,0.));
#50 = VECTOR('',#51,1.);
#51 = DIRECTION('',(0.,-1.,0.));
#52 = PLANE('',#53);
#53 = AXIS2_PLACEMENT_3D('',#54,#55,#56);
#54 = CARTESIAN_POINT('',(0.,187.75,8.));
#55 = DIRECTION('',(1.,-0.,0.));
#56 = DIRECTION('',(0.,0.,-1.));
#57 = ADVANCED_FACE('',(#58,#147,#158,#169),#203,.T.);
#58 = FACE_BOUND('',#59,.T.);
#59 = EDGE_LOOP('',(#60,#61,#69,#77,#85,#93,#101,#109,#117,#125,#133,
    #141));
#60 = ORIENTED_EDGE('',*,*,#21,.F.);
#61 = ORIENTED_EDGE('',*,*,#62,.T.);
#62 = EDGE_CURVE('',#22,#63,#65,.T.);
#63 = VERTEX_POINT('',#64);
#64 = CARTESIAN_POINT('',(34.,187.75,8.));
#65 = LINE('',#66,#67);
#66 = CARTESIAN_POINT('',(0.,187.75,8.));
#67 = VECTOR('',#68,1.);
#68 = DIRECTION('',(1.,-0.,0.));
#69 = ORIENTED_EDGE('',*,*,#70,.F.);
#70 = EDGE_CURVE('',#71,#63,#73,.T.);
#71 = VERTEX_POINT('',#72);
#72 = CARTESIAN_POINT('',(34.,187.75,22.));
#73 = LINE('',#74,#75);
#74 = CARTESIAN_POINT('',(34.,187.75,22.));
#75 = VECTOR('',#76,1.);
#76 = DIRECTION('',(0.,-2.22044604925E-16,-1.));
#77 = ORIENTED_EDGE('',*,*,#78,.F.);
#78 = EDGE_CURVE('',#79,#71,#81,.T.);
#79 = VERTEX_POINT('',#80);
#80 = CARTESIAN_POINT('',(46.,187.75,22.));
#81 = LINE('',#82,#83);
#82 = CARTESIAN_POINT('',(46.,187.75,22.));
#83 = VECTOR('',#84,1.);
#84 = DIRECTION('',(-1.,0.,-0.));
#85 = ORIENTED_EDGE('',*,*,#86,.T.);
#86 = EDGE_CURVE('',#79,#87,#89,.T.);
#87 = VERTEX_POINT('',#88);
#88 = CARTESIAN_POINT('',(46.,187.75,8.));
#89 = LINE('',#90,#91);
#90 = CARTESIAN_POINT('',(46.,187.75,22.));
#91 = VECTOR('',#92,1.);
#92 = DIRECTION('',(0.,-2.22044604925E-16,-1.));
#93 = ORIENTED_EDGE('',*,*,#94,.T.);
#94 = EDGE_CURVE('',#87,#95,#97,.T.);
#95 = VERTEX_POINT('',#96);
#96 = CARTESIAN_POINT('',(154.,187.75,8.));
#97 = LINE('',#98,#99);
#98 = CARTESIAN_POINT('',(0.,187.75,8.));
#99 = VECTOR('',#100,1.);
#100 = DIRECTION('',(1.,-0.,0.));
#101 = ORIENTED_EDGE('',*,*,#102,.F.);
#102 = EDGE_CURVE('',#103,#95,#105,.T.);
#103 = VERTEX_POINT('',#104);
#104 = CARTESIAN_POINT('',(154.,187.75,22.));
#105 = LINE('',#106,#107);
#106 = CARTESIAN_POINT('',(154.,187.75,22.));
#107 = VECTOR('',#108,1.);
#108 = DIRECTION('',(0.,-2.22044604925E-16,-1.));
#109 = ORIENTED_EDGE('',*,*,#110,.F.);
#110 = EDGE_CURVE('',#111,#103,#113,.T.);
#111 = VERTEX_POINT('',#112);
#112 = CARTESIAN_POINT('',(166.,187.75,22.));
#113 = LINE('',#114,#115);
#114 = CARTESIAN_POINT('',(166.,187.75,22.));
#115 = VECTOR('',#116,1.);
#116 = DIRECTION('',(-1.,0.,-0.));
#117 = ORIENTED_EDGE('',*,*,#118,.T.);
#118 = EDGE_CURVE('',#111,#119,#121,.T.);
#119 = VERTEX_POINT('',#120);
#120 = CARTESIAN_POINT('',(166.,187.75,8.));
#121 = LINE('',#122,#123);
#122 = CARTESIAN_POINT('',(166.,187.75,22.));
#123 = VECTOR('',#124,1.);
#124 = DIRECTION('',(0.,-2.22044604925E-16,-1.));
#125 = ORIENTED_EDGE('',*,*,#126,.T.);
#126 = EDGE_CURVE('',#119,#127,#129,.T.);
#127 = VERTEX_POINT('',#128);
#128 = CARTESIAN_POINT('',(200.,187.75,8.));
#129 = LINE('',#130,#131);
#130 = CARTESIAN_POINT('',(0.,187.75,8.));
#131 = VECTOR('',#132,1.);
#132 = DIRECTION('',(1.,-0.,0.));
#133 = ORIENTED_EDGE('',*,*,#134,.T.);
#134 = EDGE_CURVE('',#127,#135,#137,.T.);
#135 = VERTEX_POINT('',#136);
#136 = CARTESIAN_POINT('',(200.,187.75,0.));
#137 = LINE('',#138,#139);
#138 = CARTESIAN_POINT('',(200.,187.75,8.));
#139 = VECTOR('',#140,1.);
#140 = DIRECTION('',(0.,0.,-1.));
#141 = ORIENTED_EDGE('',*,*,#142,.F.);
#142 = EDGE_CURVE('',#24,#135,#143,.T.);
#143 = LINE('',#144,#145);
#144 = CARTESIAN_POINT('',(0.,187.75,0.));
#145 = VECTOR('',#146,1.);
#146 = DIRECTION('',(1.,-0.,0.));
#147 = FACE_BOUND('',#148,.T.);
#148 = EDGE_LOOP('',(#149));
#149 = ORIENTED_EDGE('',*,*,#150,.T.);
#150 = EDGE_CURVE('',#151,#151,#153,.T.);
#151 = VERTEX_POINT('',#152);
#152 = CARTESIAN_POINT('',(38.2,187.75,14.));
#153 = CIRCLE('',#154,1.8);
#154 = AXIS2_PLACEMENT_3D('',#155,#156,#157);
#155 = CARTESIAN_POINT('',(40.,187.75,14.));
#156 = DIRECTION('',(-0.,-1.,2.22044604925E-16));
#157 = DIRECTION('',(-1.,0.,-0.));
#158 = FACE_BOUND('',#159,.T.);
#159 = EDGE_LOOP('',(#160));
#160 = ORIENTED_EDGE('',*,*,#161,.T.);
#161 = EDGE_CURVE('',#162,#162,#164,.T.);
#162 = VERTEX_POINT('',#163);
#163 = CARTESIAN_POINT('',(158.2,187.75,14.));
#164 = CIRCLE('',#165,1.8);
#165 = AXIS2_PLACEMENT_3D('',#166,#167,#168);
#166 = CARTESIAN_POINT('',(160.,187.75,14.));
#167 = DIRECTION('',(-0.,-1.,2.22044604925E-16));
#168 = DIRECTION('',(-1.,0.,-0.));
#169 = FACE_BOUND('',#170,.T.);
#170 = EDGE_LOOP('',(#171,#181,#189,#197));
#171 = ORIENTED_EDGE('',*,*,#172,.T.);
#172 = EDGE_CURVE('',#173,#175,#177,.T.);
#173 = VERTEX_POINT('',#174);
#174 = CARTESIAN_POINT('',(28.,187.75,2.));
#175 = VERTEX_POINT('',#176);
#176 = CARTESIAN_POINT('',(172.,187.75,2.));
#177 = LINE('',#178,#179);
#178 = CARTESIAN_POINT('',(14.,187.75,2.));
#179 = VECTOR('',#180,1.);
#180 = DIRECTION('',(1.,-0.,0.));
#181 = ORIENTED_EDGE('',*,*,#182,.T.);
#182 = EDGE_CURVE('',#175,#183,#185,.T.);
#183 = VERTEX_POINT('',#184);
#184 = CARTESIAN_POINT('',(172.,187.75,6.));
#185 = LINE('',#186,#187);
#186 = CARTESIAN_POINT('',(172.,187.75,7.));
#187 = VECTOR('',#188,1.);
#188 = DIRECTION('',(0.,0.,1.));
#189 = ORIENTED_EDGE('',*,*,#190,.F.);
#190 = EDGE_CURVE('',#191,#183,#193,.T.);
#191 = VERTEX_POINT('',#192);
#192 = CARTESIAN_POINT('',(28.,187.75,6.));
#193 = LINE('',#194,#195);
#194 = CARTESIAN_POINT('',(14.,187.75,6.));
#195 = VECTOR('',#196,1.);
#196 = DIRECTION('',(1.,-0.,0.));
#197 = ORIENTED_EDGE('',*,*,#198,.F.);
#198 = EDGE_CURVE('',#173,#191,#199,.T.);
#199 = LINE('',#200,#201);
#200 = CARTESIAN_POINT('',(28.,187.75,7.));
#201 = VECTOR('',#202,1.);
#202 = DIRECTION('',(0.,0.,1.));
#203 = PLANE('',#204);
#204 = AXIS2_PLACEMENT_3D('',#205,#206,#207);
#205 = CARTESIAN_POINT('',(100.,187.75,6.016949152542));
#206 = DIRECTION('',(0.,1.,-2.22044604925E-16));
#207 = DIRECTION('',(1.,-0.,0.));
#208 = ADVANCED_FACE('',(#209,#227,#238,#249,#260,#294,#305,#316,#327,
    #338),#349,.T.);
#209 = FACE_BOUND('',#210,.T.);
#210 = EDGE_LOOP('',(#211,#212,#213,#221));
#211 = ORIENTED_EDGE('',*,*,#47,.F.);
#212 = ORIENTED_EDGE('',*,*,#142,.T.);
#213 = ORIENTED_EDGE('',*,*,#214,.T.);
#214 = EDGE_CURVE('',#135,#215,#217,.T.);
#215 = VERTEX_POINT('',#216);
#216 = CARTESIAN_POINT('',(200.,0.,2.84217094304E-14));
#217 = LINE('',#218,#219);
#218 = CARTESIAN_POINT('',(200.,187.75,0.));
#219 = VECTOR('',#220,1.);
#220 = DIRECTION('',(0.,-1.,0.));
#221 = ORIENTED_EDGE('',*,*,#222,.F.);
#222 = EDGE_CURVE('',#40,#215,#223,.T.);
#223 = LINE('',#224,#225);
#224 = CARTESIAN_POINT('',(0.,0.,0.));
#225 = VECTOR('',#226,1.);
#226 = DIRECTION('',(1.,-0.,0.));
#227 = FACE_BOUND('',#228,.T.);
#228 = EDGE_LOOP('',(#229));
#229 = ORIENTED_EDGE('',*,*,#230,.F.);
#230 = EDGE_CURVE('',#231,#231,#233,.T.);
#231 = VERTEX_POINT('',#232);
#232 = CARTESIAN_POINT('',(13.8,175.75,0.));
#233 = CIRCLE('',#234,1.8);
#234 = AXIS2_PLACEMENT_3D('',#235,#236,#237);
#235 = CARTESIAN_POINT('',(12.,175.75,0.));
#236 = DIRECTION('',(0.,0.,-1.));
#237 = DIRECTION('',(1.,-0.,0.));
#238 = FACE_BOUND('',#239,.T.);
#239 = EDGE_LOOP('',(#240));
#240 = ORIENTED_EDGE('',*,*,#241,.F.);
#241 = EDGE_CURVE('',#242,#242,#244,.T.);
#242 = VERTEX_POINT('',#243);
#243 = CARTESIAN_POINT('',(101.8,175.75,0.));
#244 = CIRCLE('',#245,1.8);
#245 = AXIS2_PLACEMENT_3D('',#246,#247,#248);
#246 = CARTESIAN_POINT('',(100.,175.75,0.));
#247 = DIRECTION('',(0.,0.,-1.));
#248 = DIRECTION('',(1.,-0.,0.));
#249 = FACE_BOUND('',#250,.T.);
#250 = EDGE_LOOP('',(#251));
#251 = ORIENTED_EDGE('',*,*,#252,.F.);
#252 = EDGE_CURVE('',#253,#253,#255,.T.);
#253 = VERTEX_POINT('',#254);
#254 = CARTESIAN_POINT('',(13.8,93.875,0.));
#255 = CIRCLE('',#256,1.8);
#256 = AXIS2_PLACEMENT_3D('',#257,#258,#259);
#257 = CARTESIAN_POINT('',(12.,93.875,0.));
#258 = DIRECTION('',(0.,0.,-1.));
#259 = DIRECTION('',(1.,-0.,0.));
#260 = FACE_BOUND('',#261,.T.);
#261 = EDGE_LOOP('',(#262,#272,#280,#288));
#262 = ORIENTED_EDGE('',*,*,#263,.T.);
#263 = EDGE_CURVE('',#264,#266,#268,.T.);
#264 = VERTEX_POINT('',#265);
#265 = CARTESIAN_POINT('',(176.,163.75,0.));
#266 = VERTEX_POINT('',#267);
#267 = CARTESIAN_POINT('',(24.,163.75,0.));
#268 = LINE('',#269,#270);
#269 = CARTESIAN_POINT('',(12.,163.75,0.));
#270 = VECTOR('',#271,1.);
#271 = DIRECTION('',(-1.,0.,-0.));
#272 = ORIENTED_EDGE('',*,*,#273,.T.);
#273 = EDGE_CURVE('',#266,#274,#276,.T.);
#274 = VERTEX_POINT('',#275);
#275 = CARTESIAN_POINT('',(24.,24.,0.));
#276 = LINE('',#277,#278);
#277 = CARTESIAN_POINT('',(24.,175.75,0.));
#278 = VECTOR('',#279,1.);
#279 = DIRECTION('',(0.,-1.,0.));
#280 = ORIENTED_EDGE('',*,*,#281,.F.);
#281 = EDGE_CURVE('',#282,#274,#284,.T.);
#282 = VERTEX_POINT('',#283);
#283 = CARTESIAN_POINT('',(176.,24.,0.));
#284 = LINE('',#285,#286);
#285 = CARTESIAN_POINT('',(12.,24.,0.));
#286 = VECTOR('',#287,1.);
#287 = DIRECTION('',(-1.,0.,-0.));
#288 = ORIENTED_EDGE('',*,*,#289,.F.);
#289 = EDGE_CURVE('',#264,#282,#290,.T.);
#290 = LINE('',#291,#292);
#291 = CARTESIAN_POINT('',(176.,175.75,0.));
#292 = VECTOR('',#293,1.);
#293 = DIRECTION('',(0.,-1.,0.));
#294 = FACE_BOUND('',#295,.T.);
#295 = EDGE_LOOP('',(#296));
#296 = ORIENTED_EDGE('',*,*,#297,.F.);
#297 = EDGE_CURVE('',#298,#298,#300,.T.);
#298 = VERTEX_POINT('',#299);
#299 = CARTESIAN_POINT('',(189.8,175.75,0.));
#300 = CIRCLE('',#301,1.8);
#301 = AXIS2_PLACEMENT_3D('',#302,#303,#304);
#302 = CARTESIAN_POINT('',(188.,175.75,0.));
#303 = DIRECTION('',(0.,0.,-1.));
#304 = DIRECTION('',(1.,-0.,0.));
#305 = FACE_BOUND('',#306,.T.);
#306 = EDGE_LOOP('',(#307));
#307 = ORIENTED_EDGE('',*,*,#308,.F.);
#308 = EDGE_CURVE('',#309,#309,#311,.T.);
#309 = VERTEX_POINT('',#310);
#310 = CARTESIAN_POINT('',(189.8,93.875,0.));
#311 = CIRCLE('',#312,1.8);
#312 = AXIS2_PLACEMENT_3D('',#313,#314,#315);
#313 = CARTESIAN_POINT('',(188.,93.875,0.));
#314 = DIRECTION('',(0.,0.,-1.));
#315 = DIRECTION('',(1.,-0.,0.));
#316 = FACE_BOUND('',#317,.T.);
#317 = EDGE_LOOP('',(#318));
#318 = ORIENTED_EDGE('',*,*,#319,.F.);
#319 = EDGE_CURVE('',#320,#320,#322,.T.);
#320 = VERTEX_POINT('',#321);
#321 = CARTESIAN_POINT('',(13.8,12.,0.));
#322 = CIRCLE('',#323,1.8);
#323 = AXIS2_PLACEMENT_3D('',#324,#325,#326);
#324 = CARTESIAN_POINT('',(12.,12.,0.));
#325 = DIRECTION('',(0.,0.,-1.));
#326 = DIRECTION('',(1.,-0.,0.));
#327 = FACE_BOUND('',#328,.T.);
#328 = EDGE_LOOP('',(#329));
#329 = ORIENTED_EDGE('',*,*,#330,.F.);
#330 = EDGE_CURVE('',#331,#331,#333,.T.);
#331 = VERTEX_POINT('',#332);
#332 = CARTESIAN_POINT('',(101.8,12.,0.));
#333 = CIRCLE('',#334,1.8);
#334 = AXIS2_PLACEMENT_3D('',#335,#336,#337);
#335 = CARTESIAN_POINT('',(100.,12.,0.));
#336 = DIRECTION('',(0.,0.,-1.));
#337 = DIRECTION('',(1.,-0.,0.));
#338 = FACE_BOUND('',#339,.T.);
#339 = EDGE_LOOP('',(#340));
#340 = ORIENTED_EDGE('',*,*,#341,.F.);
#341 = EDGE_CURVE('',#342,#342,#344,.T.);
#342 = VERTEX_POINT('',#343);
#343 = CARTESIAN_POINT('',(189.8,12.,0.));
#344 = CIRCLE('',#345,1.8);
#345 = AXIS2_PLACEMENT_3D('',#346,#347,#348);
#346 = CARTESIAN_POINT('',(188.,12.,0.));
#347 = DIRECTION('',(0.,0.,-1.));
#348 = DIRECTION('',(1.,-0.,0.));
#349 = PLANE('',#350);
#350 = AXIS2_PLACEMENT_3D('',#351,#352,#353);
#351 = CARTESIAN_POINT('',(0.,187.75,0.));
#352 = DIRECTION('',(0.,0.,-1.));
#353 = DIRECTION('',(1.,-0.,0.));
#354 = ADVANCED_FACE('',(#355),#437,.T.);
#355 = FACE_BOUND('',#356,.T.);
#356 = EDGE_LOOP('',(#357,#365,#366,#367,#375,#383,#391,#399,#407,#415,
    #423,#431));
#357 = ORIENTED_EDGE('',*,*,#358,.F.);
#358 = EDGE_CURVE('',#32,#359,#361,.T.);
#359 = VERTEX_POINT('',#360);
#360 = CARTESIAN_POINT('',(1.75,0.,8.));
#361 = LINE('',#362,#363);
#362 = CARTESIAN_POINT('',(0.,0.,8.));
#363 = VECTOR('',#364,1.);
#364 = DIRECTION('',(1.,-0.,0.));
#365 = ORIENTED_EDGE('',*,*,#39,.T.);
#366 = ORIENTED_EDGE('',*,*,#222,.T.);
#367 = ORIENTED_EDGE('',*,*,#368,.F.);
#368 = EDGE_CURVE('',#369,#215,#371,.T.);
#369 = VERTEX_POINT('',#370);
#370 = CARTESIAN_POINT('',(200.,0.,8.));
#371 = LINE('',#372,#373);
#372 = CARTESIAN_POINT('',(200.,0.,8.));
#373 = VECTOR('',#374,1.);
#374 = DIRECTION('',(0.,0.,-1.));
#375 = ORIENTED_EDGE('',*,*,#376,.F.);
#376 = EDGE_CURVE('',#377,#369,#379,.T.);
#377 = VERTEX_POINT('',#378);
#378 = CARTESIAN_POINT('',(198.25,0.,8.));
#379 = LINE('',#380,#381);
#380 = CARTESIAN_POINT('',(0.,0.,8.));
#381 = VECTOR('',#382,1.);
#382 = DIRECTION('',(1.,-0.,0.));
#383 = ORIENTED_EDGE('',*,*,#384,.T.);
#384 = EDGE_CURVE('',#377,#385,#387,.T.);
#385 = VERTEX_POINT('',#386);
#386 = CARTESIAN_POINT('',(198.25,0.,4.));
#387 = LINE('',#388,#389);
#388 = CARTESIAN_POINT('',(198.25,0.,8.));
#389 = VECTOR('',#390,1.);
#390 = DIRECTION('',(0.,0.,-1.));
#391 = ORIENTED_EDGE('',*,*,#392,.F.);
#392 = EDGE_CURVE('',#393,#385,#395,.T.);
#393 = VERTEX_POINT('',#394);
#394 = CARTESIAN_POINT('',(193.75,0.,4.));
#395 = LINE('',#396,#397);
#396 = CARTESIAN_POINT('',(99.125,0.,4.));
#397 = VECTOR('',#398,1.);
#398 = DIRECTION('',(1.,0.,0.));
#399 = ORIENTED_EDGE('',*,*,#400,.F.);
#400 = EDGE_CURVE('',#401,#393,#403,.T.);
#401 = VERTEX_POINT('',#402);
#402 = CARTESIAN_POINT('',(193.75,0.,8.));
#403 = LINE('',#404,#405);
#404 = CARTESIAN_POINT('',(193.75,0.,8.));
#405 = VECTOR('',#406,1.);
#406 = DIRECTION('',(0.,0.,-1.));
#407 = ORIENTED_EDGE('',*,*,#408,.F.);
#408 = EDGE_CURVE('',#409,#401,#411,.T.);
#409 = VERTEX_POINT('',#410);
#410 = CARTESIAN_POINT('',(6.25,0.,8.));
#411 = LINE('',#412,#413);
#412 = CARTESIAN_POINT('',(0.,0.,8.));
#413 = VECTOR('',#414,1.);
#414 = DIRECTION('',(1.,-0.,0.));
#415 = ORIENTED_EDGE('',*,*,#416,.T.);
#416 = EDGE_CURVE('',#409,#417,#419,.T.);
#417 = VERTEX_POINT('',#418);
#418 = CARTESIAN_POINT('',(6.25,0.,4.));
#419 = LINE('',#420,#421);
#420 = CARTESIAN_POINT('',(6.25,0.,8.));
#421 = VECTOR('',#422,1.);
#422 = DIRECTION('',(0.,0.,-1.));
#423 = ORIENTED_EDGE('',*,*,#424,.F.);
#424 = EDGE_CURVE('',#425,#417,#427,.T.);
#425 = VERTEX_POINT('',#426);
#426 = CARTESIAN_POINT('',(1.75,0.,4.));
#427 = LINE('',#428,#429);
#428 = CARTESIAN_POINT('',(3.125,0.,4.));
#429 = VECTOR('',#430,1.);
#430 = DIRECTION('',(1.,0.,0.));
#431 = ORIENTED_EDGE('',*,*,#432,.F.);
#432 = EDGE_CURVE('',#359,#425,#433,.T.);
#433 = LINE('',#434,#435);
#434 = CARTESIAN_POINT('',(1.75,0.,8.));
#435 = VECTOR('',#436,1.);
#436 = DIRECTION('',(0.,0.,-1.));
#437 = PLANE('',#438);
#438 = AXIS2_PLACEMENT_3D('',#439,#440,#441);
#439 = CARTESIAN_POINT('',(0.,0.,8.));
#440 = DIRECTION('',(0.,-1.,0.));
#441 = DIRECTION('',(0.,0.,-1.));
#442 = ADVANCED_FACE('',(#443,#546,#596,#646,#696,#746,#796,#830,#880,
    #930),#980,.F.);
#443 = FACE_BOUND('',#444,.F.);
#444 = EDGE_LOOP('',(#445,#446,#447,#448,#456,#464,#470,#471,#479,#487,
    #493,#494,#500,#501,#509,#517,#523,#524,#532,#540));
#445 = ORIENTED_EDGE('',*,*,#358,.F.);
#446 = ORIENTED_EDGE('',*,*,#31,.F.);
#447 = ORIENTED_EDGE('',*,*,#62,.T.);
#448 = ORIENTED_EDGE('',*,*,#449,.F.);
#449 = EDGE_CURVE('',#450,#63,#452,.T.);
#450 = VERTEX_POINT('',#451);
#451 = CARTESIAN_POINT('',(34.,173.75,8.));
#452 = LINE('',#453,#454);
#453 = CARTESIAN_POINT('',(34.,187.75,8.));
#454 = VECTOR('',#455,1.);
#455 = DIRECTION('',(-0.,1.,0.));
#456 = ORIENTED_EDGE('',*,*,#457,.F.);
#457 = EDGE_CURVE('',#458,#450,#460,.T.);
#458 = VERTEX_POINT('',#459);
#459 = CARTESIAN_POINT('',(46.,173.75,8.));
#460 = LINE('',#461,#462);
#461 = CARTESIAN_POINT('',(23.,173.75,8.));
#462 = VECTOR('',#463,1.);
#463 = DIRECTION('',(-1.,0.,0.));
#464 = ORIENTED_EDGE('',*,*,#465,.T.);
#465 = EDGE_CURVE('',#458,#87,#466,.T.);
#466 = LINE('',#467,#468);
#467 = CARTESIAN_POINT('',(46.,187.75,8.));
#468 = VECTOR('',#469,1.);
#469 = DIRECTION('',(-0.,1.,0.));
#470 = ORIENTED_EDGE('',*,*,#94,.T.);
#471 = ORIENTED_EDGE('',*,*,#472,.F.);
#472 = EDGE_CURVE('',#473,#95,#475,.T.);
#473 = VERTEX_POINT('',#474);
#474 = CARTESIAN_POINT('',(154.,173.75,8.));
#475 = LINE('',#476,#477);
#476 = CARTESIAN_POINT('',(154.,187.75,8.));
#477 = VECTOR('',#478,1.);
#478 = DIRECTION('',(-0.,1.,0.));
#479 = ORIENTED_EDGE('',*,*,#480,.F.);
#480 = EDGE_CURVE('',#481,#473,#483,.T.);
#481 = VERTEX_POINT('',#482);
#482 = CARTESIAN_POINT('',(166.,173.75,8.));
#483 = LINE('',#484,#485);
#484 = CARTESIAN_POINT('',(83.,173.75,8.));
#485 = VECTOR('',#486,1.);
#486 = DIRECTION('',(-1.,0.,0.));
#487 = ORIENTED_EDGE('',*,*,#488,.T.);
#488 = EDGE_CURVE('',#481,#119,#489,.T.);
#489 = LINE('',#490,#491);
#490 = CARTESIAN_POINT('',(166.,187.75,8.));
#491 = VECTOR('',#492,1.);
#492 = DIRECTION('',(-0.,1.,0.));
#493 = ORIENTED_EDGE('',*,*,#126,.T.);
#494 = ORIENTED_EDGE('',*,*,#495,.T.);
#495 = EDGE_CURVE('',#127,#369,#496,.T.);
#496 = LINE('',#497,#498);
#497 = CARTESIAN_POINT('',(200.,187.75,8.));
#498 = VECTOR('',#499,1.);
#499 = DIRECTION('',(0.,-1.,0.));
#500 = ORIENTED_EDGE('',*,*,#376,.F.);
#501 = ORIENTED_EDGE('',*,*,#502,.F.);
#502 = EDGE_CURVE('',#503,#377,#505,.T.);
#503 = VERTEX_POINT('',#504);
#504 = CARTESIAN_POINT('',(198.25,171.75,8.));
#505 = LINE('',#506,#507);
#506 = CARTESIAN_POINT('',(198.25,171.75,8.));
#507 = VECTOR('',#508,1.);
#508 = DIRECTION('',(0.,-1.,2.22044604925E-16));
#509 = ORIENTED_EDGE('',*,*,#510,.T.);
#510 = EDGE_CURVE('',#503,#511,#513,.T.);
#511 = VERTEX_POINT('',#512);
#512 = CARTESIAN_POINT('',(193.75,171.75,8.));
#513 = LINE('',#514,#515);
#514 = CARTESIAN_POINT('',(198.25,171.75,8.));
#515 = VECTOR('',#516,1.);
#516 = DIRECTION('',(-1.,0.,-0.));
#517 = ORIENTED_EDGE('',*,*,#518,.T.);
#518 = EDGE_CURVE('',#511,#401,#519,.T.);
#519 = LINE('',#520,#521);
#520 = CARTESIAN_POINT('',(193.75,171.75,8.));
#521 = VECTOR('',#522,1.);
#522 = DIRECTION('',(0.,-1.,2.22044604925E-16));
#523 = ORIENTED_EDGE('',*,*,#408,.F.);
#524 = ORIENTED_EDGE('',*,*,#525,.F.);
#525 = EDGE_CURVE('',#526,#409,#528,.T.);
#526 = VERTEX_POINT('',#527);
#527 = CARTESIAN_POINT('',(6.25,171.75,8.));
#528 = LINE('',#529,#530);
#529 = CARTESIAN_POINT('',(6.25,171.75,8.));
#530 = VECTOR('',#531,1.);
#531 = DIRECTION('',(0.,-1.,2.22044604925E-16));
#532 = ORIENTED_EDGE('',*,*,#533,.T.);
#533 = EDGE_CURVE('',#526,#534,#536,.T.);
#534 = VERTEX_POINT('',#535);
#535 = CARTESIAN_POINT('',(1.75,171.75,8.));
#536 = LINE('',#537,#538);
#537 = CARTESIAN_POINT('',(6.25,171.75,8.));
#538 = VECTOR('',#539,1.);
#539 = DIRECTION('',(-1.,0.,-0.));
#540 = ORIENTED_EDGE('',*,*,#541,.T.);
#541 = EDGE_CURVE('',#534,#359,#542,.T.);
#542 = LINE('',#543,#544);
#543 = CARTESIAN_POINT('',(1.75,171.75,8.));
#544 = VECTOR('',#545,1.);
#545 = DIRECTION('',(0.,-1.,2.22044604925E-16));
#546 = FACE_BOUND('',#547,.F.);
#547 = EDGE_LOOP('',(#548,#558,#566,#574,#582,#590));
#548 = ORIENTED_EDGE('',*,*,#549,.T.);
#549 = EDGE_CURVE('',#550,#552,#554,.T.);
#550 = VERTEX_POINT('',#551);
#551 = CARTESIAN_POINT('',(9.05,174.04681670589,8.));
#552 = VERTEX_POINT('',#553);
#553 = CARTESIAN_POINT('',(12.,172.34363341178,8.));
#554 = LINE('',#555,#556);
#555 = CARTESIAN_POINT('',(4.164423788647,176.86750544666,8.));
#556 = VECTOR('',#557,1.);
#557 = DIRECTION('',(0.866025403784,-0.5,0.));
#558 = ORIENTED_EDGE('',*,*,#559,.T.);
#559 = EDGE_CURVE('',#552,#560,#562,.T.);
#560 = VERTEX_POINT('',#561);
#561 = CARTESIAN_POINT('',(14.95,174.04681670589,8.));
#562 = LINE('',#563,#564);
#563 = CARTESIAN_POINT('',(12.310576211353,172.52294467101,8.));
#564 = VECTOR('',#565,1.);
#565 = DIRECTION('',(0.866025403784,0.5,0.));
#566 = ORIENTED_EDGE('',*,*,#567,.T.);
#567 = EDGE_CURVE('',#560,#568,#570,.T.);
#568 = VERTEX_POINT('',#569);
#569 = CARTESIAN_POINT('',(14.95,177.4531832941,8.));
#570 = LINE('',#571,#572);
#571 = CARTESIAN_POINT('',(14.95,182.60159164705,8.));
#572 = VECTOR('',#573,1.);
#573 = DIRECTION('',(-5.214814064769E-16,1.,-0.));
#574 = ORIENTED_EDGE('',*,*,#575,.T.);
#575 = EDGE_CURVE('',#568,#576,#578,.T.);
#576 = VERTEX_POINT('',#577);
#577 = CARTESIAN_POINT('',(12.,179.15636658821,8.));
#578 = LINE('',#579,#580);
#579 = CARTESIAN_POINT('',(5.639423788647,182.82864697604,8.));
#580 = VECTOR('',#581,1.);
#581 = DIRECTION('',(-0.866025403784,0.5,-0.));
#582 = ORIENTED_EDGE('',*,*,#583,.T.);
#583 = EDGE_CURVE('',#576,#584,#586,.T.);
#584 = VERTEX_POINT('',#585);
#585 = CARTESIAN_POINT('',(9.05,177.4531832941,8.));
#586 = LINE('',#587,#588);
#587 = CARTESIAN_POINT('',(7.885576211353,176.78090290628,8.));
#588 = VECTOR('',#589,1.);
#589 = DIRECTION('',(-0.866025403784,-0.5,0.));
#590 = ORIENTED_EDGE('',*,*,#591,.T.);
#591 = EDGE_CURVE('',#584,#550,#592,.T.);
#592 = LINE('',#593,#594);
#593 = CARTESIAN_POINT('',(9.05,180.89840835294,8.));
#594 = VECTOR('',#595,1.);
#595 = DIRECTION('',(-5.214814064769E-16,-1.,0.));
#596 = FACE_BOUND('',#597,.F.);
#597 = EDGE_LOOP('',(#598,#608,#616,#624,#632,#640));
#598 = ORIENTED_EDGE('',*,*,#599,.T.);
#599 = EDGE_CURVE('',#600,#602,#604,.T.);
#600 = VERTEX_POINT('',#601);
#601 = CARTESIAN_POINT('',(97.05,174.04681670589,8.));
#602 = VERTEX_POINT('',#603);
#603 = CARTESIAN_POINT('',(100.,172.34363341178,8.));
#604 = LINE('',#605,#606);
#605 = CARTESIAN_POINT('',(59.164423788647,195.92006432992,8.));
#606 = VECTOR('',#607,1.);
#607 = DIRECTION('',(0.866025403784,-0.5,0.));
#608 = ORIENTED_EDGE('',*,*,#609,.T.);
#609 = EDGE_CURVE('',#602,#610,#612,.T.);
#610 = VERTEX_POINT('',#611);
#611 = CARTESIAN_POINT('',(102.95,174.04681670589,8.));
#612 = LINE('',#613,#614);
#613 = CARTESIAN_POINT('',(67.310576211353,153.47038578775,8.));
#614 = VECTOR('',#615,1.);
#615 = DIRECTION('',(0.866025403784,0.5,0.));
#616 = ORIENTED_EDGE('',*,*,#617,.T.);
#617 = EDGE_CURVE('',#610,#618,#620,.T.);
#618 = VERTEX_POINT('',#619);
#619 = CARTESIAN_POINT('',(102.95,177.4531832941,8.));
#620 = LINE('',#621,#622);
#621 = CARTESIAN_POINT('',(102.95,182.60159164705,8.));
#622 = VECTOR('',#623,1.);
#623 = DIRECTION('',(0.,1.,0.));
#624 = ORIENTED_EDGE('',*,*,#625,.T.);
#625 = EDGE_CURVE('',#618,#626,#628,.T.);
#626 = VERTEX_POINT('',#627);
#627 = CARTESIAN_POINT('',(100.,179.15636658821,8.));
#628 = LINE('',#629,#630);
#629 = CARTESIAN_POINT('',(60.639423788647,201.8812058593,8.));
#630 = VECTOR('',#631,1.);
#631 = DIRECTION('',(-0.866025403784,0.5,-0.));
#632 = ORIENTED_EDGE('',*,*,#633,.T.);
#633 = EDGE_CURVE('',#626,#634,#636,.T.);
#634 = VERTEX_POINT('',#635);
#635 = CARTESIAN_POINT('',(97.05,177.4531832941,8.));
#636 = LINE('',#637,#638);
#637 = CARTESIAN_POINT('',(62.885576211353,157.72834402302,8.));
#638 = VECTOR('',#639,1.);
#639 = DIRECTION('',(-0.866025403784,-0.5,0.));
#640 = ORIENTED_EDGE('',*,*,#641,.T.);
#641 = EDGE_CURVE('',#634,#600,#642,.T.);
#642 = LINE('',#643,#644);
#643 = CARTESIAN_POINT('',(97.05,180.89840835294,8.));
#644 = VECTOR('',#645,1.);
#645 = DIRECTION('',(0.,-1.,0.));
#646 = FACE_BOUND('',#647,.F.);
#647 = EDGE_LOOP('',(#648,#658,#666,#674,#682,#690));
#648 = ORIENTED_EDGE('',*,*,#649,.T.);
#649 = EDGE_CURVE('',#650,#652,#654,.T.);
#650 = VERTEX_POINT('',#651);
#651 = CARTESIAN_POINT('',(185.05,174.04681670589,8.));
#652 = VERTEX_POINT('',#653);
#653 = CARTESIAN_POINT('',(188.,172.34363341178,8.));
#654 = LINE('',#655,#656);
#655 = CARTESIAN_POINT('',(114.16442378864,214.97262321317,8.));
#656 = VECTOR('',#657,1.);
#657 = DIRECTION('',(0.866025403784,-0.5,0.));
#658 = ORIENTED_EDGE('',*,*,#659,.T.);
#659 = EDGE_CURVE('',#652,#660,#662,.T.);
#660 = VERTEX_POINT('',#661);
#661 = CARTESIAN_POINT('',(190.95,174.04681670589,8.));
#662 = LINE('',#663,#664);
#663 = CARTESIAN_POINT('',(122.31057621135,134.41782690449,8.));
#664 = VECTOR('',#665,1.);
#665 = DIRECTION('',(0.866025403784,0.5,0.));
#666 = ORIENTED_EDGE('',*,*,#667,.T.);
#667 = EDGE_CURVE('',#660,#668,#670,.T.);
#668 = VERTEX_POINT('',#669);
#669 = CARTESIAN_POINT('',(190.95,177.4531832941,8.));
#670 = LINE('',#671,#672);
#671 = CARTESIAN_POINT('',(190.95,182.60159164705,8.));
#672 = VECTOR('',#673,1.);
#673 = DIRECTION('',(0.,1.,0.));
#674 = ORIENTED_EDGE('',*,*,#675,.T.);
#675 = EDGE_CURVE('',#668,#676,#678,.T.);
#676 = VERTEX_POINT('',#677);
#677 = CARTESIAN_POINT('',(188.,179.15636658821,8.));
#678 = LINE('',#679,#680);
#679 = CARTESIAN_POINT('',(115.63942378864,220.93376474256,8.));
#680 = VECTOR('',#681,1.);
#681 = DIRECTION('',(-0.866025403784,0.5,-0.));
#682 = ORIENTED_EDGE('',*,*,#683,.T.);
#683 = EDGE_CURVE('',#676,#684,#686,.T.);
#684 = VERTEX_POINT('',#685);
#685 = CARTESIAN_POINT('',(185.05,177.4531832941,8.));
#686 = LINE('',#687,#688);
#687 = CARTESIAN_POINT('',(117.88557621135,138.67578513976,8.));
#688 = VECTOR('',#689,1.);
#689 = DIRECTION('',(-0.866025403784,-0.5,0.));
#690 = ORIENTED_EDGE('',*,*,#691,.T.);
#691 = EDGE_CURVE('',#684,#650,#692,.T.);
#692 = LINE('',#693,#694);
#693 = CARTESIAN_POINT('',(185.05,180.89840835294,8.));
#694 = VECTOR('',#695,1.);
#695 = DIRECTION('',(0.,-1.,0.));
#696 = FACE_BOUND('',#697,.F.);
#697 = EDGE_LOOP('',(#698,#708,#716,#724,#732,#740));
#698 = ORIENTED_EDGE('',*,*,#699,.T.);
#699 = EDGE_CURVE('',#700,#702,#704,.T.);
#700 = VERTEX_POINT('',#701);
#701 = CARTESIAN_POINT('',(9.05,92.171816705891,8.));
#702 = VERTEX_POINT('',#703);
#703 = CARTESIAN_POINT('',(12.,90.468633411781,8.));
#704 = LINE('',#705,#706);
#705 = CARTESIAN_POINT('',(-13.56203369506,105.22688044666,8.));
#706 = VECTOR('',#707,1.);
#707 = DIRECTION('',(0.866025403784,-0.5,0.));
#708 = ORIENTED_EDGE('',*,*,#709,.T.);
#709 = EDGE_CURVE('',#702,#710,#712,.T.);
#710 = VERTEX_POINT('',#711);
#711 = CARTESIAN_POINT('',(14.95,92.171816705891,8.));
#712 = LINE('',#713,#714);
#713 = CARTESIAN_POINT('',(30.037033695066,100.88231967101,8.));
#714 = VECTOR('',#715,1.);
#715 = DIRECTION('',(0.866025403784,0.5,0.));
#716 = ORIENTED_EDGE('',*,*,#717,.T.);
#717 = EDGE_CURVE('',#710,#718,#720,.T.);
#718 = VERTEX_POINT('',#719);
#719 = CARTESIAN_POINT('',(14.95,95.578183294109,8.));
#720 = LINE('',#721,#722);
#721 = CARTESIAN_POINT('',(14.95,141.66409164705,8.));
#722 = VECTOR('',#723,1.);
#723 = DIRECTION('',(-5.214814064769E-16,1.,-0.));
#724 = ORIENTED_EDGE('',*,*,#725,.T.);
#725 = EDGE_CURVE('',#718,#726,#728,.T.);
#726 = VERTEX_POINT('',#727);
#727 = CARTESIAN_POINT('',(12.,97.281366588219,8.));
#728 = LINE('',#729,#730);
#729 = CARTESIAN_POINT('',(-12.08703369506,111.18802197604,8.));
#730 = VECTOR('',#731,1.);
#731 = DIRECTION('',(-0.866025403784,0.5,-0.));
#732 = ORIENTED_EDGE('',*,*,#733,.T.);
#733 = EDGE_CURVE('',#726,#734,#736,.T.);
#734 = VERTEX_POINT('',#735);
#735 = CARTESIAN_POINT('',(9.05,95.578183294109,8.));
#736 = LINE('',#737,#738);
#737 = CARTESIAN_POINT('',(25.612033695066,105.14027790628,8.));
#738 = VECTOR('',#739,1.);
#739 = DIRECTION('',(-0.866025403784,-0.5,0.));
#740 = ORIENTED_EDGE('',*,*,#741,.T.);
#741 = EDGE_CURVE('',#734,#700,#742,.T.);
#742 = LINE('',#743,#744);
#743 = CARTESIAN_POINT('',(9.05,139.96090835294,8.));
#744 = VECTOR('',#745,1.);
#745 = DIRECTION('',(-5.214814064769E-16,-1.,0.));
#746 = FACE_BOUND('',#747,.F.);
#747 = EDGE_LOOP('',(#748,#758,#766,#774,#782,#790));
#748 = ORIENTED_EDGE('',*,*,#749,.T.);
#749 = EDGE_CURVE('',#750,#752,#754,.T.);
#750 = VERTEX_POINT('',#751);
#751 = CARTESIAN_POINT('',(9.05,10.296816705891,8.));
#752 = VERTEX_POINT('',#753);
#753 = CARTESIAN_POINT('',(12.,8.593633411781,8.));
#754 = LINE('',#755,#756);
#755 = CARTESIAN_POINT('',(-31.28849117877,33.586255446662,8.));
#756 = VECTOR('',#757,1.);
#757 = DIRECTION('',(0.866025403784,-0.5,0.));
#758 = ORIENTED_EDGE('',*,*,#759,.T.);
#759 = EDGE_CURVE('',#752,#760,#762,.T.);
#760 = VERTEX_POINT('',#761);
#761 = CARTESIAN_POINT('',(14.95,10.296816705891,8.));
#762 = LINE('',#763,#764);
#763 = CARTESIAN_POINT('',(47.763491178779,29.24169467101,8.));
#764 = VECTOR('',#765,1.);
#765 = DIRECTION('',(0.866025403784,0.5,0.));
#766 = ORIENTED_EDGE('',*,*,#767,.T.);
#767 = EDGE_CURVE('',#760,#768,#770,.T.);
#768 = VERTEX_POINT('',#769);
#769 = CARTESIAN_POINT('',(14.95,13.703183294109,8.));
#770 = LINE('',#771,#772);
#771 = CARTESIAN_POINT('',(14.95,100.72659164705,8.));
#772 = VECTOR('',#773,1.);
#773 = DIRECTION('',(-5.214814064769E-16,1.,-0.));
#774 = ORIENTED_EDGE('',*,*,#775,.T.);
#775 = EDGE_CURVE('',#768,#776,#778,.T.);
#776 = VERTEX_POINT('',#777);
#777 = CARTESIAN_POINT('',(12.,15.406366588219,8.));
#778 = LINE('',#779,#780);
#779 = CARTESIAN_POINT('',(-29.81349117877,39.547396976044,8.));
#780 = VECTOR('',#781,1.);
#781 = DIRECTION('',(-0.866025403784,0.5,-0.));
#782 = ORIENTED_EDGE('',*,*,#783,.T.);
#783 = EDGE_CURVE('',#776,#784,#786,.T.);
#784 = VERTEX_POINT('',#785);
#785 = CARTESIAN_POINT('',(9.05,13.703183294109,8.));
#786 = LINE('',#787,#788);
#787 = CARTESIAN_POINT('',(43.338491178779,33.499652906283,8.));
#788 = VECTOR('',#789,1.);
#789 = DIRECTION('',(-0.866025403784,-0.5,0.));
#790 = ORIENTED_EDGE('',*,*,#791,.T.);
#791 = EDGE_CURVE('',#784,#750,#792,.T.);
#792 = LINE('',#793,#794);
#793 = CARTESIAN_POINT('',(9.05,99.023408352945,8.));
#794 = VECTOR('',#795,1.);
#795 = DIRECTION('',(-5.214814064769E-16,-1.,0.));
#796 = FACE_BOUND('',#797,.F.);
#797 = EDGE_LOOP('',(#798,#808,#816,#824));
#798 = ORIENTED_EDGE('',*,*,#799,.T.);
#799 = EDGE_CURVE('',#800,#802,#804,.T.);
#800 = VERTEX_POINT('',#801);
#801 = CARTESIAN_POINT('',(176.,163.75,8.));
#802 = VERTEX_POINT('',#803);
#803 = CARTESIAN_POINT('',(24.,163.75,8.));
#804 = LINE('',#805,#806);
#805 = CARTESIAN_POINT('',(12.,163.75,8.));
#806 = VECTOR('',#807,1.);
#807 = DIRECTION('',(-1.,0.,-0.));
#808 = ORIENTED_EDGE('',*,*,#809,.T.);
#809 = EDGE_CURVE('',#802,#810,#812,.T.);
#810 = VERTEX_POINT('',#811);
#811 = CARTESIAN_POINT('',(24.,24.,8.));
#812 = LINE('',#813,#814);
#813 = CARTESIAN_POINT('',(24.,175.75,8.));
#814 = VECTOR('',#815,1.);
#815 = DIRECTION('',(0.,-1.,0.));
#816 = ORIENTED_EDGE('',*,*,#817,.F.);
#817 = EDGE_CURVE('',#818,#810,#820,.T.);
#818 = VERTEX_POINT('',#819);
#819 = CARTESIAN_POINT('',(176.,24.,8.));
#820 = LINE('',#821,#822);
#821 = CARTESIAN_POINT('',(12.,24.,8.));
#822 = VECTOR('',#823,1.);
#823 = DIRECTION('',(-1.,0.,-0.));
#824 = ORIENTED_EDGE('',*,*,#825,.F.);
#825 = EDGE_CURVE('',#800,#818,#826,.T.);
#826 = LINE('',#827,#828);
#827 = CARTESIAN_POINT('',(176.,175.75,8.));
#828 = VECTOR('',#829,1.);
#829 = DIRECTION('',(0.,-1.,0.));
#830 = FACE_BOUND('',#831,.F.);
#831 = EDGE_LOOP('',(#832,#842,#850,#858,#866,#874));
#832 = ORIENTED_EDGE('',*,*,#833,.T.);
#833 = EDGE_CURVE('',#834,#836,#838,.T.);
#834 = VERTEX_POINT('',#835);
#835 = CARTESIAN_POINT('',(185.05,92.171816705891,8.));
#836 = VERTEX_POINT('',#837);
#837 = CARTESIAN_POINT('',(188.,90.468633411781,8.));
#838 = LINE('',#839,#840);
#839 = CARTESIAN_POINT('',(96.437966304934,143.33199821317,8.));
#840 = VECTOR('',#841,1.);
#841 = DIRECTION('',(0.866025403784,-0.5,0.));
#842 = ORIENTED_EDGE('',*,*,#843,.T.);
#843 = EDGE_CURVE('',#836,#844,#846,.T.);
#844 = VERTEX_POINT('',#845);
#845 = CARTESIAN_POINT('',(190.95,92.171816705891,8.));
#846 = LINE('',#847,#848);
#847 = CARTESIAN_POINT('',(140.03703369506,62.777201904495,8.));
#848 = VECTOR('',#849,1.);
#849 = DIRECTION('',(0.866025403784,0.5,0.));
#850 = ORIENTED_EDGE('',*,*,#851,.T.);
#851 = EDGE_CURVE('',#844,#852,#854,.T.);
#852 = VERTEX_POINT('',#853);
#853 = CARTESIAN_POINT('',(190.95,95.578183294109,8.));
#854 = LINE('',#855,#856);
#855 = CARTESIAN_POINT('',(190.95,141.66409164705,8.));
#856 = VECTOR('',#857,1.);
#857 = DIRECTION('',(0.,1.,0.));
#858 = ORIENTED_EDGE('',*,*,#859,.T.);
#859 = EDGE_CURVE('',#852,#860,#862,.T.);
#860 = VERTEX_POINT('',#861);
#861 = CARTESIAN_POINT('',(188.,97.281366588219,8.));
#862 = LINE('',#863,#864);
#863 = CARTESIAN_POINT('',(97.912966304934,149.29313974256,8.));
#864 = VECTOR('',#865,1.);
#865 = DIRECTION('',(-0.866025403784,0.5,-0.));
#866 = ORIENTED_EDGE('',*,*,#867,.T.);
#867 = EDGE_CURVE('',#860,#868,#870,.T.);
#868 = VERTEX_POINT('',#869);
#869 = CARTESIAN_POINT('',(185.05,95.578183294109,8.));
#870 = LINE('',#871,#872);
#871 = CARTESIAN_POINT('',(135.61203369506,67.035160139768,8.));
#872 = VECTOR('',#873,1.);
#873 = DIRECTION('',(-0.866025403784,-0.5,0.));
#874 = ORIENTED_EDGE('',*,*,#875,.T.);
#875 = EDGE_CURVE('',#868,#834,#876,.T.);
#876 = LINE('',#877,#878);
#877 = CARTESIAN_POINT('',(185.05,139.96090835294,8.));
#878 = VECTOR('',#879,1.);
#879 = DIRECTION('',(0.,-1.,0.));
#880 = FACE_BOUND('',#881,.F.);
#881 = EDGE_LOOP('',(#882,#892,#900,#908,#916,#924));
#882 = ORIENTED_EDGE('',*,*,#883,.T.);
#883 = EDGE_CURVE('',#884,#886,#888,.T.);
#884 = VERTEX_POINT('',#885);
#885 = CARTESIAN_POINT('',(97.05,10.296816705891,8.));
#886 = VERTEX_POINT('',#887);
#887 = CARTESIAN_POINT('',(100.,8.593633411781,8.));
#888 = LINE('',#889,#890);
#889 = CARTESIAN_POINT('',(23.711508821221,52.638814329919,8.));
#890 = VECTOR('',#891,1.);
#891 = DIRECTION('',(0.866025403784,-0.5,0.));
#892 = ORIENTED_EDGE('',*,*,#893,.T.);
#893 = EDGE_CURVE('',#886,#894,#896,.T.);
#894 = VERTEX_POINT('',#895);
#895 = CARTESIAN_POINT('',(102.95,10.296816705891,8.));
#896 = LINE('',#897,#898);
#897 = CARTESIAN_POINT('',(102.76349117877,10.189135787752,8.));
#898 = VECTOR('',#899,1.);
#899 = DIRECTION('',(0.866025403784,0.5,0.));
#900 = ORIENTED_EDGE('',*,*,#901,.T.);
#901 = EDGE_CURVE('',#894,#902,#904,.T.);
#902 = VERTEX_POINT('',#903);
#903 = CARTESIAN_POINT('',(102.95,13.703183294109,8.));
#904 = LINE('',#905,#906);
#905 = CARTESIAN_POINT('',(102.95,100.72659164705,8.));
#906 = VECTOR('',#907,1.);
#907 = DIRECTION('',(0.,1.,0.));
#908 = ORIENTED_EDGE('',*,*,#909,.T.);
#909 = EDGE_CURVE('',#902,#910,#912,.T.);
#910 = VERTEX_POINT('',#911);
#911 = CARTESIAN_POINT('',(100.,15.406366588219,8.));
#912 = LINE('',#913,#914);
#913 = CARTESIAN_POINT('',(25.186508821221,58.599955859302,8.));
#914 = VECTOR('',#915,1.);
#915 = DIRECTION('',(-0.866025403784,0.5,-0.));
#916 = ORIENTED_EDGE('',*,*,#917,.T.);
#917 = EDGE_CURVE('',#910,#918,#920,.T.);
#918 = VERTEX_POINT('',#919);
#919 = CARTESIAN_POINT('',(97.05,13.703183294109,8.));
#920 = LINE('',#921,#922);
#921 = CARTESIAN_POINT('',(98.338491178778,14.447094023026,8.));
#922 = VECTOR('',#923,1.);
#923 = DIRECTION('',(-0.866025403784,-0.5,0.));
#924 = ORIENTED_EDGE('',*,*,#925,.T.);
#925 = EDGE_CURVE('',#918,#884,#926,.T.);
#926 = LINE('',#927,#928);
#927 = CARTESIAN_POINT('',(97.05,99.023408352945,8.));
#928 = VECTOR('',#929,1.);
#929 = DIRECTION('',(0.,-1.,0.));
#930 = FACE_BOUND('',#931,.F.);
#931 = EDGE_LOOP('',(#932,#942,#950,#958,#966,#974));
#932 = ORIENTED_EDGE('',*,*,#933,.T.);
#933 = EDGE_CURVE('',#934,#936,#938,.T.);
#934 = VERTEX_POINT('',#935);
#935 = CARTESIAN_POINT('',(185.05,10.296816705891,8.));
#936 = VERTEX_POINT('',#937);
#937 = CARTESIAN_POINT('',(188.,8.593633411781,8.));
#938 = LINE('',#939,#940);
#939 = CARTESIAN_POINT('',(78.711508821221,71.691373213177,8.));
#940 = VECTOR('',#941,1.);
#941 = DIRECTION('',(0.866025403784,-0.5,0.));
#942 = ORIENTED_EDGE('',*,*,#943,.T.);
#943 = EDGE_CURVE('',#936,#944,#946,.T.);
#944 = VERTEX_POINT('',#945);
#945 = CARTESIAN_POINT('',(190.95,10.296816705891,8.));
#946 = LINE('',#947,#948);
#947 = CARTESIAN_POINT('',(157.76349117877,-8.863423095505,8.));
#948 = VECTOR('',#949,1.);
#949 = DIRECTION('',(0.866025403784,0.5,0.));
#950 = ORIENTED_EDGE('',*,*,#951,.T.);
#951 = EDGE_CURVE('',#944,#952,#954,.T.);
#952 = VERTEX_POINT('',#953);
#953 = CARTESIAN_POINT('',(190.95,13.703183294109,8.));
#954 = LINE('',#955,#956);
#955 = CARTESIAN_POINT('',(190.95,100.72659164705,8.));
#956 = VECTOR('',#957,1.);
#957 = DIRECTION('',(0.,1.,0.));
#958 = ORIENTED_EDGE('',*,*,#959,.T.);
#959 = EDGE_CURVE('',#952,#960,#962,.T.);
#960 = VERTEX_POINT('',#961);
#961 = CARTESIAN_POINT('',(188.,15.406366588219,8.));
#962 = LINE('',#963,#964);
#963 = CARTESIAN_POINT('',(80.186508821221,77.65251474256,8.));
#964 = VECTOR('',#965,1.);
#965 = DIRECTION('',(-0.866025403784,0.5,-0.));
#966 = ORIENTED_EDGE('',*,*,#967,.T.);
#967 = EDGE_CURVE('',#960,#968,#970,.T.);
#968 = VERTEX_POINT('',#969);
#969 = CARTESIAN_POINT('',(185.05,13.703183294109,8.));
#970 = LINE('',#971,#972);
#971 = CARTESIAN_POINT('',(153.33849117877,-4.605464860232,8.));
#972 = VECTOR('',#973,1.);
#973 = DIRECTION('',(-0.866025403784,-0.5,0.));
#974 = ORIENTED_EDGE('',*,*,#975,.T.);
#975 = EDGE_CURVE('',#968,#934,#976,.T.);
#976 = LINE('',#977,#978);
#977 = CARTESIAN_POINT('',(185.05,99.023408352945,8.));
#978 = VECTOR('',#979,1.);
#979 = DIRECTION('',(0.,-1.,0.));
#980 = PLANE('',#981);
#981 = AXIS2_PLACEMENT_3D('',#982,#983,#984);
#982 = CARTESIAN_POINT('',(0.,187.75,8.));
#983 = DIRECTION('',(0.,0.,-1.));
#984 = DIRECTION('',(1.,-0.,0.));
#985 = ADVANCED_FACE('',(#986),#992,.T.);
#986 = FACE_BOUND('',#987,.T.);
#987 = EDGE_LOOP('',(#988,#989,#990,#991));
#988 = ORIENTED_EDGE('',*,*,#134,.F.);
#989 = ORIENTED_EDGE('',*,*,#495,.T.);
#990 = ORIENTED_EDGE('',*,*,#368,.T.);
#991 = ORIENTED_EDGE('',*,*,#214,.F.);
#992 = PLANE('',#993);
#993 = AXIS2_PLACEMENT_3D('',#994,#995,#996);
#994 = CARTESIAN_POINT('',(200.,187.75,8.));
#995 = DIRECTION('',(1.,-0.,0.));
#996 = DIRECTION('',(0.,0.,-1.));
#997 = ADVANCED_FACE('',(#998),#1016,.T.);
#998 = FACE_BOUND('',#999,.T.);
#999 = EDGE_LOOP('',(#1000,#1008,#1014,#1015));
#1000 = ORIENTED_EDGE('',*,*,#1001,.F.);
#1001 = EDGE_CURVE('',#1002,#450,#1004,.T.);
#1002 = VERTEX_POINT('',#1003);
#1003 = CARTESIAN_POINT('',(34.,173.75,22.));
#1004 = LINE('',#1005,#1006);
#1005 = CARTESIAN_POINT('',(34.,173.75,22.));
#1006 = VECTOR('',#1007,1.);
#1007 = DIRECTION('',(0.,-2.22044604925E-16,-1.));
#1008 = ORIENTED_EDGE('',*,*,#1009,.F.);
#1009 = EDGE_CURVE('',#71,#1002,#1010,.T.);
#1010 = LINE('',#1011,#1012);
#1011 = CARTESIAN_POINT('',(34.,187.75,22.));
#1012 = VECTOR('',#1013,1.);
#1013 = DIRECTION('',(0.,-1.,2.22044604925E-16));
#1014 = ORIENTED_EDGE('',*,*,#70,.T.);
#1015 = ORIENTED_EDGE('',*,*,#449,.F.);
#1016 = PLANE('',#1017);
#1017 = AXIS2_PLACEMENT_3D('',#1018,#1019,#1020);
#1018 = CARTESIAN_POINT('',(34.,187.75,22.));
#1019 = DIRECTION('',(-1.,0.,-0.));
#1020 = DIRECTION('',(0.,-1.,2.22044604925E-16));
#1021 = ADVANCED_FACE('',(#1022,#1040),#1074,.F.);
#1022 = FACE_BOUND('',#1023,.F.);
#1023 = EDGE_LOOP('',(#1024,#1025,#1033,#1039));
#1024 = ORIENTED_EDGE('',*,*,#78,.F.);
#1025 = ORIENTED_EDGE('',*,*,#1026,.T.);
#1026 = EDGE_CURVE('',#79,#1027,#1029,.T.);
#1027 = VERTEX_POINT('',#1028);
#1028 = CARTESIAN_POINT('',(46.,173.75,22.));
#1029 = LINE('',#1030,#1031);
#1030 = CARTESIAN_POINT('',(46.,187.75,22.));
#1031 = VECTOR('',#1032,1.);
#1032 = DIRECTION('',(0.,-1.,2.22044604925E-16));
#1033 = ORIENTED_EDGE('',*,*,#1034,.T.);
#1034 = EDGE_CURVE('',#1027,#1002,#1035,.T.);
#1035 = LINE('',#1036,#1037);
#1036 = CARTESIAN_POINT('',(46.,173.75,22.));
#1037 = VECTOR('',#1038,1.);
#1038 = DIRECTION('',(-1.,0.,-0.));
#1039 = ORIENTED_EDGE('',*,*,#1009,.F.);
#1040 = FACE_BOUND('',#1041,.F.);
#1041 = EDGE_LOOP('',(#1042,#1052,#1060,#1068));
#1042 = ORIENTED_EDGE('',*,*,#1043,.F.);
#1043 = EDGE_CURVE('',#1044,#1046,#1048,.T.);
#1044 = VERTEX_POINT('',#1045);
#1045 = CARTESIAN_POINT('',(42.95,177.35,22.));
#1046 = VERTEX_POINT('',#1047);
#1047 = CARTESIAN_POINT('',(37.05,177.35,22.));
#1048 = LINE('',#1049,#1050);
#1049 = CARTESIAN_POINT('',(44.475,177.35,22.));
#1050 = VECTOR('',#1051,1.);
#1051 = DIRECTION('',(-1.,0.,-0.));
#1052 = ORIENTED_EDGE('',*,*,#1053,.T.);
#1053 = EDGE_CURVE('',#1044,#1054,#1056,.T.);
#1054 = VERTEX_POINT('',#1055);
#1055 = CARTESIAN_POINT('',(42.95,181.55,22.));
#1056 = LINE('',#1057,#1058);
#1057 = CARTESIAN_POINT('',(42.95,184.65,22.));
#1058 = VECTOR('',#1059,1.);
#1059 = DIRECTION('',(0.,1.,-2.22044604925E-16));
#1060 = ORIENTED_EDGE('',*,*,#1061,.T.);
#1061 = EDGE_CURVE('',#1054,#1062,#1064,.T.);
#1062 = VERTEX_POINT('',#1063);
#1063 = CARTESIAN_POINT('',(37.05,181.55,22.));
#1064 = LINE('',#1065,#1066);
#1065 = CARTESIAN_POINT('',(44.475,181.55,22.));
#1066 = VECTOR('',#1067,1.);
#1067 = DIRECTION('',(-1.,0.,-0.));
#1068 = ORIENTED_EDGE('',*,*,#1069,.F.);
#1069 = EDGE_CURVE('',#1046,#1062,#1070,.T.);
#1070 = LINE('',#1071,#1072);
#1071 = CARTESIAN_POINT('',(37.05,184.65,22.));
#1072 = VECTOR('',#1073,1.);
#1073 = DIRECTION('',(0.,1.,-2.22044604925E-16));
#1074 = PLANE('',#1075);
#1075 = AXIS2_PLACEMENT_3D('',#1076,#1077,#1078);
#1076 = CARTESIAN_POINT('',(46.,187.75,22.));
#1077 = DIRECTION('',(0.,-2.22044604925E-16,-1.));
#1078 = DIRECTION('',(0.,-1.,2.22044604925E-16));
#1079 = ADVANCED_FACE('',(#1080),#1098,.F.);
#1080 = FACE_BOUND('',#1081,.F.);
#1081 = EDGE_LOOP('',(#1082,#1090,#1096,#1097));
#1082 = ORIENTED_EDGE('',*,*,#1083,.F.);
#1083 = EDGE_CURVE('',#1084,#481,#1086,.T.);
#1084 = VERTEX_POINT('',#1085);
#1085 = CARTESIAN_POINT('',(166.,173.75,22.));
#1086 = LINE('',#1087,#1088);
#1087 = CARTESIAN_POINT('',(166.,173.75,22.));
#1088 = VECTOR('',#1089,1.);
#1089 = DIRECTION('',(0.,-2.22044604925E-16,-1.));
#1090 = ORIENTED_EDGE('',*,*,#1091,.F.);
#1091 = EDGE_CURVE('',#111,#1084,#1092,.T.);
#1092 = LINE('',#1093,#1094);
#1093 = CARTESIAN_POINT('',(166.,187.75,22.));
#1094 = VECTOR('',#1095,1.);
#1095 = DIRECTION('',(0.,-1.,2.22044604925E-16));
#1096 = ORIENTED_EDGE('',*,*,#118,.T.);
#1097 = ORIENTED_EDGE('',*,*,#488,.F.);
#1098 = PLANE('',#1099);
#1099 = AXIS2_PLACEMENT_3D('',#1100,#1101,#1102);
#1100 = CARTESIAN_POINT('',(166.,187.75,22.));
#1101 = DIRECTION('',(-1.,0.,-0.));
#1102 = DIRECTION('',(0.,-1.,2.22044604925E-16));
#1103 = ADVANCED_FACE('',(#1104),#1115,.F.);
#1104 = FACE_BOUND('',#1105,.F.);
#1105 = EDGE_LOOP('',(#1106,#1112,#1113,#1114));
#1106 = ORIENTED_EDGE('',*,*,#1107,.F.);
#1107 = EDGE_CURVE('',#1027,#458,#1108,.T.);
#1108 = LINE('',#1109,#1110);
#1109 = CARTESIAN_POINT('',(46.,173.75,22.));
#1110 = VECTOR('',#1111,1.);
#1111 = DIRECTION('',(0.,-2.22044604925E-16,-1.));
#1112 = ORIENTED_EDGE('',*,*,#1026,.F.);
#1113 = ORIENTED_EDGE('',*,*,#86,.T.);
#1114 = ORIENTED_EDGE('',*,*,#465,.F.);
#1115 = PLANE('',#1116);
#1116 = AXIS2_PLACEMENT_3D('',#1117,#1118,#1119);
#1117 = CARTESIAN_POINT('',(46.,187.75,22.));
#1118 = DIRECTION('',(-1.,0.,-0.));
#1119 = DIRECTION('',(0.,-1.,2.22044604925E-16));
#1120 = ADVANCED_FACE('',(#1121,#1139),#1173,.F.);
#1121 = FACE_BOUND('',#1122,.F.);
#1122 = EDGE_LOOP('',(#1123,#1124,#1125,#1133));
#1123 = ORIENTED_EDGE('',*,*,#110,.F.);
#1124 = ORIENTED_EDGE('',*,*,#1091,.T.);
#1125 = ORIENTED_EDGE('',*,*,#1126,.T.);
#1126 = EDGE_CURVE('',#1084,#1127,#1129,.T.);
#1127 = VERTEX_POINT('',#1128);
#1128 = CARTESIAN_POINT('',(154.,173.75,22.));
#1129 = LINE('',#1130,#1131);
#1130 = CARTESIAN_POINT('',(166.,173.75,22.));
#1131 = VECTOR('',#1132,1.);
#1132 = DIRECTION('',(-1.,0.,-0.));
#1133 = ORIENTED_EDGE('',*,*,#1134,.F.);
#1134 = EDGE_CURVE('',#103,#1127,#1135,.T.);
#1135 = LINE('',#1136,#1137);
#1136 = CARTESIAN_POINT('',(154.,187.75,22.));
#1137 = VECTOR('',#1138,1.);
#1138 = DIRECTION('',(0.,-1.,2.22044604925E-16));
#1139 = FACE_BOUND('',#1140,.F.);
#1140 = EDGE_LOOP('',(#1141,#1151,#1159,#1167));
#1141 = ORIENTED_EDGE('',*,*,#1142,.F.);
#1142 = EDGE_CURVE('',#1143,#1145,#1147,.T.);
#1143 = VERTEX_POINT('',#1144);
#1144 = CARTESIAN_POINT('',(162.95,177.35,22.));
#1145 = VERTEX_POINT('',#1146);
#1146 = CARTESIAN_POINT('',(157.05,177.35,22.));
#1147 = LINE('',#1148,#1149);
#1148 = CARTESIAN_POINT('',(164.475,177.35,22.));
#1149 = VECTOR('',#1150,1.);
#1150 = DIRECTION('',(-1.,0.,-0.));
#1151 = ORIENTED_EDGE('',*,*,#1152,.T.);
#1152 = EDGE_CURVE('',#1143,#1153,#1155,.T.);
#1153 = VERTEX_POINT('',#1154);
#1154 = CARTESIAN_POINT('',(162.95,181.55,22.));
#1155 = LINE('',#1156,#1157);
#1156 = CARTESIAN_POINT('',(162.95,184.65,22.));
#1157 = VECTOR('',#1158,1.);
#1158 = DIRECTION('',(0.,1.,-2.22044604925E-16));
#1159 = ORIENTED_EDGE('',*,*,#1160,.T.);
#1160 = EDGE_CURVE('',#1153,#1161,#1163,.T.);
#1161 = VERTEX_POINT('',#1162);
#1162 = CARTESIAN_POINT('',(157.05,181.55,22.));
#1163 = LINE('',#1164,#1165);
#1164 = CARTESIAN_POINT('',(164.475,181.55,22.));
#1165 = VECTOR('',#1166,1.);
#1166 = DIRECTION('',(-1.,0.,-0.));
#1167 = ORIENTED_EDGE('',*,*,#1168,.F.);
#1168 = EDGE_CURVE('',#1145,#1161,#1169,.T.);
#1169 = LINE('',#1170,#1171);
#1170 = CARTESIAN_POINT('',(157.05,184.65,22.));
#1171 = VECTOR('',#1172,1.);
#1172 = DIRECTION('',(0.,1.,-2.22044604925E-16));
#1173 = PLANE('',#1174);
#1174 = AXIS2_PLACEMENT_3D('',#1175,#1176,#1177);
#1175 = CARTESIAN_POINT('',(166.,187.75,22.));
#1176 = DIRECTION('',(0.,-2.22044604925E-16,-1.));
#1177 = DIRECTION('',(0.,-1.,2.22044604925E-16));
#1178 = ADVANCED_FACE('',(#1179),#1190,.T.);
#1179 = FACE_BOUND('',#1180,.T.);
#1180 = EDGE_LOOP('',(#1181,#1187,#1188,#1189));
#1181 = ORIENTED_EDGE('',*,*,#1182,.F.);
#1182 = EDGE_CURVE('',#1127,#473,#1183,.T.);
#1183 = LINE('',#1184,#1185);
#1184 = CARTESIAN_POINT('',(154.,173.75,22.));
#1185 = VECTOR('',#1186,1.);
#1186 = DIRECTION('',(0.,-2.22044604925E-16,-1.));
#1187 = ORIENTED_EDGE('',*,*,#1134,.F.);
#1188 = ORIENTED_EDGE('',*,*,#102,.T.);
#1189 = ORIENTED_EDGE('',*,*,#472,.F.);
#1190 = PLANE('',#1191);
#1191 = AXIS2_PLACEMENT_3D('',#1192,#1193,#1194);
#1192 = CARTESIAN_POINT('',(154.,187.75,22.));
#1193 = DIRECTION('',(-1.,0.,-0.));
#1194 = DIRECTION('',(0.,-1.,2.22044604925E-16));
#1195 = ADVANCED_FACE('',(#1196),#1215,.F.);
#1196 = FACE_BOUND('',#1197,.F.);
#1197 = EDGE_LOOP('',(#1198,#1199,#1207,#1214));
#1198 = ORIENTED_EDGE('',*,*,#150,.T.);
#1199 = ORIENTED_EDGE('',*,*,#1200,.T.);
#1200 = EDGE_CURVE('',#151,#1201,#1203,.T.);
#1201 = VERTEX_POINT('',#1202);
#1202 = CARTESIAN_POINT('',(38.2,181.55,14.));
#1203 = LINE('',#1204,#1205);
#1204 = CARTESIAN_POINT('',(38.2,192.75,14.));
#1205 = VECTOR('',#1206,1.);
#1206 = DIRECTION('',(0.,-1.,2.22044604925E-16));
#1207 = ORIENTED_EDGE('',*,*,#1208,.F.);
#1208 = EDGE_CURVE('',#1201,#1201,#1209,.T.);
#1209 = CIRCLE('',#1210,1.8);
#1210 = AXIS2_PLACEMENT_3D('',#1211,#1212,#1213);
#1211 = CARTESIAN_POINT('',(40.,181.55,14.));
#1212 = DIRECTION('',(-0.,-1.,2.22044604925E-16));
#1213 = DIRECTION('',(-1.,0.,-0.));
#1214 = ORIENTED_EDGE('',*,*,#1200,.F.);
#1215 = CYLINDRICAL_SURFACE('',#1216,1.8);
#1216 = AXIS2_PLACEMENT_3D('',#1217,#1218,#1219);
#1217 = CARTESIAN_POINT('',(40.,192.75,14.));
#1218 = DIRECTION('',(0.,-1.,2.22044604925E-16));
#1219 = DIRECTION('',(-1.,0.,-0.));
#1220 = ADVANCED_FACE('',(#1221),#1240,.F.);
#1221 = FACE_BOUND('',#1222,.F.);
#1222 = EDGE_LOOP('',(#1223,#1224,#1232,#1239));
#1223 = ORIENTED_EDGE('',*,*,#161,.T.);
#1224 = ORIENTED_EDGE('',*,*,#1225,.T.);
#1225 = EDGE_CURVE('',#162,#1226,#1228,.T.);
#1226 = VERTEX_POINT('',#1227);
#1227 = CARTESIAN_POINT('',(158.2,181.55,14.));
#1228 = LINE('',#1229,#1230);
#1229 = CARTESIAN_POINT('',(158.2,192.75,14.));
#1230 = VECTOR('',#1231,1.);
#1231 = DIRECTION('',(0.,-1.,2.22044604925E-16));
#1232 = ORIENTED_EDGE('',*,*,#1233,.F.);
#1233 = EDGE_CURVE('',#1226,#1226,#1234,.T.);
#1234 = CIRCLE('',#1235,1.8);
#1235 = AXIS2_PLACEMENT_3D('',#1236,#1237,#1238);
#1236 = CARTESIAN_POINT('',(160.,181.55,14.));
#1237 = DIRECTION('',(-0.,-1.,2.22044604925E-16));
#1238 = DIRECTION('',(-1.,0.,-0.));
#1239 = ORIENTED_EDGE('',*,*,#1225,.F.);
#1240 = CYLINDRICAL_SURFACE('',#1241,1.8);
#1241 = AXIS2_PLACEMENT_3D('',#1242,#1243,#1244);
#1242 = CARTESIAN_POINT('',(160.,192.75,14.));
#1243 = DIRECTION('',(0.,-1.,2.22044604925E-16));
#1244 = DIRECTION('',(-1.,0.,-0.));
#1245 = ADVANCED_FACE('',(#1246),#1271,.T.);
#1246 = FACE_BOUND('',#1247,.T.);
#1247 = EDGE_LOOP('',(#1248,#1256,#1264,#1270));
#1248 = ORIENTED_EDGE('',*,*,#1249,.F.);
#1249 = EDGE_CURVE('',#1250,#173,#1252,.T.);
#1250 = VERTEX_POINT('',#1251);
#1251 = CARTESIAN_POINT('',(28.,190.35,2.));
#1252 = LINE('',#1253,#1254);
#1253 = CARTESIAN_POINT('',(28.,190.75,2.));
#1254 = VECTOR('',#1255,1.);
#1255 = DIRECTION('',(0.,-1.,0.));
#1256 = ORIENTED_EDGE('',*,*,#1257,.T.);
#1257 = EDGE_CURVE('',#1250,#1258,#1260,.T.);
#1258 = VERTEX_POINT('',#1259);
#1259 = CARTESIAN_POINT('',(172.,190.35,2.));
#1260 = LINE('',#1261,#1262);
#1261 = CARTESIAN_POINT('',(28.,190.35,2.));
#1262 = VECTOR('',#1263,1.);
#1263 = DIRECTION('',(1.,-0.,0.));
#1264 = ORIENTED_EDGE('',*,*,#1265,.T.);
#1265 = EDGE_CURVE('',#1258,#175,#1266,.T.);
#1266 = LINE('',#1267,#1268);
#1267 = CARTESIAN_POINT('',(172.,190.75,2.));
#1268 = VECTOR('',#1269,1.);
#1269 = DIRECTION('',(0.,-1.,0.));
#1270 = ORIENTED_EDGE('',*,*,#172,.F.);
#1271 = PLANE('',#1272);
#1272 = AXIS2_PLACEMENT_3D('',#1273,#1274,#1275);
#1273 = CARTESIAN_POINT('',(28.,190.75,2.));
#1274 = DIRECTION('',(0.,0.,-1.));
#1275 = DIRECTION('',(1.,-0.,0.));
#1276 = ADVANCED_FACE('',(#1277),#1295,.F.);
#1277 = FACE_BOUND('',#1278,.F.);
#1278 = EDGE_LOOP('',(#1279,#1280,#1288,#1294));
#1279 = ORIENTED_EDGE('',*,*,#1249,.F.);
#1280 = ORIENTED_EDGE('',*,*,#1281,.F.);
#1281 = EDGE_CURVE('',#1282,#1250,#1284,.T.);
#1282 = VERTEX_POINT('',#1283);
#1283 = CARTESIAN_POINT('',(28.,190.35,6.));
#1284 = LINE('',#1285,#1286);
#1285 = CARTESIAN_POINT('',(28.,190.35,6.));
#1286 = VECTOR('',#1287,1.);
#1287 = DIRECTION('',(0.,0.,-1.));
#1288 = ORIENTED_EDGE('',*,*,#1289,.T.);
#1289 = EDGE_CURVE('',#1282,#191,#1290,.T.);
#1290 = LINE('',#1291,#1292);
#1291 = CARTESIAN_POINT('',(28.,190.75,6.));
#1292 = VECTOR('',#1293,1.);
#1293 = DIRECTION('',(0.,-1.,0.));
#1294 = ORIENTED_EDGE('',*,*,#198,.F.);
#1295 = PLANE('',#1296);
#1296 = AXIS2_PLACEMENT_3D('',#1297,#1298,#1299);
#1297 = CARTESIAN_POINT('',(28.,190.75,6.));
#1298 = DIRECTION('',(1.,-0.,0.));
#1299 = DIRECTION('',(0.,0.,-1.));
#1300 = ADVANCED_FACE('',(#1301),#1319,.T.);
#1301 = FACE_BOUND('',#1302,.T.);
#1302 = EDGE_LOOP('',(#1303,#1304,#1312,#1318));
#1303 = ORIENTED_EDGE('',*,*,#1265,.F.);
#1304 = ORIENTED_EDGE('',*,*,#1305,.F.);
#1305 = EDGE_CURVE('',#1306,#1258,#1308,.T.);
#1306 = VERTEX_POINT('',#1307);
#1307 = CARTESIAN_POINT('',(172.,190.35,6.));
#1308 = LINE('',#1309,#1310);
#1309 = CARTESIAN_POINT('',(172.,190.35,6.));
#1310 = VECTOR('',#1311,1.);
#1311 = DIRECTION('',(0.,0.,-1.));
#1312 = ORIENTED_EDGE('',*,*,#1313,.T.);
#1313 = EDGE_CURVE('',#1306,#183,#1314,.T.);
#1314 = LINE('',#1315,#1316);
#1315 = CARTESIAN_POINT('',(172.,190.75,6.));
#1316 = VECTOR('',#1317,1.);
#1317 = DIRECTION('',(0.,-1.,0.));
#1318 = ORIENTED_EDGE('',*,*,#182,.F.);
#1319 = PLANE('',#1320);
#1320 = AXIS2_PLACEMENT_3D('',#1321,#1322,#1323);
#1321 = CARTESIAN_POINT('',(172.,190.75,6.));
#1322 = DIRECTION('',(1.,-0.,0.));
#1323 = DIRECTION('',(0.,0.,-1.));
#1324 = ADVANCED_FACE('',(#1325),#1336,.F.);
#1325 = FACE_BOUND('',#1326,.F.);
#1326 = EDGE_LOOP('',(#1327,#1328,#1334,#1335));
#1327 = ORIENTED_EDGE('',*,*,#1289,.F.);
#1328 = ORIENTED_EDGE('',*,*,#1329,.T.);
#1329 = EDGE_CURVE('',#1282,#1306,#1330,.T.);
#1330 = LINE('',#1331,#1332);
#1331 = CARTESIAN_POINT('',(28.,190.35,6.));
#1332 = VECTOR('',#1333,1.);
#1333 = DIRECTION('',(1.,-0.,0.));
#1334 = ORIENTED_EDGE('',*,*,#1313,.T.);
#1335 = ORIENTED_EDGE('',*,*,#190,.F.);
#1336 = PLANE('',#1337);
#1337 = AXIS2_PLACEMENT_3D('',#1338,#1339,#1340);
#1338 = CARTESIAN_POINT('',(28.,190.75,6.));
#1339 = DIRECTION('',(0.,0.,-1.));
#1340 = DIRECTION('',(1.,-0.,0.));
#1341 = ADVANCED_FACE('',(#1342),#1361,.F.);
#1342 = FACE_BOUND('',#1343,.F.);
#1343 = EDGE_LOOP('',(#1344,#1352,#1353,#1354));
#1344 = ORIENTED_EDGE('',*,*,#1345,.T.);
#1345 = EDGE_CURVE('',#1346,#231,#1348,.T.);
#1346 = VERTEX_POINT('',#1347);
#1347 = CARTESIAN_POINT('',(13.8,175.75,1.8));
#1348 = LINE('',#1349,#1350);
#1349 = CARTESIAN_POINT('',(13.8,175.75,9.));
#1350 = VECTOR('',#1351,1.);
#1351 = DIRECTION('',(0.,0.,-1.));
#1352 = ORIENTED_EDGE('',*,*,#230,.F.);
#1353 = ORIENTED_EDGE('',*,*,#1345,.F.);
#1354 = ORIENTED_EDGE('',*,*,#1355,.T.);
#1355 = EDGE_CURVE('',#1346,#1346,#1356,.T.);
#1356 = CIRCLE('',#1357,1.8);
#1357 = AXIS2_PLACEMENT_3D('',#1358,#1359,#1360);
#1358 = CARTESIAN_POINT('',(12.,175.75,1.8));
#1359 = DIRECTION('',(0.,0.,-1.));
#1360 = DIRECTION('',(1.,-0.,0.));
#1361 = CYLINDRICAL_SURFACE('',#1362,1.8);
#1362 = AXIS2_PLACEMENT_3D('',#1363,#1364,#1365);
#1363 = CARTESIAN_POINT('',(12.,175.75,9.));
#1364 = DIRECTION('',(0.,0.,-1.));
#1365 = DIRECTION('',(1.,-0.,0.));
#1366 = ADVANCED_FACE('',(#1367),#1386,.F.);
#1367 = FACE_BOUND('',#1368,.F.);
#1368 = EDGE_LOOP('',(#1369,#1377,#1378,#1379));
#1369 = ORIENTED_EDGE('',*,*,#1370,.T.);
#1370 = EDGE_CURVE('',#1371,#242,#1373,.T.);
#1371 = VERTEX_POINT('',#1372);
#1372 = CARTESIAN_POINT('',(101.8,175.75,1.8));
#1373 = LINE('',#1374,#1375);
#1374 = CARTESIAN_POINT('',(101.8,175.75,9.));
#1375 = VECTOR('',#1376,1.);
#1376 = DIRECTION('',(0.,0.,-1.));
#1377 = ORIENTED_EDGE('',*,*,#241,.F.);
#1378 = ORIENTED_EDGE('',*,*,#1370,.F.);
#1379 = ORIENTED_EDGE('',*,*,#1380,.T.);
#1380 = EDGE_CURVE('',#1371,#1371,#1381,.T.);
#1381 = CIRCLE('',#1382,1.8);
#1382 = AXIS2_PLACEMENT_3D('',#1383,#1384,#1385);
#1383 = CARTESIAN_POINT('',(100.,175.75,1.8));
#1384 = DIRECTION('',(0.,0.,-1.));
#1385 = DIRECTION('',(1.,-0.,0.));
#1386 = CYLINDRICAL_SURFACE('',#1387,1.8);
#1387 = AXIS2_PLACEMENT_3D('',#1388,#1389,#1390);
#1388 = CARTESIAN_POINT('',(100.,175.75,9.));
#1389 = DIRECTION('',(0.,0.,-1.));
#1390 = DIRECTION('',(1.,-0.,0.));
#1391 = ADVANCED_FACE('',(#1392),#1411,.F.);
#1392 = FACE_BOUND('',#1393,.F.);
#1393 = EDGE_LOOP('',(#1394,#1402,#1403,#1404));
#1394 = ORIENTED_EDGE('',*,*,#1395,.T.);
#1395 = EDGE_CURVE('',#1396,#253,#1398,.T.);
#1396 = VERTEX_POINT('',#1397);
#1397 = CARTESIAN_POINT('',(13.8,93.875,1.8));
#1398 = LINE('',#1399,#1400);
#1399 = CARTESIAN_POINT('',(13.8,93.875,9.));
#1400 = VECTOR('',#1401,1.);
#1401 = DIRECTION('',(0.,0.,-1.));
#1402 = ORIENTED_EDGE('',*,*,#252,.F.);
#1403 = ORIENTED_EDGE('',*,*,#1395,.F.);
#1404 = ORIENTED_EDGE('',*,*,#1405,.T.);
#1405 = EDGE_CURVE('',#1396,#1396,#1406,.T.);
#1406 = CIRCLE('',#1407,1.8);
#1407 = AXIS2_PLACEMENT_3D('',#1408,#1409,#1410);
#1408 = CARTESIAN_POINT('',(12.,93.875,1.8));
#1409 = DIRECTION('',(0.,0.,-1.));
#1410 = DIRECTION('',(1.,-0.,0.));
#1411 = CYLINDRICAL_SURFACE('',#1412,1.8);
#1412 = AXIS2_PLACEMENT_3D('',#1413,#1414,#1415);
#1413 = CARTESIAN_POINT('',(12.,93.875,9.));
#1414 = DIRECTION('',(0.,0.,-1.));
#1415 = DIRECTION('',(1.,-0.,0.));
#1416 = ADVANCED_FACE('',(#1417),#1433,.T.);
#1417 = FACE_BOUND('',#1418,.T.);
#1418 = EDGE_LOOP('',(#1419,#1425,#1426,#1432));
#1419 = ORIENTED_EDGE('',*,*,#1420,.F.);
#1420 = EDGE_CURVE('',#800,#264,#1421,.T.);
#1421 = LINE('',#1422,#1423);
#1422 = CARTESIAN_POINT('',(176.,163.75,9.));
#1423 = VECTOR('',#1424,1.);
#1424 = DIRECTION('',(0.,0.,-1.));
#1425 = ORIENTED_EDGE('',*,*,#799,.T.);
#1426 = ORIENTED_EDGE('',*,*,#1427,.T.);
#1427 = EDGE_CURVE('',#802,#266,#1428,.T.);
#1428 = LINE('',#1429,#1430);
#1429 = CARTESIAN_POINT('',(24.,163.75,9.));
#1430 = VECTOR('',#1431,1.);
#1431 = DIRECTION('',(0.,0.,-1.));
#1432 = ORIENTED_EDGE('',*,*,#263,.F.);
#1433 = PLANE('',#1434);
#1434 = AXIS2_PLACEMENT_3D('',#1435,#1436,#1437);
#1435 = CARTESIAN_POINT('',(24.,163.75,9.));
#1436 = DIRECTION('',(0.,-1.,0.));
#1437 = DIRECTION('',(0.,0.,-1.));
#1438 = ADVANCED_FACE('',(#1439),#1450,.F.);
#1439 = FACE_BOUND('',#1440,.F.);
#1440 = EDGE_LOOP('',(#1441,#1442,#1443,#1449));
#1441 = ORIENTED_EDGE('',*,*,#1420,.F.);
#1442 = ORIENTED_EDGE('',*,*,#825,.T.);
#1443 = ORIENTED_EDGE('',*,*,#1444,.T.);
#1444 = EDGE_CURVE('',#818,#282,#1445,.T.);
#1445 = LINE('',#1446,#1447);
#1446 = CARTESIAN_POINT('',(176.,24.,9.));
#1447 = VECTOR('',#1448,1.);
#1448 = DIRECTION('',(0.,0.,-1.));
#1449 = ORIENTED_EDGE('',*,*,#289,.F.);
#1450 = PLANE('',#1451);
#1451 = AXIS2_PLACEMENT_3D('',#1452,#1453,#1454);
#1452 = CARTESIAN_POINT('',(176.,163.75,9.));
#1453 = DIRECTION('',(1.,-0.,0.));
#1454 = DIRECTION('',(0.,0.,-1.));
#1455 = ADVANCED_FACE('',(#1456),#1467,.T.);
#1456 = FACE_BOUND('',#1457,.T.);
#1457 = EDGE_LOOP('',(#1458,#1459,#1460,#1466));
#1458 = ORIENTED_EDGE('',*,*,#1427,.F.);
#1459 = ORIENTED_EDGE('',*,*,#809,.T.);
#1460 = ORIENTED_EDGE('',*,*,#1461,.T.);
#1461 = EDGE_CURVE('',#810,#274,#1462,.T.);
#1462 = LINE('',#1463,#1464);
#1463 = CARTESIAN_POINT('',(24.,24.,9.));
#1464 = VECTOR('',#1465,1.);
#1465 = DIRECTION('',(0.,0.,-1.));
#1466 = ORIENTED_EDGE('',*,*,#273,.F.);
#1467 = PLANE('',#1468);
#1468 = AXIS2_PLACEMENT_3D('',#1469,#1470,#1471);
#1469 = CARTESIAN_POINT('',(24.,163.75,9.));
#1470 = DIRECTION('',(1.,-0.,0.));
#1471 = DIRECTION('',(0.,0.,-1.));
#1472 = ADVANCED_FACE('',(#1473),#1479,.F.);
#1473 = FACE_BOUND('',#1474,.F.);
#1474 = EDGE_LOOP('',(#1475,#1476,#1477,#1478));
#1475 = ORIENTED_EDGE('',*,*,#1444,.F.);
#1476 = ORIENTED_EDGE('',*,*,#817,.T.);
#1477 = ORIENTED_EDGE('',*,*,#1461,.T.);
#1478 = ORIENTED_EDGE('',*,*,#281,.F.);
#1479 = PLANE('',#1480);
#1480 = AXIS2_PLACEMENT_3D('',#1481,#1482,#1483);
#1481 = CARTESIAN_POINT('',(24.,24.,9.));
#1482 = DIRECTION('',(0.,-1.,0.));
#1483 = DIRECTION('',(0.,0.,-1.));
#1484 = ADVANCED_FACE('',(#1485),#1504,.F.);
#1485 = FACE_BOUND('',#1486,.F.);
#1486 = EDGE_LOOP('',(#1487,#1495,#1496,#1497));
#1487 = ORIENTED_EDGE('',*,*,#1488,.T.);
#1488 = EDGE_CURVE('',#1489,#298,#1491,.T.);
#1489 = VERTEX_POINT('',#1490);
#1490 = CARTESIAN_POINT('',(189.8,175.75,1.8));
#1491 = LINE('',#1492,#1493);
#1492 = CARTESIAN_POINT('',(189.8,175.75,9.));
#1493 = VECTOR('',#1494,1.);
#1494 = DIRECTION('',(0.,0.,-1.));
#1495 = ORIENTED_EDGE('',*,*,#297,.F.);
#1496 = ORIENTED_EDGE('',*,*,#1488,.F.);
#1497 = ORIENTED_EDGE('',*,*,#1498,.T.);
#1498 = EDGE_CURVE('',#1489,#1489,#1499,.T.);
#1499 = CIRCLE('',#1500,1.8);
#1500 = AXIS2_PLACEMENT_3D('',#1501,#1502,#1503);
#1501 = CARTESIAN_POINT('',(188.,175.75,1.8));
#1502 = DIRECTION('',(0.,0.,-1.));
#1503 = DIRECTION('',(1.,-0.,0.));
#1504 = CYLINDRICAL_SURFACE('',#1505,1.8);
#1505 = AXIS2_PLACEMENT_3D('',#1506,#1507,#1508);
#1506 = CARTESIAN_POINT('',(188.,175.75,9.));
#1507 = DIRECTION('',(0.,0.,-1.));
#1508 = DIRECTION('',(1.,-0.,0.));
#1509 = ADVANCED_FACE('',(#1510),#1529,.F.);
#1510 = FACE_BOUND('',#1511,.F.);
#1511 = EDGE_LOOP('',(#1512,#1520,#1521,#1522));
#1512 = ORIENTED_EDGE('',*,*,#1513,.T.);
#1513 = EDGE_CURVE('',#1514,#309,#1516,.T.);
#1514 = VERTEX_POINT('',#1515);
#1515 = CARTESIAN_POINT('',(189.8,93.875,1.8));
#1516 = LINE('',#1517,#1518);
#1517 = CARTESIAN_POINT('',(189.8,93.875,9.));
#1518 = VECTOR('',#1519,1.);
#1519 = DIRECTION('',(0.,0.,-1.));
#1520 = ORIENTED_EDGE('',*,*,#308,.F.);
#1521 = ORIENTED_EDGE('',*,*,#1513,.F.);
#1522 = ORIENTED_EDGE('',*,*,#1523,.T.);
#1523 = EDGE_CURVE('',#1514,#1514,#1524,.T.);
#1524 = CIRCLE('',#1525,1.8);
#1525 = AXIS2_PLACEMENT_3D('',#1526,#1527,#1528);
#1526 = CARTESIAN_POINT('',(188.,93.875,1.8));
#1527 = DIRECTION('',(0.,0.,-1.));
#1528 = DIRECTION('',(1.,-0.,0.));
#1529 = CYLINDRICAL_SURFACE('',#1530,1.8);
#1530 = AXIS2_PLACEMENT_3D('',#1531,#1532,#1533);
#1531 = CARTESIAN_POINT('',(188.,93.875,9.));
#1532 = DIRECTION('',(0.,0.,-1.));
#1533 = DIRECTION('',(1.,-0.,0.));
#1534 = ADVANCED_FACE('',(#1535),#1554,.F.);
#1535 = FACE_BOUND('',#1536,.F.);
#1536 = EDGE_LOOP('',(#1537,#1545,#1546,#1547));
#1537 = ORIENTED_EDGE('',*,*,#1538,.T.);
#1538 = EDGE_CURVE('',#1539,#320,#1541,.T.);
#1539 = VERTEX_POINT('',#1540);
#1540 = CARTESIAN_POINT('',(13.8,12.,1.8));
#1541 = LINE('',#1542,#1543);
#1542 = CARTESIAN_POINT('',(13.8,12.,9.));
#1543 = VECTOR('',#1544,1.);
#1544 = DIRECTION('',(0.,0.,-1.));
#1545 = ORIENTED_EDGE('',*,*,#319,.F.);
#1546 = ORIENTED_EDGE('',*,*,#1538,.F.);
#1547 = ORIENTED_EDGE('',*,*,#1548,.T.);
#1548 = EDGE_CURVE('',#1539,#1539,#1549,.T.);
#1549 = CIRCLE('',#1550,1.8);
#1550 = AXIS2_PLACEMENT_3D('',#1551,#1552,#1553);
#1551 = CARTESIAN_POINT('',(12.,12.,1.8));
#1552 = DIRECTION('',(0.,0.,-1.));
#1553 = DIRECTION('',(1.,-0.,0.));
#1554 = CYLINDRICAL_SURFACE('',#1555,1.8);
#1555 = AXIS2_PLACEMENT_3D('',#1556,#1557,#1558);
#1556 = CARTESIAN_POINT('',(12.,12.,9.));
#1557 = DIRECTION('',(0.,0.,-1.));
#1558 = DIRECTION('',(1.,-0.,0.));
#1559 = ADVANCED_FACE('',(#1560),#1579,.F.);
#1560 = FACE_BOUND('',#1561,.F.);
#1561 = EDGE_LOOP('',(#1562,#1570,#1571,#1572));
#1562 = ORIENTED_EDGE('',*,*,#1563,.T.);
#1563 = EDGE_CURVE('',#1564,#331,#1566,.T.);
#1564 = VERTEX_POINT('',#1565);
#1565 = CARTESIAN_POINT('',(101.8,12.,1.8));
#1566 = LINE('',#1567,#1568);
#1567 = CARTESIAN_POINT('',(101.8,12.,9.));
#1568 = VECTOR('',#1569,1.);
#1569 = DIRECTION('',(0.,0.,-1.));
#1570 = ORIENTED_EDGE('',*,*,#330,.F.);
#1571 = ORIENTED_EDGE('',*,*,#1563,.F.);
#1572 = ORIENTED_EDGE('',*,*,#1573,.T.);
#1573 = EDGE_CURVE('',#1564,#1564,#1574,.T.);
#1574 = CIRCLE('',#1575,1.8);
#1575 = AXIS2_PLACEMENT_3D('',#1576,#1577,#1578);
#1576 = CARTESIAN_POINT('',(100.,12.,1.8));
#1577 = DIRECTION('',(0.,0.,-1.));
#1578 = DIRECTION('',(1.,-0.,0.));
#1579 = CYLINDRICAL_SURFACE('',#1580,1.8);
#1580 = AXIS2_PLACEMENT_3D('',#1581,#1582,#1583);
#1581 = CARTESIAN_POINT('',(100.,12.,9.));
#1582 = DIRECTION('',(0.,0.,-1.));
#1583 = DIRECTION('',(1.,-0.,0.));
#1584 = ADVANCED_FACE('',(#1585),#1604,.F.);
#1585 = FACE_BOUND('',#1586,.F.);
#1586 = EDGE_LOOP('',(#1587,#1595,#1596,#1597));
#1587 = ORIENTED_EDGE('',*,*,#1588,.T.);
#1588 = EDGE_CURVE('',#1589,#342,#1591,.T.);
#1589 = VERTEX_POINT('',#1590);
#1590 = CARTESIAN_POINT('',(189.8,12.,1.8));
#1591 = LINE('',#1592,#1593);
#1592 = CARTESIAN_POINT('',(189.8,12.,9.));
#1593 = VECTOR('',#1594,1.);
#1594 = DIRECTION('',(0.,0.,-1.));
#1595 = ORIENTED_EDGE('',*,*,#341,.F.);
#1596 = ORIENTED_EDGE('',*,*,#1588,.F.);
#1597 = ORIENTED_EDGE('',*,*,#1598,.T.);
#1598 = EDGE_CURVE('',#1589,#1589,#1599,.T.);
#1599 = CIRCLE('',#1600,1.8);
#1600 = AXIS2_PLACEMENT_3D('',#1601,#1602,#1603);
#1601 = CARTESIAN_POINT('',(188.,12.,1.8));
#1602 = DIRECTION('',(0.,0.,-1.));
#1603 = DIRECTION('',(1.,-0.,0.));
#1604 = CYLINDRICAL_SURFACE('',#1605,1.8);
#1605 = AXIS2_PLACEMENT_3D('',#1606,#1607,#1608);
#1606 = CARTESIAN_POINT('',(188.,12.,9.));
#1607 = DIRECTION('',(0.,0.,-1.));
#1608 = DIRECTION('',(1.,-0.,0.));
#1609 = ADVANCED_FACE('',(#1610),#1628,.F.);
#1610 = FACE_BOUND('',#1611,.F.);
#1611 = EDGE_LOOP('',(#1612,#1613,#1621,#1627));
#1612 = ORIENTED_EDGE('',*,*,#541,.F.);
#1613 = ORIENTED_EDGE('',*,*,#1614,.T.);
#1614 = EDGE_CURVE('',#534,#1615,#1617,.T.);
#1615 = VERTEX_POINT('',#1616);
#1616 = CARTESIAN_POINT('',(1.75,171.75,4.));
#1617 = LINE('',#1618,#1619);
#1618 = CARTESIAN_POINT('',(1.75,171.75,8.));
#1619 = VECTOR('',#1620,1.);
#1620 = DIRECTION('',(0.,-2.22044604925E-16,-1.));
#1621 = ORIENTED_EDGE('',*,*,#1622,.T.);
#1622 = EDGE_CURVE('',#1615,#425,#1623,.T.);
#1623 = LINE('',#1624,#1625);
#1624 = CARTESIAN_POINT('',(1.75,171.75,4.));
#1625 = VECTOR('',#1626,1.);
#1626 = DIRECTION('',(0.,-1.,2.22044604925E-16));
#1627 = ORIENTED_EDGE('',*,*,#432,.F.);
#1628 = PLANE('',#1629);
#1629 = AXIS2_PLACEMENT_3D('',#1630,#1631,#1632);
#1630 = CARTESIAN_POINT('',(1.75,171.75,8.));
#1631 = DIRECTION('',(-1.,0.,-0.));
#1632 = DIRECTION('',(0.,-1.,2.22044604925E-16));
#1633 = ADVANCED_FACE('',(#1634),#1652,.F.);
#1634 = FACE_BOUND('',#1635,.F.);
#1635 = EDGE_LOOP('',(#1636,#1637,#1645,#1651));
#1636 = ORIENTED_EDGE('',*,*,#1622,.F.);
#1637 = ORIENTED_EDGE('',*,*,#1638,.F.);
#1638 = EDGE_CURVE('',#1639,#1615,#1641,.T.);
#1639 = VERTEX_POINT('',#1640);
#1640 = CARTESIAN_POINT('',(6.25,171.75,4.));
#1641 = LINE('',#1642,#1643);
#1642 = CARTESIAN_POINT('',(6.25,171.75,4.));
#1643 = VECTOR('',#1644,1.);
#1644 = DIRECTION('',(-1.,0.,-0.));
#1645 = ORIENTED_EDGE('',*,*,#1646,.T.);
#1646 = EDGE_CURVE('',#1639,#417,#1647,.T.);
#1647 = LINE('',#1648,#1649);
#1648 = CARTESIAN_POINT('',(6.25,171.75,4.));
#1649 = VECTOR('',#1650,1.);
#1650 = DIRECTION('',(0.,-1.,2.22044604925E-16));
#1651 = ORIENTED_EDGE('',*,*,#424,.F.);
#1652 = PLANE('',#1653);
#1653 = AXIS2_PLACEMENT_3D('',#1654,#1655,#1656);
#1654 = CARTESIAN_POINT('',(6.25,171.75,4.));
#1655 = DIRECTION('',(0.,-2.22044604925E-16,-1.));
#1656 = DIRECTION('',(0.,-1.,2.22044604925E-16));
#1657 = ADVANCED_FACE('',(#1658),#1669,.T.);
#1658 = FACE_BOUND('',#1659,.T.);
#1659 = EDGE_LOOP('',(#1660,#1661,#1667,#1668));
#1660 = ORIENTED_EDGE('',*,*,#525,.F.);
#1661 = ORIENTED_EDGE('',*,*,#1662,.T.);
#1662 = EDGE_CURVE('',#526,#1639,#1663,.T.);
#1663 = LINE('',#1664,#1665);
#1664 = CARTESIAN_POINT('',(6.25,171.75,8.));
#1665 = VECTOR('',#1666,1.);
#1666 = DIRECTION('',(0.,-2.22044604925E-16,-1.));
#1667 = ORIENTED_EDGE('',*,*,#1646,.T.);
#1668 = ORIENTED_EDGE('',*,*,#416,.F.);
#1669 = PLANE('',#1670);
#1670 = AXIS2_PLACEMENT_3D('',#1671,#1672,#1673);
#1671 = CARTESIAN_POINT('',(6.25,171.75,8.));
#1672 = DIRECTION('',(-1.,0.,-0.));
#1673 = DIRECTION('',(0.,-1.,2.22044604925E-16));
#1674 = ADVANCED_FACE('',(#1675),#1693,.F.);
#1675 = FACE_BOUND('',#1676,.F.);
#1676 = EDGE_LOOP('',(#1677,#1678,#1686,#1692));
#1677 = ORIENTED_EDGE('',*,*,#518,.F.);
#1678 = ORIENTED_EDGE('',*,*,#1679,.T.);
#1679 = EDGE_CURVE('',#511,#1680,#1682,.T.);
#1680 = VERTEX_POINT('',#1681);
#1681 = CARTESIAN_POINT('',(193.75,171.75,4.));
#1682 = LINE('',#1683,#1684);
#1683 = CARTESIAN_POINT('',(193.75,171.75,8.));
#1684 = VECTOR('',#1685,1.);
#1685 = DIRECTION('',(0.,-2.22044604925E-16,-1.));
#1686 = ORIENTED_EDGE('',*,*,#1687,.T.);
#1687 = EDGE_CURVE('',#1680,#393,#1688,.T.);
#1688 = LINE('',#1689,#1690);
#1689 = CARTESIAN_POINT('',(193.75,171.75,4.));
#1690 = VECTOR('',#1691,1.);
#1691 = DIRECTION('',(0.,-1.,2.22044604925E-16));
#1692 = ORIENTED_EDGE('',*,*,#400,.F.);
#1693 = PLANE('',#1694);
#1694 = AXIS2_PLACEMENT_3D('',#1695,#1696,#1697);
#1695 = CARTESIAN_POINT('',(193.75,171.75,8.));
#1696 = DIRECTION('',(-1.,0.,-0.));
#1697 = DIRECTION('',(0.,-1.,2.22044604925E-16));
#1698 = ADVANCED_FACE('',(#1699),#1717,.F.);
#1699 = FACE_BOUND('',#1700,.F.);
#1700 = EDGE_LOOP('',(#1701,#1702,#1710,#1716));
#1701 = ORIENTED_EDGE('',*,*,#1687,.F.);
#1702 = ORIENTED_EDGE('',*,*,#1703,.F.);
#1703 = EDGE_CURVE('',#1704,#1680,#1706,.T.);
#1704 = VERTEX_POINT('',#1705);
#1705 = CARTESIAN_POINT('',(198.25,171.75,4.));
#1706 = LINE('',#1707,#1708);
#1707 = CARTESIAN_POINT('',(198.25,171.75,4.));
#1708 = VECTOR('',#1709,1.);
#1709 = DIRECTION('',(-1.,0.,-0.));
#1710 = ORIENTED_EDGE('',*,*,#1711,.T.);
#1711 = EDGE_CURVE('',#1704,#385,#1712,.T.);
#1712 = LINE('',#1713,#1714);
#1713 = CARTESIAN_POINT('',(198.25,171.75,4.));
#1714 = VECTOR('',#1715,1.);
#1715 = DIRECTION('',(0.,-1.,2.22044604925E-16));
#1716 = ORIENTED_EDGE('',*,*,#392,.F.);
#1717 = PLANE('',#1718);
#1718 = AXIS2_PLACEMENT_3D('',#1719,#1720,#1721);
#1719 = CARTESIAN_POINT('',(198.25,171.75,4.));
#1720 = DIRECTION('',(0.,-2.22044604925E-16,-1.));
#1721 = DIRECTION('',(0.,-1.,2.22044604925E-16));
#1722 = ADVANCED_FACE('',(#1723),#1734,.T.);
#1723 = FACE_BOUND('',#1724,.T.);
#1724 = EDGE_LOOP('',(#1725,#1726,#1732,#1733));
#1725 = ORIENTED_EDGE('',*,*,#502,.F.);
#1726 = ORIENTED_EDGE('',*,*,#1727,.T.);
#1727 = EDGE_CURVE('',#503,#1704,#1728,.T.);
#1728 = LINE('',#1729,#1730);
#1729 = CARTESIAN_POINT('',(198.25,171.75,8.));
#1730 = VECTOR('',#1731,1.);
#1731 = DIRECTION('',(0.,-2.22044604925E-16,-1.));
#1732 = ORIENTED_EDGE('',*,*,#1711,.T.);
#1733 = ORIENTED_EDGE('',*,*,#384,.F.);
#1734 = PLANE('',#1735);
#1735 = AXIS2_PLACEMENT_3D('',#1736,#1737,#1738);
#1736 = CARTESIAN_POINT('',(198.25,171.75,8.));
#1737 = DIRECTION('',(-1.,0.,-0.));
#1738 = DIRECTION('',(0.,-1.,2.22044604925E-16));
#1739 = ADVANCED_FACE('',(#1740),#1746,.T.);
#1740 = FACE_BOUND('',#1741,.T.);
#1741 = EDGE_LOOP('',(#1742,#1743,#1744,#1745));
#1742 = ORIENTED_EDGE('',*,*,#1662,.F.);
#1743 = ORIENTED_EDGE('',*,*,#533,.T.);
#1744 = ORIENTED_EDGE('',*,*,#1614,.T.);
#1745 = ORIENTED_EDGE('',*,*,#1638,.F.);
#1746 = PLANE('',#1747);
#1747 = AXIS2_PLACEMENT_3D('',#1748,#1749,#1750);
#1748 = CARTESIAN_POINT('',(6.25,171.75,8.));
#1749 = DIRECTION('',(0.,-1.,2.22044604925E-16));
#1750 = DIRECTION('',(-1.,0.,-0.));
#1751 = ADVANCED_FACE('',(#1752),#1758,.T.);
#1752 = FACE_BOUND('',#1753,.T.);
#1753 = EDGE_LOOP('',(#1754,#1755,#1756,#1757));
#1754 = ORIENTED_EDGE('',*,*,#1727,.F.);
#1755 = ORIENTED_EDGE('',*,*,#510,.T.);
#1756 = ORIENTED_EDGE('',*,*,#1679,.T.);
#1757 = ORIENTED_EDGE('',*,*,#1703,.F.);
#1758 = PLANE('',#1759);
#1759 = AXIS2_PLACEMENT_3D('',#1760,#1761,#1762);
#1760 = CARTESIAN_POINT('',(198.25,171.75,8.));
#1761 = DIRECTION('',(0.,-1.,2.22044604925E-16));
#1762 = DIRECTION('',(-1.,0.,-0.));
#1763 = ADVANCED_FACE('',(#1764),#1770,.T.);
#1764 = FACE_BOUND('',#1765,.T.);
#1765 = EDGE_LOOP('',(#1766,#1767,#1768,#1769));
#1766 = ORIENTED_EDGE('',*,*,#1083,.F.);
#1767 = ORIENTED_EDGE('',*,*,#1126,.T.);
#1768 = ORIENTED_EDGE('',*,*,#1182,.T.);
#1769 = ORIENTED_EDGE('',*,*,#480,.F.);
#1770 = PLANE('',#1771);
#1771 = AXIS2_PLACEMENT_3D('',#1772,#1773,#1774);
#1772 = CARTESIAN_POINT('',(166.,173.75,22.));
#1773 = DIRECTION('',(0.,-1.,2.22044604925E-16));
#1774 = DIRECTION('',(-1.,0.,-0.));
#1775 = ADVANCED_FACE('',(#1776),#1782,.T.);
#1776 = FACE_BOUND('',#1777,.T.);
#1777 = EDGE_LOOP('',(#1778,#1779,#1780,#1781));
#1778 = ORIENTED_EDGE('',*,*,#1107,.F.);
#1779 = ORIENTED_EDGE('',*,*,#1034,.T.);
#1780 = ORIENTED_EDGE('',*,*,#1001,.T.);
#1781 = ORIENTED_EDGE('',*,*,#457,.F.);
#1782 = PLANE('',#1783);
#1783 = AXIS2_PLACEMENT_3D('',#1784,#1785,#1786);
#1784 = CARTESIAN_POINT('',(46.,173.75,22.));
#1785 = DIRECTION('',(0.,-1.,2.22044604925E-16));
#1786 = DIRECTION('',(-1.,0.,-0.));
#1787 = ADVANCED_FACE('',(#1788),#1813,.T.);
#1788 = FACE_BOUND('',#1789,.T.);
#1789 = EDGE_LOOP('',(#1790,#1791,#1799,#1807));
#1790 = ORIENTED_EDGE('',*,*,#549,.T.);
#1791 = ORIENTED_EDGE('',*,*,#1792,.T.);
#1792 = EDGE_CURVE('',#552,#1793,#1795,.T.);
#1793 = VERTEX_POINT('',#1794);
#1794 = CARTESIAN_POINT('',(12.,172.34363341178,1.8));
#1795 = LINE('',#1796,#1797);
#1796 = CARTESIAN_POINT('',(12.,172.34363341178,8.1));
#1797 = VECTOR('',#1798,1.);
#1798 = DIRECTION('',(0.,0.,-1.));
#1799 = ORIENTED_EDGE('',*,*,#1800,.T.);
#1800 = EDGE_CURVE('',#1793,#1801,#1803,.T.);
#1801 = VERTEX_POINT('',#1802);
#1802 = CARTESIAN_POINT('',(9.05,174.04681670589,1.8));
#1803 = LINE('',#1804,#1805);
#1804 = CARTESIAN_POINT('',(12.,172.34363341178,1.8));
#1805 = VECTOR('',#1806,1.);
#1806 = DIRECTION('',(-0.866025403784,0.5,-0.));
#1807 = ORIENTED_EDGE('',*,*,#1808,.F.);
#1808 = EDGE_CURVE('',#550,#1801,#1809,.T.);
#1809 = LINE('',#1810,#1811);
#1810 = CARTESIAN_POINT('',(9.05,174.04681670589,8.1));
#1811 = VECTOR('',#1812,1.);
#1812 = DIRECTION('',(0.,0.,-1.));
#1813 = PLANE('',#1814);
#1814 = AXIS2_PLACEMENT_3D('',#1815,#1816,#1817);
#1815 = CARTESIAN_POINT('',(12.,172.34363341178,8.1));
#1816 = DIRECTION('',(0.5,0.866025403784,0.));
#1817 = DIRECTION('',(-0.866025403784,0.5,-0.));
#1818 = ADVANCED_FACE('',(#1819),#1837,.T.);
#1819 = FACE_BOUND('',#1820,.T.);
#1820 = EDGE_LOOP('',(#1821,#1822,#1823,#1831));
#1821 = ORIENTED_EDGE('',*,*,#591,.T.);
#1822 = ORIENTED_EDGE('',*,*,#1808,.T.);
#1823 = ORIENTED_EDGE('',*,*,#1824,.T.);
#1824 = EDGE_CURVE('',#1801,#1825,#1827,.T.);
#1825 = VERTEX_POINT('',#1826);
#1826 = CARTESIAN_POINT('',(9.05,177.4531832941,1.8));
#1827 = LINE('',#1828,#1829);
#1828 = CARTESIAN_POINT('',(9.05,174.04681670589,1.8));
#1829 = VECTOR('',#1830,1.);
#1830 = DIRECTION('',(5.214814064769E-16,1.,0.));
#1831 = ORIENTED_EDGE('',*,*,#1832,.F.);
#1832 = EDGE_CURVE('',#584,#1825,#1833,.T.);
#1833 = LINE('',#1834,#1835);
#1834 = CARTESIAN_POINT('',(9.05,177.4531832941,8.1));
#1835 = VECTOR('',#1836,1.);
#1836 = DIRECTION('',(0.,0.,-1.));
#1837 = PLANE('',#1838);
#1838 = AXIS2_PLACEMENT_3D('',#1839,#1840,#1841);
#1839 = CARTESIAN_POINT('',(9.05,174.04681670589,8.1));
#1840 = DIRECTION('',(1.,-5.214814064769E-16,0.));
#1841 = DIRECTION('',(5.214814064769E-16,1.,0.));
#1842 = ADVANCED_FACE('',(#1843),#1861,.T.);
#1843 = FACE_BOUND('',#1844,.T.);
#1844 = EDGE_LOOP('',(#1845,#1846,#1854,#1860));
#1845 = ORIENTED_EDGE('',*,*,#559,.T.);
#1846 = ORIENTED_EDGE('',*,*,#1847,.T.);
#1847 = EDGE_CURVE('',#560,#1848,#1850,.T.);
#1848 = VERTEX_POINT('',#1849);
#1849 = CARTESIAN_POINT('',(14.95,174.04681670589,1.8));
#1850 = LINE('',#1851,#1852);
#1851 = CARTESIAN_POINT('',(14.95,174.04681670589,8.1));
#1852 = VECTOR('',#1853,1.);
#1853 = DIRECTION('',(0.,0.,-1.));
#1854 = ORIENTED_EDGE('',*,*,#1855,.T.);
#1855 = EDGE_CURVE('',#1848,#1793,#1856,.T.);
#1856 = LINE('',#1857,#1858);
#1857 = CARTESIAN_POINT('',(14.95,174.04681670589,1.8));
#1858 = VECTOR('',#1859,1.);
#1859 = DIRECTION('',(-0.866025403784,-0.5,0.));
#1860 = ORIENTED_EDGE('',*,*,#1792,.F.);
#1861 = PLANE('',#1862);
#1862 = AXIS2_PLACEMENT_3D('',#1863,#1864,#1865);
#1863 = CARTESIAN_POINT('',(14.95,174.04681670589,8.1));
#1864 = DIRECTION('',(-0.5,0.866025403784,-0.));
#1865 = DIRECTION('',(-0.866025403784,-0.5,0.));
#1866 = ADVANCED_FACE('',(#1867),#1885,.T.);
#1867 = FACE_BOUND('',#1868,.T.);
#1868 = EDGE_LOOP('',(#1869,#1870,#1871,#1879));
#1869 = ORIENTED_EDGE('',*,*,#583,.T.);
#1870 = ORIENTED_EDGE('',*,*,#1832,.T.);
#1871 = ORIENTED_EDGE('',*,*,#1872,.T.);
#1872 = EDGE_CURVE('',#1825,#1873,#1875,.T.);
#1873 = VERTEX_POINT('',#1874);
#1874 = CARTESIAN_POINT('',(12.,179.15636658821,1.8));
#1875 = LINE('',#1876,#1877);
#1876 = CARTESIAN_POINT('',(9.05,177.4531832941,1.8));
#1877 = VECTOR('',#1878,1.);
#1878 = DIRECTION('',(0.866025403784,0.5,0.));
#1879 = ORIENTED_EDGE('',*,*,#1880,.F.);
#1880 = EDGE_CURVE('',#576,#1873,#1881,.T.);
#1881 = LINE('',#1882,#1883);
#1882 = CARTESIAN_POINT('',(12.,179.15636658821,8.1));
#1883 = VECTOR('',#1884,1.);
#1884 = DIRECTION('',(0.,0.,-1.));
#1885 = PLANE('',#1886);
#1886 = AXIS2_PLACEMENT_3D('',#1887,#1888,#1889);
#1887 = CARTESIAN_POINT('',(9.05,177.4531832941,8.1));
#1888 = DIRECTION('',(0.5,-0.866025403784,0.));
#1889 = DIRECTION('',(0.866025403784,0.5,0.));
#1890 = ADVANCED_FACE('',(#1891),#1909,.T.);
#1891 = FACE_BOUND('',#1892,.T.);
#1892 = EDGE_LOOP('',(#1893,#1894,#1902,#1908));
#1893 = ORIENTED_EDGE('',*,*,#567,.T.);
#1894 = ORIENTED_EDGE('',*,*,#1895,.T.);
#1895 = EDGE_CURVE('',#568,#1896,#1898,.T.);
#1896 = VERTEX_POINT('',#1897);
#1897 = CARTESIAN_POINT('',(14.95,177.4531832941,1.8));
#1898 = LINE('',#1899,#1900);
#1899 = CARTESIAN_POINT('',(14.95,177.4531832941,8.1));
#1900 = VECTOR('',#1901,1.);
#1901 = DIRECTION('',(0.,0.,-1.));
#1902 = ORIENTED_EDGE('',*,*,#1903,.T.);
#1903 = EDGE_CURVE('',#1896,#1848,#1904,.T.);
#1904 = LINE('',#1905,#1906);
#1905 = CARTESIAN_POINT('',(14.95,177.4531832941,1.8));
#1906 = VECTOR('',#1907,1.);
#1907 = DIRECTION('',(5.214814064769E-16,-1.,0.));
#1908 = ORIENTED_EDGE('',*,*,#1847,.F.);
#1909 = PLANE('',#1910);
#1910 = AXIS2_PLACEMENT_3D('',#1911,#1912,#1913);
#1911 = CARTESIAN_POINT('',(14.95,177.4531832941,8.1));
#1912 = DIRECTION('',(-1.,-5.214814064769E-16,0.));
#1913 = DIRECTION('',(5.214814064769E-16,-1.,0.));
#1914 = ADVANCED_FACE('',(#1915),#1926,.T.);
#1915 = FACE_BOUND('',#1916,.T.);
#1916 = EDGE_LOOP('',(#1917,#1918,#1919,#1925));
#1917 = ORIENTED_EDGE('',*,*,#575,.T.);
#1918 = ORIENTED_EDGE('',*,*,#1880,.T.);
#1919 = ORIENTED_EDGE('',*,*,#1920,.T.);
#1920 = EDGE_CURVE('',#1873,#1896,#1921,.T.);
#1921 = LINE('',#1922,#1923);
#1922 = CARTESIAN_POINT('',(12.,179.15636658821,1.8));
#1923 = VECTOR('',#1924,1.);
#1924 = DIRECTION('',(0.866025403784,-0.5,0.));
#1925 = ORIENTED_EDGE('',*,*,#1895,.F.);
#1926 = PLANE('',#1927);
#1927 = AXIS2_PLACEMENT_3D('',#1928,#1929,#1930);
#1928 = CARTESIAN_POINT('',(12.,179.15636658821,8.1));
#1929 = DIRECTION('',(-0.5,-0.866025403784,0.));
#1930 = DIRECTION('',(0.866025403784,-0.5,0.));
#1931 = ADVANCED_FACE('',(#1932),#1957,.T.);
#1932 = FACE_BOUND('',#1933,.T.);
#1933 = EDGE_LOOP('',(#1934,#1935,#1943,#1951));
#1934 = ORIENTED_EDGE('',*,*,#599,.T.);
#1935 = ORIENTED_EDGE('',*,*,#1936,.T.);
#1936 = EDGE_CURVE('',#602,#1937,#1939,.T.);
#1937 = VERTEX_POINT('',#1938);
#1938 = CARTESIAN_POINT('',(100.,172.34363341178,1.8));
#1939 = LINE('',#1940,#1941);
#1940 = CARTESIAN_POINT('',(100.,172.34363341178,8.1));
#1941 = VECTOR('',#1942,1.);
#1942 = DIRECTION('',(0.,0.,-1.));
#1943 = ORIENTED_EDGE('',*,*,#1944,.T.);
#1944 = EDGE_CURVE('',#1937,#1945,#1947,.T.);
#1945 = VERTEX_POINT('',#1946);
#1946 = CARTESIAN_POINT('',(97.05,174.04681670589,1.8));
#1947 = LINE('',#1948,#1949);
#1948 = CARTESIAN_POINT('',(100.,172.34363341178,1.8));
#1949 = VECTOR('',#1950,1.);
#1950 = DIRECTION('',(-0.866025403784,0.5,-0.));
#1951 = ORIENTED_EDGE('',*,*,#1952,.F.);
#1952 = EDGE_CURVE('',#600,#1945,#1953,.T.);
#1953 = LINE('',#1954,#1955);
#1954 = CARTESIAN_POINT('',(97.05,174.04681670589,8.1));
#1955 = VECTOR('',#1956,1.);
#1956 = DIRECTION('',(0.,0.,-1.));
#1957 = PLANE('',#1958);
#1958 = AXIS2_PLACEMENT_3D('',#1959,#1960,#1961);
#1959 = CARTESIAN_POINT('',(100.,172.34363341178,8.1));
#1960 = DIRECTION('',(0.5,0.866025403784,0.));
#1961 = DIRECTION('',(-0.866025403784,0.5,-0.));
#1962 = ADVANCED_FACE('',(#1963),#1981,.T.);
#1963 = FACE_BOUND('',#1964,.T.);
#1964 = EDGE_LOOP('',(#1965,#1966,#1967,#1975));
#1965 = ORIENTED_EDGE('',*,*,#641,.T.);
#1966 = ORIENTED_EDGE('',*,*,#1952,.T.);
#1967 = ORIENTED_EDGE('',*,*,#1968,.T.);
#1968 = EDGE_CURVE('',#1945,#1969,#1971,.T.);
#1969 = VERTEX_POINT('',#1970);
#1970 = CARTESIAN_POINT('',(97.05,177.4531832941,1.8));
#1971 = LINE('',#1972,#1973);
#1972 = CARTESIAN_POINT('',(97.05,174.04681670589,1.8));
#1973 = VECTOR('',#1974,1.);
#1974 = DIRECTION('',(0.,1.,0.));
#1975 = ORIENTED_EDGE('',*,*,#1976,.F.);
#1976 = EDGE_CURVE('',#634,#1969,#1977,.T.);
#1977 = LINE('',#1978,#1979);
#1978 = CARTESIAN_POINT('',(97.05,177.4531832941,8.1));
#1979 = VECTOR('',#1980,1.);
#1980 = DIRECTION('',(0.,0.,-1.));
#1981 = PLANE('',#1982);
#1982 = AXIS2_PLACEMENT_3D('',#1983,#1984,#1985);
#1983 = CARTESIAN_POINT('',(97.05,174.04681670589,8.1));
#1984 = DIRECTION('',(1.,-0.,0.));
#1985 = DIRECTION('',(0.,1.,0.));
#1986 = ADVANCED_FACE('',(#1987),#2005,.T.);
#1987 = FACE_BOUND('',#1988,.T.);
#1988 = EDGE_LOOP('',(#1989,#1990,#1998,#2004));
#1989 = ORIENTED_EDGE('',*,*,#609,.T.);
#1990 = ORIENTED_EDGE('',*,*,#1991,.T.);
#1991 = EDGE_CURVE('',#610,#1992,#1994,.T.);
#1992 = VERTEX_POINT('',#1993);
#1993 = CARTESIAN_POINT('',(102.95,174.04681670589,1.8));
#1994 = LINE('',#1995,#1996);
#1995 = CARTESIAN_POINT('',(102.95,174.04681670589,8.1));
#1996 = VECTOR('',#1997,1.);
#1997 = DIRECTION('',(0.,0.,-1.));
#1998 = ORIENTED_EDGE('',*,*,#1999,.T.);
#1999 = EDGE_CURVE('',#1992,#1937,#2000,.T.);
#2000 = LINE('',#2001,#2002);
#2001 = CARTESIAN_POINT('',(102.95,174.04681670589,1.8));
#2002 = VECTOR('',#2003,1.);
#2003 = DIRECTION('',(-0.866025403784,-0.5,0.));
#2004 = ORIENTED_EDGE('',*,*,#1936,.F.);
#2005 = PLANE('',#2006);
#2006 = AXIS2_PLACEMENT_3D('',#2007,#2008,#2009);
#2007 = CARTESIAN_POINT('',(102.95,174.04681670589,8.1));
#2008 = DIRECTION('',(-0.5,0.866025403784,-0.));
#2009 = DIRECTION('',(-0.866025403784,-0.5,0.));
#2010 = ADVANCED_FACE('',(#2011),#2029,.T.);
#2011 = FACE_BOUND('',#2012,.T.);
#2012 = EDGE_LOOP('',(#2013,#2014,#2015,#2023));
#2013 = ORIENTED_EDGE('',*,*,#633,.T.);
#2014 = ORIENTED_EDGE('',*,*,#1976,.T.);
#2015 = ORIENTED_EDGE('',*,*,#2016,.T.);
#2016 = EDGE_CURVE('',#1969,#2017,#2019,.T.);
#2017 = VERTEX_POINT('',#2018);
#2018 = CARTESIAN_POINT('',(100.,179.15636658821,1.8));
#2019 = LINE('',#2020,#2021);
#2020 = CARTESIAN_POINT('',(97.05,177.4531832941,1.8));
#2021 = VECTOR('',#2022,1.);
#2022 = DIRECTION('',(0.866025403784,0.5,0.));
#2023 = ORIENTED_EDGE('',*,*,#2024,.F.);
#2024 = EDGE_CURVE('',#626,#2017,#2025,.T.);
#2025 = LINE('',#2026,#2027);
#2026 = CARTESIAN_POINT('',(100.,179.15636658821,8.1));
#2027 = VECTOR('',#2028,1.);
#2028 = DIRECTION('',(0.,0.,-1.));
#2029 = PLANE('',#2030);
#2030 = AXIS2_PLACEMENT_3D('',#2031,#2032,#2033);
#2031 = CARTESIAN_POINT('',(97.05,177.4531832941,8.1));
#2032 = DIRECTION('',(0.5,-0.866025403784,0.));
#2033 = DIRECTION('',(0.866025403784,0.5,0.));
#2034 = ADVANCED_FACE('',(#2035),#2053,.T.);
#2035 = FACE_BOUND('',#2036,.T.);
#2036 = EDGE_LOOP('',(#2037,#2038,#2046,#2052));
#2037 = ORIENTED_EDGE('',*,*,#617,.T.);
#2038 = ORIENTED_EDGE('',*,*,#2039,.T.);
#2039 = EDGE_CURVE('',#618,#2040,#2042,.T.);
#2040 = VERTEX_POINT('',#2041);
#2041 = CARTESIAN_POINT('',(102.95,177.4531832941,1.8));
#2042 = LINE('',#2043,#2044);
#2043 = CARTESIAN_POINT('',(102.95,177.4531832941,8.1));
#2044 = VECTOR('',#2045,1.);
#2045 = DIRECTION('',(0.,0.,-1.));
#2046 = ORIENTED_EDGE('',*,*,#2047,.T.);
#2047 = EDGE_CURVE('',#2040,#1992,#2048,.T.);
#2048 = LINE('',#2049,#2050);
#2049 = CARTESIAN_POINT('',(102.95,177.4531832941,1.8));
#2050 = VECTOR('',#2051,1.);
#2051 = DIRECTION('',(0.,-1.,0.));
#2052 = ORIENTED_EDGE('',*,*,#1991,.F.);
#2053 = PLANE('',#2054);
#2054 = AXIS2_PLACEMENT_3D('',#2055,#2056,#2057);
#2055 = CARTESIAN_POINT('',(102.95,177.4531832941,8.1));
#2056 = DIRECTION('',(-1.,0.,0.));
#2057 = DIRECTION('',(0.,-1.,0.));
#2058 = ADVANCED_FACE('',(#2059),#2070,.T.);
#2059 = FACE_BOUND('',#2060,.T.);
#2060 = EDGE_LOOP('',(#2061,#2062,#2063,#2069));
#2061 = ORIENTED_EDGE('',*,*,#625,.T.);
#2062 = ORIENTED_EDGE('',*,*,#2024,.T.);
#2063 = ORIENTED_EDGE('',*,*,#2064,.T.);
#2064 = EDGE_CURVE('',#2017,#2040,#2065,.T.);
#2065 = LINE('',#2066,#2067);
#2066 = CARTESIAN_POINT('',(100.,179.15636658821,1.8));
#2067 = VECTOR('',#2068,1.);
#2068 = DIRECTION('',(0.866025403784,-0.5,0.));
#2069 = ORIENTED_EDGE('',*,*,#2039,.F.);
#2070 = PLANE('',#2071);
#2071 = AXIS2_PLACEMENT_3D('',#2072,#2073,#2074);
#2072 = CARTESIAN_POINT('',(100.,179.15636658821,8.1));
#2073 = DIRECTION('',(-0.5,-0.866025403784,0.));
#2074 = DIRECTION('',(0.866025403784,-0.5,0.));
#2075 = ADVANCED_FACE('',(#2076),#2101,.T.);
#2076 = FACE_BOUND('',#2077,.T.);
#2077 = EDGE_LOOP('',(#2078,#2079,#2087,#2095));
#2078 = ORIENTED_EDGE('',*,*,#649,.T.);
#2079 = ORIENTED_EDGE('',*,*,#2080,.T.);
#2080 = EDGE_CURVE('',#652,#2081,#2083,.T.);
#2081 = VERTEX_POINT('',#2082);
#2082 = CARTESIAN_POINT('',(188.,172.34363341178,1.8));
#2083 = LINE('',#2084,#2085);
#2084 = CARTESIAN_POINT('',(188.,172.34363341178,8.1));
#2085 = VECTOR('',#2086,1.);
#2086 = DIRECTION('',(0.,0.,-1.));
#2087 = ORIENTED_EDGE('',*,*,#2088,.T.);
#2088 = EDGE_CURVE('',#2081,#2089,#2091,.T.);
#2089 = VERTEX_POINT('',#2090);
#2090 = CARTESIAN_POINT('',(185.05,174.04681670589,1.8));
#2091 = LINE('',#2092,#2093);
#2092 = CARTESIAN_POINT('',(188.,172.34363341178,1.8));
#2093 = VECTOR('',#2094,1.);
#2094 = DIRECTION('',(-0.866025403784,0.5,-0.));
#2095 = ORIENTED_EDGE('',*,*,#2096,.F.);
#2096 = EDGE_CURVE('',#650,#2089,#2097,.T.);
#2097 = LINE('',#2098,#2099);
#2098 = CARTESIAN_POINT('',(185.05,174.04681670589,8.1));
#2099 = VECTOR('',#2100,1.);
#2100 = DIRECTION('',(0.,0.,-1.));
#2101 = PLANE('',#2102);
#2102 = AXIS2_PLACEMENT_3D('',#2103,#2104,#2105);
#2103 = CARTESIAN_POINT('',(188.,172.34363341178,8.1));
#2104 = DIRECTION('',(0.5,0.866025403784,0.));
#2105 = DIRECTION('',(-0.866025403784,0.5,-0.));
#2106 = ADVANCED_FACE('',(#2107),#2125,.T.);
#2107 = FACE_BOUND('',#2108,.T.);
#2108 = EDGE_LOOP('',(#2109,#2110,#2111,#2119));
#2109 = ORIENTED_EDGE('',*,*,#691,.T.);
#2110 = ORIENTED_EDGE('',*,*,#2096,.T.);
#2111 = ORIENTED_EDGE('',*,*,#2112,.T.);
#2112 = EDGE_CURVE('',#2089,#2113,#2115,.T.);
#2113 = VERTEX_POINT('',#2114);
#2114 = CARTESIAN_POINT('',(185.05,177.4531832941,1.8));
#2115 = LINE('',#2116,#2117);
#2116 = CARTESIAN_POINT('',(185.05,174.04681670589,1.8));
#2117 = VECTOR('',#2118,1.);
#2118 = DIRECTION('',(0.,1.,0.));
#2119 = ORIENTED_EDGE('',*,*,#2120,.F.);
#2120 = EDGE_CURVE('',#684,#2113,#2121,.T.);
#2121 = LINE('',#2122,#2123);
#2122 = CARTESIAN_POINT('',(185.05,177.4531832941,8.1));
#2123 = VECTOR('',#2124,1.);
#2124 = DIRECTION('',(0.,0.,-1.));
#2125 = PLANE('',#2126);
#2126 = AXIS2_PLACEMENT_3D('',#2127,#2128,#2129);
#2127 = CARTESIAN_POINT('',(185.05,174.04681670589,8.1));
#2128 = DIRECTION('',(1.,-0.,0.));
#2129 = DIRECTION('',(0.,1.,0.));
#2130 = ADVANCED_FACE('',(#2131),#2149,.T.);
#2131 = FACE_BOUND('',#2132,.T.);
#2132 = EDGE_LOOP('',(#2133,#2134,#2142,#2148));
#2133 = ORIENTED_EDGE('',*,*,#659,.T.);
#2134 = ORIENTED_EDGE('',*,*,#2135,.T.);
#2135 = EDGE_CURVE('',#660,#2136,#2138,.T.);
#2136 = VERTEX_POINT('',#2137);
#2137 = CARTESIAN_POINT('',(190.95,174.04681670589,1.8));
#2138 = LINE('',#2139,#2140);
#2139 = CARTESIAN_POINT('',(190.95,174.04681670589,8.1));
#2140 = VECTOR('',#2141,1.);
#2141 = DIRECTION('',(0.,0.,-1.));
#2142 = ORIENTED_EDGE('',*,*,#2143,.T.);
#2143 = EDGE_CURVE('',#2136,#2081,#2144,.T.);
#2144 = LINE('',#2145,#2146);
#2145 = CARTESIAN_POINT('',(190.95,174.04681670589,1.8));
#2146 = VECTOR('',#2147,1.);
#2147 = DIRECTION('',(-0.866025403784,-0.5,0.));
#2148 = ORIENTED_EDGE('',*,*,#2080,.F.);
#2149 = PLANE('',#2150);
#2150 = AXIS2_PLACEMENT_3D('',#2151,#2152,#2153);
#2151 = CARTESIAN_POINT('',(190.95,174.04681670589,8.1));
#2152 = DIRECTION('',(-0.5,0.866025403784,-0.));
#2153 = DIRECTION('',(-0.866025403784,-0.5,0.));
#2154 = ADVANCED_FACE('',(#2155),#2173,.T.);
#2155 = FACE_BOUND('',#2156,.T.);
#2156 = EDGE_LOOP('',(#2157,#2158,#2159,#2167));
#2157 = ORIENTED_EDGE('',*,*,#683,.T.);
#2158 = ORIENTED_EDGE('',*,*,#2120,.T.);
#2159 = ORIENTED_EDGE('',*,*,#2160,.T.);
#2160 = EDGE_CURVE('',#2113,#2161,#2163,.T.);
#2161 = VERTEX_POINT('',#2162);
#2162 = CARTESIAN_POINT('',(188.,179.15636658821,1.8));
#2163 = LINE('',#2164,#2165);
#2164 = CARTESIAN_POINT('',(185.05,177.4531832941,1.8));
#2165 = VECTOR('',#2166,1.);
#2166 = DIRECTION('',(0.866025403784,0.5,0.));
#2167 = ORIENTED_EDGE('',*,*,#2168,.F.);
#2168 = EDGE_CURVE('',#676,#2161,#2169,.T.);
#2169 = LINE('',#2170,#2171);
#2170 = CARTESIAN_POINT('',(188.,179.15636658821,8.1));
#2171 = VECTOR('',#2172,1.);
#2172 = DIRECTION('',(0.,0.,-1.));
#2173 = PLANE('',#2174);
#2174 = AXIS2_PLACEMENT_3D('',#2175,#2176,#2177);
#2175 = CARTESIAN_POINT('',(185.05,177.4531832941,8.1));
#2176 = DIRECTION('',(0.5,-0.866025403784,0.));
#2177 = DIRECTION('',(0.866025403784,0.5,0.));
#2178 = ADVANCED_FACE('',(#2179),#2197,.T.);
#2179 = FACE_BOUND('',#2180,.T.);
#2180 = EDGE_LOOP('',(#2181,#2182,#2190,#2196));
#2181 = ORIENTED_EDGE('',*,*,#667,.T.);
#2182 = ORIENTED_EDGE('',*,*,#2183,.T.);
#2183 = EDGE_CURVE('',#668,#2184,#2186,.T.);
#2184 = VERTEX_POINT('',#2185);
#2185 = CARTESIAN_POINT('',(190.95,177.4531832941,1.8));
#2186 = LINE('',#2187,#2188);
#2187 = CARTESIAN_POINT('',(190.95,177.4531832941,8.1));
#2188 = VECTOR('',#2189,1.);
#2189 = DIRECTION('',(0.,0.,-1.));
#2190 = ORIENTED_EDGE('',*,*,#2191,.T.);
#2191 = EDGE_CURVE('',#2184,#2136,#2192,.T.);
#2192 = LINE('',#2193,#2194);
#2193 = CARTESIAN_POINT('',(190.95,177.4531832941,1.8));
#2194 = VECTOR('',#2195,1.);
#2195 = DIRECTION('',(0.,-1.,0.));
#2196 = ORIENTED_EDGE('',*,*,#2135,.F.);
#2197 = PLANE('',#2198);
#2198 = AXIS2_PLACEMENT_3D('',#2199,#2200,#2201);
#2199 = CARTESIAN_POINT('',(190.95,177.4531832941,8.1));
#2200 = DIRECTION('',(-1.,0.,0.));
#2201 = DIRECTION('',(0.,-1.,0.));
#2202 = ADVANCED_FACE('',(#2203),#2214,.T.);
#2203 = FACE_BOUND('',#2204,.T.);
#2204 = EDGE_LOOP('',(#2205,#2206,#2207,#2213));
#2205 = ORIENTED_EDGE('',*,*,#675,.T.);
#2206 = ORIENTED_EDGE('',*,*,#2168,.T.);
#2207 = ORIENTED_EDGE('',*,*,#2208,.T.);
#2208 = EDGE_CURVE('',#2161,#2184,#2209,.T.);
#2209 = LINE('',#2210,#2211);
#2210 = CARTESIAN_POINT('',(188.,179.15636658821,1.8));
#2211 = VECTOR('',#2212,1.);
#2212 = DIRECTION('',(0.866025403784,-0.5,0.));
#2213 = ORIENTED_EDGE('',*,*,#2183,.F.);
#2214 = PLANE('',#2215);
#2215 = AXIS2_PLACEMENT_3D('',#2216,#2217,#2218);
#2216 = CARTESIAN_POINT('',(188.,179.15636658821,8.1));
#2217 = DIRECTION('',(-0.5,-0.866025403784,0.));
#2218 = DIRECTION('',(0.866025403784,-0.5,0.));
#2219 = ADVANCED_FACE('',(#2220),#2245,.T.);
#2220 = FACE_BOUND('',#2221,.T.);
#2221 = EDGE_LOOP('',(#2222,#2223,#2231,#2239));
#2222 = ORIENTED_EDGE('',*,*,#699,.T.);
#2223 = ORIENTED_EDGE('',*,*,#2224,.T.);
#2224 = EDGE_CURVE('',#702,#2225,#2227,.T.);
#2225 = VERTEX_POINT('',#2226);
#2226 = CARTESIAN_POINT('',(12.,90.468633411781,1.8));
#2227 = LINE('',#2228,#2229);
#2228 = CARTESIAN_POINT('',(12.,90.468633411781,8.1));
#2229 = VECTOR('',#2230,1.);
#2230 = DIRECTION('',(0.,0.,-1.));
#2231 = ORIENTED_EDGE('',*,*,#2232,.T.);
#2232 = EDGE_CURVE('',#2225,#2233,#2235,.T.);
#2233 = VERTEX_POINT('',#2234);
#2234 = CARTESIAN_POINT('',(9.05,92.171816705891,1.8));
#2235 = LINE('',#2236,#2237);
#2236 = CARTESIAN_POINT('',(12.,90.468633411781,1.8));
#2237 = VECTOR('',#2238,1.);
#2238 = DIRECTION('',(-0.866025403784,0.5,-0.));
#2239 = ORIENTED_EDGE('',*,*,#2240,.F.);
#2240 = EDGE_CURVE('',#700,#2233,#2241,.T.);
#2241 = LINE('',#2242,#2243);
#2242 = CARTESIAN_POINT('',(9.05,92.171816705891,8.1));
#2243 = VECTOR('',#2244,1.);
#2244 = DIRECTION('',(0.,0.,-1.));
#2245 = PLANE('',#2246);
#2246 = AXIS2_PLACEMENT_3D('',#2247,#2248,#2249);
#2247 = CARTESIAN_POINT('',(12.,90.468633411781,8.1));
#2248 = DIRECTION('',(0.5,0.866025403784,0.));
#2249 = DIRECTION('',(-0.866025403784,0.5,-0.));
#2250 = ADVANCED_FACE('',(#2251),#2269,.T.);
#2251 = FACE_BOUND('',#2252,.T.);
#2252 = EDGE_LOOP('',(#2253,#2254,#2255,#2263));
#2253 = ORIENTED_EDGE('',*,*,#741,.T.);
#2254 = ORIENTED_EDGE('',*,*,#2240,.T.);
#2255 = ORIENTED_EDGE('',*,*,#2256,.T.);
#2256 = EDGE_CURVE('',#2233,#2257,#2259,.T.);
#2257 = VERTEX_POINT('',#2258);
#2258 = CARTESIAN_POINT('',(9.05,95.578183294109,1.8));
#2259 = LINE('',#2260,#2261);
#2260 = CARTESIAN_POINT('',(9.05,92.171816705891,1.8));
#2261 = VECTOR('',#2262,1.);
#2262 = DIRECTION('',(5.214814064769E-16,1.,0.));
#2263 = ORIENTED_EDGE('',*,*,#2264,.F.);
#2264 = EDGE_CURVE('',#734,#2257,#2265,.T.);
#2265 = LINE('',#2266,#2267);
#2266 = CARTESIAN_POINT('',(9.05,95.578183294109,8.1));
#2267 = VECTOR('',#2268,1.);
#2268 = DIRECTION('',(0.,0.,-1.));
#2269 = PLANE('',#2270);
#2270 = AXIS2_PLACEMENT_3D('',#2271,#2272,#2273);
#2271 = CARTESIAN_POINT('',(9.05,92.171816705891,8.1));
#2272 = DIRECTION('',(1.,-5.214814064769E-16,0.));
#2273 = DIRECTION('',(5.214814064769E-16,1.,0.));
#2274 = ADVANCED_FACE('',(#2275),#2293,.T.);
#2275 = FACE_BOUND('',#2276,.T.);
#2276 = EDGE_LOOP('',(#2277,#2278,#2286,#2292));
#2277 = ORIENTED_EDGE('',*,*,#709,.T.);
#2278 = ORIENTED_EDGE('',*,*,#2279,.T.);
#2279 = EDGE_CURVE('',#710,#2280,#2282,.T.);
#2280 = VERTEX_POINT('',#2281);
#2281 = CARTESIAN_POINT('',(14.95,92.171816705891,1.8));
#2282 = LINE('',#2283,#2284);
#2283 = CARTESIAN_POINT('',(14.95,92.171816705891,8.1));
#2284 = VECTOR('',#2285,1.);
#2285 = DIRECTION('',(0.,0.,-1.));
#2286 = ORIENTED_EDGE('',*,*,#2287,.T.);
#2287 = EDGE_CURVE('',#2280,#2225,#2288,.T.);
#2288 = LINE('',#2289,#2290);
#2289 = CARTESIAN_POINT('',(14.95,92.171816705891,1.8));
#2290 = VECTOR('',#2291,1.);
#2291 = DIRECTION('',(-0.866025403784,-0.5,0.));
#2292 = ORIENTED_EDGE('',*,*,#2224,.F.);
#2293 = PLANE('',#2294);
#2294 = AXIS2_PLACEMENT_3D('',#2295,#2296,#2297);
#2295 = CARTESIAN_POINT('',(14.95,92.171816705891,8.1));
#2296 = DIRECTION('',(-0.5,0.866025403784,-0.));
#2297 = DIRECTION('',(-0.866025403784,-0.5,0.));
#2298 = ADVANCED_FACE('',(#2299),#2317,.T.);
#2299 = FACE_BOUND('',#2300,.T.);
#2300 = EDGE_LOOP('',(#2301,#2302,#2303,#2311));
#2301 = ORIENTED_EDGE('',*,*,#733,.T.);
#2302 = ORIENTED_EDGE('',*,*,#2264,.T.);
#2303 = ORIENTED_EDGE('',*,*,#2304,.T.);
#2304 = EDGE_CURVE('',#2257,#2305,#2307,.T.);
#2305 = VERTEX_POINT('',#2306);
#2306 = CARTESIAN_POINT('',(12.,97.281366588219,1.8));
#2307 = LINE('',#2308,#2309);
#2308 = CARTESIAN_POINT('',(9.05,95.578183294109,1.8));
#2309 = VECTOR('',#2310,1.);
#2310 = DIRECTION('',(0.866025403784,0.5,0.));
#2311 = ORIENTED_EDGE('',*,*,#2312,.F.);
#2312 = EDGE_CURVE('',#726,#2305,#2313,.T.);
#2313 = LINE('',#2314,#2315);
#2314 = CARTESIAN_POINT('',(12.,97.281366588219,8.1));
#2315 = VECTOR('',#2316,1.);
#2316 = DIRECTION('',(0.,0.,-1.));
#2317 = PLANE('',#2318);
#2318 = AXIS2_PLACEMENT_3D('',#2319,#2320,#2321);
#2319 = CARTESIAN_POINT('',(9.05,95.578183294109,8.1));
#2320 = DIRECTION('',(0.5,-0.866025403784,0.));
#2321 = DIRECTION('',(0.866025403784,0.5,0.));
#2322 = ADVANCED_FACE('',(#2323),#2341,.T.);
#2323 = FACE_BOUND('',#2324,.T.);
#2324 = EDGE_LOOP('',(#2325,#2326,#2334,#2340));
#2325 = ORIENTED_EDGE('',*,*,#717,.T.);
#2326 = ORIENTED_EDGE('',*,*,#2327,.T.);
#2327 = EDGE_CURVE('',#718,#2328,#2330,.T.);
#2328 = VERTEX_POINT('',#2329);
#2329 = CARTESIAN_POINT('',(14.95,95.578183294109,1.8));
#2330 = LINE('',#2331,#2332);
#2331 = CARTESIAN_POINT('',(14.95,95.578183294109,8.1));
#2332 = VECTOR('',#2333,1.);
#2333 = DIRECTION('',(0.,0.,-1.));
#2334 = ORIENTED_EDGE('',*,*,#2335,.T.);
#2335 = EDGE_CURVE('',#2328,#2280,#2336,.T.);
#2336 = LINE('',#2337,#2338);
#2337 = CARTESIAN_POINT('',(14.95,95.578183294109,1.8));
#2338 = VECTOR('',#2339,1.);
#2339 = DIRECTION('',(5.214814064769E-16,-1.,0.));
#2340 = ORIENTED_EDGE('',*,*,#2279,.F.);
#2341 = PLANE('',#2342);
#2342 = AXIS2_PLACEMENT_3D('',#2343,#2344,#2345);
#2343 = CARTESIAN_POINT('',(14.95,95.578183294109,8.1));
#2344 = DIRECTION('',(-1.,-5.214814064769E-16,0.));
#2345 = DIRECTION('',(5.214814064769E-16,-1.,0.));
#2346 = ADVANCED_FACE('',(#2347),#2358,.T.);
#2347 = FACE_BOUND('',#2348,.T.);
#2348 = EDGE_LOOP('',(#2349,#2350,#2351,#2357));
#2349 = ORIENTED_EDGE('',*,*,#725,.T.);
#2350 = ORIENTED_EDGE('',*,*,#2312,.T.);
#2351 = ORIENTED_EDGE('',*,*,#2352,.T.);
#2352 = EDGE_CURVE('',#2305,#2328,#2353,.T.);
#2353 = LINE('',#2354,#2355);
#2354 = CARTESIAN_POINT('',(12.,97.281366588219,1.8));
#2355 = VECTOR('',#2356,1.);
#2356 = DIRECTION('',(0.866025403784,-0.5,0.));
#2357 = ORIENTED_EDGE('',*,*,#2327,.F.);
#2358 = PLANE('',#2359);
#2359 = AXIS2_PLACEMENT_3D('',#2360,#2361,#2362);
#2360 = CARTESIAN_POINT('',(12.,97.281366588219,8.1));
#2361 = DIRECTION('',(-0.5,-0.866025403784,0.));
#2362 = DIRECTION('',(0.866025403784,-0.5,0.));
#2363 = ADVANCED_FACE('',(#2364),#2389,.T.);
#2364 = FACE_BOUND('',#2365,.T.);
#2365 = EDGE_LOOP('',(#2366,#2367,#2375,#2383));
#2366 = ORIENTED_EDGE('',*,*,#749,.T.);
#2367 = ORIENTED_EDGE('',*,*,#2368,.T.);
#2368 = EDGE_CURVE('',#752,#2369,#2371,.T.);
#2369 = VERTEX_POINT('',#2370);
#2370 = CARTESIAN_POINT('',(12.,8.593633411781,1.8));
#2371 = LINE('',#2372,#2373);
#2372 = CARTESIAN_POINT('',(12.,8.593633411781,8.1));
#2373 = VECTOR('',#2374,1.);
#2374 = DIRECTION('',(0.,0.,-1.));
#2375 = ORIENTED_EDGE('',*,*,#2376,.T.);
#2376 = EDGE_CURVE('',#2369,#2377,#2379,.T.);
#2377 = VERTEX_POINT('',#2378);
#2378 = CARTESIAN_POINT('',(9.05,10.296816705891,1.8));
#2379 = LINE('',#2380,#2381);
#2380 = CARTESIAN_POINT('',(12.,8.593633411781,1.8));
#2381 = VECTOR('',#2382,1.);
#2382 = DIRECTION('',(-0.866025403784,0.5,-0.));
#2383 = ORIENTED_EDGE('',*,*,#2384,.F.);
#2384 = EDGE_CURVE('',#750,#2377,#2385,.T.);
#2385 = LINE('',#2386,#2387);
#2386 = CARTESIAN_POINT('',(9.05,10.296816705891,8.1));
#2387 = VECTOR('',#2388,1.);
#2388 = DIRECTION('',(0.,0.,-1.));
#2389 = PLANE('',#2390);
#2390 = AXIS2_PLACEMENT_3D('',#2391,#2392,#2393);
#2391 = CARTESIAN_POINT('',(12.,8.593633411781,8.1));
#2392 = DIRECTION('',(0.5,0.866025403784,0.));
#2393 = DIRECTION('',(-0.866025403784,0.5,-0.));
#2394 = ADVANCED_FACE('',(#2395),#2413,.T.);
#2395 = FACE_BOUND('',#2396,.T.);
#2396 = EDGE_LOOP('',(#2397,#2398,#2399,#2407));
#2397 = ORIENTED_EDGE('',*,*,#791,.T.);
#2398 = ORIENTED_EDGE('',*,*,#2384,.T.);
#2399 = ORIENTED_EDGE('',*,*,#2400,.T.);
#2400 = EDGE_CURVE('',#2377,#2401,#2403,.T.);
#2401 = VERTEX_POINT('',#2402);
#2402 = CARTESIAN_POINT('',(9.05,13.703183294109,1.8));
#2403 = LINE('',#2404,#2405);
#2404 = CARTESIAN_POINT('',(9.05,10.296816705891,1.8));
#2405 = VECTOR('',#2406,1.);
#2406 = DIRECTION('',(5.214814064769E-16,1.,0.));
#2407 = ORIENTED_EDGE('',*,*,#2408,.F.);
#2408 = EDGE_CURVE('',#784,#2401,#2409,.T.);
#2409 = LINE('',#2410,#2411);
#2410 = CARTESIAN_POINT('',(9.05,13.703183294109,8.1));
#2411 = VECTOR('',#2412,1.);
#2412 = DIRECTION('',(0.,0.,-1.));
#2413 = PLANE('',#2414);
#2414 = AXIS2_PLACEMENT_3D('',#2415,#2416,#2417);
#2415 = CARTESIAN_POINT('',(9.05,10.296816705891,8.1));
#2416 = DIRECTION('',(1.,-5.214814064769E-16,0.));
#2417 = DIRECTION('',(5.214814064769E-16,1.,0.));
#2418 = ADVANCED_FACE('',(#2419),#2437,.T.);
#2419 = FACE_BOUND('',#2420,.T.);
#2420 = EDGE_LOOP('',(#2421,#2422,#2430,#2436));
#2421 = ORIENTED_EDGE('',*,*,#759,.T.);
#2422 = ORIENTED_EDGE('',*,*,#2423,.T.);
#2423 = EDGE_CURVE('',#760,#2424,#2426,.T.);
#2424 = VERTEX_POINT('',#2425);
#2425 = CARTESIAN_POINT('',(14.95,10.296816705891,1.8));
#2426 = LINE('',#2427,#2428);
#2427 = CARTESIAN_POINT('',(14.95,10.296816705891,8.1));
#2428 = VECTOR('',#2429,1.);
#2429 = DIRECTION('',(0.,0.,-1.));
#2430 = ORIENTED_EDGE('',*,*,#2431,.T.);
#2431 = EDGE_CURVE('',#2424,#2369,#2432,.T.);
#2432 = LINE('',#2433,#2434);
#2433 = CARTESIAN_POINT('',(14.95,10.296816705891,1.8));
#2434 = VECTOR('',#2435,1.);
#2435 = DIRECTION('',(-0.866025403784,-0.5,0.));
#2436 = ORIENTED_EDGE('',*,*,#2368,.F.);
#2437 = PLANE('',#2438);
#2438 = AXIS2_PLACEMENT_3D('',#2439,#2440,#2441);
#2439 = CARTESIAN_POINT('',(14.95,10.296816705891,8.1));
#2440 = DIRECTION('',(-0.5,0.866025403784,-0.));
#2441 = DIRECTION('',(-0.866025403784,-0.5,0.));
#2442 = ADVANCED_FACE('',(#2443),#2461,.T.);
#2443 = FACE_BOUND('',#2444,.T.);
#2444 = EDGE_LOOP('',(#2445,#2446,#2447,#2455));
#2445 = ORIENTED_EDGE('',*,*,#783,.T.);
#2446 = ORIENTED_EDGE('',*,*,#2408,.T.);
#2447 = ORIENTED_EDGE('',*,*,#2448,.T.);
#2448 = EDGE_CURVE('',#2401,#2449,#2451,.T.);
#2449 = VERTEX_POINT('',#2450);
#2450 = CARTESIAN_POINT('',(12.,15.406366588219,1.8));
#2451 = LINE('',#2452,#2453);
#2452 = CARTESIAN_POINT('',(9.05,13.703183294109,1.8));
#2453 = VECTOR('',#2454,1.);
#2454 = DIRECTION('',(0.866025403784,0.5,0.));
#2455 = ORIENTED_EDGE('',*,*,#2456,.F.);
#2456 = EDGE_CURVE('',#776,#2449,#2457,.T.);
#2457 = LINE('',#2458,#2459);
#2458 = CARTESIAN_POINT('',(12.,15.406366588219,8.1));
#2459 = VECTOR('',#2460,1.);
#2460 = DIRECTION('',(0.,0.,-1.));
#2461 = PLANE('',#2462);
#2462 = AXIS2_PLACEMENT_3D('',#2463,#2464,#2465);
#2463 = CARTESIAN_POINT('',(9.05,13.703183294109,8.1));
#2464 = DIRECTION('',(0.5,-0.866025403784,0.));
#2465 = DIRECTION('',(0.866025403784,0.5,0.));
#2466 = ADVANCED_FACE('',(#2467),#2485,.T.);
#2467 = FACE_BOUND('',#2468,.T.);
#2468 = EDGE_LOOP('',(#2469,#2470,#2478,#2484));
#2469 = ORIENTED_EDGE('',*,*,#767,.T.);
#2470 = ORIENTED_EDGE('',*,*,#2471,.T.);
#2471 = EDGE_CURVE('',#768,#2472,#2474,.T.);
#2472 = VERTEX_POINT('',#2473);
#2473 = CARTESIAN_POINT('',(14.95,13.703183294109,1.8));
#2474 = LINE('',#2475,#2476);
#2475 = CARTESIAN_POINT('',(14.95,13.703183294109,8.1));
#2476 = VECTOR('',#2477,1.);
#2477 = DIRECTION('',(0.,0.,-1.));
#2478 = ORIENTED_EDGE('',*,*,#2479,.T.);
#2479 = EDGE_CURVE('',#2472,#2424,#2480,.T.);
#2480 = LINE('',#2481,#2482);
#2481 = CARTESIAN_POINT('',(14.95,13.703183294109,1.8));
#2482 = VECTOR('',#2483,1.);
#2483 = DIRECTION('',(5.214814064769E-16,-1.,0.));
#2484 = ORIENTED_EDGE('',*,*,#2423,.F.);
#2485 = PLANE('',#2486);
#2486 = AXIS2_PLACEMENT_3D('',#2487,#2488,#2489);
#2487 = CARTESIAN_POINT('',(14.95,13.703183294109,8.1));
#2488 = DIRECTION('',(-1.,-5.214814064769E-16,0.));
#2489 = DIRECTION('',(5.214814064769E-16,-1.,0.));
#2490 = ADVANCED_FACE('',(#2491),#2502,.T.);
#2491 = FACE_BOUND('',#2492,.T.);
#2492 = EDGE_LOOP('',(#2493,#2494,#2495,#2501));
#2493 = ORIENTED_EDGE('',*,*,#775,.T.);
#2494 = ORIENTED_EDGE('',*,*,#2456,.T.);
#2495 = ORIENTED_EDGE('',*,*,#2496,.T.);
#2496 = EDGE_CURVE('',#2449,#2472,#2497,.T.);
#2497 = LINE('',#2498,#2499);
#2498 = CARTESIAN_POINT('',(12.,15.406366588219,1.8));
#2499 = VECTOR('',#2500,1.);
#2500 = DIRECTION('',(0.866025403784,-0.5,0.));
#2501 = ORIENTED_EDGE('',*,*,#2471,.F.);
#2502 = PLANE('',#2503);
#2503 = AXIS2_PLACEMENT_3D('',#2504,#2505,#2506);
#2504 = CARTESIAN_POINT('',(12.,15.406366588219,8.1));
#2505 = DIRECTION('',(-0.5,-0.866025403784,0.));
#2506 = DIRECTION('',(0.866025403784,-0.5,0.));
#2507 = ADVANCED_FACE('',(#2508),#2533,.T.);
#2508 = FACE_BOUND('',#2509,.T.);
#2509 = EDGE_LOOP('',(#2510,#2511,#2519,#2527));
#2510 = ORIENTED_EDGE('',*,*,#833,.T.);
#2511 = ORIENTED_EDGE('',*,*,#2512,.T.);
#2512 = EDGE_CURVE('',#836,#2513,#2515,.T.);
#2513 = VERTEX_POINT('',#2514);
#2514 = CARTESIAN_POINT('',(188.,90.468633411781,1.8));
#2515 = LINE('',#2516,#2517);
#2516 = CARTESIAN_POINT('',(188.,90.468633411781,8.1));
#2517 = VECTOR('',#2518,1.);
#2518 = DIRECTION('',(0.,0.,-1.));
#2519 = ORIENTED_EDGE('',*,*,#2520,.T.);
#2520 = EDGE_CURVE('',#2513,#2521,#2523,.T.);
#2521 = VERTEX_POINT('',#2522);
#2522 = CARTESIAN_POINT('',(185.05,92.171816705891,1.8));
#2523 = LINE('',#2524,#2525);
#2524 = CARTESIAN_POINT('',(188.,90.468633411781,1.8));
#2525 = VECTOR('',#2526,1.);
#2526 = DIRECTION('',(-0.866025403784,0.5,-0.));
#2527 = ORIENTED_EDGE('',*,*,#2528,.F.);
#2528 = EDGE_CURVE('',#834,#2521,#2529,.T.);
#2529 = LINE('',#2530,#2531);
#2530 = CARTESIAN_POINT('',(185.05,92.171816705891,8.1));
#2531 = VECTOR('',#2532,1.);
#2532 = DIRECTION('',(0.,0.,-1.));
#2533 = PLANE('',#2534);
#2534 = AXIS2_PLACEMENT_3D('',#2535,#2536,#2537);
#2535 = CARTESIAN_POINT('',(188.,90.468633411781,8.1));
#2536 = DIRECTION('',(0.5,0.866025403784,0.));
#2537 = DIRECTION('',(-0.866025403784,0.5,-0.));
#2538 = ADVANCED_FACE('',(#2539),#2557,.T.);
#2539 = FACE_BOUND('',#2540,.T.);
#2540 = EDGE_LOOP('',(#2541,#2542,#2543,#2551));
#2541 = ORIENTED_EDGE('',*,*,#875,.T.);
#2542 = ORIENTED_EDGE('',*,*,#2528,.T.);
#2543 = ORIENTED_EDGE('',*,*,#2544,.T.);
#2544 = EDGE_CURVE('',#2521,#2545,#2547,.T.);
#2545 = VERTEX_POINT('',#2546);
#2546 = CARTESIAN_POINT('',(185.05,95.578183294109,1.8));
#2547 = LINE('',#2548,#2549);
#2548 = CARTESIAN_POINT('',(185.05,92.171816705891,1.8));
#2549 = VECTOR('',#2550,1.);
#2550 = DIRECTION('',(0.,1.,0.));
#2551 = ORIENTED_EDGE('',*,*,#2552,.F.);
#2552 = EDGE_CURVE('',#868,#2545,#2553,.T.);
#2553 = LINE('',#2554,#2555);
#2554 = CARTESIAN_POINT('',(185.05,95.578183294109,8.1));
#2555 = VECTOR('',#2556,1.);
#2556 = DIRECTION('',(0.,0.,-1.));
#2557 = PLANE('',#2558);
#2558 = AXIS2_PLACEMENT_3D('',#2559,#2560,#2561);
#2559 = CARTESIAN_POINT('',(185.05,92.171816705891,8.1));
#2560 = DIRECTION('',(1.,-0.,0.));
#2561 = DIRECTION('',(0.,1.,0.));
#2562 = ADVANCED_FACE('',(#2563),#2581,.T.);
#2563 = FACE_BOUND('',#2564,.T.);
#2564 = EDGE_LOOP('',(#2565,#2566,#2574,#2580));
#2565 = ORIENTED_EDGE('',*,*,#843,.T.);
#2566 = ORIENTED_EDGE('',*,*,#2567,.T.);
#2567 = EDGE_CURVE('',#844,#2568,#2570,.T.);
#2568 = VERTEX_POINT('',#2569);
#2569 = CARTESIAN_POINT('',(190.95,92.171816705891,1.8));
#2570 = LINE('',#2571,#2572);
#2571 = CARTESIAN_POINT('',(190.95,92.171816705891,8.1));
#2572 = VECTOR('',#2573,1.);
#2573 = DIRECTION('',(0.,0.,-1.));
#2574 = ORIENTED_EDGE('',*,*,#2575,.T.);
#2575 = EDGE_CURVE('',#2568,#2513,#2576,.T.);
#2576 = LINE('',#2577,#2578);
#2577 = CARTESIAN_POINT('',(190.95,92.171816705891,1.8));
#2578 = VECTOR('',#2579,1.);
#2579 = DIRECTION('',(-0.866025403784,-0.5,0.));
#2580 = ORIENTED_EDGE('',*,*,#2512,.F.);
#2581 = PLANE('',#2582);
#2582 = AXIS2_PLACEMENT_3D('',#2583,#2584,#2585);
#2583 = CARTESIAN_POINT('',(190.95,92.171816705891,8.1));
#2584 = DIRECTION('',(-0.5,0.866025403784,-0.));
#2585 = DIRECTION('',(-0.866025403784,-0.5,0.));
#2586 = ADVANCED_FACE('',(#2587),#2605,.T.);
#2587 = FACE_BOUND('',#2588,.T.);
#2588 = EDGE_LOOP('',(#2589,#2590,#2591,#2599));
#2589 = ORIENTED_EDGE('',*,*,#867,.T.);
#2590 = ORIENTED_EDGE('',*,*,#2552,.T.);
#2591 = ORIENTED_EDGE('',*,*,#2592,.T.);
#2592 = EDGE_CURVE('',#2545,#2593,#2595,.T.);
#2593 = VERTEX_POINT('',#2594);
#2594 = CARTESIAN_POINT('',(188.,97.281366588219,1.8));
#2595 = LINE('',#2596,#2597);
#2596 = CARTESIAN_POINT('',(185.05,95.578183294109,1.8));
#2597 = VECTOR('',#2598,1.);
#2598 = DIRECTION('',(0.866025403784,0.5,0.));
#2599 = ORIENTED_EDGE('',*,*,#2600,.F.);
#2600 = EDGE_CURVE('',#860,#2593,#2601,.T.);
#2601 = LINE('',#2602,#2603);
#2602 = CARTESIAN_POINT('',(188.,97.281366588219,8.1));
#2603 = VECTOR('',#2604,1.);
#2604 = DIRECTION('',(0.,0.,-1.));
#2605 = PLANE('',#2606);
#2606 = AXIS2_PLACEMENT_3D('',#2607,#2608,#2609);
#2607 = CARTESIAN_POINT('',(185.05,95.578183294109,8.1));
#2608 = DIRECTION('',(0.5,-0.866025403784,0.));
#2609 = DIRECTION('',(0.866025403784,0.5,0.));
#2610 = ADVANCED_FACE('',(#2611),#2629,.T.);
#2611 = FACE_BOUND('',#2612,.T.);
#2612 = EDGE_LOOP('',(#2613,#2614,#2622,#2628));
#2613 = ORIENTED_EDGE('',*,*,#851,.T.);
#2614 = ORIENTED_EDGE('',*,*,#2615,.T.);
#2615 = EDGE_CURVE('',#852,#2616,#2618,.T.);
#2616 = VERTEX_POINT('',#2617);
#2617 = CARTESIAN_POINT('',(190.95,95.578183294109,1.8));
#2618 = LINE('',#2619,#2620);
#2619 = CARTESIAN_POINT('',(190.95,95.578183294109,8.1));
#2620 = VECTOR('',#2621,1.);
#2621 = DIRECTION('',(0.,0.,-1.));
#2622 = ORIENTED_EDGE('',*,*,#2623,.T.);
#2623 = EDGE_CURVE('',#2616,#2568,#2624,.T.);
#2624 = LINE('',#2625,#2626);
#2625 = CARTESIAN_POINT('',(190.95,95.578183294109,1.8));
#2626 = VECTOR('',#2627,1.);
#2627 = DIRECTION('',(0.,-1.,0.));
#2628 = ORIENTED_EDGE('',*,*,#2567,.F.);
#2629 = PLANE('',#2630);
#2630 = AXIS2_PLACEMENT_3D('',#2631,#2632,#2633);
#2631 = CARTESIAN_POINT('',(190.95,95.578183294109,8.1));
#2632 = DIRECTION('',(-1.,0.,0.));
#2633 = DIRECTION('',(0.,-1.,0.));
#2634 = ADVANCED_FACE('',(#2635),#2646,.T.);
#2635 = FACE_BOUND('',#2636,.T.);
#2636 = EDGE_LOOP('',(#2637,#2638,#2639,#2645));
#2637 = ORIENTED_EDGE('',*,*,#859,.T.);
#2638 = ORIENTED_EDGE('',*,*,#2600,.T.);
#2639 = ORIENTED_EDGE('',*,*,#2640,.T.);
#2640 = EDGE_CURVE('',#2593,#2616,#2641,.T.);
#2641 = LINE('',#2642,#2643);
#2642 = CARTESIAN_POINT('',(188.,97.281366588219,1.8));
#2643 = VECTOR('',#2644,1.);
#2644 = DIRECTION('',(0.866025403784,-0.5,0.));
#2645 = ORIENTED_EDGE('',*,*,#2615,.F.);
#2646 = PLANE('',#2647);
#2647 = AXIS2_PLACEMENT_3D('',#2648,#2649,#2650);
#2648 = CARTESIAN_POINT('',(188.,97.281366588219,8.1));
#2649 = DIRECTION('',(-0.5,-0.866025403784,0.));
#2650 = DIRECTION('',(0.866025403784,-0.5,0.));
#2651 = ADVANCED_FACE('',(#2652),#2677,.T.);
#2652 = FACE_BOUND('',#2653,.T.);
#2653 = EDGE_LOOP('',(#2654,#2655,#2663,#2671));
#2654 = ORIENTED_EDGE('',*,*,#883,.T.);
#2655 = ORIENTED_EDGE('',*,*,#2656,.T.);
#2656 = EDGE_CURVE('',#886,#2657,#2659,.T.);
#2657 = VERTEX_POINT('',#2658);
#2658 = CARTESIAN_POINT('',(100.,8.593633411781,1.8));
#2659 = LINE('',#2660,#2661);
#2660 = CARTESIAN_POINT('',(100.,8.593633411781,8.1));
#2661 = VECTOR('',#2662,1.);
#2662 = DIRECTION('',(0.,0.,-1.));
#2663 = ORIENTED_EDGE('',*,*,#2664,.T.);
#2664 = EDGE_CURVE('',#2657,#2665,#2667,.T.);
#2665 = VERTEX_POINT('',#2666);
#2666 = CARTESIAN_POINT('',(97.05,10.296816705891,1.8));
#2667 = LINE('',#2668,#2669);
#2668 = CARTESIAN_POINT('',(100.,8.593633411781,1.8));
#2669 = VECTOR('',#2670,1.);
#2670 = DIRECTION('',(-0.866025403784,0.5,-0.));
#2671 = ORIENTED_EDGE('',*,*,#2672,.F.);
#2672 = EDGE_CURVE('',#884,#2665,#2673,.T.);
#2673 = LINE('',#2674,#2675);
#2674 = CARTESIAN_POINT('',(97.05,10.296816705891,8.1));
#2675 = VECTOR('',#2676,1.);
#2676 = DIRECTION('',(0.,0.,-1.));
#2677 = PLANE('',#2678);
#2678 = AXIS2_PLACEMENT_3D('',#2679,#2680,#2681);
#2679 = CARTESIAN_POINT('',(100.,8.593633411781,8.1));
#2680 = DIRECTION('',(0.5,0.866025403784,0.));
#2681 = DIRECTION('',(-0.866025403784,0.5,-0.));
#2682 = ADVANCED_FACE('',(#2683),#2701,.T.);
#2683 = FACE_BOUND('',#2684,.T.);
#2684 = EDGE_LOOP('',(#2685,#2686,#2687,#2695));
#2685 = ORIENTED_EDGE('',*,*,#925,.T.);
#2686 = ORIENTED_EDGE('',*,*,#2672,.T.);
#2687 = ORIENTED_EDGE('',*,*,#2688,.T.);
#2688 = EDGE_CURVE('',#2665,#2689,#2691,.T.);
#2689 = VERTEX_POINT('',#2690);
#2690 = CARTESIAN_POINT('',(97.05,13.703183294109,1.8));
#2691 = LINE('',#2692,#2693);
#2692 = CARTESIAN_POINT('',(97.05,10.296816705891,1.8));
#2693 = VECTOR('',#2694,1.);
#2694 = DIRECTION('',(0.,1.,0.));
#2695 = ORIENTED_EDGE('',*,*,#2696,.F.);
#2696 = EDGE_CURVE('',#918,#2689,#2697,.T.);
#2697 = LINE('',#2698,#2699);
#2698 = CARTESIAN_POINT('',(97.05,13.703183294109,8.1));
#2699 = VECTOR('',#2700,1.);
#2700 = DIRECTION('',(0.,0.,-1.));
#2701 = PLANE('',#2702);
#2702 = AXIS2_PLACEMENT_3D('',#2703,#2704,#2705);
#2703 = CARTESIAN_POINT('',(97.05,10.296816705891,8.1));
#2704 = DIRECTION('',(1.,-0.,0.));
#2705 = DIRECTION('',(0.,1.,0.));
#2706 = ADVANCED_FACE('',(#2707),#2725,.T.);
#2707 = FACE_BOUND('',#2708,.T.);
#2708 = EDGE_LOOP('',(#2709,#2710,#2718,#2724));
#2709 = ORIENTED_EDGE('',*,*,#893,.T.);
#2710 = ORIENTED_EDGE('',*,*,#2711,.T.);
#2711 = EDGE_CURVE('',#894,#2712,#2714,.T.);
#2712 = VERTEX_POINT('',#2713);
#2713 = CARTESIAN_POINT('',(102.95,10.296816705891,1.8));
#2714 = LINE('',#2715,#2716);
#2715 = CARTESIAN_POINT('',(102.95,10.296816705891,8.1));
#2716 = VECTOR('',#2717,1.);
#2717 = DIRECTION('',(0.,0.,-1.));
#2718 = ORIENTED_EDGE('',*,*,#2719,.T.);
#2719 = EDGE_CURVE('',#2712,#2657,#2720,.T.);
#2720 = LINE('',#2721,#2722);
#2721 = CARTESIAN_POINT('',(102.95,10.296816705891,1.8));
#2722 = VECTOR('',#2723,1.);
#2723 = DIRECTION('',(-0.866025403784,-0.5,0.));
#2724 = ORIENTED_EDGE('',*,*,#2656,.F.);
#2725 = PLANE('',#2726);
#2726 = AXIS2_PLACEMENT_3D('',#2727,#2728,#2729);
#2727 = CARTESIAN_POINT('',(102.95,10.296816705891,8.1));
#2728 = DIRECTION('',(-0.5,0.866025403784,-0.));
#2729 = DIRECTION('',(-0.866025403784,-0.5,0.));
#2730 = ADVANCED_FACE('',(#2731),#2749,.T.);
#2731 = FACE_BOUND('',#2732,.T.);
#2732 = EDGE_LOOP('',(#2733,#2734,#2735,#2743));
#2733 = ORIENTED_EDGE('',*,*,#917,.T.);
#2734 = ORIENTED_EDGE('',*,*,#2696,.T.);
#2735 = ORIENTED_EDGE('',*,*,#2736,.T.);
#2736 = EDGE_CURVE('',#2689,#2737,#2739,.T.);
#2737 = VERTEX_POINT('',#2738);
#2738 = CARTESIAN_POINT('',(100.,15.406366588219,1.8));
#2739 = LINE('',#2740,#2741);
#2740 = CARTESIAN_POINT('',(97.05,13.703183294109,1.8));
#2741 = VECTOR('',#2742,1.);
#2742 = DIRECTION('',(0.866025403784,0.5,0.));
#2743 = ORIENTED_EDGE('',*,*,#2744,.F.);
#2744 = EDGE_CURVE('',#910,#2737,#2745,.T.);
#2745 = LINE('',#2746,#2747);
#2746 = CARTESIAN_POINT('',(100.,15.406366588219,8.1));
#2747 = VECTOR('',#2748,1.);
#2748 = DIRECTION('',(0.,0.,-1.));
#2749 = PLANE('',#2750);
#2750 = AXIS2_PLACEMENT_3D('',#2751,#2752,#2753);
#2751 = CARTESIAN_POINT('',(97.05,13.703183294109,8.1));
#2752 = DIRECTION('',(0.5,-0.866025403784,0.));
#2753 = DIRECTION('',(0.866025403784,0.5,0.));
#2754 = ADVANCED_FACE('',(#2755),#2773,.T.);
#2755 = FACE_BOUND('',#2756,.T.);
#2756 = EDGE_LOOP('',(#2757,#2758,#2766,#2772));
#2757 = ORIENTED_EDGE('',*,*,#901,.T.);
#2758 = ORIENTED_EDGE('',*,*,#2759,.T.);
#2759 = EDGE_CURVE('',#902,#2760,#2762,.T.);
#2760 = VERTEX_POINT('',#2761);
#2761 = CARTESIAN_POINT('',(102.95,13.703183294109,1.8));
#2762 = LINE('',#2763,#2764);
#2763 = CARTESIAN_POINT('',(102.95,13.703183294109,8.1));
#2764 = VECTOR('',#2765,1.);
#2765 = DIRECTION('',(0.,0.,-1.));
#2766 = ORIENTED_EDGE('',*,*,#2767,.T.);
#2767 = EDGE_CURVE('',#2760,#2712,#2768,.T.);
#2768 = LINE('',#2769,#2770);
#2769 = CARTESIAN_POINT('',(102.95,13.703183294109,1.8));
#2770 = VECTOR('',#2771,1.);
#2771 = DIRECTION('',(0.,-1.,0.));
#2772 = ORIENTED_EDGE('',*,*,#2711,.F.);
#2773 = PLANE('',#2774);
#2774 = AXIS2_PLACEMENT_3D('',#2775,#2776,#2777);
#2775 = CARTESIAN_POINT('',(102.95,13.703183294109,8.1));
#2776 = DIRECTION('',(-1.,0.,0.));
#2777 = DIRECTION('',(0.,-1.,0.));
#2778 = ADVANCED_FACE('',(#2779),#2790,.T.);
#2779 = FACE_BOUND('',#2780,.T.);
#2780 = EDGE_LOOP('',(#2781,#2782,#2783,#2789));
#2781 = ORIENTED_EDGE('',*,*,#909,.T.);
#2782 = ORIENTED_EDGE('',*,*,#2744,.T.);
#2783 = ORIENTED_EDGE('',*,*,#2784,.T.);
#2784 = EDGE_CURVE('',#2737,#2760,#2785,.T.);
#2785 = LINE('',#2786,#2787);
#2786 = CARTESIAN_POINT('',(100.,15.406366588219,1.8));
#2787 = VECTOR('',#2788,1.);
#2788 = DIRECTION('',(0.866025403784,-0.5,0.));
#2789 = ORIENTED_EDGE('',*,*,#2759,.F.);
#2790 = PLANE('',#2791);
#2791 = AXIS2_PLACEMENT_3D('',#2792,#2793,#2794);
#2792 = CARTESIAN_POINT('',(100.,15.406366588219,8.1));
#2793 = DIRECTION('',(-0.5,-0.866025403784,0.));
#2794 = DIRECTION('',(0.866025403784,-0.5,0.));
#2795 = ADVANCED_FACE('',(#2796),#2821,.T.);
#2796 = FACE_BOUND('',#2797,.T.);
#2797 = EDGE_LOOP('',(#2798,#2799,#2807,#2815));
#2798 = ORIENTED_EDGE('',*,*,#933,.T.);
#2799 = ORIENTED_EDGE('',*,*,#2800,.T.);
#2800 = EDGE_CURVE('',#936,#2801,#2803,.T.);
#2801 = VERTEX_POINT('',#2802);
#2802 = CARTESIAN_POINT('',(188.,8.593633411781,1.8));
#2803 = LINE('',#2804,#2805);
#2804 = CARTESIAN_POINT('',(188.,8.593633411781,8.1));
#2805 = VECTOR('',#2806,1.);
#2806 = DIRECTION('',(0.,0.,-1.));
#2807 = ORIENTED_EDGE('',*,*,#2808,.T.);
#2808 = EDGE_CURVE('',#2801,#2809,#2811,.T.);
#2809 = VERTEX_POINT('',#2810);
#2810 = CARTESIAN_POINT('',(185.05,10.296816705891,1.8));
#2811 = LINE('',#2812,#2813);
#2812 = CARTESIAN_POINT('',(188.,8.593633411781,1.8));
#2813 = VECTOR('',#2814,1.);
#2814 = DIRECTION('',(-0.866025403784,0.5,-0.));
#2815 = ORIENTED_EDGE('',*,*,#2816,.F.);
#2816 = EDGE_CURVE('',#934,#2809,#2817,.T.);
#2817 = LINE('',#2818,#2819);
#2818 = CARTESIAN_POINT('',(185.05,10.296816705891,8.1));
#2819 = VECTOR('',#2820,1.);
#2820 = DIRECTION('',(0.,0.,-1.));
#2821 = PLANE('',#2822);
#2822 = AXIS2_PLACEMENT_3D('',#2823,#2824,#2825);
#2823 = CARTESIAN_POINT('',(188.,8.593633411781,8.1));
#2824 = DIRECTION('',(0.5,0.866025403784,0.));
#2825 = DIRECTION('',(-0.866025403784,0.5,-0.));
#2826 = ADVANCED_FACE('',(#2827),#2845,.T.);
#2827 = FACE_BOUND('',#2828,.T.);
#2828 = EDGE_LOOP('',(#2829,#2830,#2831,#2839));
#2829 = ORIENTED_EDGE('',*,*,#975,.T.);
#2830 = ORIENTED_EDGE('',*,*,#2816,.T.);
#2831 = ORIENTED_EDGE('',*,*,#2832,.T.);
#2832 = EDGE_CURVE('',#2809,#2833,#2835,.T.);
#2833 = VERTEX_POINT('',#2834);
#2834 = CARTESIAN_POINT('',(185.05,13.703183294109,1.8));
#2835 = LINE('',#2836,#2837);
#2836 = CARTESIAN_POINT('',(185.05,10.296816705891,1.8));
#2837 = VECTOR('',#2838,1.);
#2838 = DIRECTION('',(0.,1.,0.));
#2839 = ORIENTED_EDGE('',*,*,#2840,.F.);
#2840 = EDGE_CURVE('',#968,#2833,#2841,.T.);
#2841 = LINE('',#2842,#2843);
#2842 = CARTESIAN_POINT('',(185.05,13.703183294109,8.1));
#2843 = VECTOR('',#2844,1.);
#2844 = DIRECTION('',(0.,0.,-1.));
#2845 = PLANE('',#2846);
#2846 = AXIS2_PLACEMENT_3D('',#2847,#2848,#2849);
#2847 = CARTESIAN_POINT('',(185.05,10.296816705891,8.1));
#2848 = DIRECTION('',(1.,-0.,0.));
#2849 = DIRECTION('',(0.,1.,0.));
#2850 = ADVANCED_FACE('',(#2851),#2869,.T.);
#2851 = FACE_BOUND('',#2852,.T.);
#2852 = EDGE_LOOP('',(#2853,#2854,#2862,#2868));
#2853 = ORIENTED_EDGE('',*,*,#943,.T.);
#2854 = ORIENTED_EDGE('',*,*,#2855,.T.);
#2855 = EDGE_CURVE('',#944,#2856,#2858,.T.);
#2856 = VERTEX_POINT('',#2857);
#2857 = CARTESIAN_POINT('',(190.95,10.296816705891,1.8));
#2858 = LINE('',#2859,#2860);
#2859 = CARTESIAN_POINT('',(190.95,10.296816705891,8.1));
#2860 = VECTOR('',#2861,1.);
#2861 = DIRECTION('',(0.,0.,-1.));
#2862 = ORIENTED_EDGE('',*,*,#2863,.T.);
#2863 = EDGE_CURVE('',#2856,#2801,#2864,.T.);
#2864 = LINE('',#2865,#2866);
#2865 = CARTESIAN_POINT('',(190.95,10.296816705891,1.8));
#2866 = VECTOR('',#2867,1.);
#2867 = DIRECTION('',(-0.866025403784,-0.5,0.));
#2868 = ORIENTED_EDGE('',*,*,#2800,.F.);
#2869 = PLANE('',#2870);
#2870 = AXIS2_PLACEMENT_3D('',#2871,#2872,#2873);
#2871 = CARTESIAN_POINT('',(190.95,10.296816705891,8.1));
#2872 = DIRECTION('',(-0.5,0.866025403784,-0.));
#2873 = DIRECTION('',(-0.866025403784,-0.5,0.));
#2874 = ADVANCED_FACE('',(#2875),#2893,.T.);
#2875 = FACE_BOUND('',#2876,.T.);
#2876 = EDGE_LOOP('',(#2877,#2878,#2879,#2887));
#2877 = ORIENTED_EDGE('',*,*,#967,.T.);
#2878 = ORIENTED_EDGE('',*,*,#2840,.T.);
#2879 = ORIENTED_EDGE('',*,*,#2880,.T.);
#2880 = EDGE_CURVE('',#2833,#2881,#2883,.T.);
#2881 = VERTEX_POINT('',#2882);
#2882 = CARTESIAN_POINT('',(188.,15.406366588219,1.8));
#2883 = LINE('',#2884,#2885);
#2884 = CARTESIAN_POINT('',(185.05,13.703183294109,1.8));
#2885 = VECTOR('',#2886,1.);
#2886 = DIRECTION('',(0.866025403784,0.5,0.));
#2887 = ORIENTED_EDGE('',*,*,#2888,.F.);
#2888 = EDGE_CURVE('',#960,#2881,#2889,.T.);
#2889 = LINE('',#2890,#2891);
#2890 = CARTESIAN_POINT('',(188.,15.406366588219,8.1));
#2891 = VECTOR('',#2892,1.);
#2892 = DIRECTION('',(0.,0.,-1.));
#2893 = PLANE('',#2894);
#2894 = AXIS2_PLACEMENT_3D('',#2895,#2896,#2897);
#2895 = CARTESIAN_POINT('',(185.05,13.703183294109,8.1));
#2896 = DIRECTION('',(0.5,-0.866025403784,0.));
#2897 = DIRECTION('',(0.866025403784,0.5,0.));
#2898 = ADVANCED_FACE('',(#2899),#2917,.T.);
#2899 = FACE_BOUND('',#2900,.T.);
#2900 = EDGE_LOOP('',(#2901,#2902,#2910,#2916));
#2901 = ORIENTED_EDGE('',*,*,#951,.T.);
#2902 = ORIENTED_EDGE('',*,*,#2903,.T.);
#2903 = EDGE_CURVE('',#952,#2904,#2906,.T.);
#2904 = VERTEX_POINT('',#2905);
#2905 = CARTESIAN_POINT('',(190.95,13.703183294109,1.8));
#2906 = LINE('',#2907,#2908);
#2907 = CARTESIAN_POINT('',(190.95,13.703183294109,8.1));
#2908 = VECTOR('',#2909,1.);
#2909 = DIRECTION('',(0.,0.,-1.));
#2910 = ORIENTED_EDGE('',*,*,#2911,.T.);
#2911 = EDGE_CURVE('',#2904,#2856,#2912,.T.);
#2912 = LINE('',#2913,#2914);
#2913 = CARTESIAN_POINT('',(190.95,13.703183294109,1.8));
#2914 = VECTOR('',#2915,1.);
#2915 = DIRECTION('',(0.,-1.,0.));
#2916 = ORIENTED_EDGE('',*,*,#2855,.F.);
#2917 = PLANE('',#2918);
#2918 = AXIS2_PLACEMENT_3D('',#2919,#2920,#2921);
#2919 = CARTESIAN_POINT('',(190.95,13.703183294109,8.1));
#2920 = DIRECTION('',(-1.,0.,0.));
#2921 = DIRECTION('',(0.,-1.,0.));
#2922 = ADVANCED_FACE('',(#2923),#2934,.T.);
#2923 = FACE_BOUND('',#2924,.T.);
#2924 = EDGE_LOOP('',(#2925,#2926,#2927,#2933));
#2925 = ORIENTED_EDGE('',*,*,#959,.T.);
#2926 = ORIENTED_EDGE('',*,*,#2888,.T.);
#2927 = ORIENTED_EDGE('',*,*,#2928,.T.);
#2928 = EDGE_CURVE('',#2881,#2904,#2929,.T.);
#2929 = LINE('',#2930,#2931);
#2930 = CARTESIAN_POINT('',(188.,15.406366588219,1.8));
#2931 = VECTOR('',#2932,1.);
#2932 = DIRECTION('',(0.866025403784,-0.5,0.));
#2933 = ORIENTED_EDGE('',*,*,#2903,.F.);
#2934 = PLANE('',#2935);
#2935 = AXIS2_PLACEMENT_3D('',#2936,#2937,#2938);
#2936 = CARTESIAN_POINT('',(188.,15.406366588219,8.1));
#2937 = DIRECTION('',(-0.5,-0.866025403784,0.));
#2938 = DIRECTION('',(0.866025403784,-0.5,0.));
#2939 = ADVANCED_FACE('',(#2940,#2965),#2976,.F.);
#2940 = FACE_BOUND('',#2941,.F.);
#2941 = EDGE_LOOP('',(#2942,#2950,#2951,#2959));
#2942 = ORIENTED_EDGE('',*,*,#2943,.F.);
#2943 = EDGE_CURVE('',#1044,#2944,#2946,.T.);
#2944 = VERTEX_POINT('',#2945);
#2945 = CARTESIAN_POINT('',(42.95,177.35,10.5));
#2946 = LINE('',#2947,#2948);
#2947 = CARTESIAN_POINT('',(42.95,177.35,22.1));
#2948 = VECTOR('',#2949,1.);
#2949 = DIRECTION('',(0.,-2.22044604925E-16,-1.));
#2950 = ORIENTED_EDGE('',*,*,#1043,.T.);
#2951 = ORIENTED_EDGE('',*,*,#2952,.T.);
#2952 = EDGE_CURVE('',#1046,#2953,#2955,.T.);
#2953 = VERTEX_POINT('',#2954);
#2954 = CARTESIAN_POINT('',(37.05,177.35,10.5));
#2955 = LINE('',#2956,#2957);
#2956 = CARTESIAN_POINT('',(37.05,177.35,22.1));
#2957 = VECTOR('',#2958,1.);
#2958 = DIRECTION('',(0.,-2.22044604925E-16,-1.));
#2959 = ORIENTED_EDGE('',*,*,#2960,.F.);
#2960 = EDGE_CURVE('',#2944,#2953,#2961,.T.);
#2961 = LINE('',#2962,#2963);
#2962 = CARTESIAN_POINT('',(42.95,177.35,10.5));
#2963 = VECTOR('',#2964,1.);
#2964 = DIRECTION('',(-1.,0.,-0.));
#2965 = FACE_BOUND('',#2966,.F.);
#2966 = EDGE_LOOP('',(#2967));
#2967 = ORIENTED_EDGE('',*,*,#2968,.F.);
#2968 = EDGE_CURVE('',#2969,#2969,#2971,.T.);
#2969 = VERTEX_POINT('',#2970);
#2970 = CARTESIAN_POINT('',(38.2,177.35,14.));
#2971 = CIRCLE('',#2972,1.8);
#2972 = AXIS2_PLACEMENT_3D('',#2973,#2974,#2975);
#2973 = CARTESIAN_POINT('',(40.,177.35,14.));
#2974 = DIRECTION('',(-0.,-1.,2.22044604925E-16));
#2975 = DIRECTION('',(-1.,0.,-0.));
#2976 = PLANE('',#2977);
#2977 = AXIS2_PLACEMENT_3D('',#2978,#2979,#2980);
#2978 = CARTESIAN_POINT('',(42.95,177.35,22.1));
#2979 = DIRECTION('',(0.,-1.,2.22044604925E-16));
#2980 = DIRECTION('',(-1.,0.,-0.));
#2981 = ADVANCED_FACE('',(#2982),#3000,.F.);
#2982 = FACE_BOUND('',#2983,.F.);
#2983 = EDGE_LOOP('',(#2984,#2985,#2986,#2994));
#2984 = ORIENTED_EDGE('',*,*,#2952,.F.);
#2985 = ORIENTED_EDGE('',*,*,#1069,.T.);
#2986 = ORIENTED_EDGE('',*,*,#2987,.T.);
#2987 = EDGE_CURVE('',#1062,#2988,#2990,.T.);
#2988 = VERTEX_POINT('',#2989);
#2989 = CARTESIAN_POINT('',(37.05,181.55,10.5));
#2990 = LINE('',#2991,#2992);
#2991 = CARTESIAN_POINT('',(37.05,181.55,22.1));
#2992 = VECTOR('',#2993,1.);
#2993 = DIRECTION('',(0.,-2.22044604925E-16,-1.));
#2994 = ORIENTED_EDGE('',*,*,#2995,.T.);
#2995 = EDGE_CURVE('',#2988,#2953,#2996,.T.);
#2996 = LINE('',#2997,#2998);
#2997 = CARTESIAN_POINT('',(37.05,181.55,10.5));
#2998 = VECTOR('',#2999,1.);
#2999 = DIRECTION('',(0.,-1.,2.22044604925E-16));
#3000 = PLANE('',#3001);
#3001 = AXIS2_PLACEMENT_3D('',#3002,#3003,#3004);
#3002 = CARTESIAN_POINT('',(37.05,181.55,22.1));
#3003 = DIRECTION('',(-1.,0.,-0.));
#3004 = DIRECTION('',(0.,-1.,2.22044604925E-16));
#3005 = ADVANCED_FACE('',(#3006,#3024),#3027,.T.);
#3006 = FACE_BOUND('',#3007,.T.);
#3007 = EDGE_LOOP('',(#3008,#3016,#3017,#3018));
#3008 = ORIENTED_EDGE('',*,*,#3009,.F.);
#3009 = EDGE_CURVE('',#1054,#3010,#3012,.T.);
#3010 = VERTEX_POINT('',#3011);
#3011 = CARTESIAN_POINT('',(42.95,181.55,10.5));
#3012 = LINE('',#3013,#3014);
#3013 = CARTESIAN_POINT('',(42.95,181.55,22.1));
#3014 = VECTOR('',#3015,1.);
#3015 = DIRECTION('',(0.,-2.22044604925E-16,-1.));
#3016 = ORIENTED_EDGE('',*,*,#1061,.T.);
#3017 = ORIENTED_EDGE('',*,*,#2987,.T.);
#3018 = ORIENTED_EDGE('',*,*,#3019,.F.);
#3019 = EDGE_CURVE('',#3010,#2988,#3020,.T.);
#3020 = LINE('',#3021,#3022);
#3021 = CARTESIAN_POINT('',(42.95,181.55,10.5));
#3022 = VECTOR('',#3023,1.);
#3023 = DIRECTION('',(-1.,0.,-0.));
#3024 = FACE_BOUND('',#3025,.T.);
#3025 = EDGE_LOOP('',(#3026));
#3026 = ORIENTED_EDGE('',*,*,#1208,.F.);
#3027 = PLANE('',#3028);
#3028 = AXIS2_PLACEMENT_3D('',#3029,#3030,#3031);
#3029 = CARTESIAN_POINT('',(42.95,181.55,22.1));
#3030 = DIRECTION('',(0.,-1.,2.22044604925E-16));
#3031 = DIRECTION('',(-1.,0.,-0.));
#3032 = ADVANCED_FACE('',(#3033),#3044,.T.);
#3033 = FACE_BOUND('',#3034,.T.);
#3034 = EDGE_LOOP('',(#3035,#3036,#3037,#3038));
#3035 = ORIENTED_EDGE('',*,*,#2943,.F.);
#3036 = ORIENTED_EDGE('',*,*,#1053,.T.);
#3037 = ORIENTED_EDGE('',*,*,#3009,.T.);
#3038 = ORIENTED_EDGE('',*,*,#3039,.T.);
#3039 = EDGE_CURVE('',#3010,#2944,#3040,.T.);
#3040 = LINE('',#3041,#3042);
#3041 = CARTESIAN_POINT('',(42.95,181.55,10.5));
#3042 = VECTOR('',#3043,1.);
#3043 = DIRECTION('',(0.,-1.,2.22044604925E-16));
#3044 = PLANE('',#3045);
#3045 = AXIS2_PLACEMENT_3D('',#3046,#3047,#3048);
#3046 = CARTESIAN_POINT('',(42.95,181.55,22.1));
#3047 = DIRECTION('',(-1.,0.,-0.));
#3048 = DIRECTION('',(0.,-1.,2.22044604925E-16));
#3049 = ADVANCED_FACE('',(#3050,#3075),#3086,.F.);
#3050 = FACE_BOUND('',#3051,.F.);
#3051 = EDGE_LOOP('',(#3052,#3060,#3061,#3069));
#3052 = ORIENTED_EDGE('',*,*,#3053,.F.);
#3053 = EDGE_CURVE('',#1143,#3054,#3056,.T.);
#3054 = VERTEX_POINT('',#3055);
#3055 = CARTESIAN_POINT('',(162.95,177.35,10.5));
#3056 = LINE('',#3057,#3058);
#3057 = CARTESIAN_POINT('',(162.95,177.35,22.1));
#3058 = VECTOR('',#3059,1.);
#3059 = DIRECTION('',(0.,-2.22044604925E-16,-1.));
#3060 = ORIENTED_EDGE('',*,*,#1142,.T.);
#3061 = ORIENTED_EDGE('',*,*,#3062,.T.);
#3062 = EDGE_CURVE('',#1145,#3063,#3065,.T.);
#3063 = VERTEX_POINT('',#3064);
#3064 = CARTESIAN_POINT('',(157.05,177.35,10.5));
#3065 = LINE('',#3066,#3067);
#3066 = CARTESIAN_POINT('',(157.05,177.35,22.1));
#3067 = VECTOR('',#3068,1.);
#3068 = DIRECTION('',(0.,-2.22044604925E-16,-1.));
#3069 = ORIENTED_EDGE('',*,*,#3070,.F.);
#3070 = EDGE_CURVE('',#3054,#3063,#3071,.T.);
#3071 = LINE('',#3072,#3073);
#3072 = CARTESIAN_POINT('',(162.95,177.35,10.5));
#3073 = VECTOR('',#3074,1.);
#3074 = DIRECTION('',(-1.,0.,-0.));
#3075 = FACE_BOUND('',#3076,.F.);
#3076 = EDGE_LOOP('',(#3077));
#3077 = ORIENTED_EDGE('',*,*,#3078,.F.);
#3078 = EDGE_CURVE('',#3079,#3079,#3081,.T.);
#3079 = VERTEX_POINT('',#3080);
#3080 = CARTESIAN_POINT('',(158.2,177.35,14.));
#3081 = CIRCLE('',#3082,1.8);
#3082 = AXIS2_PLACEMENT_3D('',#3083,#3084,#3085);
#3083 = CARTESIAN_POINT('',(160.,177.35,14.));
#3084 = DIRECTION('',(-0.,-1.,2.22044604925E-16));
#3085 = DIRECTION('',(-1.,0.,-0.));
#3086 = PLANE('',#3087);
#3087 = AXIS2_PLACEMENT_3D('',#3088,#3089,#3090);
#3088 = CARTESIAN_POINT('',(162.95,177.35,22.1));
#3089 = DIRECTION('',(0.,-1.,2.22044604925E-16));
#3090 = DIRECTION('',(-1.,0.,-0.));
#3091 = ADVANCED_FACE('',(#3092),#3110,.F.);
#3092 = FACE_BOUND('',#3093,.F.);
#3093 = EDGE_LOOP('',(#3094,#3095,#3096,#3104));
#3094 = ORIENTED_EDGE('',*,*,#3062,.F.);
#3095 = ORIENTED_EDGE('',*,*,#1168,.T.);
#3096 = ORIENTED_EDGE('',*,*,#3097,.T.);
#3097 = EDGE_CURVE('',#1161,#3098,#3100,.T.);
#3098 = VERTEX_POINT('',#3099);
#3099 = CARTESIAN_POINT('',(157.05,181.55,10.5));
#3100 = LINE('',#3101,#3102);
#3101 = CARTESIAN_POINT('',(157.05,181.55,22.1));
#3102 = VECTOR('',#3103,1.);
#3103 = DIRECTION('',(0.,-2.22044604925E-16,-1.));
#3104 = ORIENTED_EDGE('',*,*,#3105,.T.);
#3105 = EDGE_CURVE('',#3098,#3063,#3106,.T.);
#3106 = LINE('',#3107,#3108);
#3107 = CARTESIAN_POINT('',(157.05,181.55,10.5));
#3108 = VECTOR('',#3109,1.);
#3109 = DIRECTION('',(0.,-1.,2.22044604925E-16));
#3110 = PLANE('',#3111);
#3111 = AXIS2_PLACEMENT_3D('',#3112,#3113,#3114);
#3112 = CARTESIAN_POINT('',(157.05,181.55,22.1));
#3113 = DIRECTION('',(-1.,0.,-0.));
#3114 = DIRECTION('',(0.,-1.,2.22044604925E-16));
#3115 = ADVANCED_FACE('',(#3116,#3134),#3137,.T.);
#3116 = FACE_BOUND('',#3117,.T.);
#3117 = EDGE_LOOP('',(#3118,#3126,#3127,#3128));
#3118 = ORIENTED_EDGE('',*,*,#3119,.F.);
#3119 = EDGE_CURVE('',#1153,#3120,#3122,.T.);
#3120 = VERTEX_POINT('',#3121);
#3121 = CARTESIAN_POINT('',(162.95,181.55,10.5));
#3122 = LINE('',#3123,#3124);
#3123 = CARTESIAN_POINT('',(162.95,181.55,22.1));
#3124 = VECTOR('',#3125,1.);
#3125 = DIRECTION('',(0.,-2.22044604925E-16,-1.));
#3126 = ORIENTED_EDGE('',*,*,#1160,.T.);
#3127 = ORIENTED_EDGE('',*,*,#3097,.T.);
#3128 = ORIENTED_EDGE('',*,*,#3129,.F.);
#3129 = EDGE_CURVE('',#3120,#3098,#3130,.T.);
#3130 = LINE('',#3131,#3132);
#3131 = CARTESIAN_POINT('',(162.95,181.55,10.5));
#3132 = VECTOR('',#3133,1.);
#3133 = DIRECTION('',(-1.,0.,-0.));
#3134 = FACE_BOUND('',#3135,.T.);
#3135 = EDGE_LOOP('',(#3136));
#3136 = ORIENTED_EDGE('',*,*,#1233,.F.);
#3137 = PLANE('',#3138);
#3138 = AXIS2_PLACEMENT_3D('',#3139,#3140,#3141);
#3139 = CARTESIAN_POINT('',(162.95,181.55,22.1));
#3140 = DIRECTION('',(0.,-1.,2.22044604925E-16));
#3141 = DIRECTION('',(-1.,0.,-0.));
#3142 = ADVANCED_FACE('',(#3143),#3154,.T.);
#3143 = FACE_BOUND('',#3144,.T.);
#3144 = EDGE_LOOP('',(#3145,#3146,#3147,#3148));
#3145 = ORIENTED_EDGE('',*,*,#3053,.F.);
#3146 = ORIENTED_EDGE('',*,*,#1152,.T.);
#3147 = ORIENTED_EDGE('',*,*,#3119,.T.);
#3148 = ORIENTED_EDGE('',*,*,#3149,.T.);
#3149 = EDGE_CURVE('',#3120,#3054,#3150,.T.);
#3150 = LINE('',#3151,#3152);
#3151 = CARTESIAN_POINT('',(162.95,181.55,10.5));
#3152 = VECTOR('',#3153,1.);
#3153 = DIRECTION('',(0.,-1.,2.22044604925E-16));
#3154 = PLANE('',#3155);
#3155 = AXIS2_PLACEMENT_3D('',#3156,#3157,#3158);
#3156 = CARTESIAN_POINT('',(162.95,181.55,22.1));
#3157 = DIRECTION('',(-1.,0.,-0.));
#3158 = DIRECTION('',(0.,-1.,2.22044604925E-16));
#3159 = ADVANCED_FACE('',(#3160),#3185,.F.);
#3160 = FACE_BOUND('',#3161,.T.);
#3161 = EDGE_LOOP('',(#3162,#3170,#3178,#3184));
#3162 = ORIENTED_EDGE('',*,*,#3163,.T.);
#3163 = EDGE_CURVE('',#1250,#3164,#3166,.T.);
#3164 = VERTEX_POINT('',#3165);
#3165 = CARTESIAN_POINT('',(28.4,190.75,2.4));
#3166 = LINE('',#3167,#3168);
#3167 = CARTESIAN_POINT('',(28.8,191.15,2.8));
#3168 = VECTOR('',#3169,1.);
#3169 = DIRECTION('',(0.57735026919,0.57735026919,0.57735026919));
#3170 = ORIENTED_EDGE('',*,*,#3171,.T.);
#3171 = EDGE_CURVE('',#3164,#3172,#3174,.T.);
#3172 = VERTEX_POINT('',#3173);
#3173 = CARTESIAN_POINT('',(171.6,190.75,2.4));
#3174 = LINE('',#3175,#3176);
#3175 = CARTESIAN_POINT('',(28.,190.75,2.4));
#3176 = VECTOR('',#3177,1.);
#3177 = DIRECTION('',(1.,-0.,0.));
#3178 = ORIENTED_EDGE('',*,*,#3179,.F.);
#3179 = EDGE_CURVE('',#1258,#3172,#3180,.T.);
#3180 = LINE('',#3181,#3182);
#3181 = CARTESIAN_POINT('',(147.2,215.15,26.8));
#3182 = VECTOR('',#3183,1.);
#3183 = DIRECTION('',(-0.57735026919,0.57735026919,0.57735026919));
#3184 = ORIENTED_EDGE('',*,*,#1257,.F.);
#3185 = PLANE('',#3186);
#3186 = AXIS2_PLACEMENT_3D('',#3187,#3188,#3189);
#3187 = CARTESIAN_POINT('',(28.,190.55,2.2));
#3188 = DIRECTION('',(0.,-0.707106781187,0.707106781187));
#3189 = DIRECTION('',(-1.,0.,0.));
#3190 = ADVANCED_FACE('',(#3191),#3209,.T.);
#3191 = FACE_BOUND('',#3192,.F.);
#3192 = EDGE_LOOP('',(#3193,#3201,#3202,#3203));
#3193 = ORIENTED_EDGE('',*,*,#3194,.F.);
#3194 = EDGE_CURVE('',#1282,#3195,#3197,.T.);
#3195 = VERTEX_POINT('',#3196);
#3196 = CARTESIAN_POINT('',(28.4,190.75,5.6));
#3197 = LINE('',#3198,#3199);
#3198 = CARTESIAN_POINT('',(28.133333333333,190.48333333333,
    5.866666666667));
#3199 = VECTOR('',#3200,1.);
#3200 = DIRECTION('',(0.57735026919,0.57735026919,-0.57735026919));
#3201 = ORIENTED_EDGE('',*,*,#1281,.T.);
#3202 = ORIENTED_EDGE('',*,*,#3163,.T.);
#3203 = ORIENTED_EDGE('',*,*,#3204,.F.);
#3204 = EDGE_CURVE('',#3195,#3164,#3205,.T.);
#3205 = LINE('',#3206,#3207);
#3206 = CARTESIAN_POINT('',(28.4,190.75,6.));
#3207 = VECTOR('',#3208,1.);
#3208 = DIRECTION('',(0.,0.,-1.));
#3209 = PLANE('',#3210);
#3210 = AXIS2_PLACEMENT_3D('',#3211,#3212,#3213);
#3211 = CARTESIAN_POINT('',(28.2,190.55,6.));
#3212 = DIRECTION('',(-0.707106781187,0.707106781187,-0.));
#3213 = DIRECTION('',(-0.,0.,1.));
#3214 = ADVANCED_FACE('',(#3215),#3233,.F.);
#3215 = FACE_BOUND('',#3216,.T.);
#3216 = EDGE_LOOP('',(#3217,#3225,#3226,#3227));
#3217 = ORIENTED_EDGE('',*,*,#3218,.F.);
#3218 = EDGE_CURVE('',#1306,#3219,#3221,.T.);
#3219 = VERTEX_POINT('',#3220);
#3220 = CARTESIAN_POINT('',(171.6,190.75,5.6));
#3221 = LINE('',#3222,#3223);
#3222 = CARTESIAN_POINT('',(147.86666666666,214.48333333333,
    -18.13333333333));
#3223 = VECTOR('',#3224,1.);
#3224 = DIRECTION('',(-0.57735026919,0.57735026919,-0.57735026919));
#3225 = ORIENTED_EDGE('',*,*,#1305,.T.);
#3226 = ORIENTED_EDGE('',*,*,#3179,.T.);
#3227 = ORIENTED_EDGE('',*,*,#3228,.F.);
#3228 = EDGE_CURVE('',#3219,#3172,#3229,.T.);
#3229 = LINE('',#3230,#3231);
#3230 = CARTESIAN_POINT('',(171.6,190.75,6.));
#3231 = VECTOR('',#3232,1.);
#3232 = DIRECTION('',(0.,0.,-1.));
#3233 = PLANE('',#3234);
#3234 = AXIS2_PLACEMENT_3D('',#3235,#3236,#3237);
#3235 = CARTESIAN_POINT('',(171.8,190.55,6.));
#3236 = DIRECTION('',(-0.707106781187,-0.707106781187,0.));
#3237 = DIRECTION('',(-0.,0.,1.));
#3238 = ADVANCED_FACE('',(#3239),#3250,.T.);
#3239 = FACE_BOUND('',#3240,.F.);
#3240 = EDGE_LOOP('',(#3241,#3242,#3248,#3249));
#3241 = ORIENTED_EDGE('',*,*,#3194,.T.);
#3242 = ORIENTED_EDGE('',*,*,#3243,.T.);
#3243 = EDGE_CURVE('',#3195,#3219,#3244,.T.);
#3244 = LINE('',#3245,#3246);
#3245 = CARTESIAN_POINT('',(28.,190.75,5.6));
#3246 = VECTOR('',#3247,1.);
#3247 = DIRECTION('',(1.,-0.,0.));
#3248 = ORIENTED_EDGE('',*,*,#3218,.F.);
#3249 = ORIENTED_EDGE('',*,*,#1329,.F.);
#3250 = PLANE('',#3251);
#3251 = AXIS2_PLACEMENT_3D('',#3252,#3253,#3254);
#3252 = CARTESIAN_POINT('',(28.,190.55,5.8));
#3253 = DIRECTION('',(0.,0.707106781187,0.707106781187));
#3254 = DIRECTION('',(-1.,0.,0.));
#3255 = ADVANCED_FACE('',(#3256,#3264),#3267,.F.);
#3256 = FACE_BOUND('',#3257,.F.);
#3257 = EDGE_LOOP('',(#3258,#3259,#3260,#3261,#3262,#3263));
#3258 = ORIENTED_EDGE('',*,*,#1855,.T.);
#3259 = ORIENTED_EDGE('',*,*,#1800,.T.);
#3260 = ORIENTED_EDGE('',*,*,#1824,.T.);
#3261 = ORIENTED_EDGE('',*,*,#1872,.T.);
#3262 = ORIENTED_EDGE('',*,*,#1920,.T.);
#3263 = ORIENTED_EDGE('',*,*,#1903,.T.);
#3264 = FACE_BOUND('',#3265,.F.);
#3265 = EDGE_LOOP('',(#3266));
#3266 = ORIENTED_EDGE('',*,*,#1355,.F.);
#3267 = PLANE('',#3268);
#3268 = AXIS2_PLACEMENT_3D('',#3269,#3270,#3271);
#3269 = CARTESIAN_POINT('',(12.,175.75,1.8));
#3270 = DIRECTION('',(0.,0.,-1.));
#3271 = DIRECTION('',(1.,-0.,0.));
#3272 = ADVANCED_FACE('',(#3273,#3281),#3284,.F.);
#3273 = FACE_BOUND('',#3274,.F.);
#3274 = EDGE_LOOP('',(#3275,#3276,#3277,#3278,#3279,#3280));
#3275 = ORIENTED_EDGE('',*,*,#1999,.T.);
#3276 = ORIENTED_EDGE('',*,*,#1944,.T.);
#3277 = ORIENTED_EDGE('',*,*,#1968,.T.);
#3278 = ORIENTED_EDGE('',*,*,#2016,.T.);
#3279 = ORIENTED_EDGE('',*,*,#2064,.T.);
#3280 = ORIENTED_EDGE('',*,*,#2047,.T.);
#3281 = FACE_BOUND('',#3282,.F.);
#3282 = EDGE_LOOP('',(#3283));
#3283 = ORIENTED_EDGE('',*,*,#1380,.F.);
#3284 = PLANE('',#3285);
#3285 = AXIS2_PLACEMENT_3D('',#3286,#3287,#3288);
#3286 = CARTESIAN_POINT('',(100.,175.75,1.8));
#3287 = DIRECTION('',(0.,0.,-1.));
#3288 = DIRECTION('',(1.,-0.,0.));
#3289 = ADVANCED_FACE('',(#3290,#3298),#3301,.F.);
#3290 = FACE_BOUND('',#3291,.F.);
#3291 = EDGE_LOOP('',(#3292,#3293,#3294,#3295,#3296,#3297));
#3292 = ORIENTED_EDGE('',*,*,#2287,.T.);
#3293 = ORIENTED_EDGE('',*,*,#2232,.T.);
#3294 = ORIENTED_EDGE('',*,*,#2256,.T.);
#3295 = ORIENTED_EDGE('',*,*,#2304,.T.);
#3296 = ORIENTED_EDGE('',*,*,#2352,.T.);
#3297 = ORIENTED_EDGE('',*,*,#2335,.T.);
#3298 = FACE_BOUND('',#3299,.F.);
#3299 = EDGE_LOOP('',(#3300));
#3300 = ORIENTED_EDGE('',*,*,#1405,.F.);
#3301 = PLANE('',#3302);
#3302 = AXIS2_PLACEMENT_3D('',#3303,#3304,#3305);
#3303 = CARTESIAN_POINT('',(12.,93.875,1.8));
#3304 = DIRECTION('',(0.,0.,-1.));
#3305 = DIRECTION('',(1.,-0.,0.));
#3306 = ADVANCED_FACE('',(#3307,#3315),#3318,.F.);
#3307 = FACE_BOUND('',#3308,.F.);
#3308 = EDGE_LOOP('',(#3309,#3310,#3311,#3312,#3313,#3314));
#3309 = ORIENTED_EDGE('',*,*,#2143,.T.);
#3310 = ORIENTED_EDGE('',*,*,#2088,.T.);
#3311 = ORIENTED_EDGE('',*,*,#2112,.T.);
#3312 = ORIENTED_EDGE('',*,*,#2160,.T.);
#3313 = ORIENTED_EDGE('',*,*,#2208,.T.);
#3314 = ORIENTED_EDGE('',*,*,#2191,.T.);
#3315 = FACE_BOUND('',#3316,.F.);
#3316 = EDGE_LOOP('',(#3317));
#3317 = ORIENTED_EDGE('',*,*,#1498,.F.);
#3318 = PLANE('',#3319);
#3319 = AXIS2_PLACEMENT_3D('',#3320,#3321,#3322);
#3320 = CARTESIAN_POINT('',(188.,175.75,1.8));
#3321 = DIRECTION('',(0.,0.,-1.));
#3322 = DIRECTION('',(1.,-0.,0.));
#3323 = ADVANCED_FACE('',(#3324,#3332),#3335,.F.);
#3324 = FACE_BOUND('',#3325,.F.);
#3325 = EDGE_LOOP('',(#3326,#3327,#3328,#3329,#3330,#3331));
#3326 = ORIENTED_EDGE('',*,*,#2575,.T.);
#3327 = ORIENTED_EDGE('',*,*,#2520,.T.);
#3328 = ORIENTED_EDGE('',*,*,#2544,.T.);
#3329 = ORIENTED_EDGE('',*,*,#2592,.T.);
#3330 = ORIENTED_EDGE('',*,*,#2640,.T.);
#3331 = ORIENTED_EDGE('',*,*,#2623,.T.);
#3332 = FACE_BOUND('',#3333,.F.);
#3333 = EDGE_LOOP('',(#3334));
#3334 = ORIENTED_EDGE('',*,*,#1523,.F.);
#3335 = PLANE('',#3336);
#3336 = AXIS2_PLACEMENT_3D('',#3337,#3338,#3339);
#3337 = CARTESIAN_POINT('',(188.,93.875,1.8));
#3338 = DIRECTION('',(0.,0.,-1.));
#3339 = DIRECTION('',(1.,-0.,0.));
#3340 = ADVANCED_FACE('',(#3341,#3349),#3352,.F.);
#3341 = FACE_BOUND('',#3342,.F.);
#3342 = EDGE_LOOP('',(#3343,#3344,#3345,#3346,#3347,#3348));
#3343 = ORIENTED_EDGE('',*,*,#2431,.T.);
#3344 = ORIENTED_EDGE('',*,*,#2376,.T.);
#3345 = ORIENTED_EDGE('',*,*,#2400,.T.);
#3346 = ORIENTED_EDGE('',*,*,#2448,.T.);
#3347 = ORIENTED_EDGE('',*,*,#2496,.T.);
#3348 = ORIENTED_EDGE('',*,*,#2479,.T.);
#3349 = FACE_BOUND('',#3350,.F.);
#3350 = EDGE_LOOP('',(#3351));
#3351 = ORIENTED_EDGE('',*,*,#1548,.F.);
#3352 = PLANE('',#3353);
#3353 = AXIS2_PLACEMENT_3D('',#3354,#3355,#3356);
#3354 = CARTESIAN_POINT('',(12.,12.,1.8));
#3355 = DIRECTION('',(0.,0.,-1.));
#3356 = DIRECTION('',(1.,-0.,0.));
#3357 = ADVANCED_FACE('',(#3358,#3366),#3369,.F.);
#3358 = FACE_BOUND('',#3359,.F.);
#3359 = EDGE_LOOP('',(#3360,#3361,#3362,#3363,#3364,#3365));
#3360 = ORIENTED_EDGE('',*,*,#2719,.T.);
#3361 = ORIENTED_EDGE('',*,*,#2664,.T.);
#3362 = ORIENTED_EDGE('',*,*,#2688,.T.);
#3363 = ORIENTED_EDGE('',*,*,#2736,.T.);
#3364 = ORIENTED_EDGE('',*,*,#2784,.T.);
#3365 = ORIENTED_EDGE('',*,*,#2767,.T.);
#3366 = FACE_BOUND('',#3367,.F.);
#3367 = EDGE_LOOP('',(#3368));
#3368 = ORIENTED_EDGE('',*,*,#1573,.F.);
#3369 = PLANE('',#3370);
#3370 = AXIS2_PLACEMENT_3D('',#3371,#3372,#3373);
#3371 = CARTESIAN_POINT('',(100.,12.,1.8));
#3372 = DIRECTION('',(0.,0.,-1.));
#3373 = DIRECTION('',(1.,-0.,0.));
#3374 = ADVANCED_FACE('',(#3375,#3383),#3386,.F.);
#3375 = FACE_BOUND('',#3376,.F.);
#3376 = EDGE_LOOP('',(#3377,#3378,#3379,#3380,#3381,#3382));
#3377 = ORIENTED_EDGE('',*,*,#2863,.T.);
#3378 = ORIENTED_EDGE('',*,*,#2808,.T.);
#3379 = ORIENTED_EDGE('',*,*,#2832,.T.);
#3380 = ORIENTED_EDGE('',*,*,#2880,.T.);
#3381 = ORIENTED_EDGE('',*,*,#2928,.T.);
#3382 = ORIENTED_EDGE('',*,*,#2911,.T.);
#3383 = FACE_BOUND('',#3384,.F.);
#3384 = EDGE_LOOP('',(#3385));
#3385 = ORIENTED_EDGE('',*,*,#1598,.F.);
#3386 = PLANE('',#3387);
#3387 = AXIS2_PLACEMENT_3D('',#3388,#3389,#3390);
#3388 = CARTESIAN_POINT('',(188.,12.,1.8));
#3389 = DIRECTION('',(0.,0.,-1.));
#3390 = DIRECTION('',(1.,-0.,0.));
#3391 = ADVANCED_FACE('',(#3392),#3398,.F.);
#3392 = FACE_BOUND('',#3393,.F.);
#3393 = EDGE_LOOP('',(#3394,#3395,#3396,#3397));
#3394 = ORIENTED_EDGE('',*,*,#3019,.F.);
#3395 = ORIENTED_EDGE('',*,*,#3039,.T.);
#3396 = ORIENTED_EDGE('',*,*,#2960,.T.);
#3397 = ORIENTED_EDGE('',*,*,#2995,.F.);
#3398 = PLANE('',#3399);
#3399 = AXIS2_PLACEMENT_3D('',#3400,#3401,#3402);
#3400 = CARTESIAN_POINT('',(42.95,181.55,10.5));
#3401 = DIRECTION('',(0.,-2.22044604925E-16,-1.));
#3402 = DIRECTION('',(0.,-1.,2.22044604925E-16));
#3403 = ADVANCED_FACE('',(#3404),#3423,.F.);
#3404 = FACE_BOUND('',#3405,.F.);
#3405 = EDGE_LOOP('',(#3406,#3407,#3415,#3422));
#3406 = ORIENTED_EDGE('',*,*,#2968,.T.);
#3407 = ORIENTED_EDGE('',*,*,#3408,.T.);
#3408 = EDGE_CURVE('',#2969,#3409,#3411,.T.);
#3409 = VERTEX_POINT('',#3410);
#3410 = CARTESIAN_POINT('',(38.2,175.75,14.));
#3411 = LINE('',#3412,#3413);
#3412 = CARTESIAN_POINT('',(38.2,192.75,14.));
#3413 = VECTOR('',#3414,1.);
#3414 = DIRECTION('',(0.,-1.,2.22044604925E-16));
#3415 = ORIENTED_EDGE('',*,*,#3416,.F.);
#3416 = EDGE_CURVE('',#3409,#3409,#3417,.T.);
#3417 = CIRCLE('',#3418,1.8);
#3418 = AXIS2_PLACEMENT_3D('',#3419,#3420,#3421);
#3419 = CARTESIAN_POINT('',(40.,175.75,14.));
#3420 = DIRECTION('',(-0.,-1.,2.22044604925E-16));
#3421 = DIRECTION('',(-1.,0.,-0.));
#3422 = ORIENTED_EDGE('',*,*,#3408,.F.);
#3423 = CYLINDRICAL_SURFACE('',#3424,1.8);
#3424 = AXIS2_PLACEMENT_3D('',#3425,#3426,#3427);
#3425 = CARTESIAN_POINT('',(40.,192.75,14.));
#3426 = DIRECTION('',(0.,-1.,2.22044604925E-16));
#3427 = DIRECTION('',(-1.,0.,-0.));
#3428 = ADVANCED_FACE('',(#3429),#3435,.F.);
#3429 = FACE_BOUND('',#3430,.F.);
#3430 = EDGE_LOOP('',(#3431,#3432,#3433,#3434));
#3431 = ORIENTED_EDGE('',*,*,#3129,.F.);
#3432 = ORIENTED_EDGE('',*,*,#3149,.T.);
#3433 = ORIENTED_EDGE('',*,*,#3070,.T.);
#3434 = ORIENTED_EDGE('',*,*,#3105,.F.);
#3435 = PLANE('',#3436);
#3436 = AXIS2_PLACEMENT_3D('',#3437,#3438,#3439);
#3437 = CARTESIAN_POINT('',(162.95,181.55,10.5));
#3438 = DIRECTION('',(0.,-2.22044604925E-16,-1.));
#3439 = DIRECTION('',(0.,-1.,2.22044604925E-16));
#3440 = ADVANCED_FACE('',(#3441),#3460,.F.);
#3441 = FACE_BOUND('',#3442,.F.);
#3442 = EDGE_LOOP('',(#3443,#3444,#3452,#3459));
#3443 = ORIENTED_EDGE('',*,*,#3078,.T.);
#3444 = ORIENTED_EDGE('',*,*,#3445,.T.);
#3445 = EDGE_CURVE('',#3079,#3446,#3448,.T.);
#3446 = VERTEX_POINT('',#3447);
#3447 = CARTESIAN_POINT('',(158.2,175.75,14.));
#3448 = LINE('',#3449,#3450);
#3449 = CARTESIAN_POINT('',(158.2,192.75,14.));
#3450 = VECTOR('',#3451,1.);
#3451 = DIRECTION('',(0.,-1.,2.22044604925E-16));
#3452 = ORIENTED_EDGE('',*,*,#3453,.F.);
#3453 = EDGE_CURVE('',#3446,#3446,#3454,.T.);
#3454 = CIRCLE('',#3455,1.8);
#3455 = AXIS2_PLACEMENT_3D('',#3456,#3457,#3458);
#3456 = CARTESIAN_POINT('',(160.,175.75,14.));
#3457 = DIRECTION('',(-0.,-1.,2.22044604925E-16));
#3458 = DIRECTION('',(-1.,0.,-0.));
#3459 = ORIENTED_EDGE('',*,*,#3445,.F.);
#3460 = CYLINDRICAL_SURFACE('',#3461,1.8);
#3461 = AXIS2_PLACEMENT_3D('',#3462,#3463,#3464);
#3462 = CARTESIAN_POINT('',(160.,192.75,14.));
#3463 = DIRECTION('',(0.,-1.,2.22044604925E-16));
#3464 = DIRECTION('',(-1.,0.,-0.));
#3465 = ADVANCED_FACE('',(#3466),#3472,.F.);
#3466 = FACE_BOUND('',#3467,.F.);
#3467 = EDGE_LOOP('',(#3468,#3469,#3470,#3471));
#3468 = ORIENTED_EDGE('',*,*,#3204,.T.);
#3469 = ORIENTED_EDGE('',*,*,#3171,.T.);
#3470 = ORIENTED_EDGE('',*,*,#3228,.F.);
#3471 = ORIENTED_EDGE('',*,*,#3243,.F.);
#3472 = PLANE('',#3473);
#3473 = AXIS2_PLACEMENT_3D('',#3474,#3475,#3476);
#3474 = CARTESIAN_POINT('',(28.,190.75,6.));
#3475 = DIRECTION('',(0.,-1.,0.));
#3476 = DIRECTION('',(0.,0.,-1.));
#3477 = ADVANCED_FACE('',(#3478),#3481,.F.);
#3478 = FACE_BOUND('',#3479,.F.);
#3479 = EDGE_LOOP('',(#3480));
#3480 = ORIENTED_EDGE('',*,*,#3416,.T.);
#3481 = PLANE('',#3482);
#3482 = AXIS2_PLACEMENT_3D('',#3483,#3484,#3485);
#3483 = CARTESIAN_POINT('',(40.,175.75,14.));
#3484 = DIRECTION('',(0.,-1.,2.22044604925E-16));
#3485 = DIRECTION('',(-1.,0.,-0.));
#3486 = ADVANCED_FACE('',(#3487),#3490,.F.);
#3487 = FACE_BOUND('',#3488,.F.);
#3488 = EDGE_LOOP('',(#3489));
#3489 = ORIENTED_EDGE('',*,*,#3453,.T.);
#3490 = PLANE('',#3491);
#3491 = AXIS2_PLACEMENT_3D('',#3492,#3493,#3494);
#3492 = CARTESIAN_POINT('',(160.,175.75,14.));
#3493 = DIRECTION('',(0.,-1.,2.22044604925E-16));
#3494 = DIRECTION('',(-1.,0.,-0.));
#3495 = ( GEOMETRIC_REPRESENTATION_CONTEXT(3) 
GLOBAL_UNCERTAINTY_ASSIGNED_CONTEXT((#3499)) 
GLOBAL_UNIT_ASSIGNED_CONTEXT((#3496,#3497,#3498)) REPRESENTATION_CONTEXT
('Context #1','3D Context with UNIT and UNCERTAINTY') );
#3496 = ( LENGTH_UNIT() NAMED_UNIT(*) SI_UNIT(.MILLI.,.METRE.) );
#3497 = ( NAMED_UNIT(*) PLANE_ANGLE_UNIT() SI_UNIT($,.RADIAN.) );
#3498 = ( NAMED_UNIT(*) SI_UNIT($,.STERADIAN.) SOLID_ANGLE_UNIT() );
#3499 = UNCERTAINTY_MEASURE_WITH_UNIT(LENGTH_MEASURE(1.E-07),#3496,
  'distance_accuracy_value','confusion accuracy');
#3500 = PRODUCT_RELATED_PRODUCT_CATEGORY('part',$,(#7));
ENDSEC;
END-ISO-10303-21;
