ISO-10303-21;
HEADER;
FILE_DESCRIPTION(('FreeCAD Model'),'2;1');
FILE_NAME('Open CASCADE Shape Model','2026-10-01T10:29:55',('FreeCAD'),(
    'FreeCAD'),'Open CASCADE STEP processor 7.8','FreeCAD','Unknown');
FILE_SCHEMA(('AUTOMOTIVE_DESIGN { 1 0 10303 214 1 1 1 1 }'));
ENDSEC;
DATA;
#1 = APPLICATION_PROTOCOL_DEFINITION('international standard',
  'automotive_design',2000,#2);
#2 = APPLICATION_CONTEXT(
  'core data for automotive mechanical design processes');
#3 = SHAPE_DEFINITION_REPRESENTATION(#4,#10);
#4 = PRODUCT_DEFINITION_SHAPE('','',#5);
#5 = PRODUCT_DEFINITION('design','',#6,#9);
#6 = PRODUCT_DEFINITION_FORMATION('','',#7);
#7 = PRODUCT('Open CASCADE STEP translator 7.8 9',
  'Open CASCADE STEP translator 7.8 9','',(#8));
#8 = PRODUCT_CONTEXT('',#2,'mechanical');
#9 = PRODUCT_DEFINITION_CONTEXT('part definition',#2,'design');
#10 = ADVANCED_BREP_SHAPE_REPRESENTATION('',(#11,#15),#3233);
#11 = AXIS2_PLACEMENT_3D('',#12,#13,#14);
#12 = CARTESIAN_POINT('',(0.,0.,0.));
#13 = DIRECTION('',(0.,0.,1.));
#14 = DIRECTION('',(1.,0.,-0.));
#15 = MANIFOLD_SOLID_BREP('',#16);
#16 = CLOSED_SHELL('',(#17,#57,#208,#310,#398,#784,#796,#820,#878,#902,
    #926,#984,#1008,#1025,#1056,#1080,#1104,#1121,#1146,#1171,#1196,
    #1221,#1251,#1268,#1285,#1297,#1322,#1347,#1371,#1395,#1412,#1436,
    #1460,#1477,#1489,#1501,#1532,#1556,#1580,#1604,#1628,#1645,#1676,
    #1700,#1724,#1748,#1772,#1789,#1820,#1844,#1868,#1892,#1916,#1933,
    #1964,#1988,#2012,#2040,#2071,#2095,#2119,#2143,#2167,#2184,#2215,
    #2239,#2263,#2291,#2333,#2357,#2384,#2401,#2443,#2467,#2494,#2511,
    #2542,#2566,#2590,#2607,#2624,#2641,#2658,#2675,#2721,#2746,#2792,
    #2817,#2829,#2854,#2866,#2891,#2903,#2937,#2961,#2996,#3013,#3047,
    #3071,#3106,#3123,#3132,#3141,#3153,#3178,#3190,#3215,#3224));
#17 = ADVANCED_FACE('',(#18),#52,.F.);
#18 = FACE_BOUND('',#19,.F.);
#19 = EDGE_LOOP('',(#20,#30,#38,#46));
#20 = ORIENTED_EDGE('',*,*,#21,.F.);
#21 = EDGE_CURVE('',#22,#24,#26,.T.);
#22 = VERTEX_POINT('',#23);
#23 = CARTESIAN_POINT('',(0.,187.75,8.));
#24 = VERTEX_POINT('',#25);
#25 = CARTESIAN_POINT('',(0.,187.75,3.996802888651E-16));
#26 = LINE('',#27,#28);
#27 = CARTESIAN_POINT('',(0.,187.75,8.));
#28 = VECTOR('',#29,1.);
#29 = DIRECTION('',(0.,0.,-1.));
#30 = ORIENTED_EDGE('',*,*,#31,.T.);
#31 = EDGE_CURVE('',#22,#32,#34,.T.);
#32 = VERTEX_POINT('',#33);
#33 = CARTESIAN_POINT('',(0.,0.,8.));
#34 = LINE('',#35,#36);
#35 = CARTESIAN_POINT('',(0.,187.75,8.));
#36 = VECTOR('',#37,1.);
#37 = DIRECTION('',(0.,-1.,0.));
#38 = ORIENTED_EDGE('',*,*,#39,.T.);
#39 = EDGE_CURVE('',#32,#40,#42,.T.);
#40 = VERTEX_POINT('',#41);
#41 = CARTESIAN_POINT('',(0.,0.,4.551914400963E-16));
#42 = LINE('',#43,#44);
#43 = CARTESIAN_POINT('',(0.,0.,8.));
#44 = VECTOR('',#45,1.);
#45 = DIRECTION('',(0.,0.,-1.));
#46 = ORIENTED_EDGE('',*,*,#47,.F.);
#47 = EDGE_CURVE('',#24,#40,#48,.T.);
#48 = LINE('',#49,#50);
#49 = CARTESIAN_POINT('',(0.,187.75,0.));
#50 = VECTOR('',#51,1.);
#51 = DIRECTION('',(0.,-1.,0.));
#52 = PLANE('',#53);
#53 = AXIS2_PLACEMENT_3D('',#54,#55,#56);
#54 = CARTESIAN_POINT('',(0.,187.75,8.));
#55 = DIRECTION('',(1.,0.,0.));
#56 = DIRECTION('',(0.,0.,-1.));
#57 = ADVANCED_FACE('',(#58,#147,#181,#192),#203,.T.);
#58 = FACE_BOUND('',#59,.T.);
#59 = EDGE_LOOP('',(#60,#61,#69,#77,#85,#93,#101,#109,#117,#125,#133,
    #141));
#60 = ORIENTED_EDGE('',*,*,#21,.F.);
#61 = ORIENTED_EDGE('',*,*,#62,.T.);
#62 = EDGE_CURVE('',#22,#63,#65,.T.);
#63 = VERTEX_POINT('',#64);
#64 = CARTESIAN_POINT('',(34.,187.75,8.));
#65 = LINE('',#66,#67);
#66 = CARTESIAN_POINT('',(0.,187.75,8.));
#67 = VECTOR('',#68,1.);
#68 = DIRECTION('',(1.,0.,0.));
#69 = ORIENTED_EDGE('',*,*,#70,.T.);
#70 = EDGE_CURVE('',#63,#71,#73,.T.);
#71 = VERTEX_POINT('',#72);
#72 = CARTESIAN_POINT('',(34.,187.75,22.));
#73 = LINE('',#74,#75);
#74 = CARTESIAN_POINT('',(34.,187.75,7.5));
#75 = VECTOR('',#76,1.);
#76 = DIRECTION('',(0.,-2.22044604925E-16,1.));
#77 = ORIENTED_EDGE('',*,*,#78,.T.);
#78 = EDGE_CURVE('',#71,#79,#81,.T.);
#79 = VERTEX_POINT('',#80);
#80 = CARTESIAN_POINT('',(46.,187.75,22.));
#81 = LINE('',#82,#83);
#82 = CARTESIAN_POINT('',(34.,187.75,22.));
#83 = VECTOR('',#84,1.);
#84 = DIRECTION('',(1.,0.,0.));
#85 = ORIENTED_EDGE('',*,*,#86,.F.);
#86 = EDGE_CURVE('',#87,#79,#89,.T.);
#87 = VERTEX_POINT('',#88);
#88 = CARTESIAN_POINT('',(46.,187.75,8.));
#89 = LINE('',#90,#91);
#90 = CARTESIAN_POINT('',(46.,187.75,7.5));
#91 = VECTOR('',#92,1.);
#92 = DIRECTION('',(0.,-2.22044604925E-16,1.));
#93 = ORIENTED_EDGE('',*,*,#94,.T.);
#94 = EDGE_CURVE('',#87,#95,#97,.T.);
#95 = VERTEX_POINT('',#96);
#96 = CARTESIAN_POINT('',(154.,187.75,8.));
#97 = LINE('',#98,#99);
#98 = CARTESIAN_POINT('',(0.,187.75,8.));
#99 = VECTOR('',#100,1.);
#100 = DIRECTION('',(1.,0.,0.));
#101 = ORIENTED_EDGE('',*,*,#102,.T.);
#102 = EDGE_CURVE('',#95,#103,#105,.T.);
#103 = VERTEX_POINT('',#104);
#104 = CARTESIAN_POINT('',(154.,187.75,22.));
#105 = LINE('',#106,#107);
#106 = CARTESIAN_POINT('',(154.,187.75,7.5));
#107 = VECTOR('',#108,1.);
#108 = DIRECTION('',(0.,-2.22044604925E-16,1.));
#109 = ORIENTED_EDGE('',*,*,#110,.T.);
#110 = EDGE_CURVE('',#103,#111,#113,.T.);
#111 = VERTEX_POINT('',#112);
#112 = CARTESIAN_POINT('',(166.,187.75,22.));
#113 = LINE('',#114,#115);
#114 = CARTESIAN_POINT('',(154.,187.75,22.));
#115 = VECTOR('',#116,1.);
#116 = DIRECTION('',(1.,0.,0.));
#117 = ORIENTED_EDGE('',*,*,#118,.F.);
#118 = EDGE_CURVE('',#119,#111,#121,.T.);
#119 = VERTEX_POINT('',#120);
#120 = CARTESIAN_POINT('',(166.,187.75,8.));
#121 = LINE('',#122,#123);
#122 = CARTESIAN_POINT('',(166.,187.75,7.5));
#123 = VECTOR('',#124,1.);
#124 = DIRECTION('',(0.,-2.22044604925E-16,1.));
#125 = ORIENTED_EDGE('',*,*,#126,.T.);
#126 = EDGE_CURVE('',#119,#127,#129,.T.);
#127 = VERTEX_POINT('',#128);
#128 = CARTESIAN_POINT('',(200.,187.75,8.));
#129 = LINE('',#130,#131);
#130 = CARTESIAN_POINT('',(0.,187.75,8.));
#131 = VECTOR('',#132,1.);
#132 = DIRECTION('',(1.,0.,0.));
#133 = ORIENTED_EDGE('',*,*,#134,.T.);
#134 = EDGE_CURVE('',#127,#135,#137,.T.);
#135 = VERTEX_POINT('',#136);
#136 = CARTESIAN_POINT('',(200.,187.75,3.996802888651E-16));
#137 = LINE('',#138,#139);
#138 = CARTESIAN_POINT('',(200.,187.75,8.));
#139 = VECTOR('',#140,1.);
#140 = DIRECTION('',(0.,0.,-1.));
#141 = ORIENTED_EDGE('',*,*,#142,.F.);
#142 = EDGE_CURVE('',#24,#135,#143,.T.);
#143 = LINE('',#144,#145);
#144 = CARTESIAN_POINT('',(0.,187.75,0.));
#145 = VECTOR('',#146,1.);
#146 = DIRECTION('',(1.,0.,0.));
#147 = FACE_BOUND('',#148,.T.);
#148 = EDGE_LOOP('',(#149,#159,#167,#175));
#149 = ORIENTED_EDGE('',*,*,#150,.T.);
#150 = EDGE_CURVE('',#151,#153,#155,.T.);
#151 = VERTEX_POINT('',#152);
#152 = CARTESIAN_POINT('',(28.,187.75,2.));
#153 = VERTEX_POINT('',#154);
#154 = CARTESIAN_POINT('',(172.,187.75,2.));
#155 = LINE('',#156,#157);
#156 = CARTESIAN_POINT('',(14.,187.75,2.));
#157 = VECTOR('',#158,1.);
#158 = DIRECTION('',(1.,0.,0.));
#159 = ORIENTED_EDGE('',*,*,#160,.T.);
#160 = EDGE_CURVE('',#153,#161,#163,.T.);
#161 = VERTEX_POINT('',#162);
#162 = CARTESIAN_POINT('',(172.,187.75,6.));
#163 = LINE('',#164,#165);
#164 = CARTESIAN_POINT('',(172.,187.75,7.));
#165 = VECTOR('',#166,1.);
#166 = DIRECTION('',(0.,0.,1.));
#167 = ORIENTED_EDGE('',*,*,#168,.F.);
#168 = EDGE_CURVE('',#169,#161,#171,.T.);
#169 = VERTEX_POINT('',#170);
#170 = CARTESIAN_POINT('',(28.,187.75,6.));
#171 = LINE('',#172,#173);
#172 = CARTESIAN_POINT('',(14.,187.75,6.));
#173 = VECTOR('',#174,1.);
#174 = DIRECTION('',(1.,0.,0.));
#175 = ORIENTED_EDGE('',*,*,#176,.F.);
#176 = EDGE_CURVE('',#151,#169,#177,.T.);
#177 = LINE('',#178,#179);
#178 = CARTESIAN_POINT('',(28.,187.75,7.));
#179 = VECTOR('',#180,1.);
#180 = DIRECTION('',(0.,0.,1.));
#181 = FACE_BOUND('',#182,.T.);
#182 = EDGE_LOOP('',(#183));
#183 = ORIENTED_EDGE('',*,*,#184,.T.);
#184 = EDGE_CURVE('',#185,#185,#187,.T.);
#185 = VERTEX_POINT('',#186);
#186 = CARTESIAN_POINT('',(161.8,187.75,14.));
#187 = CIRCLE('',#188,1.8);
#188 = AXIS2_PLACEMENT_3D('',#189,#190,#191);
#189 = CARTESIAN_POINT('',(160.,187.75,14.));
#190 = DIRECTION('',(0.,-1.,-2.22044604925E-16));
#191 = DIRECTION('',(1.,0.,0.));
#192 = FACE_BOUND('',#193,.T.);
#193 = EDGE_LOOP('',(#194));
#194 = ORIENTED_EDGE('',*,*,#195,.T.);
#195 = EDGE_CURVE('',#196,#196,#198,.T.);
#196 = VERTEX_POINT('',#197);
#197 = CARTESIAN_POINT('',(41.8,187.75,14.));
#198 = CIRCLE('',#199,1.8);
#199 = AXIS2_PLACEMENT_3D('',#200,#201,#202);
#200 = CARTESIAN_POINT('',(40.,187.75,14.));
#201 = DIRECTION('',(0.,-1.,-2.22044604925E-16));
#202 = DIRECTION('',(1.,0.,0.));
#203 = PLANE('',#204);
#204 = AXIS2_PLACEMENT_3D('',#205,#206,#207);
#205 = CARTESIAN_POINT('',(100.,187.75,6.016949152542));
#206 = DIRECTION('',(-0.,1.,2.22044604925E-16));
#207 = DIRECTION('',(-1.,-0.,0.));
#208 = ADVANCED_FACE('',(#209,#227,#238,#249,#283,#294),#305,.T.);
#209 = FACE_BOUND('',#210,.T.);
#210 = EDGE_LOOP('',(#211,#212,#213,#221));
#211 = ORIENTED_EDGE('',*,*,#47,.F.);
#212 = ORIENTED_EDGE('',*,*,#142,.T.);
#213 = ORIENTED_EDGE('',*,*,#214,.T.);
#214 = EDGE_CURVE('',#135,#215,#217,.T.);
#215 = VERTEX_POINT('',#216);
#216 = CARTESIAN_POINT('',(200.,0.,4.551914400963E-16));
#217 = LINE('',#218,#219);
#218 = CARTESIAN_POINT('',(200.,187.75,0.));
#219 = VECTOR('',#220,1.);
#220 = DIRECTION('',(0.,-1.,0.));
#221 = ORIENTED_EDGE('',*,*,#222,.F.);
#222 = EDGE_CURVE('',#40,#215,#223,.T.);
#223 = LINE('',#224,#225);
#224 = CARTESIAN_POINT('',(0.,0.,0.));
#225 = VECTOR('',#226,1.);
#226 = DIRECTION('',(1.,0.,0.));
#227 = FACE_BOUND('',#228,.T.);
#228 = EDGE_LOOP('',(#229));
#229 = ORIENTED_EDGE('',*,*,#230,.T.);
#230 = EDGE_CURVE('',#231,#231,#233,.T.);
#231 = VERTEX_POINT('',#232);
#232 = CARTESIAN_POINT('',(11.5,145.95,4.024558464266E-16));
#233 = CIRCLE('',#234,1.8);
#234 = AXIS2_PLACEMENT_3D('',#235,#236,#237);
#235 = CARTESIAN_POINT('',(11.5,147.75,3.996802888651E-16));
#236 = DIRECTION('',(0.,-2.22044604925E-16,1.));
#237 = DIRECTION('',(0.,-1.,-2.22044604925E-16));
#238 = FACE_BOUND('',#239,.T.);
#239 = EDGE_LOOP('',(#240));
#240 = ORIENTED_EDGE('',*,*,#241,.T.);
#241 = EDGE_CURVE('',#242,#242,#244,.T.);
#242 = VERTEX_POINT('',#243);
#243 = CARTESIAN_POINT('',(188.5,145.95,4.024558464266E-16));
#244 = CIRCLE('',#245,1.8);
#245 = AXIS2_PLACEMENT_3D('',#246,#247,#248);
#246 = CARTESIAN_POINT('',(188.5,147.75,3.996802888651E-16));
#247 = DIRECTION('',(0.,-2.22044604925E-16,1.));
#248 = DIRECTION('',(0.,-1.,-2.22044604925E-16));
#249 = FACE_BOUND('',#250,.T.);
#250 = EDGE_LOOP('',(#251,#261,#269,#277));
#251 = ORIENTED_EDGE('',*,*,#252,.T.);
#252 = EDGE_CURVE('',#253,#255,#257,.T.);
#253 = VERTEX_POINT('',#254);
#254 = CARTESIAN_POINT('',(176.,173.75,8.437694987151E-16));
#255 = VERTEX_POINT('',#256);
#256 = CARTESIAN_POINT('',(24.,173.75,8.437694987151E-16));
#257 = LINE('',#258,#259);
#258 = CARTESIAN_POINT('',(12.,173.75,0.));
#259 = VECTOR('',#260,1.);
#260 = DIRECTION('',(-1.,0.,-0.));
#261 = ORIENTED_EDGE('',*,*,#262,.T.);
#262 = EDGE_CURVE('',#255,#263,#265,.T.);
#263 = VERTEX_POINT('',#264);
#264 = CARTESIAN_POINT('',(24.,15.75,3.996802888651E-16));
#265 = LINE('',#266,#267);
#266 = CARTESIAN_POINT('',(24.,180.75,0.));
#267 = VECTOR('',#268,1.);
#268 = DIRECTION('',(0.,-1.,0.));
#269 = ORIENTED_EDGE('',*,*,#270,.F.);
#270 = EDGE_CURVE('',#271,#263,#273,.T.);
#271 = VERTEX_POINT('',#272);
#272 = CARTESIAN_POINT('',(176.,15.75,3.996802888651E-16));
#273 = LINE('',#274,#275);
#274 = CARTESIAN_POINT('',(12.,15.75,0.));
#275 = VECTOR('',#276,1.);
#276 = DIRECTION('',(-1.,0.,-0.));
#277 = ORIENTED_EDGE('',*,*,#278,.F.);
#278 = EDGE_CURVE('',#253,#271,#279,.T.);
#279 = LINE('',#280,#281);
#280 = CARTESIAN_POINT('',(176.,180.75,0.));
#281 = VECTOR('',#282,1.);
#282 = DIRECTION('',(0.,-1.,0.));
#283 = FACE_BOUND('',#284,.T.);
#284 = EDGE_LOOP('',(#285));
#285 = ORIENTED_EDGE('',*,*,#286,.T.);
#286 = EDGE_CURVE('',#287,#287,#289,.T.);
#287 = VERTEX_POINT('',#288);
#288 = CARTESIAN_POINT('',(11.5,41.95,4.024558464266E-16));
#289 = CIRCLE('',#290,1.8);
#290 = AXIS2_PLACEMENT_3D('',#291,#292,#293);
#291 = CARTESIAN_POINT('',(11.5,43.75,3.996802888651E-16));
#292 = DIRECTION('',(0.,-2.22044604925E-16,1.));
#293 = DIRECTION('',(0.,-1.,-2.22044604925E-16));
#294 = FACE_BOUND('',#295,.T.);
#295 = EDGE_LOOP('',(#296));
#296 = ORIENTED_EDGE('',*,*,#297,.T.);
#297 = EDGE_CURVE('',#298,#298,#300,.T.);
#298 = VERTEX_POINT('',#299);
#299 = CARTESIAN_POINT('',(188.5,41.95,4.024558464266E-16));
#300 = CIRCLE('',#301,1.8);
#301 = AXIS2_PLACEMENT_3D('',#302,#303,#304);
#302 = CARTESIAN_POINT('',(188.5,43.75,3.996802888651E-16));
#303 = DIRECTION('',(0.,-2.22044604925E-16,1.));
#304 = DIRECTION('',(0.,-1.,-2.22044604925E-16));
#305 = PLANE('',#306);
#306 = AXIS2_PLACEMENT_3D('',#307,#308,#309);
#307 = CARTESIAN_POINT('',(0.,187.75,0.));
#308 = DIRECTION('',(0.,0.,-1.));
#309 = DIRECTION('',(1.,0.,0.));
#310 = ADVANCED_FACE('',(#311),#393,.T.);
#311 = FACE_BOUND('',#312,.T.);
#312 = EDGE_LOOP('',(#313,#321,#322,#323,#331,#339,#347,#355,#363,#371,
    #379,#387));
#313 = ORIENTED_EDGE('',*,*,#314,.F.);
#314 = EDGE_CURVE('',#32,#315,#317,.T.);
#315 = VERTEX_POINT('',#316);
#316 = CARTESIAN_POINT('',(1.75,0.,8.));
#317 = LINE('',#318,#319);
#318 = CARTESIAN_POINT('',(0.,0.,8.));
#319 = VECTOR('',#320,1.);
#320 = DIRECTION('',(1.,0.,0.));
#321 = ORIENTED_EDGE('',*,*,#39,.T.);
#322 = ORIENTED_EDGE('',*,*,#222,.T.);
#323 = ORIENTED_EDGE('',*,*,#324,.F.);
#324 = EDGE_CURVE('',#325,#215,#327,.T.);
#325 = VERTEX_POINT('',#326);
#326 = CARTESIAN_POINT('',(200.,0.,8.));
#327 = LINE('',#328,#329);
#328 = CARTESIAN_POINT('',(200.,0.,8.));
#329 = VECTOR('',#330,1.);
#330 = DIRECTION('',(0.,0.,-1.));
#331 = ORIENTED_EDGE('',*,*,#332,.F.);
#332 = EDGE_CURVE('',#333,#325,#335,.T.);
#333 = VERTEX_POINT('',#334);
#334 = CARTESIAN_POINT('',(198.25,0.,8.));
#335 = LINE('',#336,#337);
#336 = CARTESIAN_POINT('',(0.,0.,8.));
#337 = VECTOR('',#338,1.);
#338 = DIRECTION('',(1.,0.,0.));
#339 = ORIENTED_EDGE('',*,*,#340,.F.);
#340 = EDGE_CURVE('',#341,#333,#343,.T.);
#341 = VERTEX_POINT('',#342);
#342 = CARTESIAN_POINT('',(198.25,0.,4.));
#343 = LINE('',#344,#345);
#344 = CARTESIAN_POINT('',(198.25,0.,6.));
#345 = VECTOR('',#346,1.);
#346 = DIRECTION('',(0.,0.,1.));
#347 = ORIENTED_EDGE('',*,*,#348,.T.);
#348 = EDGE_CURVE('',#341,#349,#351,.T.);
#349 = VERTEX_POINT('',#350);
#350 = CARTESIAN_POINT('',(193.75,0.,4.));
#351 = LINE('',#352,#353);
#352 = CARTESIAN_POINT('',(96.875,0.,4.));
#353 = VECTOR('',#354,1.);
#354 = DIRECTION('',(-1.,0.,-0.));
#355 = ORIENTED_EDGE('',*,*,#356,.T.);
#356 = EDGE_CURVE('',#349,#357,#359,.T.);
#357 = VERTEX_POINT('',#358);
#358 = CARTESIAN_POINT('',(193.75,0.,8.));
#359 = LINE('',#360,#361);
#360 = CARTESIAN_POINT('',(193.75,0.,6.));
#361 = VECTOR('',#362,1.);
#362 = DIRECTION('',(0.,0.,1.));
#363 = ORIENTED_EDGE('',*,*,#364,.F.);
#364 = EDGE_CURVE('',#365,#357,#367,.T.);
#365 = VERTEX_POINT('',#366);
#366 = CARTESIAN_POINT('',(6.25,0.,8.));
#367 = LINE('',#368,#369);
#368 = CARTESIAN_POINT('',(0.,0.,8.));
#369 = VECTOR('',#370,1.);
#370 = DIRECTION('',(1.,0.,0.));
#371 = ORIENTED_EDGE('',*,*,#372,.F.);
#372 = EDGE_CURVE('',#373,#365,#375,.T.);
#373 = VERTEX_POINT('',#374);
#374 = CARTESIAN_POINT('',(6.25,0.,4.));
#375 = LINE('',#376,#377);
#376 = CARTESIAN_POINT('',(6.25,0.,6.));
#377 = VECTOR('',#378,1.);
#378 = DIRECTION('',(0.,0.,1.));
#379 = ORIENTED_EDGE('',*,*,#380,.T.);
#380 = EDGE_CURVE('',#373,#381,#383,.T.);
#381 = VERTEX_POINT('',#382);
#382 = CARTESIAN_POINT('',(1.75,0.,4.));
#383 = LINE('',#384,#385);
#384 = CARTESIAN_POINT('',(0.875,0.,4.));
#385 = VECTOR('',#386,1.);
#386 = DIRECTION('',(-1.,0.,-0.));
#387 = ORIENTED_EDGE('',*,*,#388,.T.);
#388 = EDGE_CURVE('',#381,#315,#389,.T.);
#389 = LINE('',#390,#391);
#390 = CARTESIAN_POINT('',(1.75,0.,6.));
#391 = VECTOR('',#392,1.);
#392 = DIRECTION('',(0.,0.,1.));
#393 = PLANE('',#394);
#394 = AXIS2_PLACEMENT_3D('',#395,#396,#397);
#395 = CARTESIAN_POINT('',(0.,0.,8.));
#396 = DIRECTION('',(0.,-1.,0.));
#397 = DIRECTION('',(0.,0.,-1.));
#398 = ADVANCED_FACE('',(#399,#511,#561,#611,#661,#695,#745),#779,.F.);
#399 = FACE_BOUND('',#400,.F.);
#400 = EDGE_LOOP('',(#401,#402,#403,#404,#412,#420,#428,#436,#444,#452,
    #458,#459,#465,#466,#474,#482,#488,#489,#497,#505));
#401 = ORIENTED_EDGE('',*,*,#314,.F.);
#402 = ORIENTED_EDGE('',*,*,#31,.F.);
#403 = ORIENTED_EDGE('',*,*,#62,.T.);
#404 = ORIENTED_EDGE('',*,*,#405,.T.);
#405 = EDGE_CURVE('',#63,#406,#408,.T.);
#406 = VERTEX_POINT('',#407);
#407 = CARTESIAN_POINT('',(34.,173.75,8.));
#408 = LINE('',#409,#410);
#409 = CARTESIAN_POINT('',(34.,187.75,8.));
#410 = VECTOR('',#411,1.);
#411 = DIRECTION('',(0.,-1.,0.));
#412 = ORIENTED_EDGE('',*,*,#413,.T.);
#413 = EDGE_CURVE('',#406,#414,#416,.T.);
#414 = VERTEX_POINT('',#415);
#415 = CARTESIAN_POINT('',(24.,173.75,8.));
#416 = LINE('',#417,#418);
#417 = CARTESIAN_POINT('',(12.,173.75,8.));
#418 = VECTOR('',#419,1.);
#419 = DIRECTION('',(-1.,0.,-0.));
#420 = ORIENTED_EDGE('',*,*,#421,.T.);
#421 = EDGE_CURVE('',#414,#422,#424,.T.);
#422 = VERTEX_POINT('',#423);
#423 = CARTESIAN_POINT('',(24.,15.75,8.));
#424 = LINE('',#425,#426);
#425 = CARTESIAN_POINT('',(24.,180.75,8.));
#426 = VECTOR('',#427,1.);
#427 = DIRECTION('',(0.,-1.,0.));
#428 = ORIENTED_EDGE('',*,*,#429,.F.);
#429 = EDGE_CURVE('',#430,#422,#432,.T.);
#430 = VERTEX_POINT('',#431);
#431 = CARTESIAN_POINT('',(176.,15.75,8.));
#432 = LINE('',#433,#434);
#433 = CARTESIAN_POINT('',(12.,15.75,8.));
#434 = VECTOR('',#435,1.);
#435 = DIRECTION('',(-1.,0.,-0.));
#436 = ORIENTED_EDGE('',*,*,#437,.F.);
#437 = EDGE_CURVE('',#438,#430,#440,.T.);
#438 = VERTEX_POINT('',#439);
#439 = CARTESIAN_POINT('',(176.,173.75,8.));
#440 = LINE('',#441,#442);
#441 = CARTESIAN_POINT('',(176.,180.75,8.));
#442 = VECTOR('',#443,1.);
#443 = DIRECTION('',(0.,-1.,0.));
#444 = ORIENTED_EDGE('',*,*,#445,.T.);
#445 = EDGE_CURVE('',#438,#446,#448,.T.);
#446 = VERTEX_POINT('',#447);
#447 = CARTESIAN_POINT('',(166.,173.75,8.));
#448 = LINE('',#449,#450);
#449 = CARTESIAN_POINT('',(12.,173.75,8.));
#450 = VECTOR('',#451,1.);
#451 = DIRECTION('',(-1.,0.,-0.));
#452 = ORIENTED_EDGE('',*,*,#453,.F.);
#453 = EDGE_CURVE('',#119,#446,#454,.T.);
#454 = LINE('',#455,#456);
#455 = CARTESIAN_POINT('',(166.,187.75,8.));
#456 = VECTOR('',#457,1.);
#457 = DIRECTION('',(0.,-1.,0.));
#458 = ORIENTED_EDGE('',*,*,#126,.T.);
#459 = ORIENTED_EDGE('',*,*,#460,.T.);
#460 = EDGE_CURVE('',#127,#325,#461,.T.);
#461 = LINE('',#462,#463);
#462 = CARTESIAN_POINT('',(200.,187.75,8.));
#463 = VECTOR('',#464,1.);
#464 = DIRECTION('',(0.,-1.,0.));
#465 = ORIENTED_EDGE('',*,*,#332,.F.);
#466 = ORIENTED_EDGE('',*,*,#467,.F.);
#467 = EDGE_CURVE('',#468,#333,#470,.T.);
#468 = VERTEX_POINT('',#469);
#469 = CARTESIAN_POINT('',(198.25,171.75,8.));
#470 = LINE('',#471,#472);
#471 = CARTESIAN_POINT('',(198.25,171.75,8.));
#472 = VECTOR('',#473,1.);
#473 = DIRECTION('',(0.,-1.,-2.22044604925E-16));
#474 = ORIENTED_EDGE('',*,*,#475,.F.);
#475 = EDGE_CURVE('',#476,#468,#478,.T.);
#476 = VERTEX_POINT('',#477);
#477 = CARTESIAN_POINT('',(193.75,171.75,8.));
#478 = LINE('',#479,#480);
#479 = CARTESIAN_POINT('',(193.75,171.75,8.));
#480 = VECTOR('',#481,1.);
#481 = DIRECTION('',(1.,0.,0.));
#482 = ORIENTED_EDGE('',*,*,#483,.T.);
#483 = EDGE_CURVE('',#476,#357,#484,.T.);
#484 = LINE('',#485,#486);
#485 = CARTESIAN_POINT('',(193.75,171.75,8.));
#486 = VECTOR('',#487,1.);
#487 = DIRECTION('',(0.,-1.,-2.22044604925E-16));
#488 = ORIENTED_EDGE('',*,*,#364,.F.);
#489 = ORIENTED_EDGE('',*,*,#490,.F.);
#490 = EDGE_CURVE('',#491,#365,#493,.T.);
#491 = VERTEX_POINT('',#492);
#492 = CARTESIAN_POINT('',(6.25,171.75,8.));
#493 = LINE('',#494,#495);
#494 = CARTESIAN_POINT('',(6.25,171.75,8.));
#495 = VECTOR('',#496,1.);
#496 = DIRECTION('',(0.,-1.,-2.22044604925E-16));
#497 = ORIENTED_EDGE('',*,*,#498,.F.);
#498 = EDGE_CURVE('',#499,#491,#501,.T.);
#499 = VERTEX_POINT('',#500);
#500 = CARTESIAN_POINT('',(1.75,171.75,8.));
#501 = LINE('',#502,#503);
#502 = CARTESIAN_POINT('',(1.75,171.75,8.));
#503 = VECTOR('',#504,1.);
#504 = DIRECTION('',(1.,0.,0.));
#505 = ORIENTED_EDGE('',*,*,#506,.T.);
#506 = EDGE_CURVE('',#499,#315,#507,.T.);
#507 = LINE('',#508,#509);
#508 = CARTESIAN_POINT('',(1.75,171.75,8.));
#509 = VECTOR('',#510,1.);
#510 = DIRECTION('',(0.,-1.,-2.22044604925E-16));
#511 = FACE_BOUND('',#512,.F.);
#512 = EDGE_LOOP('',(#513,#523,#531,#539,#547,#555));
#513 = ORIENTED_EDGE('',*,*,#514,.T.);
#514 = EDGE_CURVE('',#515,#517,#519,.T.);
#515 = VERTEX_POINT('',#516);
#516 = CARTESIAN_POINT('',(14.45,146.04681670589,8.));
#517 = VERTEX_POINT('',#518);
#518 = CARTESIAN_POINT('',(14.45,149.4531832941,8.));
#519 = LINE('',#520,#521);
#520 = CARTESIAN_POINT('',(14.45,166.89840835294,8.));
#521 = VECTOR('',#522,1.);
#522 = DIRECTION('',(2.607407032384E-16,1.,0.));
#523 = ORIENTED_EDGE('',*,*,#524,.T.);
#524 = EDGE_CURVE('',#517,#525,#527,.T.);
#525 = VERTEX_POINT('',#526);
#526 = CARTESIAN_POINT('',(11.5,151.15636658821,8.));
#527 = LINE('',#528,#529);
#528 = CARTESIAN_POINT('',(0.739745962156,157.36880215351,8.));
#529 = VECTOR('',#530,1.);
#530 = DIRECTION('',(-0.866025403784,0.5,0.));
#531 = ORIENTED_EDGE('',*,*,#532,.T.);
#532 = EDGE_CURVE('',#525,#533,#535,.T.);
#533 = VERTEX_POINT('',#534);
#534 = CARTESIAN_POINT('',(8.55,149.4531832941,8.));
#535 = LINE('',#536,#537);
#536 = CARTESIAN_POINT('',(15.110254037844,153.24074772881,8.));
#537 = VECTOR('',#538,1.);
#538 = DIRECTION('',(-0.866025403784,-0.5,0.));
#539 = ORIENTED_EDGE('',*,*,#540,.T.);
#540 = EDGE_CURVE('',#533,#541,#543,.T.);
#541 = VERTEX_POINT('',#542);
#542 = CARTESIAN_POINT('',(8.55,146.04681670589,8.));
#543 = LINE('',#544,#545);
#544 = CARTESIAN_POINT('',(8.55,168.60159164705,8.));
#545 = VECTOR('',#546,1.);
#546 = DIRECTION('',(1.303703516192E-16,-1.,0.));
#547 = ORIENTED_EDGE('',*,*,#548,.T.);
#548 = EDGE_CURVE('',#541,#549,#551,.T.);
#549 = VERTEX_POINT('',#550);
#550 = CARTESIAN_POINT('',(11.5,144.34363341178,8.));
#551 = LINE('',#552,#553);
#552 = CARTESIAN_POINT('',(-3.685254037844,153.11084391824,8.));
#553 = VECTOR('',#554,1.);
#554 = DIRECTION('',(0.866025403784,-0.5,0.));
#555 = ORIENTED_EDGE('',*,*,#556,.T.);
#556 = EDGE_CURVE('',#549,#515,#557,.T.);
#557 = LINE('',#558,#559);
#558 = CARTESIAN_POINT('',(16.585254037844,147.27960619942,8.));
#559 = VECTOR('',#560,1.);
#560 = DIRECTION('',(0.866025403784,0.5,0.));
#561 = FACE_BOUND('',#562,.F.);
#562 = EDGE_LOOP('',(#563,#573,#581,#589,#597,#605));
#563 = ORIENTED_EDGE('',*,*,#564,.T.);
#564 = EDGE_CURVE('',#565,#567,#569,.T.);
#565 = VERTEX_POINT('',#566);
#566 = CARTESIAN_POINT('',(191.45,146.04681670589,8.));
#567 = VERTEX_POINT('',#568);
#568 = CARTESIAN_POINT('',(191.45,149.4531832941,8.));
#569 = LINE('',#570,#571);
#570 = CARTESIAN_POINT('',(191.45,166.89840835294,8.));
#571 = VECTOR('',#572,1.);
#572 = DIRECTION('',(2.607407032384E-16,1.,0.));
#573 = ORIENTED_EDGE('',*,*,#574,.T.);
#574 = EDGE_CURVE('',#567,#575,#577,.T.);
#575 = VERTEX_POINT('',#576);
#576 = CARTESIAN_POINT('',(188.5,151.15636658821,8.));
#577 = LINE('',#578,#579);
#578 = CARTESIAN_POINT('',(111.36474596215,195.69042627097,8.));
#579 = VECTOR('',#580,1.);
#580 = DIRECTION('',(-0.866025403784,0.5,0.));
#581 = ORIENTED_EDGE('',*,*,#582,.T.);
#582 = EDGE_CURVE('',#575,#583,#585,.T.);
#583 = VERTEX_POINT('',#584);
#584 = CARTESIAN_POINT('',(185.55,149.4531832941,8.));
#585 = LINE('',#586,#587);
#586 = CARTESIAN_POINT('',(125.73525403784,114.91912361135,8.));
#587 = VECTOR('',#588,1.);
#588 = DIRECTION('',(-0.866025403784,-0.5,0.));
#589 = ORIENTED_EDGE('',*,*,#590,.T.);
#590 = EDGE_CURVE('',#583,#591,#593,.T.);
#591 = VERTEX_POINT('',#592);
#592 = CARTESIAN_POINT('',(185.55,146.04681670589,8.));
#593 = LINE('',#594,#595);
#594 = CARTESIAN_POINT('',(185.55,168.60159164705,8.));
#595 = VECTOR('',#596,1.);
#596 = DIRECTION('',(1.303703516192E-16,-1.,0.));
#597 = ORIENTED_EDGE('',*,*,#598,.T.);
#598 = EDGE_CURVE('',#591,#599,#601,.T.);
#599 = VERTEX_POINT('',#600);
#600 = CARTESIAN_POINT('',(188.5,144.34363341178,8.));
#601 = LINE('',#602,#603);
#602 = CARTESIAN_POINT('',(106.93974596215,191.4324680357,8.));
#603 = VECTOR('',#604,1.);
#604 = DIRECTION('',(0.866025403784,-0.5,0.));
#605 = ORIENTED_EDGE('',*,*,#606,.T.);
#606 = EDGE_CURVE('',#599,#565,#607,.T.);
#607 = LINE('',#608,#609);
#608 = CARTESIAN_POINT('',(127.21025403784,108.95798208196,8.));
#609 = VECTOR('',#610,1.);
#610 = DIRECTION('',(0.866025403784,0.5,0.));
#611 = FACE_BOUND('',#612,.F.);
#612 = EDGE_LOOP('',(#613,#623,#631,#639,#647,#655));
#613 = ORIENTED_EDGE('',*,*,#614,.T.);
#614 = EDGE_CURVE('',#615,#617,#619,.T.);
#615 = VERTEX_POINT('',#616);
#616 = CARTESIAN_POINT('',(14.45,42.046816705891,8.));
#617 = VERTEX_POINT('',#618);
#618 = CARTESIAN_POINT('',(14.45,45.453183294109,8.));
#619 = LINE('',#620,#621);
#620 = CARTESIAN_POINT('',(14.45,114.89840835294,8.));
#621 = VECTOR('',#622,1.);
#622 = DIRECTION('',(2.607407032384E-16,1.,0.));
#623 = ORIENTED_EDGE('',*,*,#624,.T.);
#624 = EDGE_CURVE('',#617,#625,#627,.T.);
#625 = VERTEX_POINT('',#626);
#626 = CARTESIAN_POINT('',(11.5,47.156366588219,8.));
#627 = LINE('',#628,#629);
#628 = CARTESIAN_POINT('',(-21.77691453624,66.368802153517,8.));
#629 = VECTOR('',#630,1.);
#630 = DIRECTION('',(-0.866025403784,0.5,0.));
#631 = ORIENTED_EDGE('',*,*,#632,.T.);
#632 = EDGE_CURVE('',#625,#633,#635,.T.);
#633 = VERTEX_POINT('',#634);
#634 = CARTESIAN_POINT('',(8.55,45.453183294109,8.));
#635 = LINE('',#636,#637);
#636 = CARTESIAN_POINT('',(37.62691453624,62.240747728811,8.));
#637 = VECTOR('',#638,1.);
#638 = DIRECTION('',(-0.866025403784,-0.5,0.));
#639 = ORIENTED_EDGE('',*,*,#640,.T.);
#640 = EDGE_CURVE('',#633,#641,#643,.T.);
#641 = VERTEX_POINT('',#642);
#642 = CARTESIAN_POINT('',(8.55,42.046816705891,8.));
#643 = LINE('',#644,#645);
#644 = CARTESIAN_POINT('',(8.55,116.60159164705,8.));
#645 = VECTOR('',#646,1.);
#646 = DIRECTION('',(1.303703516192E-16,-1.,0.));
#647 = ORIENTED_EDGE('',*,*,#648,.T.);
#648 = EDGE_CURVE('',#641,#649,#651,.T.);
#649 = VERTEX_POINT('',#650);
#650 = CARTESIAN_POINT('',(11.5,40.343633411781,8.));
#651 = LINE('',#652,#653);
#652 = CARTESIAN_POINT('',(-26.20191453624,62.110843918244,8.));
#653 = VECTOR('',#654,1.);
#654 = DIRECTION('',(0.866025403784,-0.5,0.));
#655 = ORIENTED_EDGE('',*,*,#656,.T.);
#656 = EDGE_CURVE('',#649,#615,#657,.T.);
#657 = LINE('',#658,#659);
#658 = CARTESIAN_POINT('',(39.10191453624,56.279606199428,8.));
#659 = VECTOR('',#660,1.);
#660 = DIRECTION('',(0.866025403784,0.5,0.));
#661 = FACE_BOUND('',#662,.F.);
#662 = EDGE_LOOP('',(#663,#673,#681,#689));
#663 = ORIENTED_EDGE('',*,*,#664,.T.);
#664 = EDGE_CURVE('',#665,#667,#669,.T.);
#665 = VERTEX_POINT('',#666);
#666 = CARTESIAN_POINT('',(51.,13.75,8.));
#667 = VERTEX_POINT('',#668);
#668 = CARTESIAN_POINT('',(39.,13.75,8.));
#669 = LINE('',#670,#671);
#670 = CARTESIAN_POINT('',(19.5,13.75,8.));
#671 = VECTOR('',#672,1.);
#672 = DIRECTION('',(-1.,-0.,0.));
#673 = ORIENTED_EDGE('',*,*,#674,.T.);
#674 = EDGE_CURVE('',#667,#675,#677,.T.);
#675 = VERTEX_POINT('',#676);
#676 = CARTESIAN_POINT('',(39.,2.75,8.));
#677 = LINE('',#678,#679);
#678 = CARTESIAN_POINT('',(39.,100.75,8.));
#679 = VECTOR('',#680,1.);
#680 = DIRECTION('',(0.,-1.,0.));
#681 = ORIENTED_EDGE('',*,*,#682,.F.);
#682 = EDGE_CURVE('',#683,#675,#685,.T.);
#683 = VERTEX_POINT('',#684);
#684 = CARTESIAN_POINT('',(51.,2.75,8.));
#685 = LINE('',#686,#687);
#686 = CARTESIAN_POINT('',(19.5,2.75,8.));
#687 = VECTOR('',#688,1.);
#688 = DIRECTION('',(-1.,-0.,0.));
#689 = ORIENTED_EDGE('',*,*,#690,.F.);
#690 = EDGE_CURVE('',#665,#683,#691,.T.);
#691 = LINE('',#692,#693);
#692 = CARTESIAN_POINT('',(51.,100.75,8.));
#693 = VECTOR('',#694,1.);
#694 = DIRECTION('',(0.,-1.,0.));
#695 = FACE_BOUND('',#696,.F.);
#696 = EDGE_LOOP('',(#697,#707,#715,#723,#731,#739));
#697 = ORIENTED_EDGE('',*,*,#698,.T.);
#698 = EDGE_CURVE('',#699,#701,#703,.T.);
#699 = VERTEX_POINT('',#700);
#700 = CARTESIAN_POINT('',(191.45,42.046816705891,8.));
#701 = VERTEX_POINT('',#702);
#702 = CARTESIAN_POINT('',(191.45,45.453183294109,8.));
#703 = LINE('',#704,#705);
#704 = CARTESIAN_POINT('',(191.45,114.89840835294,8.));
#705 = VECTOR('',#706,1.);
#706 = DIRECTION('',(2.607407032384E-16,1.,0.));
#707 = ORIENTED_EDGE('',*,*,#708,.T.);
#708 = EDGE_CURVE('',#701,#709,#711,.T.);
#709 = VERTEX_POINT('',#710);
#710 = CARTESIAN_POINT('',(188.5,47.156366588219,8.));
#711 = LINE('',#712,#713);
#712 = CARTESIAN_POINT('',(88.84808546376,104.69042627097,8.));
#713 = VECTOR('',#714,1.);
#714 = DIRECTION('',(-0.866025403784,0.5,0.));
#715 = ORIENTED_EDGE('',*,*,#716,.T.);
#716 = EDGE_CURVE('',#709,#717,#719,.T.);
#717 = VERTEX_POINT('',#718);
#718 = CARTESIAN_POINT('',(185.55,45.453183294109,8.));
#719 = LINE('',#720,#721);
#720 = CARTESIAN_POINT('',(148.25191453624,23.91912361135,8.));
#721 = VECTOR('',#722,1.);
#722 = DIRECTION('',(-0.866025403784,-0.5,0.));
#723 = ORIENTED_EDGE('',*,*,#724,.T.);
#724 = EDGE_CURVE('',#717,#725,#727,.T.);
#725 = VERTEX_POINT('',#726);
#726 = CARTESIAN_POINT('',(185.55,42.046816705891,8.));
#727 = LINE('',#728,#729);
#728 = CARTESIAN_POINT('',(185.55,116.60159164705,8.));
#729 = VECTOR('',#730,1.);
#730 = DIRECTION('',(1.303703516192E-16,-1.,0.));
#731 = ORIENTED_EDGE('',*,*,#732,.T.);
#732 = EDGE_CURVE('',#725,#733,#735,.T.);
#733 = VERTEX_POINT('',#734);
#734 = CARTESIAN_POINT('',(188.5,40.343633411781,8.));
#735 = LINE('',#736,#737);
#736 = CARTESIAN_POINT('',(84.42308546376,100.4324680357,8.));
#737 = VECTOR('',#738,1.);
#738 = DIRECTION('',(0.866025403784,-0.5,0.));
#739 = ORIENTED_EDGE('',*,*,#740,.T.);
#740 = EDGE_CURVE('',#733,#699,#741,.T.);
#741 = LINE('',#742,#743);
#742 = CARTESIAN_POINT('',(149.72691453624,17.957982081967,8.));
#743 = VECTOR('',#744,1.);
#744 = DIRECTION('',(0.866025403784,0.5,0.));
#745 = FACE_BOUND('',#746,.F.);
#746 = EDGE_LOOP('',(#747,#757,#765,#773));
#747 = ORIENTED_EDGE('',*,*,#748,.T.);
#748 = EDGE_CURVE('',#749,#751,#753,.T.);
#749 = VERTEX_POINT('',#750);
#750 = CARTESIAN_POINT('',(161.,13.75,8.));
#751 = VERTEX_POINT('',#752);
#752 = CARTESIAN_POINT('',(149.,13.75,8.));
#753 = LINE('',#754,#755);
#754 = CARTESIAN_POINT('',(74.5,13.75,8.));
#755 = VECTOR('',#756,1.);
#756 = DIRECTION('',(-1.,-0.,0.));
#757 = ORIENTED_EDGE('',*,*,#758,.T.);
#758 = EDGE_CURVE('',#751,#759,#761,.T.);
#759 = VERTEX_POINT('',#760);
#760 = CARTESIAN_POINT('',(149.,2.75,8.));
#761 = LINE('',#762,#763);
#762 = CARTESIAN_POINT('',(149.,100.75,8.));
#763 = VECTOR('',#764,1.);
#764 = DIRECTION('',(0.,-1.,0.));
#765 = ORIENTED_EDGE('',*,*,#766,.F.);
#766 = EDGE_CURVE('',#767,#759,#769,.T.);
#767 = VERTEX_POINT('',#768);
#768 = CARTESIAN_POINT('',(161.,2.75,8.));
#769 = LINE('',#770,#771);
#770 = CARTESIAN_POINT('',(74.5,2.75,8.));
#771 = VECTOR('',#772,1.);
#772 = DIRECTION('',(-1.,-0.,0.));
#773 = ORIENTED_EDGE('',*,*,#774,.F.);
#774 = EDGE_CURVE('',#749,#767,#775,.T.);
#775 = LINE('',#776,#777);
#776 = CARTESIAN_POINT('',(161.,100.75,8.));
#777 = VECTOR('',#778,1.);
#778 = DIRECTION('',(0.,-1.,0.));
#779 = PLANE('',#780);
#780 = AXIS2_PLACEMENT_3D('',#781,#782,#783);
#781 = CARTESIAN_POINT('',(0.,187.75,8.));
#782 = DIRECTION('',(0.,0.,-1.));
#783 = DIRECTION('',(1.,0.,0.));
#784 = ADVANCED_FACE('',(#785),#791,.T.);
#785 = FACE_BOUND('',#786,.T.);
#786 = EDGE_LOOP('',(#787,#788,#789,#790));
#787 = ORIENTED_EDGE('',*,*,#134,.F.);
#788 = ORIENTED_EDGE('',*,*,#460,.T.);
#789 = ORIENTED_EDGE('',*,*,#324,.T.);
#790 = ORIENTED_EDGE('',*,*,#214,.F.);
#791 = PLANE('',#792);
#792 = AXIS2_PLACEMENT_3D('',#793,#794,#795);
#793 = CARTESIAN_POINT('',(200.,187.75,8.));
#794 = DIRECTION('',(1.,0.,0.));
#795 = DIRECTION('',(0.,0.,-1.));
#796 = ADVANCED_FACE('',(#797),#815,.F.);
#797 = FACE_BOUND('',#798,.F.);
#798 = EDGE_LOOP('',(#799,#800,#801,#809));
#799 = ORIENTED_EDGE('',*,*,#405,.F.);
#800 = ORIENTED_EDGE('',*,*,#70,.T.);
#801 = ORIENTED_EDGE('',*,*,#802,.T.);
#802 = EDGE_CURVE('',#71,#803,#805,.T.);
#803 = VERTEX_POINT('',#804);
#804 = CARTESIAN_POINT('',(34.,173.75,22.));
#805 = LINE('',#806,#807);
#806 = CARTESIAN_POINT('',(34.,187.75,22.));
#807 = VECTOR('',#808,1.);
#808 = DIRECTION('',(0.,-1.,-2.22044604925E-16));
#809 = ORIENTED_EDGE('',*,*,#810,.F.);
#810 = EDGE_CURVE('',#406,#803,#811,.T.);
#811 = LINE('',#812,#813);
#812 = CARTESIAN_POINT('',(34.,173.75,7.5));
#813 = VECTOR('',#814,1.);
#814 = DIRECTION('',(0.,-2.22044604925E-16,1.));
#815 = PLANE('',#816);
#816 = AXIS2_PLACEMENT_3D('',#817,#818,#819);
#817 = CARTESIAN_POINT('',(34.,187.75,7.5));
#818 = DIRECTION('',(1.,0.,0.));
#819 = DIRECTION('',(0.,-1.,-2.22044604925E-16));
#820 = ADVANCED_FACE('',(#821,#839),#873,.T.);
#821 = FACE_BOUND('',#822,.T.);
#822 = EDGE_LOOP('',(#823,#824,#825,#833));
#823 = ORIENTED_EDGE('',*,*,#78,.F.);
#824 = ORIENTED_EDGE('',*,*,#802,.T.);
#825 = ORIENTED_EDGE('',*,*,#826,.T.);
#826 = EDGE_CURVE('',#803,#827,#829,.T.);
#827 = VERTEX_POINT('',#828);
#828 = CARTESIAN_POINT('',(46.,173.75,22.));
#829 = LINE('',#830,#831);
#830 = CARTESIAN_POINT('',(34.,173.75,22.));
#831 = VECTOR('',#832,1.);
#832 = DIRECTION('',(1.,0.,0.));
#833 = ORIENTED_EDGE('',*,*,#834,.F.);
#834 = EDGE_CURVE('',#79,#827,#835,.T.);
#835 = LINE('',#836,#837);
#836 = CARTESIAN_POINT('',(46.,187.75,22.));
#837 = VECTOR('',#838,1.);
#838 = DIRECTION('',(0.,-1.,-2.22044604925E-16));
#839 = FACE_BOUND('',#840,.T.);
#840 = EDGE_LOOP('',(#841,#851,#859,#867));
#841 = ORIENTED_EDGE('',*,*,#842,.F.);
#842 = EDGE_CURVE('',#843,#845,#847,.T.);
#843 = VERTEX_POINT('',#844);
#844 = CARTESIAN_POINT('',(37.05,177.35,22.));
#845 = VERTEX_POINT('',#846);
#846 = CARTESIAN_POINT('',(42.95,177.35,22.));
#847 = LINE('',#848,#849);
#848 = CARTESIAN_POINT('',(35.525,177.35,22.));
#849 = VECTOR('',#850,1.);
#850 = DIRECTION('',(1.,0.,0.));
#851 = ORIENTED_EDGE('',*,*,#852,.T.);
#852 = EDGE_CURVE('',#843,#853,#855,.T.);
#853 = VERTEX_POINT('',#854);
#854 = CARTESIAN_POINT('',(37.05,181.55,22.));
#855 = LINE('',#856,#857);
#856 = CARTESIAN_POINT('',(37.05,184.65,22.));
#857 = VECTOR('',#858,1.);
#858 = DIRECTION('',(0.,1.,2.22044604925E-16));
#859 = ORIENTED_EDGE('',*,*,#860,.T.);
#860 = EDGE_CURVE('',#853,#861,#863,.T.);
#861 = VERTEX_POINT('',#862);
#862 = CARTESIAN_POINT('',(42.95,181.55,22.));
#863 = LINE('',#864,#865);
#864 = CARTESIAN_POINT('',(35.525,181.55,22.));
#865 = VECTOR('',#866,1.);
#866 = DIRECTION('',(1.,0.,0.));
#867 = ORIENTED_EDGE('',*,*,#868,.F.);
#868 = EDGE_CURVE('',#845,#861,#869,.T.);
#869 = LINE('',#870,#871);
#870 = CARTESIAN_POINT('',(42.95,184.65,22.));
#871 = VECTOR('',#872,1.);
#872 = DIRECTION('',(0.,1.,2.22044604925E-16));
#873 = PLANE('',#874);
#874 = AXIS2_PLACEMENT_3D('',#875,#876,#877);
#875 = CARTESIAN_POINT('',(34.,187.75,22.));
#876 = DIRECTION('',(0.,-2.22044604925E-16,1.));
#877 = DIRECTION('',(0.,-1.,-2.22044604925E-16));
#878 = ADVANCED_FACE('',(#879),#897,.T.);
#879 = FACE_BOUND('',#880,.T.);
#880 = EDGE_LOOP('',(#881,#882,#883,#891));
#881 = ORIENTED_EDGE('',*,*,#453,.F.);
#882 = ORIENTED_EDGE('',*,*,#118,.T.);
#883 = ORIENTED_EDGE('',*,*,#884,.T.);
#884 = EDGE_CURVE('',#111,#885,#887,.T.);
#885 = VERTEX_POINT('',#886);
#886 = CARTESIAN_POINT('',(166.,173.75,22.));
#887 = LINE('',#888,#889);
#888 = CARTESIAN_POINT('',(166.,187.75,22.));
#889 = VECTOR('',#890,1.);
#890 = DIRECTION('',(0.,-1.,-2.22044604925E-16));
#891 = ORIENTED_EDGE('',*,*,#892,.F.);
#892 = EDGE_CURVE('',#446,#885,#893,.T.);
#893 = LINE('',#894,#895);
#894 = CARTESIAN_POINT('',(166.,173.75,7.5));
#895 = VECTOR('',#896,1.);
#896 = DIRECTION('',(0.,-2.22044604925E-16,1.));
#897 = PLANE('',#898);
#898 = AXIS2_PLACEMENT_3D('',#899,#900,#901);
#899 = CARTESIAN_POINT('',(166.,187.75,7.5));
#900 = DIRECTION('',(1.,0.,0.));
#901 = DIRECTION('',(0.,-1.,-2.22044604925E-16));
#902 = ADVANCED_FACE('',(#903),#921,.T.);
#903 = FACE_BOUND('',#904,.T.);
#904 = EDGE_LOOP('',(#905,#913,#914,#915));
#905 = ORIENTED_EDGE('',*,*,#906,.F.);
#906 = EDGE_CURVE('',#87,#907,#909,.T.);
#907 = VERTEX_POINT('',#908);
#908 = CARTESIAN_POINT('',(46.,173.75,8.));
#909 = LINE('',#910,#911);
#910 = CARTESIAN_POINT('',(46.,187.75,8.));
#911 = VECTOR('',#912,1.);
#912 = DIRECTION('',(0.,-1.,0.));
#913 = ORIENTED_EDGE('',*,*,#86,.T.);
#914 = ORIENTED_EDGE('',*,*,#834,.T.);
#915 = ORIENTED_EDGE('',*,*,#916,.F.);
#916 = EDGE_CURVE('',#907,#827,#917,.T.);
#917 = LINE('',#918,#919);
#918 = CARTESIAN_POINT('',(46.,173.75,7.5));
#919 = VECTOR('',#920,1.);
#920 = DIRECTION('',(0.,-2.22044604925E-16,1.));
#921 = PLANE('',#922);
#922 = AXIS2_PLACEMENT_3D('',#923,#924,#925);
#923 = CARTESIAN_POINT('',(46.,187.75,7.5));
#924 = DIRECTION('',(1.,0.,0.));
#925 = DIRECTION('',(0.,-1.,-2.22044604925E-16));
#926 = ADVANCED_FACE('',(#927,#945),#979,.T.);
#927 = FACE_BOUND('',#928,.T.);
#928 = EDGE_LOOP('',(#929,#930,#938,#944));
#929 = ORIENTED_EDGE('',*,*,#110,.F.);
#930 = ORIENTED_EDGE('',*,*,#931,.T.);
#931 = EDGE_CURVE('',#103,#932,#934,.T.);
#932 = VERTEX_POINT('',#933);
#933 = CARTESIAN_POINT('',(154.,173.75,22.));
#934 = LINE('',#935,#936);
#935 = CARTESIAN_POINT('',(154.,187.75,22.));
#936 = VECTOR('',#937,1.);
#937 = DIRECTION('',(0.,-1.,-2.22044604925E-16));
#938 = ORIENTED_EDGE('',*,*,#939,.T.);
#939 = EDGE_CURVE('',#932,#885,#940,.T.);
#940 = LINE('',#941,#942);
#941 = CARTESIAN_POINT('',(154.,173.75,22.));
#942 = VECTOR('',#943,1.);
#943 = DIRECTION('',(1.,0.,0.));
#944 = ORIENTED_EDGE('',*,*,#884,.F.);
#945 = FACE_BOUND('',#946,.T.);
#946 = EDGE_LOOP('',(#947,#957,#965,#973));
#947 = ORIENTED_EDGE('',*,*,#948,.F.);
#948 = EDGE_CURVE('',#949,#951,#953,.T.);
#949 = VERTEX_POINT('',#950);
#950 = CARTESIAN_POINT('',(157.05,177.35,22.));
#951 = VERTEX_POINT('',#952);
#952 = CARTESIAN_POINT('',(162.95,177.35,22.));
#953 = LINE('',#954,#955);
#954 = CARTESIAN_POINT('',(155.525,177.35,22.));
#955 = VECTOR('',#956,1.);
#956 = DIRECTION('',(1.,0.,0.));
#957 = ORIENTED_EDGE('',*,*,#958,.T.);
#958 = EDGE_CURVE('',#949,#959,#961,.T.);
#959 = VERTEX_POINT('',#960);
#960 = CARTESIAN_POINT('',(157.05,181.55,22.));
#961 = LINE('',#962,#963);
#962 = CARTESIAN_POINT('',(157.05,184.65,22.));
#963 = VECTOR('',#964,1.);
#964 = DIRECTION('',(0.,1.,2.22044604925E-16));
#965 = ORIENTED_EDGE('',*,*,#966,.T.);
#966 = EDGE_CURVE('',#959,#967,#969,.T.);
#967 = VERTEX_POINT('',#968);
#968 = CARTESIAN_POINT('',(162.95,181.55,22.));
#969 = LINE('',#970,#971);
#970 = CARTESIAN_POINT('',(155.525,181.55,22.));
#971 = VECTOR('',#972,1.);
#972 = DIRECTION('',(1.,0.,0.));
#973 = ORIENTED_EDGE('',*,*,#974,.F.);
#974 = EDGE_CURVE('',#951,#967,#975,.T.);
#975 = LINE('',#976,#977);
#976 = CARTESIAN_POINT('',(162.95,184.65,22.));
#977 = VECTOR('',#978,1.);
#978 = DIRECTION('',(0.,1.,2.22044604925E-16));
#979 = PLANE('',#980);
#980 = AXIS2_PLACEMENT_3D('',#981,#982,#983);
#981 = CARTESIAN_POINT('',(154.,187.75,22.));
#982 = DIRECTION('',(0.,-2.22044604925E-16,1.));
#983 = DIRECTION('',(0.,-1.,-2.22044604925E-16));
#984 = ADVANCED_FACE('',(#985),#1003,.F.);
#985 = FACE_BOUND('',#986,.F.);
#986 = EDGE_LOOP('',(#987,#995,#1001,#1002));
#987 = ORIENTED_EDGE('',*,*,#988,.T.);
#988 = EDGE_CURVE('',#95,#989,#991,.T.);
#989 = VERTEX_POINT('',#990);
#990 = CARTESIAN_POINT('',(154.,173.75,8.));
#991 = LINE('',#992,#993);
#992 = CARTESIAN_POINT('',(154.,187.75,8.));
#993 = VECTOR('',#994,1.);
#994 = DIRECTION('',(0.,-1.,0.));
#995 = ORIENTED_EDGE('',*,*,#996,.T.);
#996 = EDGE_CURVE('',#989,#907,#997,.T.);
#997 = LINE('',#998,#999);
#998 = CARTESIAN_POINT('',(12.,173.75,8.));
#999 = VECTOR('',#1000,1.);
#1000 = DIRECTION('',(-1.,0.,-0.));
#1001 = ORIENTED_EDGE('',*,*,#906,.F.);
#1002 = ORIENTED_EDGE('',*,*,#94,.T.);
#1003 = PLANE('',#1004);
#1004 = AXIS2_PLACEMENT_3D('',#1005,#1006,#1007);
#1005 = CARTESIAN_POINT('',(0.,187.75,8.));
#1006 = DIRECTION('',(0.,0.,-1.));
#1007 = DIRECTION('',(1.,0.,0.));
#1008 = ADVANCED_FACE('',(#1009),#1020,.F.);
#1009 = FACE_BOUND('',#1010,.F.);
#1010 = EDGE_LOOP('',(#1011,#1012,#1013,#1014));
#1011 = ORIENTED_EDGE('',*,*,#988,.F.);
#1012 = ORIENTED_EDGE('',*,*,#102,.T.);
#1013 = ORIENTED_EDGE('',*,*,#931,.T.);
#1014 = ORIENTED_EDGE('',*,*,#1015,.F.);
#1015 = EDGE_CURVE('',#989,#932,#1016,.T.);
#1016 = LINE('',#1017,#1018);
#1017 = CARTESIAN_POINT('',(154.,173.75,7.5));
#1018 = VECTOR('',#1019,1.);
#1019 = DIRECTION('',(0.,-2.22044604925E-16,1.));
#1020 = PLANE('',#1021);
#1021 = AXIS2_PLACEMENT_3D('',#1022,#1023,#1024);
#1022 = CARTESIAN_POINT('',(154.,187.75,7.5));
#1023 = DIRECTION('',(1.,0.,0.));
#1024 = DIRECTION('',(0.,-1.,-2.22044604925E-16));
#1025 = ADVANCED_FACE('',(#1026),#1051,.T.);
#1026 = FACE_BOUND('',#1027,.T.);
#1027 = EDGE_LOOP('',(#1028,#1036,#1044,#1050));
#1028 = ORIENTED_EDGE('',*,*,#1029,.F.);
#1029 = EDGE_CURVE('',#1030,#151,#1032,.T.);
#1030 = VERTEX_POINT('',#1031);
#1031 = CARTESIAN_POINT('',(28.,190.35,2.));
#1032 = LINE('',#1033,#1034);
#1033 = CARTESIAN_POINT('',(28.,190.75,2.));
#1034 = VECTOR('',#1035,1.);
#1035 = DIRECTION('',(0.,-1.,0.));
#1036 = ORIENTED_EDGE('',*,*,#1037,.T.);
#1037 = EDGE_CURVE('',#1030,#1038,#1040,.T.);
#1038 = VERTEX_POINT('',#1039);
#1039 = CARTESIAN_POINT('',(172.,190.35,2.));
#1040 = LINE('',#1041,#1042);
#1041 = CARTESIAN_POINT('',(28.,190.35,2.));
#1042 = VECTOR('',#1043,1.);
#1043 = DIRECTION('',(1.,0.,0.));
#1044 = ORIENTED_EDGE('',*,*,#1045,.T.);
#1045 = EDGE_CURVE('',#1038,#153,#1046,.T.);
#1046 = LINE('',#1047,#1048);
#1047 = CARTESIAN_POINT('',(172.,190.75,2.));
#1048 = VECTOR('',#1049,1.);
#1049 = DIRECTION('',(0.,-1.,0.));
#1050 = ORIENTED_EDGE('',*,*,#150,.F.);
#1051 = PLANE('',#1052);
#1052 = AXIS2_PLACEMENT_3D('',#1053,#1054,#1055);
#1053 = CARTESIAN_POINT('',(28.,190.75,2.));
#1054 = DIRECTION('',(0.,0.,-1.));
#1055 = DIRECTION('',(1.,0.,0.));
#1056 = ADVANCED_FACE('',(#1057),#1075,.F.);
#1057 = FACE_BOUND('',#1058,.F.);
#1058 = EDGE_LOOP('',(#1059,#1060,#1068,#1074));
#1059 = ORIENTED_EDGE('',*,*,#1029,.F.);
#1060 = ORIENTED_EDGE('',*,*,#1061,.F.);
#1061 = EDGE_CURVE('',#1062,#1030,#1064,.T.);
#1062 = VERTEX_POINT('',#1063);
#1063 = CARTESIAN_POINT('',(28.,190.35,6.));
#1064 = LINE('',#1065,#1066);
#1065 = CARTESIAN_POINT('',(28.,190.35,6.));
#1066 = VECTOR('',#1067,1.);
#1067 = DIRECTION('',(0.,0.,-1.));
#1068 = ORIENTED_EDGE('',*,*,#1069,.T.);
#1069 = EDGE_CURVE('',#1062,#169,#1070,.T.);
#1070 = LINE('',#1071,#1072);
#1071 = CARTESIAN_POINT('',(28.,190.75,6.));
#1072 = VECTOR('',#1073,1.);
#1073 = DIRECTION('',(0.,-1.,0.));
#1074 = ORIENTED_EDGE('',*,*,#176,.F.);
#1075 = PLANE('',#1076);
#1076 = AXIS2_PLACEMENT_3D('',#1077,#1078,#1079);
#1077 = CARTESIAN_POINT('',(28.,190.75,6.));
#1078 = DIRECTION('',(1.,0.,0.));
#1079 = DIRECTION('',(0.,0.,-1.));
#1080 = ADVANCED_FACE('',(#1081),#1099,.T.);
#1081 = FACE_BOUND('',#1082,.T.);
#1082 = EDGE_LOOP('',(#1083,#1084,#1092,#1098));
#1083 = ORIENTED_EDGE('',*,*,#1045,.F.);
#1084 = ORIENTED_EDGE('',*,*,#1085,.F.);
#1085 = EDGE_CURVE('',#1086,#1038,#1088,.T.);
#1086 = VERTEX_POINT('',#1087);
#1087 = CARTESIAN_POINT('',(172.,190.35,6.));
#1088 = LINE('',#1089,#1090);
#1089 = CARTESIAN_POINT('',(172.,190.35,6.));
#1090 = VECTOR('',#1091,1.);
#1091 = DIRECTION('',(0.,0.,-1.));
#1092 = ORIENTED_EDGE('',*,*,#1093,.T.);
#1093 = EDGE_CURVE('',#1086,#161,#1094,.T.);
#1094 = LINE('',#1095,#1096);
#1095 = CARTESIAN_POINT('',(172.,190.75,6.));
#1096 = VECTOR('',#1097,1.);
#1097 = DIRECTION('',(0.,-1.,0.));
#1098 = ORIENTED_EDGE('',*,*,#160,.F.);
#1099 = PLANE('',#1100);
#1100 = AXIS2_PLACEMENT_3D('',#1101,#1102,#1103);
#1101 = CARTESIAN_POINT('',(172.,190.75,6.));
#1102 = DIRECTION('',(1.,0.,0.));
#1103 = DIRECTION('',(0.,0.,-1.));
#1104 = ADVANCED_FACE('',(#1105),#1116,.F.);
#1105 = FACE_BOUND('',#1106,.F.);
#1106 = EDGE_LOOP('',(#1107,#1108,#1114,#1115));
#1107 = ORIENTED_EDGE('',*,*,#1069,.F.);
#1108 = ORIENTED_EDGE('',*,*,#1109,.T.);
#1109 = EDGE_CURVE('',#1062,#1086,#1110,.T.);
#1110 = LINE('',#1111,#1112);
#1111 = CARTESIAN_POINT('',(28.,190.35,6.));
#1112 = VECTOR('',#1113,1.);
#1113 = DIRECTION('',(1.,0.,0.));
#1114 = ORIENTED_EDGE('',*,*,#1093,.T.);
#1115 = ORIENTED_EDGE('',*,*,#168,.F.);
#1116 = PLANE('',#1117);
#1117 = AXIS2_PLACEMENT_3D('',#1118,#1119,#1120);
#1118 = CARTESIAN_POINT('',(28.,190.75,6.));
#1119 = DIRECTION('',(0.,0.,-1.));
#1120 = DIRECTION('',(1.,0.,0.));
#1121 = ADVANCED_FACE('',(#1122),#1141,.F.);
#1122 = FACE_BOUND('',#1123,.F.);
#1123 = EDGE_LOOP('',(#1124,#1125,#1133,#1140));
#1124 = ORIENTED_EDGE('',*,*,#184,.T.);
#1125 = ORIENTED_EDGE('',*,*,#1126,.T.);
#1126 = EDGE_CURVE('',#185,#1127,#1129,.T.);
#1127 = VERTEX_POINT('',#1128);
#1128 = CARTESIAN_POINT('',(161.8,181.55,14.));
#1129 = LINE('',#1130,#1131);
#1130 = CARTESIAN_POINT('',(161.8,192.75,14.));
#1131 = VECTOR('',#1132,1.);
#1132 = DIRECTION('',(0.,-1.,-2.22044604925E-16));
#1133 = ORIENTED_EDGE('',*,*,#1134,.F.);
#1134 = EDGE_CURVE('',#1127,#1127,#1135,.T.);
#1135 = CIRCLE('',#1136,1.8);
#1136 = AXIS2_PLACEMENT_3D('',#1137,#1138,#1139);
#1137 = CARTESIAN_POINT('',(160.,181.55,14.));
#1138 = DIRECTION('',(0.,-1.,-2.22044604925E-16));
#1139 = DIRECTION('',(1.,0.,0.));
#1140 = ORIENTED_EDGE('',*,*,#1126,.F.);
#1141 = CYLINDRICAL_SURFACE('',#1142,1.8);
#1142 = AXIS2_PLACEMENT_3D('',#1143,#1144,#1145);
#1143 = CARTESIAN_POINT('',(160.,192.75,14.));
#1144 = DIRECTION('',(0.,-1.,-2.22044604925E-16));
#1145 = DIRECTION('',(1.,0.,0.));
#1146 = ADVANCED_FACE('',(#1147),#1166,.F.);
#1147 = FACE_BOUND('',#1148,.F.);
#1148 = EDGE_LOOP('',(#1149,#1150,#1158,#1165));
#1149 = ORIENTED_EDGE('',*,*,#195,.T.);
#1150 = ORIENTED_EDGE('',*,*,#1151,.T.);
#1151 = EDGE_CURVE('',#196,#1152,#1154,.T.);
#1152 = VERTEX_POINT('',#1153);
#1153 = CARTESIAN_POINT('',(41.8,181.55,14.));
#1154 = LINE('',#1155,#1156);
#1155 = CARTESIAN_POINT('',(41.8,192.75,14.));
#1156 = VECTOR('',#1157,1.);
#1157 = DIRECTION('',(0.,-1.,-2.22044604925E-16));
#1158 = ORIENTED_EDGE('',*,*,#1159,.F.);
#1159 = EDGE_CURVE('',#1152,#1152,#1160,.T.);
#1160 = CIRCLE('',#1161,1.8);
#1161 = AXIS2_PLACEMENT_3D('',#1162,#1163,#1164);
#1162 = CARTESIAN_POINT('',(40.,181.55,14.));
#1163 = DIRECTION('',(0.,-1.,-2.22044604925E-16));
#1164 = DIRECTION('',(1.,0.,0.));
#1165 = ORIENTED_EDGE('',*,*,#1151,.F.);
#1166 = CYLINDRICAL_SURFACE('',#1167,1.8);
#1167 = AXIS2_PLACEMENT_3D('',#1168,#1169,#1170);
#1168 = CARTESIAN_POINT('',(40.,192.75,14.));
#1169 = DIRECTION('',(0.,-1.,-2.22044604925E-16));
#1170 = DIRECTION('',(1.,0.,0.));
#1171 = ADVANCED_FACE('',(#1172),#1191,.F.);
#1172 = FACE_BOUND('',#1173,.F.);
#1173 = EDGE_LOOP('',(#1174,#1183,#1189,#1190));
#1174 = ORIENTED_EDGE('',*,*,#1175,.F.);
#1175 = EDGE_CURVE('',#1176,#1176,#1178,.T.);
#1176 = VERTEX_POINT('',#1177);
#1177 = CARTESIAN_POINT('',(11.5,145.95,2.));
#1178 = CIRCLE('',#1179,1.8);
#1179 = AXIS2_PLACEMENT_3D('',#1180,#1181,#1182);
#1180 = CARTESIAN_POINT('',(11.5,147.75,2.));
#1181 = DIRECTION('',(0.,-2.22044604925E-16,1.));
#1182 = DIRECTION('',(0.,-1.,-2.22044604925E-16));
#1183 = ORIENTED_EDGE('',*,*,#1184,.F.);
#1184 = EDGE_CURVE('',#231,#1176,#1185,.T.);
#1185 = LINE('',#1186,#1187);
#1186 = CARTESIAN_POINT('',(11.5,145.95,-0.1));
#1187 = VECTOR('',#1188,1.);
#1188 = DIRECTION('',(0.,-2.22044604925E-16,1.));
#1189 = ORIENTED_EDGE('',*,*,#230,.T.);
#1190 = ORIENTED_EDGE('',*,*,#1184,.T.);
#1191 = CYLINDRICAL_SURFACE('',#1192,1.8);
#1192 = AXIS2_PLACEMENT_3D('',#1193,#1194,#1195);
#1193 = CARTESIAN_POINT('',(11.5,147.75,-0.1));
#1194 = DIRECTION('',(0.,-2.22044604925E-16,1.));
#1195 = DIRECTION('',(0.,-1.,-2.22044604925E-16));
#1196 = ADVANCED_FACE('',(#1197),#1216,.F.);
#1197 = FACE_BOUND('',#1198,.F.);
#1198 = EDGE_LOOP('',(#1199,#1208,#1214,#1215));
#1199 = ORIENTED_EDGE('',*,*,#1200,.F.);
#1200 = EDGE_CURVE('',#1201,#1201,#1203,.T.);
#1201 = VERTEX_POINT('',#1202);
#1202 = CARTESIAN_POINT('',(188.5,145.95,2.));
#1203 = CIRCLE('',#1204,1.8);
#1204 = AXIS2_PLACEMENT_3D('',#1205,#1206,#1207);
#1205 = CARTESIAN_POINT('',(188.5,147.75,2.));
#1206 = DIRECTION('',(0.,-2.22044604925E-16,1.));
#1207 = DIRECTION('',(0.,-1.,-2.22044604925E-16));
#1208 = ORIENTED_EDGE('',*,*,#1209,.F.);
#1209 = EDGE_CURVE('',#242,#1201,#1210,.T.);
#1210 = LINE('',#1211,#1212);
#1211 = CARTESIAN_POINT('',(188.5,145.95,-0.1));
#1212 = VECTOR('',#1213,1.);
#1213 = DIRECTION('',(0.,-2.22044604925E-16,1.));
#1214 = ORIENTED_EDGE('',*,*,#241,.T.);
#1215 = ORIENTED_EDGE('',*,*,#1209,.T.);
#1216 = CYLINDRICAL_SURFACE('',#1217,1.8);
#1217 = AXIS2_PLACEMENT_3D('',#1218,#1219,#1220);
#1218 = CARTESIAN_POINT('',(188.5,147.75,-0.1));
#1219 = DIRECTION('',(0.,-2.22044604925E-16,1.));
#1220 = DIRECTION('',(0.,-1.,-2.22044604925E-16));
#1221 = ADVANCED_FACE('',(#1222),#1246,.T.);
#1222 = FACE_BOUND('',#1223,.T.);
#1223 = EDGE_LOOP('',(#1224,#1230,#1231,#1232,#1233,#1234,#1235,#1236,
    #1237,#1238,#1239,#1245));
#1224 = ORIENTED_EDGE('',*,*,#1225,.F.);
#1225 = EDGE_CURVE('',#438,#253,#1226,.T.);
#1226 = LINE('',#1227,#1228);
#1227 = CARTESIAN_POINT('',(176.,173.75,9.));
#1228 = VECTOR('',#1229,1.);
#1229 = DIRECTION('',(0.,0.,-1.));
#1230 = ORIENTED_EDGE('',*,*,#445,.T.);
#1231 = ORIENTED_EDGE('',*,*,#892,.T.);
#1232 = ORIENTED_EDGE('',*,*,#939,.F.);
#1233 = ORIENTED_EDGE('',*,*,#1015,.F.);
#1234 = ORIENTED_EDGE('',*,*,#996,.T.);
#1235 = ORIENTED_EDGE('',*,*,#916,.T.);
#1236 = ORIENTED_EDGE('',*,*,#826,.F.);
#1237 = ORIENTED_EDGE('',*,*,#810,.F.);
#1238 = ORIENTED_EDGE('',*,*,#413,.T.);
#1239 = ORIENTED_EDGE('',*,*,#1240,.T.);
#1240 = EDGE_CURVE('',#414,#255,#1241,.T.);
#1241 = LINE('',#1242,#1243);
#1242 = CARTESIAN_POINT('',(24.,173.75,9.));
#1243 = VECTOR('',#1244,1.);
#1244 = DIRECTION('',(0.,0.,-1.));
#1245 = ORIENTED_EDGE('',*,*,#252,.F.);
#1246 = PLANE('',#1247);
#1247 = AXIS2_PLACEMENT_3D('',#1248,#1249,#1250);
#1248 = CARTESIAN_POINT('',(100.,173.75,6.531914893617));
#1249 = DIRECTION('',(0.,-1.,-2.22044604925E-16));
#1250 = DIRECTION('',(1.,0.,0.));
#1251 = ADVANCED_FACE('',(#1252),#1263,.F.);
#1252 = FACE_BOUND('',#1253,.F.);
#1253 = EDGE_LOOP('',(#1254,#1255,#1256,#1262));
#1254 = ORIENTED_EDGE('',*,*,#1225,.F.);
#1255 = ORIENTED_EDGE('',*,*,#437,.T.);
#1256 = ORIENTED_EDGE('',*,*,#1257,.T.);
#1257 = EDGE_CURVE('',#430,#271,#1258,.T.);
#1258 = LINE('',#1259,#1260);
#1259 = CARTESIAN_POINT('',(176.,15.75,9.));
#1260 = VECTOR('',#1261,1.);
#1261 = DIRECTION('',(0.,0.,-1.));
#1262 = ORIENTED_EDGE('',*,*,#278,.F.);
#1263 = PLANE('',#1264);
#1264 = AXIS2_PLACEMENT_3D('',#1265,#1266,#1267);
#1265 = CARTESIAN_POINT('',(176.,173.75,9.));
#1266 = DIRECTION('',(1.,0.,0.));
#1267 = DIRECTION('',(0.,0.,-1.));
#1268 = ADVANCED_FACE('',(#1269),#1280,.T.);
#1269 = FACE_BOUND('',#1270,.T.);
#1270 = EDGE_LOOP('',(#1271,#1272,#1273,#1279));
#1271 = ORIENTED_EDGE('',*,*,#1240,.F.);
#1272 = ORIENTED_EDGE('',*,*,#421,.T.);
#1273 = ORIENTED_EDGE('',*,*,#1274,.T.);
#1274 = EDGE_CURVE('',#422,#263,#1275,.T.);
#1275 = LINE('',#1276,#1277);
#1276 = CARTESIAN_POINT('',(24.,15.75,9.));
#1277 = VECTOR('',#1278,1.);
#1278 = DIRECTION('',(0.,0.,-1.));
#1279 = ORIENTED_EDGE('',*,*,#262,.F.);
#1280 = PLANE('',#1281);
#1281 = AXIS2_PLACEMENT_3D('',#1282,#1283,#1284);
#1282 = CARTESIAN_POINT('',(24.,173.75,9.));
#1283 = DIRECTION('',(1.,0.,0.));
#1284 = DIRECTION('',(0.,0.,-1.));
#1285 = ADVANCED_FACE('',(#1286),#1292,.F.);
#1286 = FACE_BOUND('',#1287,.F.);
#1287 = EDGE_LOOP('',(#1288,#1289,#1290,#1291));
#1288 = ORIENTED_EDGE('',*,*,#1257,.F.);
#1289 = ORIENTED_EDGE('',*,*,#429,.T.);
#1290 = ORIENTED_EDGE('',*,*,#1274,.T.);
#1291 = ORIENTED_EDGE('',*,*,#270,.F.);
#1292 = PLANE('',#1293);
#1293 = AXIS2_PLACEMENT_3D('',#1294,#1295,#1296);
#1294 = CARTESIAN_POINT('',(24.,15.75,9.));
#1295 = DIRECTION('',(0.,-1.,0.));
#1296 = DIRECTION('',(0.,0.,-1.));
#1297 = ADVANCED_FACE('',(#1298),#1317,.F.);
#1298 = FACE_BOUND('',#1299,.F.);
#1299 = EDGE_LOOP('',(#1300,#1309,#1315,#1316));
#1300 = ORIENTED_EDGE('',*,*,#1301,.F.);
#1301 = EDGE_CURVE('',#1302,#1302,#1304,.T.);
#1302 = VERTEX_POINT('',#1303);
#1303 = CARTESIAN_POINT('',(11.5,41.95,2.));
#1304 = CIRCLE('',#1305,1.8);
#1305 = AXIS2_PLACEMENT_3D('',#1306,#1307,#1308);
#1306 = CARTESIAN_POINT('',(11.5,43.75,2.));
#1307 = DIRECTION('',(0.,-2.22044604925E-16,1.));
#1308 = DIRECTION('',(0.,-1.,-2.22044604925E-16));
#1309 = ORIENTED_EDGE('',*,*,#1310,.F.);
#1310 = EDGE_CURVE('',#287,#1302,#1311,.T.);
#1311 = LINE('',#1312,#1313);
#1312 = CARTESIAN_POINT('',(11.5,41.95,-0.1));
#1313 = VECTOR('',#1314,1.);
#1314 = DIRECTION('',(0.,-2.22044604925E-16,1.));
#1315 = ORIENTED_EDGE('',*,*,#286,.T.);
#1316 = ORIENTED_EDGE('',*,*,#1310,.T.);
#1317 = CYLINDRICAL_SURFACE('',#1318,1.8);
#1318 = AXIS2_PLACEMENT_3D('',#1319,#1320,#1321);
#1319 = CARTESIAN_POINT('',(11.5,43.75,-0.1));
#1320 = DIRECTION('',(0.,-2.22044604925E-16,1.));
#1321 = DIRECTION('',(0.,-1.,-2.22044604925E-16));
#1322 = ADVANCED_FACE('',(#1323),#1342,.F.);
#1323 = FACE_BOUND('',#1324,.F.);
#1324 = EDGE_LOOP('',(#1325,#1334,#1340,#1341));
#1325 = ORIENTED_EDGE('',*,*,#1326,.F.);
#1326 = EDGE_CURVE('',#1327,#1327,#1329,.T.);
#1327 = VERTEX_POINT('',#1328);
#1328 = CARTESIAN_POINT('',(188.5,41.95,2.));
#1329 = CIRCLE('',#1330,1.8);
#1330 = AXIS2_PLACEMENT_3D('',#1331,#1332,#1333);
#1331 = CARTESIAN_POINT('',(188.5,43.75,2.));
#1332 = DIRECTION('',(0.,-2.22044604925E-16,1.));
#1333 = DIRECTION('',(0.,-1.,-2.22044604925E-16));
#1334 = ORIENTED_EDGE('',*,*,#1335,.F.);
#1335 = EDGE_CURVE('',#298,#1327,#1336,.T.);
#1336 = LINE('',#1337,#1338);
#1337 = CARTESIAN_POINT('',(188.5,41.95,-0.1));
#1338 = VECTOR('',#1339,1.);
#1339 = DIRECTION('',(0.,-2.22044604925E-16,1.));
#1340 = ORIENTED_EDGE('',*,*,#297,.T.);
#1341 = ORIENTED_EDGE('',*,*,#1335,.T.);
#1342 = CYLINDRICAL_SURFACE('',#1343,1.8);
#1343 = AXIS2_PLACEMENT_3D('',#1344,#1345,#1346);
#1344 = CARTESIAN_POINT('',(188.5,43.75,-0.1));
#1345 = DIRECTION('',(0.,-2.22044604925E-16,1.));
#1346 = DIRECTION('',(0.,-1.,-2.22044604925E-16));
#1347 = ADVANCED_FACE('',(#1348),#1366,.T.);
#1348 = FACE_BOUND('',#1349,.T.);
#1349 = EDGE_LOOP('',(#1350,#1358,#1364,#1365));
#1350 = ORIENTED_EDGE('',*,*,#1351,.F.);
#1351 = EDGE_CURVE('',#1352,#381,#1354,.T.);
#1352 = VERTEX_POINT('',#1353);
#1353 = CARTESIAN_POINT('',(1.75,171.75,4.));
#1354 = LINE('',#1355,#1356);
#1355 = CARTESIAN_POINT('',(1.75,171.75,4.));
#1356 = VECTOR('',#1357,1.);
#1357 = DIRECTION('',(0.,-1.,-2.22044604925E-16));
#1358 = ORIENTED_EDGE('',*,*,#1359,.T.);
#1359 = EDGE_CURVE('',#1352,#499,#1360,.T.);
#1360 = LINE('',#1361,#1362);
#1361 = CARTESIAN_POINT('',(1.75,171.75,4.));
#1362 = VECTOR('',#1363,1.);
#1363 = DIRECTION('',(0.,-2.22044604925E-16,1.));
#1364 = ORIENTED_EDGE('',*,*,#506,.T.);
#1365 = ORIENTED_EDGE('',*,*,#388,.F.);
#1366 = PLANE('',#1367);
#1367 = AXIS2_PLACEMENT_3D('',#1368,#1369,#1370);
#1368 = CARTESIAN_POINT('',(1.75,171.75,4.));
#1369 = DIRECTION('',(1.,0.,0.));
#1370 = DIRECTION('',(0.,-1.,-2.22044604925E-16));
#1371 = ADVANCED_FACE('',(#1372),#1390,.T.);
#1372 = FACE_BOUND('',#1373,.T.);
#1373 = EDGE_LOOP('',(#1374,#1382,#1388,#1389));
#1374 = ORIENTED_EDGE('',*,*,#1375,.F.);
#1375 = EDGE_CURVE('',#1376,#373,#1378,.T.);
#1376 = VERTEX_POINT('',#1377);
#1377 = CARTESIAN_POINT('',(6.25,171.75,4.));
#1378 = LINE('',#1379,#1380);
#1379 = CARTESIAN_POINT('',(6.25,171.75,4.));
#1380 = VECTOR('',#1381,1.);
#1381 = DIRECTION('',(0.,-1.,-2.22044604925E-16));
#1382 = ORIENTED_EDGE('',*,*,#1383,.F.);
#1383 = EDGE_CURVE('',#1352,#1376,#1384,.T.);
#1384 = LINE('',#1385,#1386);
#1385 = CARTESIAN_POINT('',(1.75,171.75,4.));
#1386 = VECTOR('',#1387,1.);
#1387 = DIRECTION('',(1.,0.,0.));
#1388 = ORIENTED_EDGE('',*,*,#1351,.T.);
#1389 = ORIENTED_EDGE('',*,*,#380,.F.);
#1390 = PLANE('',#1391);
#1391 = AXIS2_PLACEMENT_3D('',#1392,#1393,#1394);
#1392 = CARTESIAN_POINT('',(1.75,171.75,4.));
#1393 = DIRECTION('',(0.,-2.22044604925E-16,1.));
#1394 = DIRECTION('',(0.,-1.,-2.22044604925E-16));
#1395 = ADVANCED_FACE('',(#1396),#1407,.F.);
#1396 = FACE_BOUND('',#1397,.F.);
#1397 = EDGE_LOOP('',(#1398,#1399,#1405,#1406));
#1398 = ORIENTED_EDGE('',*,*,#1375,.F.);
#1399 = ORIENTED_EDGE('',*,*,#1400,.T.);
#1400 = EDGE_CURVE('',#1376,#491,#1401,.T.);
#1401 = LINE('',#1402,#1403);
#1402 = CARTESIAN_POINT('',(6.25,171.75,4.));
#1403 = VECTOR('',#1404,1.);
#1404 = DIRECTION('',(0.,-2.22044604925E-16,1.));
#1405 = ORIENTED_EDGE('',*,*,#490,.T.);
#1406 = ORIENTED_EDGE('',*,*,#372,.F.);
#1407 = PLANE('',#1408);
#1408 = AXIS2_PLACEMENT_3D('',#1409,#1410,#1411);
#1409 = CARTESIAN_POINT('',(6.25,171.75,4.));
#1410 = DIRECTION('',(1.,0.,0.));
#1411 = DIRECTION('',(0.,-1.,-2.22044604925E-16));
#1412 = ADVANCED_FACE('',(#1413),#1431,.T.);
#1413 = FACE_BOUND('',#1414,.T.);
#1414 = EDGE_LOOP('',(#1415,#1423,#1429,#1430));
#1415 = ORIENTED_EDGE('',*,*,#1416,.F.);
#1416 = EDGE_CURVE('',#1417,#349,#1419,.T.);
#1417 = VERTEX_POINT('',#1418);
#1418 = CARTESIAN_POINT('',(193.75,171.75,4.));
#1419 = LINE('',#1420,#1421);
#1420 = CARTESIAN_POINT('',(193.75,171.75,4.));
#1421 = VECTOR('',#1422,1.);
#1422 = DIRECTION('',(0.,-1.,-2.22044604925E-16));
#1423 = ORIENTED_EDGE('',*,*,#1424,.T.);
#1424 = EDGE_CURVE('',#1417,#476,#1425,.T.);
#1425 = LINE('',#1426,#1427);
#1426 = CARTESIAN_POINT('',(193.75,171.75,4.));
#1427 = VECTOR('',#1428,1.);
#1428 = DIRECTION('',(0.,-2.22044604925E-16,1.));
#1429 = ORIENTED_EDGE('',*,*,#483,.T.);
#1430 = ORIENTED_EDGE('',*,*,#356,.F.);
#1431 = PLANE('',#1432);
#1432 = AXIS2_PLACEMENT_3D('',#1433,#1434,#1435);
#1433 = CARTESIAN_POINT('',(193.75,171.75,4.));
#1434 = DIRECTION('',(1.,0.,0.));
#1435 = DIRECTION('',(0.,-1.,-2.22044604925E-16));
#1436 = ADVANCED_FACE('',(#1437),#1455,.T.);
#1437 = FACE_BOUND('',#1438,.T.);
#1438 = EDGE_LOOP('',(#1439,#1447,#1453,#1454));
#1439 = ORIENTED_EDGE('',*,*,#1440,.F.);
#1440 = EDGE_CURVE('',#1441,#341,#1443,.T.);
#1441 = VERTEX_POINT('',#1442);
#1442 = CARTESIAN_POINT('',(198.25,171.75,4.));
#1443 = LINE('',#1444,#1445);
#1444 = CARTESIAN_POINT('',(198.25,171.75,4.));
#1445 = VECTOR('',#1446,1.);
#1446 = DIRECTION('',(0.,-1.,-2.22044604925E-16));
#1447 = ORIENTED_EDGE('',*,*,#1448,.F.);
#1448 = EDGE_CURVE('',#1417,#1441,#1449,.T.);
#1449 = LINE('',#1450,#1451);
#1450 = CARTESIAN_POINT('',(193.75,171.75,4.));
#1451 = VECTOR('',#1452,1.);
#1452 = DIRECTION('',(1.,0.,0.));
#1453 = ORIENTED_EDGE('',*,*,#1416,.T.);
#1454 = ORIENTED_EDGE('',*,*,#348,.F.);
#1455 = PLANE('',#1456);
#1456 = AXIS2_PLACEMENT_3D('',#1457,#1458,#1459);
#1457 = CARTESIAN_POINT('',(193.75,171.75,4.));
#1458 = DIRECTION('',(0.,-2.22044604925E-16,1.));
#1459 = DIRECTION('',(0.,-1.,-2.22044604925E-16));
#1460 = ADVANCED_FACE('',(#1461),#1472,.F.);
#1461 = FACE_BOUND('',#1462,.F.);
#1462 = EDGE_LOOP('',(#1463,#1464,#1470,#1471));
#1463 = ORIENTED_EDGE('',*,*,#1440,.F.);
#1464 = ORIENTED_EDGE('',*,*,#1465,.T.);
#1465 = EDGE_CURVE('',#1441,#468,#1466,.T.);
#1466 = LINE('',#1467,#1468);
#1467 = CARTESIAN_POINT('',(198.25,171.75,4.));
#1468 = VECTOR('',#1469,1.);
#1469 = DIRECTION('',(0.,-2.22044604925E-16,1.));
#1470 = ORIENTED_EDGE('',*,*,#467,.T.);
#1471 = ORIENTED_EDGE('',*,*,#340,.F.);
#1472 = PLANE('',#1473);
#1473 = AXIS2_PLACEMENT_3D('',#1474,#1475,#1476);
#1474 = CARTESIAN_POINT('',(198.25,171.75,4.));
#1475 = DIRECTION('',(1.,0.,0.));
#1476 = DIRECTION('',(0.,-1.,-2.22044604925E-16));
#1477 = ADVANCED_FACE('',(#1478),#1484,.T.);
#1478 = FACE_BOUND('',#1479,.T.);
#1479 = EDGE_LOOP('',(#1480,#1481,#1482,#1483));
#1480 = ORIENTED_EDGE('',*,*,#1359,.F.);
#1481 = ORIENTED_EDGE('',*,*,#1383,.T.);
#1482 = ORIENTED_EDGE('',*,*,#1400,.T.);
#1483 = ORIENTED_EDGE('',*,*,#498,.F.);
#1484 = PLANE('',#1485);
#1485 = AXIS2_PLACEMENT_3D('',#1486,#1487,#1488);
#1486 = CARTESIAN_POINT('',(1.75,171.75,4.));
#1487 = DIRECTION('',(0.,-1.,-2.22044604925E-16));
#1488 = DIRECTION('',(1.,0.,0.));
#1489 = ADVANCED_FACE('',(#1490),#1496,.T.);
#1490 = FACE_BOUND('',#1491,.T.);
#1491 = EDGE_LOOP('',(#1492,#1493,#1494,#1495));
#1492 = ORIENTED_EDGE('',*,*,#1424,.F.);
#1493 = ORIENTED_EDGE('',*,*,#1448,.T.);
#1494 = ORIENTED_EDGE('',*,*,#1465,.T.);
#1495 = ORIENTED_EDGE('',*,*,#475,.F.);
#1496 = PLANE('',#1497);
#1497 = AXIS2_PLACEMENT_3D('',#1498,#1499,#1500);
#1498 = CARTESIAN_POINT('',(193.75,171.75,4.));
#1499 = DIRECTION('',(0.,-1.,-2.22044604925E-16));
#1500 = DIRECTION('',(1.,0.,0.));
#1501 = ADVANCED_FACE('',(#1502),#1527,.T.);
#1502 = FACE_BOUND('',#1503,.T.);
#1503 = EDGE_LOOP('',(#1504,#1514,#1520,#1521));
#1504 = ORIENTED_EDGE('',*,*,#1505,.F.);
#1505 = EDGE_CURVE('',#1506,#1508,#1510,.T.);
#1506 = VERTEX_POINT('',#1507);
#1507 = CARTESIAN_POINT('',(14.45,146.04681670589,2.));
#1508 = VERTEX_POINT('',#1509);
#1509 = CARTESIAN_POINT('',(14.45,149.4531832941,2.));
#1510 = LINE('',#1511,#1512);
#1511 = CARTESIAN_POINT('',(14.45,146.04681670589,2.));
#1512 = VECTOR('',#1513,1.);
#1513 = DIRECTION('',(2.607407032384E-16,1.,4.440892098501E-16));
#1514 = ORIENTED_EDGE('',*,*,#1515,.T.);
#1515 = EDGE_CURVE('',#1506,#515,#1516,.T.);
#1516 = LINE('',#1517,#1518);
#1517 = CARTESIAN_POINT('',(14.45,146.04681670589,2.));
#1518 = VECTOR('',#1519,1.);
#1519 = DIRECTION('',(0.,-4.440892098501E-16,1.));
#1520 = ORIENTED_EDGE('',*,*,#514,.T.);
#1521 = ORIENTED_EDGE('',*,*,#1522,.F.);
#1522 = EDGE_CURVE('',#1508,#517,#1523,.T.);
#1523 = LINE('',#1524,#1525);
#1524 = CARTESIAN_POINT('',(14.45,149.4531832941,2.));
#1525 = VECTOR('',#1526,1.);
#1526 = DIRECTION('',(0.,-4.440892098501E-16,1.));
#1527 = PLANE('',#1528);
#1528 = AXIS2_PLACEMENT_3D('',#1529,#1530,#1531);
#1529 = CARTESIAN_POINT('',(14.45,146.04681670589,2.));
#1530 = DIRECTION('',(-1.,2.607407032384E-16,1.157921328769E-31));
#1531 = DIRECTION('',(2.607407032384E-16,1.,4.440892098501E-16));
#1532 = ADVANCED_FACE('',(#1533),#1551,.T.);
#1533 = FACE_BOUND('',#1534,.T.);
#1534 = EDGE_LOOP('',(#1535,#1543,#1549,#1550));
#1535 = ORIENTED_EDGE('',*,*,#1536,.F.);
#1536 = EDGE_CURVE('',#1537,#1506,#1539,.T.);
#1537 = VERTEX_POINT('',#1538);
#1538 = CARTESIAN_POINT('',(11.5,144.34363341178,2.));
#1539 = LINE('',#1540,#1541);
#1540 = CARTESIAN_POINT('',(11.5,144.34363341178,2.));
#1541 = VECTOR('',#1542,1.);
#1542 = DIRECTION('',(0.866025403784,0.5,2.22044604925E-16));
#1543 = ORIENTED_EDGE('',*,*,#1544,.T.);
#1544 = EDGE_CURVE('',#1537,#549,#1545,.T.);
#1545 = LINE('',#1546,#1547);
#1546 = CARTESIAN_POINT('',(11.5,144.34363341178,2.));
#1547 = VECTOR('',#1548,1.);
#1548 = DIRECTION('',(0.,-4.440892098501E-16,1.));
#1549 = ORIENTED_EDGE('',*,*,#556,.T.);
#1550 = ORIENTED_EDGE('',*,*,#1515,.F.);
#1551 = PLANE('',#1552);
#1552 = AXIS2_PLACEMENT_3D('',#1553,#1554,#1555);
#1553 = CARTESIAN_POINT('',(11.5,144.34363341178,2.));
#1554 = DIRECTION('',(-0.5,0.866025403784,3.845925372767E-16));
#1555 = DIRECTION('',(0.866025403784,0.5,2.22044604925E-16));
#1556 = ADVANCED_FACE('',(#1557),#1575,.T.);
#1557 = FACE_BOUND('',#1558,.T.);
#1558 = EDGE_LOOP('',(#1559,#1567,#1568,#1569));
#1559 = ORIENTED_EDGE('',*,*,#1560,.F.);
#1560 = EDGE_CURVE('',#1508,#1561,#1563,.T.);
#1561 = VERTEX_POINT('',#1562);
#1562 = CARTESIAN_POINT('',(11.5,151.15636658821,2.));
#1563 = LINE('',#1564,#1565);
#1564 = CARTESIAN_POINT('',(14.45,149.4531832941,2.));
#1565 = VECTOR('',#1566,1.);
#1566 = DIRECTION('',(-0.866025403784,0.5,2.22044604925E-16));
#1567 = ORIENTED_EDGE('',*,*,#1522,.T.);
#1568 = ORIENTED_EDGE('',*,*,#524,.T.);
#1569 = ORIENTED_EDGE('',*,*,#1570,.F.);
#1570 = EDGE_CURVE('',#1561,#525,#1571,.T.);
#1571 = LINE('',#1572,#1573);
#1572 = CARTESIAN_POINT('',(11.5,151.15636658821,2.));
#1573 = VECTOR('',#1574,1.);
#1574 = DIRECTION('',(0.,-4.440892098501E-16,1.));
#1575 = PLANE('',#1576);
#1576 = AXIS2_PLACEMENT_3D('',#1577,#1578,#1579);
#1577 = CARTESIAN_POINT('',(14.45,149.4531832941,2.));
#1578 = DIRECTION('',(-0.5,-0.866025403784,-3.845925372767E-16));
#1579 = DIRECTION('',(-0.866025403784,0.5,2.22044604925E-16));
#1580 = ADVANCED_FACE('',(#1581),#1599,.T.);
#1581 = FACE_BOUND('',#1582,.T.);
#1582 = EDGE_LOOP('',(#1583,#1591,#1597,#1598));
#1583 = ORIENTED_EDGE('',*,*,#1584,.F.);
#1584 = EDGE_CURVE('',#1585,#1537,#1587,.T.);
#1585 = VERTEX_POINT('',#1586);
#1586 = CARTESIAN_POINT('',(8.55,146.04681670589,2.));
#1587 = LINE('',#1588,#1589);
#1588 = CARTESIAN_POINT('',(8.55,146.04681670589,2.));
#1589 = VECTOR('',#1590,1.);
#1590 = DIRECTION('',(0.866025403784,-0.5,-2.22044604925E-16));
#1591 = ORIENTED_EDGE('',*,*,#1592,.T.);
#1592 = EDGE_CURVE('',#1585,#541,#1593,.T.);
#1593 = LINE('',#1594,#1595);
#1594 = CARTESIAN_POINT('',(8.55,146.04681670589,2.));
#1595 = VECTOR('',#1596,1.);
#1596 = DIRECTION('',(0.,-4.440892098501E-16,1.));
#1597 = ORIENTED_EDGE('',*,*,#548,.T.);
#1598 = ORIENTED_EDGE('',*,*,#1544,.F.);
#1599 = PLANE('',#1600);
#1600 = AXIS2_PLACEMENT_3D('',#1601,#1602,#1603);
#1601 = CARTESIAN_POINT('',(8.55,146.04681670589,2.));
#1602 = DIRECTION('',(0.5,0.866025403784,3.845925372767E-16));
#1603 = DIRECTION('',(0.866025403784,-0.5,-2.22044604925E-16));
#1604 = ADVANCED_FACE('',(#1605),#1623,.T.);
#1605 = FACE_BOUND('',#1606,.T.);
#1606 = EDGE_LOOP('',(#1607,#1615,#1616,#1617));
#1607 = ORIENTED_EDGE('',*,*,#1608,.F.);
#1608 = EDGE_CURVE('',#1561,#1609,#1611,.T.);
#1609 = VERTEX_POINT('',#1610);
#1610 = CARTESIAN_POINT('',(8.55,149.4531832941,2.));
#1611 = LINE('',#1612,#1613);
#1612 = CARTESIAN_POINT('',(11.5,151.15636658821,2.));
#1613 = VECTOR('',#1614,1.);
#1614 = DIRECTION('',(-0.866025403784,-0.5,-2.22044604925E-16));
#1615 = ORIENTED_EDGE('',*,*,#1570,.T.);
#1616 = ORIENTED_EDGE('',*,*,#532,.T.);
#1617 = ORIENTED_EDGE('',*,*,#1618,.F.);
#1618 = EDGE_CURVE('',#1609,#533,#1619,.T.);
#1619 = LINE('',#1620,#1621);
#1620 = CARTESIAN_POINT('',(8.55,149.4531832941,2.));
#1621 = VECTOR('',#1622,1.);
#1622 = DIRECTION('',(0.,-4.440892098501E-16,1.));
#1623 = PLANE('',#1624);
#1624 = AXIS2_PLACEMENT_3D('',#1625,#1626,#1627);
#1625 = CARTESIAN_POINT('',(11.5,151.15636658821,2.));
#1626 = DIRECTION('',(0.5,-0.866025403784,-3.845925372767E-16));
#1627 = DIRECTION('',(-0.866025403784,-0.5,-2.22044604925E-16));
#1628 = ADVANCED_FACE('',(#1629),#1640,.T.);
#1629 = FACE_BOUND('',#1630,.T.);
#1630 = EDGE_LOOP('',(#1631,#1637,#1638,#1639));
#1631 = ORIENTED_EDGE('',*,*,#1632,.F.);
#1632 = EDGE_CURVE('',#1609,#1585,#1633,.T.);
#1633 = LINE('',#1634,#1635);
#1634 = CARTESIAN_POINT('',(8.55,149.4531832941,2.));
#1635 = VECTOR('',#1636,1.);
#1636 = DIRECTION('',(1.303703516192E-16,-1.,-4.440892098501E-16));
#1637 = ORIENTED_EDGE('',*,*,#1618,.T.);
#1638 = ORIENTED_EDGE('',*,*,#540,.T.);
#1639 = ORIENTED_EDGE('',*,*,#1592,.F.);
#1640 = PLANE('',#1641);
#1641 = AXIS2_PLACEMENT_3D('',#1642,#1643,#1644);
#1642 = CARTESIAN_POINT('',(8.55,149.4531832941,2.));
#1643 = DIRECTION('',(1.,1.303703516192E-16,5.789606643846E-32));
#1644 = DIRECTION('',(1.303703516192E-16,-1.,-4.440892098501E-16));
#1645 = ADVANCED_FACE('',(#1646),#1671,.T.);
#1646 = FACE_BOUND('',#1647,.T.);
#1647 = EDGE_LOOP('',(#1648,#1658,#1664,#1665));
#1648 = ORIENTED_EDGE('',*,*,#1649,.F.);
#1649 = EDGE_CURVE('',#1650,#1652,#1654,.T.);
#1650 = VERTEX_POINT('',#1651);
#1651 = CARTESIAN_POINT('',(191.45,146.04681670589,2.));
#1652 = VERTEX_POINT('',#1653);
#1653 = CARTESIAN_POINT('',(191.45,149.4531832941,2.));
#1654 = LINE('',#1655,#1656);
#1655 = CARTESIAN_POINT('',(191.45,146.04681670589,2.));
#1656 = VECTOR('',#1657,1.);
#1657 = DIRECTION('',(2.607407032384E-16,1.,4.440892098501E-16));
#1658 = ORIENTED_EDGE('',*,*,#1659,.T.);
#1659 = EDGE_CURVE('',#1650,#565,#1660,.T.);
#1660 = LINE('',#1661,#1662);
#1661 = CARTESIAN_POINT('',(191.45,146.04681670589,2.));
#1662 = VECTOR('',#1663,1.);
#1663 = DIRECTION('',(0.,-4.440892098501E-16,1.));
#1664 = ORIENTED_EDGE('',*,*,#564,.T.);
#1665 = ORIENTED_EDGE('',*,*,#1666,.F.);
#1666 = EDGE_CURVE('',#1652,#567,#1667,.T.);
#1667 = LINE('',#1668,#1669);
#1668 = CARTESIAN_POINT('',(191.45,149.4531832941,2.));
#1669 = VECTOR('',#1670,1.);
#1670 = DIRECTION('',(0.,-4.440892098501E-16,1.));
#1671 = PLANE('',#1672);
#1672 = AXIS2_PLACEMENT_3D('',#1673,#1674,#1675);
#1673 = CARTESIAN_POINT('',(191.45,146.04681670589,2.));
#1674 = DIRECTION('',(-1.,2.607407032384E-16,1.157921328769E-31));
#1675 = DIRECTION('',(2.607407032384E-16,1.,4.440892098501E-16));
#1676 = ADVANCED_FACE('',(#1677),#1695,.T.);
#1677 = FACE_BOUND('',#1678,.T.);
#1678 = EDGE_LOOP('',(#1679,#1687,#1693,#1694));
#1679 = ORIENTED_EDGE('',*,*,#1680,.F.);
#1680 = EDGE_CURVE('',#1681,#1650,#1683,.T.);
#1681 = VERTEX_POINT('',#1682);
#1682 = CARTESIAN_POINT('',(188.5,144.34363341178,2.));
#1683 = LINE('',#1684,#1685);
#1684 = CARTESIAN_POINT('',(188.5,144.34363341178,2.));
#1685 = VECTOR('',#1686,1.);
#1686 = DIRECTION('',(0.866025403784,0.5,2.22044604925E-16));
#1687 = ORIENTED_EDGE('',*,*,#1688,.T.);
#1688 = EDGE_CURVE('',#1681,#599,#1689,.T.);
#1689 = LINE('',#1690,#1691);
#1690 = CARTESIAN_POINT('',(188.5,144.34363341178,2.));
#1691 = VECTOR('',#1692,1.);
#1692 = DIRECTION('',(0.,-4.440892098501E-16,1.));
#1693 = ORIENTED_EDGE('',*,*,#606,.T.);
#1694 = ORIENTED_EDGE('',*,*,#1659,.F.);
#1695 = PLANE('',#1696);
#1696 = AXIS2_PLACEMENT_3D('',#1697,#1698,#1699);
#1697 = CARTESIAN_POINT('',(188.5,144.34363341178,2.));
#1698 = DIRECTION('',(-0.5,0.866025403784,3.845925372767E-16));
#1699 = DIRECTION('',(0.866025403784,0.5,2.22044604925E-16));
#1700 = ADVANCED_FACE('',(#1701),#1719,.T.);
#1701 = FACE_BOUND('',#1702,.T.);
#1702 = EDGE_LOOP('',(#1703,#1711,#1712,#1713));
#1703 = ORIENTED_EDGE('',*,*,#1704,.F.);
#1704 = EDGE_CURVE('',#1652,#1705,#1707,.T.);
#1705 = VERTEX_POINT('',#1706);
#1706 = CARTESIAN_POINT('',(188.5,151.15636658821,2.));
#1707 = LINE('',#1708,#1709);
#1708 = CARTESIAN_POINT('',(191.45,149.4531832941,2.));
#1709 = VECTOR('',#1710,1.);
#1710 = DIRECTION('',(-0.866025403784,0.5,2.22044604925E-16));
#1711 = ORIENTED_EDGE('',*,*,#1666,.T.);
#1712 = ORIENTED_EDGE('',*,*,#574,.T.);
#1713 = ORIENTED_EDGE('',*,*,#1714,.F.);
#1714 = EDGE_CURVE('',#1705,#575,#1715,.T.);
#1715 = LINE('',#1716,#1717);
#1716 = CARTESIAN_POINT('',(188.5,151.15636658821,2.));
#1717 = VECTOR('',#1718,1.);
#1718 = DIRECTION('',(0.,-4.440892098501E-16,1.));
#1719 = PLANE('',#1720);
#1720 = AXIS2_PLACEMENT_3D('',#1721,#1722,#1723);
#1721 = CARTESIAN_POINT('',(191.45,149.4531832941,2.));
#1722 = DIRECTION('',(-0.5,-0.866025403784,-3.845925372767E-16));
#1723 = DIRECTION('',(-0.866025403784,0.5,2.22044604925E-16));
#1724 = ADVANCED_FACE('',(#1725),#1743,.T.);
#1725 = FACE_BOUND('',#1726,.T.);
#1726 = EDGE_LOOP('',(#1727,#1735,#1741,#1742));
#1727 = ORIENTED_EDGE('',*,*,#1728,.F.);
#1728 = EDGE_CURVE('',#1729,#1681,#1731,.T.);
#1729 = VERTEX_POINT('',#1730);
#1730 = CARTESIAN_POINT('',(185.55,146.04681670589,2.));
#1731 = LINE('',#1732,#1733);
#1732 = CARTESIAN_POINT('',(185.55,146.04681670589,2.));
#1733 = VECTOR('',#1734,1.);
#1734 = DIRECTION('',(0.866025403784,-0.5,-2.22044604925E-16));
#1735 = ORIENTED_EDGE('',*,*,#1736,.T.);
#1736 = EDGE_CURVE('',#1729,#591,#1737,.T.);
#1737 = LINE('',#1738,#1739);
#1738 = CARTESIAN_POINT('',(185.55,146.04681670589,2.));
#1739 = VECTOR('',#1740,1.);
#1740 = DIRECTION('',(0.,-4.440892098501E-16,1.));
#1741 = ORIENTED_EDGE('',*,*,#598,.T.);
#1742 = ORIENTED_EDGE('',*,*,#1688,.F.);
#1743 = PLANE('',#1744);
#1744 = AXIS2_PLACEMENT_3D('',#1745,#1746,#1747);
#1745 = CARTESIAN_POINT('',(185.55,146.04681670589,2.));
#1746 = DIRECTION('',(0.5,0.866025403784,3.845925372767E-16));
#1747 = DIRECTION('',(0.866025403784,-0.5,-2.22044604925E-16));
#1748 = ADVANCED_FACE('',(#1749),#1767,.T.);
#1749 = FACE_BOUND('',#1750,.T.);
#1750 = EDGE_LOOP('',(#1751,#1759,#1760,#1761));
#1751 = ORIENTED_EDGE('',*,*,#1752,.F.);
#1752 = EDGE_CURVE('',#1705,#1753,#1755,.T.);
#1753 = VERTEX_POINT('',#1754);
#1754 = CARTESIAN_POINT('',(185.55,149.4531832941,2.));
#1755 = LINE('',#1756,#1757);
#1756 = CARTESIAN_POINT('',(188.5,151.15636658821,2.));
#1757 = VECTOR('',#1758,1.);
#1758 = DIRECTION('',(-0.866025403784,-0.5,-2.22044604925E-16));
#1759 = ORIENTED_EDGE('',*,*,#1714,.T.);
#1760 = ORIENTED_EDGE('',*,*,#582,.T.);
#1761 = ORIENTED_EDGE('',*,*,#1762,.F.);
#1762 = EDGE_CURVE('',#1753,#583,#1763,.T.);
#1763 = LINE('',#1764,#1765);
#1764 = CARTESIAN_POINT('',(185.55,149.4531832941,2.));
#1765 = VECTOR('',#1766,1.);
#1766 = DIRECTION('',(0.,-4.440892098501E-16,1.));
#1767 = PLANE('',#1768);
#1768 = AXIS2_PLACEMENT_3D('',#1769,#1770,#1771);
#1769 = CARTESIAN_POINT('',(188.5,151.15636658821,2.));
#1770 = DIRECTION('',(0.5,-0.866025403784,-3.845925372767E-16));
#1771 = DIRECTION('',(-0.866025403784,-0.5,-2.22044604925E-16));
#1772 = ADVANCED_FACE('',(#1773),#1784,.T.);
#1773 = FACE_BOUND('',#1774,.T.);
#1774 = EDGE_LOOP('',(#1775,#1781,#1782,#1783));
#1775 = ORIENTED_EDGE('',*,*,#1776,.F.);
#1776 = EDGE_CURVE('',#1753,#1729,#1777,.T.);
#1777 = LINE('',#1778,#1779);
#1778 = CARTESIAN_POINT('',(185.55,149.4531832941,2.));
#1779 = VECTOR('',#1780,1.);
#1780 = DIRECTION('',(1.303703516192E-16,-1.,-4.440892098501E-16));
#1781 = ORIENTED_EDGE('',*,*,#1762,.T.);
#1782 = ORIENTED_EDGE('',*,*,#590,.T.);
#1783 = ORIENTED_EDGE('',*,*,#1736,.F.);
#1784 = PLANE('',#1785);
#1785 = AXIS2_PLACEMENT_3D('',#1786,#1787,#1788);
#1786 = CARTESIAN_POINT('',(185.55,149.4531832941,2.));
#1787 = DIRECTION('',(1.,1.303703516192E-16,5.789606643846E-32));
#1788 = DIRECTION('',(1.303703516192E-16,-1.,-4.440892098501E-16));
#1789 = ADVANCED_FACE('',(#1790),#1815,.T.);
#1790 = FACE_BOUND('',#1791,.T.);
#1791 = EDGE_LOOP('',(#1792,#1802,#1808,#1809));
#1792 = ORIENTED_EDGE('',*,*,#1793,.F.);
#1793 = EDGE_CURVE('',#1794,#1796,#1798,.T.);
#1794 = VERTEX_POINT('',#1795);
#1795 = CARTESIAN_POINT('',(14.45,42.046816705891,2.));
#1796 = VERTEX_POINT('',#1797);
#1797 = CARTESIAN_POINT('',(14.45,45.453183294109,2.));
#1798 = LINE('',#1799,#1800);
#1799 = CARTESIAN_POINT('',(14.45,42.046816705891,2.));
#1800 = VECTOR('',#1801,1.);
#1801 = DIRECTION('',(2.607407032384E-16,1.,4.440892098501E-16));
#1802 = ORIENTED_EDGE('',*,*,#1803,.T.);
#1803 = EDGE_CURVE('',#1794,#615,#1804,.T.);
#1804 = LINE('',#1805,#1806);
#1805 = CARTESIAN_POINT('',(14.45,42.046816705891,2.));
#1806 = VECTOR('',#1807,1.);
#1807 = DIRECTION('',(0.,-4.440892098501E-16,1.));
#1808 = ORIENTED_EDGE('',*,*,#614,.T.);
#1809 = ORIENTED_EDGE('',*,*,#1810,.F.);
#1810 = EDGE_CURVE('',#1796,#617,#1811,.T.);
#1811 = LINE('',#1812,#1813);
#1812 = CARTESIAN_POINT('',(14.45,45.453183294109,2.));
#1813 = VECTOR('',#1814,1.);
#1814 = DIRECTION('',(0.,-4.440892098501E-16,1.));
#1815 = PLANE('',#1816);
#1816 = AXIS2_PLACEMENT_3D('',#1817,#1818,#1819);
#1817 = CARTESIAN_POINT('',(14.45,42.046816705891,2.));
#1818 = DIRECTION('',(-1.,2.607407032384E-16,1.157921328769E-31));
#1819 = DIRECTION('',(2.607407032384E-16,1.,4.440892098501E-16));
#1820 = ADVANCED_FACE('',(#1821),#1839,.T.);
#1821 = FACE_BOUND('',#1822,.T.);
#1822 = EDGE_LOOP('',(#1823,#1831,#1837,#1838));
#1823 = ORIENTED_EDGE('',*,*,#1824,.F.);
#1824 = EDGE_CURVE('',#1825,#1794,#1827,.T.);
#1825 = VERTEX_POINT('',#1826);
#1826 = CARTESIAN_POINT('',(11.5,40.343633411781,2.));
#1827 = LINE('',#1828,#1829);
#1828 = CARTESIAN_POINT('',(11.5,40.343633411781,2.));
#1829 = VECTOR('',#1830,1.);
#1830 = DIRECTION('',(0.866025403784,0.5,2.22044604925E-16));
#1831 = ORIENTED_EDGE('',*,*,#1832,.T.);
#1832 = EDGE_CURVE('',#1825,#649,#1833,.T.);
#1833 = LINE('',#1834,#1835);
#1834 = CARTESIAN_POINT('',(11.5,40.343633411781,2.));
#1835 = VECTOR('',#1836,1.);
#1836 = DIRECTION('',(0.,-4.440892098501E-16,1.));
#1837 = ORIENTED_EDGE('',*,*,#656,.T.);
#1838 = ORIENTED_EDGE('',*,*,#1803,.F.);
#1839 = PLANE('',#1840);
#1840 = AXIS2_PLACEMENT_3D('',#1841,#1842,#1843);
#1841 = CARTESIAN_POINT('',(11.5,40.343633411781,2.));
#1842 = DIRECTION('',(-0.5,0.866025403784,3.845925372767E-16));
#1843 = DIRECTION('',(0.866025403784,0.5,2.22044604925E-16));
#1844 = ADVANCED_FACE('',(#1845),#1863,.T.);
#1845 = FACE_BOUND('',#1846,.T.);
#1846 = EDGE_LOOP('',(#1847,#1855,#1856,#1857));
#1847 = ORIENTED_EDGE('',*,*,#1848,.F.);
#1848 = EDGE_CURVE('',#1796,#1849,#1851,.T.);
#1849 = VERTEX_POINT('',#1850);
#1850 = CARTESIAN_POINT('',(11.5,47.156366588219,2.));
#1851 = LINE('',#1852,#1853);
#1852 = CARTESIAN_POINT('',(14.45,45.453183294109,2.));
#1853 = VECTOR('',#1854,1.);
#1854 = DIRECTION('',(-0.866025403784,0.5,2.22044604925E-16));
#1855 = ORIENTED_EDGE('',*,*,#1810,.T.);
#1856 = ORIENTED_EDGE('',*,*,#624,.T.);
#1857 = ORIENTED_EDGE('',*,*,#1858,.F.);
#1858 = EDGE_CURVE('',#1849,#625,#1859,.T.);
#1859 = LINE('',#1860,#1861);
#1860 = CARTESIAN_POINT('',(11.5,47.156366588219,2.));
#1861 = VECTOR('',#1862,1.);
#1862 = DIRECTION('',(0.,-4.440892098501E-16,1.));
#1863 = PLANE('',#1864);
#1864 = AXIS2_PLACEMENT_3D('',#1865,#1866,#1867);
#1865 = CARTESIAN_POINT('',(14.45,45.453183294109,2.));
#1866 = DIRECTION('',(-0.5,-0.866025403784,-3.845925372767E-16));
#1867 = DIRECTION('',(-0.866025403784,0.5,2.22044604925E-16));
#1868 = ADVANCED_FACE('',(#1869),#1887,.T.);
#1869 = FACE_BOUND('',#1870,.T.);
#1870 = EDGE_LOOP('',(#1871,#1879,#1885,#1886));
#1871 = ORIENTED_EDGE('',*,*,#1872,.F.);
#1872 = EDGE_CURVE('',#1873,#1825,#1875,.T.);
#1873 = VERTEX_POINT('',#1874);
#1874 = CARTESIAN_POINT('',(8.55,42.046816705891,2.));
#1875 = LINE('',#1876,#1877);
#1876 = CARTESIAN_POINT('',(8.55,42.046816705891,2.));
#1877 = VECTOR('',#1878,1.);
#1878 = DIRECTION('',(0.866025403784,-0.5,-2.22044604925E-16));
#1879 = ORIENTED_EDGE('',*,*,#1880,.T.);
#1880 = EDGE_CURVE('',#1873,#641,#1881,.T.);
#1881 = LINE('',#1882,#1883);
#1882 = CARTESIAN_POINT('',(8.55,42.046816705891,2.));
#1883 = VECTOR('',#1884,1.);
#1884 = DIRECTION('',(0.,-4.440892098501E-16,1.));
#1885 = ORIENTED_EDGE('',*,*,#648,.T.);
#1886 = ORIENTED_EDGE('',*,*,#1832,.F.);
#1887 = PLANE('',#1888);
#1888 = AXIS2_PLACEMENT_3D('',#1889,#1890,#1891);
#1889 = CARTESIAN_POINT('',(8.55,42.046816705891,2.));
#1890 = DIRECTION('',(0.5,0.866025403784,3.845925372767E-16));
#1891 = DIRECTION('',(0.866025403784,-0.5,-2.22044604925E-16));
#1892 = ADVANCED_FACE('',(#1893),#1911,.T.);
#1893 = FACE_BOUND('',#1894,.T.);
#1894 = EDGE_LOOP('',(#1895,#1903,#1904,#1905));
#1895 = ORIENTED_EDGE('',*,*,#1896,.F.);
#1896 = EDGE_CURVE('',#1849,#1897,#1899,.T.);
#1897 = VERTEX_POINT('',#1898);
#1898 = CARTESIAN_POINT('',(8.55,45.453183294109,2.));
#1899 = LINE('',#1900,#1901);
#1900 = CARTESIAN_POINT('',(11.5,47.156366588219,2.));
#1901 = VECTOR('',#1902,1.);
#1902 = DIRECTION('',(-0.866025403784,-0.5,-2.22044604925E-16));
#1903 = ORIENTED_EDGE('',*,*,#1858,.T.);
#1904 = ORIENTED_EDGE('',*,*,#632,.T.);
#1905 = ORIENTED_EDGE('',*,*,#1906,.F.);
#1906 = EDGE_CURVE('',#1897,#633,#1907,.T.);
#1907 = LINE('',#1908,#1909);
#1908 = CARTESIAN_POINT('',(8.55,45.453183294109,2.));
#1909 = VECTOR('',#1910,1.);
#1910 = DIRECTION('',(0.,-4.440892098501E-16,1.));
#1911 = PLANE('',#1912);
#1912 = AXIS2_PLACEMENT_3D('',#1913,#1914,#1915);
#1913 = CARTESIAN_POINT('',(11.5,47.156366588219,2.));
#1914 = DIRECTION('',(0.5,-0.866025403784,-3.845925372767E-16));
#1915 = DIRECTION('',(-0.866025403784,-0.5,-2.22044604925E-16));
#1916 = ADVANCED_FACE('',(#1917),#1928,.T.);
#1917 = FACE_BOUND('',#1918,.T.);
#1918 = EDGE_LOOP('',(#1919,#1925,#1926,#1927));
#1919 = ORIENTED_EDGE('',*,*,#1920,.F.);
#1920 = EDGE_CURVE('',#1897,#1873,#1921,.T.);
#1921 = LINE('',#1922,#1923);
#1922 = CARTESIAN_POINT('',(8.55,45.453183294109,2.));
#1923 = VECTOR('',#1924,1.);
#1924 = DIRECTION('',(1.303703516192E-16,-1.,-4.440892098501E-16));
#1925 = ORIENTED_EDGE('',*,*,#1906,.T.);
#1926 = ORIENTED_EDGE('',*,*,#640,.T.);
#1927 = ORIENTED_EDGE('',*,*,#1880,.F.);
#1928 = PLANE('',#1929);
#1929 = AXIS2_PLACEMENT_3D('',#1930,#1931,#1932);
#1930 = CARTESIAN_POINT('',(8.55,45.453183294109,2.));
#1931 = DIRECTION('',(1.,1.303703516192E-16,5.789606643846E-32));
#1932 = DIRECTION('',(1.303703516192E-16,-1.,-4.440892098501E-16));
#1933 = ADVANCED_FACE('',(#1934),#1959,.F.);
#1934 = FACE_BOUND('',#1935,.F.);
#1935 = EDGE_LOOP('',(#1936,#1944,#1945,#1953));
#1936 = ORIENTED_EDGE('',*,*,#1937,.F.);
#1937 = EDGE_CURVE('',#667,#1938,#1940,.T.);
#1938 = VERTEX_POINT('',#1939);
#1939 = CARTESIAN_POINT('',(39.,13.75,22.));
#1940 = LINE('',#1941,#1942);
#1941 = CARTESIAN_POINT('',(39.,13.75,7.5));
#1942 = VECTOR('',#1943,1.);
#1943 = DIRECTION('',(0.,-2.22044604925E-16,1.));
#1944 = ORIENTED_EDGE('',*,*,#664,.F.);
#1945 = ORIENTED_EDGE('',*,*,#1946,.T.);
#1946 = EDGE_CURVE('',#665,#1947,#1949,.T.);
#1947 = VERTEX_POINT('',#1948);
#1948 = CARTESIAN_POINT('',(51.,13.75,22.));
#1949 = LINE('',#1950,#1951);
#1950 = CARTESIAN_POINT('',(51.,13.75,7.5));
#1951 = VECTOR('',#1952,1.);
#1952 = DIRECTION('',(0.,-2.22044604925E-16,1.));
#1953 = ORIENTED_EDGE('',*,*,#1954,.F.);
#1954 = EDGE_CURVE('',#1938,#1947,#1955,.T.);
#1955 = LINE('',#1956,#1957);
#1956 = CARTESIAN_POINT('',(39.,13.75,22.));
#1957 = VECTOR('',#1958,1.);
#1958 = DIRECTION('',(1.,0.,0.));
#1959 = PLANE('',#1960);
#1960 = AXIS2_PLACEMENT_3D('',#1961,#1962,#1963);
#1961 = CARTESIAN_POINT('',(39.,13.75,7.5));
#1962 = DIRECTION('',(0.,-1.,-2.22044604925E-16));
#1963 = DIRECTION('',(1.,0.,0.));
#1964 = ADVANCED_FACE('',(#1965),#1983,.T.);
#1965 = FACE_BOUND('',#1966,.T.);
#1966 = EDGE_LOOP('',(#1967,#1975,#1976,#1977));
#1967 = ORIENTED_EDGE('',*,*,#1968,.F.);
#1968 = EDGE_CURVE('',#683,#1969,#1971,.T.);
#1969 = VERTEX_POINT('',#1970);
#1970 = CARTESIAN_POINT('',(51.,2.75,22.));
#1971 = LINE('',#1972,#1973);
#1972 = CARTESIAN_POINT('',(51.,2.75,7.5));
#1973 = VECTOR('',#1974,1.);
#1974 = DIRECTION('',(0.,-2.22044604925E-16,1.));
#1975 = ORIENTED_EDGE('',*,*,#690,.F.);
#1976 = ORIENTED_EDGE('',*,*,#1946,.T.);
#1977 = ORIENTED_EDGE('',*,*,#1978,.T.);
#1978 = EDGE_CURVE('',#1947,#1969,#1979,.T.);
#1979 = LINE('',#1980,#1981);
#1980 = CARTESIAN_POINT('',(51.,13.75,22.));
#1981 = VECTOR('',#1982,1.);
#1982 = DIRECTION('',(0.,-1.,-2.22044604925E-16));
#1983 = PLANE('',#1984);
#1984 = AXIS2_PLACEMENT_3D('',#1985,#1986,#1987);
#1985 = CARTESIAN_POINT('',(51.,13.75,7.5));
#1986 = DIRECTION('',(1.,0.,0.));
#1987 = DIRECTION('',(0.,-1.,-2.22044604925E-16));
#1988 = ADVANCED_FACE('',(#1989),#2007,.F.);
#1989 = FACE_BOUND('',#1990,.F.);
#1990 = EDGE_LOOP('',(#1991,#1999,#2000,#2001));
#1991 = ORIENTED_EDGE('',*,*,#1992,.F.);
#1992 = EDGE_CURVE('',#675,#1993,#1995,.T.);
#1993 = VERTEX_POINT('',#1994);
#1994 = CARTESIAN_POINT('',(39.,2.75,22.));
#1995 = LINE('',#1996,#1997);
#1996 = CARTESIAN_POINT('',(39.,2.75,7.5));
#1997 = VECTOR('',#1998,1.);
#1998 = DIRECTION('',(0.,-2.22044604925E-16,1.));
#1999 = ORIENTED_EDGE('',*,*,#674,.F.);
#2000 = ORIENTED_EDGE('',*,*,#1937,.T.);
#2001 = ORIENTED_EDGE('',*,*,#2002,.T.);
#2002 = EDGE_CURVE('',#1938,#1993,#2003,.T.);
#2003 = LINE('',#2004,#2005);
#2004 = CARTESIAN_POINT('',(39.,13.75,22.));
#2005 = VECTOR('',#2006,1.);
#2006 = DIRECTION('',(0.,-1.,-2.22044604925E-16));
#2007 = PLANE('',#2008);
#2008 = AXIS2_PLACEMENT_3D('',#2009,#2010,#2011);
#2009 = CARTESIAN_POINT('',(39.,13.75,7.5));
#2010 = DIRECTION('',(1.,0.,0.));
#2011 = DIRECTION('',(0.,-1.,-2.22044604925E-16));
#2012 = ADVANCED_FACE('',(#2013,#2024),#2035,.T.);
#2013 = FACE_BOUND('',#2014,.T.);
#2014 = EDGE_LOOP('',(#2015,#2016,#2017,#2018));
#2015 = ORIENTED_EDGE('',*,*,#1992,.F.);
#2016 = ORIENTED_EDGE('',*,*,#682,.F.);
#2017 = ORIENTED_EDGE('',*,*,#1968,.T.);
#2018 = ORIENTED_EDGE('',*,*,#2019,.F.);
#2019 = EDGE_CURVE('',#1993,#1969,#2020,.T.);
#2020 = LINE('',#2021,#2022);
#2021 = CARTESIAN_POINT('',(39.,2.75,22.));
#2022 = VECTOR('',#2023,1.);
#2023 = DIRECTION('',(1.,0.,0.));
#2024 = FACE_BOUND('',#2025,.T.);
#2025 = EDGE_LOOP('',(#2026));
#2026 = ORIENTED_EDGE('',*,*,#2027,.F.);
#2027 = EDGE_CURVE('',#2028,#2028,#2030,.T.);
#2028 = VERTEX_POINT('',#2029);
#2029 = CARTESIAN_POINT('',(46.8,2.75,14.));
#2030 = CIRCLE('',#2031,1.8);
#2031 = AXIS2_PLACEMENT_3D('',#2032,#2033,#2034);
#2032 = CARTESIAN_POINT('',(45.,2.75,14.));
#2033 = DIRECTION('',(0.,-1.,-2.22044604925E-16));
#2034 = DIRECTION('',(1.,0.,0.));
#2035 = PLANE('',#2036);
#2036 = AXIS2_PLACEMENT_3D('',#2037,#2038,#2039);
#2037 = CARTESIAN_POINT('',(39.,2.75,7.5));
#2038 = DIRECTION('',(0.,-1.,-2.22044604925E-16));
#2039 = DIRECTION('',(1.,0.,0.));
#2040 = ADVANCED_FACE('',(#2041),#2066,.T.);
#2041 = FACE_BOUND('',#2042,.T.);
#2042 = EDGE_LOOP('',(#2043,#2053,#2059,#2060));
#2043 = ORIENTED_EDGE('',*,*,#2044,.F.);
#2044 = EDGE_CURVE('',#2045,#2047,#2049,.T.);
#2045 = VERTEX_POINT('',#2046);
#2046 = CARTESIAN_POINT('',(191.45,42.046816705891,2.));
#2047 = VERTEX_POINT('',#2048);
#2048 = CARTESIAN_POINT('',(191.45,45.453183294109,2.));
#2049 = LINE('',#2050,#2051);
#2050 = CARTESIAN_POINT('',(191.45,42.046816705891,2.));
#2051 = VECTOR('',#2052,1.);
#2052 = DIRECTION('',(2.607407032384E-16,1.,4.440892098501E-16));
#2053 = ORIENTED_EDGE('',*,*,#2054,.T.);
#2054 = EDGE_CURVE('',#2045,#699,#2055,.T.);
#2055 = LINE('',#2056,#2057);
#2056 = CARTESIAN_POINT('',(191.45,42.046816705891,2.));
#2057 = VECTOR('',#2058,1.);
#2058 = DIRECTION('',(0.,-4.440892098501E-16,1.));
#2059 = ORIENTED_EDGE('',*,*,#698,.T.);
#2060 = ORIENTED_EDGE('',*,*,#2061,.F.);
#2061 = EDGE_CURVE('',#2047,#701,#2062,.T.);
#2062 = LINE('',#2063,#2064);
#2063 = CARTESIAN_POINT('',(191.45,45.453183294109,2.));
#2064 = VECTOR('',#2065,1.);
#2065 = DIRECTION('',(0.,-4.440892098501E-16,1.));
#2066 = PLANE('',#2067);
#2067 = AXIS2_PLACEMENT_3D('',#2068,#2069,#2070);
#2068 = CARTESIAN_POINT('',(191.45,42.046816705891,2.));
#2069 = DIRECTION('',(-1.,2.607407032384E-16,1.157921328769E-31));
#2070 = DIRECTION('',(2.607407032384E-16,1.,4.440892098501E-16));
#2071 = ADVANCED_FACE('',(#2072),#2090,.T.);
#2072 = FACE_BOUND('',#2073,.T.);
#2073 = EDGE_LOOP('',(#2074,#2082,#2088,#2089));
#2074 = ORIENTED_EDGE('',*,*,#2075,.F.);
#2075 = EDGE_CURVE('',#2076,#2045,#2078,.T.);
#2076 = VERTEX_POINT('',#2077);
#2077 = CARTESIAN_POINT('',(188.5,40.343633411781,2.));
#2078 = LINE('',#2079,#2080);
#2079 = CARTESIAN_POINT('',(188.5,40.343633411781,2.));
#2080 = VECTOR('',#2081,1.);
#2081 = DIRECTION('',(0.866025403784,0.5,2.22044604925E-16));
#2082 = ORIENTED_EDGE('',*,*,#2083,.T.);
#2083 = EDGE_CURVE('',#2076,#733,#2084,.T.);
#2084 = LINE('',#2085,#2086);
#2085 = CARTESIAN_POINT('',(188.5,40.343633411781,2.));
#2086 = VECTOR('',#2087,1.);
#2087 = DIRECTION('',(0.,-4.440892098501E-16,1.));
#2088 = ORIENTED_EDGE('',*,*,#740,.T.);
#2089 = ORIENTED_EDGE('',*,*,#2054,.F.);
#2090 = PLANE('',#2091);
#2091 = AXIS2_PLACEMENT_3D('',#2092,#2093,#2094);
#2092 = CARTESIAN_POINT('',(188.5,40.343633411781,2.));
#2093 = DIRECTION('',(-0.5,0.866025403784,3.845925372767E-16));
#2094 = DIRECTION('',(0.866025403784,0.5,2.22044604925E-16));
#2095 = ADVANCED_FACE('',(#2096),#2114,.T.);
#2096 = FACE_BOUND('',#2097,.T.);
#2097 = EDGE_LOOP('',(#2098,#2106,#2112,#2113));
#2098 = ORIENTED_EDGE('',*,*,#2099,.F.);
#2099 = EDGE_CURVE('',#2100,#2076,#2102,.T.);
#2100 = VERTEX_POINT('',#2101);
#2101 = CARTESIAN_POINT('',(185.55,42.046816705891,2.));
#2102 = LINE('',#2103,#2104);
#2103 = CARTESIAN_POINT('',(185.55,42.046816705891,2.));
#2104 = VECTOR('',#2105,1.);
#2105 = DIRECTION('',(0.866025403784,-0.5,-2.22044604925E-16));
#2106 = ORIENTED_EDGE('',*,*,#2107,.T.);
#2107 = EDGE_CURVE('',#2100,#725,#2108,.T.);
#2108 = LINE('',#2109,#2110);
#2109 = CARTESIAN_POINT('',(185.55,42.046816705891,2.));
#2110 = VECTOR('',#2111,1.);
#2111 = DIRECTION('',(0.,-4.440892098501E-16,1.));
#2112 = ORIENTED_EDGE('',*,*,#732,.T.);
#2113 = ORIENTED_EDGE('',*,*,#2083,.F.);
#2114 = PLANE('',#2115);
#2115 = AXIS2_PLACEMENT_3D('',#2116,#2117,#2118);
#2116 = CARTESIAN_POINT('',(185.55,42.046816705891,2.));
#2117 = DIRECTION('',(0.5,0.866025403784,3.845925372767E-16));
#2118 = DIRECTION('',(0.866025403784,-0.5,-2.22044604925E-16));
#2119 = ADVANCED_FACE('',(#2120),#2138,.T.);
#2120 = FACE_BOUND('',#2121,.T.);
#2121 = EDGE_LOOP('',(#2122,#2130,#2136,#2137));
#2122 = ORIENTED_EDGE('',*,*,#2123,.F.);
#2123 = EDGE_CURVE('',#2124,#2100,#2126,.T.);
#2124 = VERTEX_POINT('',#2125);
#2125 = CARTESIAN_POINT('',(185.55,45.453183294109,2.));
#2126 = LINE('',#2127,#2128);
#2127 = CARTESIAN_POINT('',(185.55,45.453183294109,2.));
#2128 = VECTOR('',#2129,1.);
#2129 = DIRECTION('',(1.303703516192E-16,-1.,-4.440892098501E-16));
#2130 = ORIENTED_EDGE('',*,*,#2131,.T.);
#2131 = EDGE_CURVE('',#2124,#717,#2132,.T.);
#2132 = LINE('',#2133,#2134);
#2133 = CARTESIAN_POINT('',(185.55,45.453183294109,2.));
#2134 = VECTOR('',#2135,1.);
#2135 = DIRECTION('',(0.,-4.440892098501E-16,1.));
#2136 = ORIENTED_EDGE('',*,*,#724,.T.);
#2137 = ORIENTED_EDGE('',*,*,#2107,.F.);
#2138 = PLANE('',#2139);
#2139 = AXIS2_PLACEMENT_3D('',#2140,#2141,#2142);
#2140 = CARTESIAN_POINT('',(185.55,45.453183294109,2.));
#2141 = DIRECTION('',(1.,1.303703516192E-16,5.789606643846E-32));
#2142 = DIRECTION('',(1.303703516192E-16,-1.,-4.440892098501E-16));
#2143 = ADVANCED_FACE('',(#2144),#2162,.T.);
#2144 = FACE_BOUND('',#2145,.T.);
#2145 = EDGE_LOOP('',(#2146,#2154,#2160,#2161));
#2146 = ORIENTED_EDGE('',*,*,#2147,.F.);
#2147 = EDGE_CURVE('',#2148,#2124,#2150,.T.);
#2148 = VERTEX_POINT('',#2149);
#2149 = CARTESIAN_POINT('',(188.5,47.156366588219,2.));
#2150 = LINE('',#2151,#2152);
#2151 = CARTESIAN_POINT('',(188.5,47.156366588219,2.));
#2152 = VECTOR('',#2153,1.);
#2153 = DIRECTION('',(-0.866025403784,-0.5,-2.22044604925E-16));
#2154 = ORIENTED_EDGE('',*,*,#2155,.T.);
#2155 = EDGE_CURVE('',#2148,#709,#2156,.T.);
#2156 = LINE('',#2157,#2158);
#2157 = CARTESIAN_POINT('',(188.5,47.156366588219,2.));
#2158 = VECTOR('',#2159,1.);
#2159 = DIRECTION('',(0.,-4.440892098501E-16,1.));
#2160 = ORIENTED_EDGE('',*,*,#716,.T.);
#2161 = ORIENTED_EDGE('',*,*,#2131,.F.);
#2162 = PLANE('',#2163);
#2163 = AXIS2_PLACEMENT_3D('',#2164,#2165,#2166);
#2164 = CARTESIAN_POINT('',(188.5,47.156366588219,2.));
#2165 = DIRECTION('',(0.5,-0.866025403784,-3.845925372767E-16));
#2166 = DIRECTION('',(-0.866025403784,-0.5,-2.22044604925E-16));
#2167 = ADVANCED_FACE('',(#2168),#2179,.T.);
#2168 = FACE_BOUND('',#2169,.T.);
#2169 = EDGE_LOOP('',(#2170,#2176,#2177,#2178));
#2170 = ORIENTED_EDGE('',*,*,#2171,.F.);
#2171 = EDGE_CURVE('',#2047,#2148,#2172,.T.);
#2172 = LINE('',#2173,#2174);
#2173 = CARTESIAN_POINT('',(191.45,45.453183294109,2.));
#2174 = VECTOR('',#2175,1.);
#2175 = DIRECTION('',(-0.866025403784,0.5,2.22044604925E-16));
#2176 = ORIENTED_EDGE('',*,*,#2061,.T.);
#2177 = ORIENTED_EDGE('',*,*,#708,.T.);
#2178 = ORIENTED_EDGE('',*,*,#2155,.F.);
#2179 = PLANE('',#2180);
#2180 = AXIS2_PLACEMENT_3D('',#2181,#2182,#2183);
#2181 = CARTESIAN_POINT('',(191.45,45.453183294109,2.));
#2182 = DIRECTION('',(-0.5,-0.866025403784,-3.845925372767E-16));
#2183 = DIRECTION('',(-0.866025403784,0.5,2.22044604925E-16));
#2184 = ADVANCED_FACE('',(#2185),#2210,.F.);
#2185 = FACE_BOUND('',#2186,.F.);
#2186 = EDGE_LOOP('',(#2187,#2195,#2196,#2204));
#2187 = ORIENTED_EDGE('',*,*,#2188,.F.);
#2188 = EDGE_CURVE('',#751,#2189,#2191,.T.);
#2189 = VERTEX_POINT('',#2190);
#2190 = CARTESIAN_POINT('',(149.,13.75,22.));
#2191 = LINE('',#2192,#2193);
#2192 = CARTESIAN_POINT('',(149.,13.75,7.5));
#2193 = VECTOR('',#2194,1.);
#2194 = DIRECTION('',(0.,-2.22044604925E-16,1.));
#2195 = ORIENTED_EDGE('',*,*,#748,.F.);
#2196 = ORIENTED_EDGE('',*,*,#2197,.T.);
#2197 = EDGE_CURVE('',#749,#2198,#2200,.T.);
#2198 = VERTEX_POINT('',#2199);
#2199 = CARTESIAN_POINT('',(161.,13.75,22.));
#2200 = LINE('',#2201,#2202);
#2201 = CARTESIAN_POINT('',(161.,13.75,7.5));
#2202 = VECTOR('',#2203,1.);
#2203 = DIRECTION('',(0.,-2.22044604925E-16,1.));
#2204 = ORIENTED_EDGE('',*,*,#2205,.F.);
#2205 = EDGE_CURVE('',#2189,#2198,#2206,.T.);
#2206 = LINE('',#2207,#2208);
#2207 = CARTESIAN_POINT('',(149.,13.75,22.));
#2208 = VECTOR('',#2209,1.);
#2209 = DIRECTION('',(1.,0.,0.));
#2210 = PLANE('',#2211);
#2211 = AXIS2_PLACEMENT_3D('',#2212,#2213,#2214);
#2212 = CARTESIAN_POINT('',(149.,13.75,7.5));
#2213 = DIRECTION('',(0.,-1.,-2.22044604925E-16));
#2214 = DIRECTION('',(1.,0.,0.));
#2215 = ADVANCED_FACE('',(#2216),#2234,.T.);
#2216 = FACE_BOUND('',#2217,.T.);
#2217 = EDGE_LOOP('',(#2218,#2226,#2227,#2228));
#2218 = ORIENTED_EDGE('',*,*,#2219,.F.);
#2219 = EDGE_CURVE('',#767,#2220,#2222,.T.);
#2220 = VERTEX_POINT('',#2221);
#2221 = CARTESIAN_POINT('',(161.,2.75,22.));
#2222 = LINE('',#2223,#2224);
#2223 = CARTESIAN_POINT('',(161.,2.75,7.5));
#2224 = VECTOR('',#2225,1.);
#2225 = DIRECTION('',(0.,-2.22044604925E-16,1.));
#2226 = ORIENTED_EDGE('',*,*,#774,.F.);
#2227 = ORIENTED_EDGE('',*,*,#2197,.T.);
#2228 = ORIENTED_EDGE('',*,*,#2229,.T.);
#2229 = EDGE_CURVE('',#2198,#2220,#2230,.T.);
#2230 = LINE('',#2231,#2232);
#2231 = CARTESIAN_POINT('',(161.,13.75,22.));
#2232 = VECTOR('',#2233,1.);
#2233 = DIRECTION('',(0.,-1.,-2.22044604925E-16));
#2234 = PLANE('',#2235);
#2235 = AXIS2_PLACEMENT_3D('',#2236,#2237,#2238);
#2236 = CARTESIAN_POINT('',(161.,13.75,7.5));
#2237 = DIRECTION('',(1.,0.,0.));
#2238 = DIRECTION('',(0.,-1.,-2.22044604925E-16));
#2239 = ADVANCED_FACE('',(#2240),#2258,.F.);
#2240 = FACE_BOUND('',#2241,.F.);
#2241 = EDGE_LOOP('',(#2242,#2250,#2251,#2252));
#2242 = ORIENTED_EDGE('',*,*,#2243,.F.);
#2243 = EDGE_CURVE('',#759,#2244,#2246,.T.);
#2244 = VERTEX_POINT('',#2245);
#2245 = CARTESIAN_POINT('',(149.,2.75,22.));
#2246 = LINE('',#2247,#2248);
#2247 = CARTESIAN_POINT('',(149.,2.75,7.5));
#2248 = VECTOR('',#2249,1.);
#2249 = DIRECTION('',(0.,-2.22044604925E-16,1.));
#2250 = ORIENTED_EDGE('',*,*,#758,.F.);
#2251 = ORIENTED_EDGE('',*,*,#2188,.T.);
#2252 = ORIENTED_EDGE('',*,*,#2253,.T.);
#2253 = EDGE_CURVE('',#2189,#2244,#2254,.T.);
#2254 = LINE('',#2255,#2256);
#2255 = CARTESIAN_POINT('',(149.,13.75,22.));
#2256 = VECTOR('',#2257,1.);
#2257 = DIRECTION('',(0.,-1.,-2.22044604925E-16));
#2258 = PLANE('',#2259);
#2259 = AXIS2_PLACEMENT_3D('',#2260,#2261,#2262);
#2260 = CARTESIAN_POINT('',(149.,13.75,7.5));
#2261 = DIRECTION('',(1.,0.,0.));
#2262 = DIRECTION('',(0.,-1.,-2.22044604925E-16));
#2263 = ADVANCED_FACE('',(#2264,#2275),#2286,.T.);
#2264 = FACE_BOUND('',#2265,.T.);
#2265 = EDGE_LOOP('',(#2266,#2267,#2268,#2269));
#2266 = ORIENTED_EDGE('',*,*,#2243,.F.);
#2267 = ORIENTED_EDGE('',*,*,#766,.F.);
#2268 = ORIENTED_EDGE('',*,*,#2219,.T.);
#2269 = ORIENTED_EDGE('',*,*,#2270,.F.);
#2270 = EDGE_CURVE('',#2244,#2220,#2271,.T.);
#2271 = LINE('',#2272,#2273);
#2272 = CARTESIAN_POINT('',(149.,2.75,22.));
#2273 = VECTOR('',#2274,1.);
#2274 = DIRECTION('',(1.,0.,0.));
#2275 = FACE_BOUND('',#2276,.T.);
#2276 = EDGE_LOOP('',(#2277));
#2277 = ORIENTED_EDGE('',*,*,#2278,.F.);
#2278 = EDGE_CURVE('',#2279,#2279,#2281,.T.);
#2279 = VERTEX_POINT('',#2280);
#2280 = CARTESIAN_POINT('',(156.8,2.75,14.));
#2281 = CIRCLE('',#2282,1.8);
#2282 = AXIS2_PLACEMENT_3D('',#2283,#2284,#2285);
#2283 = CARTESIAN_POINT('',(155.,2.75,14.));
#2284 = DIRECTION('',(0.,-1.,-2.22044604925E-16));
#2285 = DIRECTION('',(1.,0.,0.));
#2286 = PLANE('',#2287);
#2287 = AXIS2_PLACEMENT_3D('',#2288,#2289,#2290);
#2288 = CARTESIAN_POINT('',(149.,2.75,7.5));
#2289 = DIRECTION('',(0.,-1.,-2.22044604925E-16));
#2290 = DIRECTION('',(1.,0.,0.));
#2291 = ADVANCED_FACE('',(#2292,#2317),#2328,.F.);
#2292 = FACE_BOUND('',#2293,.F.);
#2293 = EDGE_LOOP('',(#2294,#2302,#2310,#2316));
#2294 = ORIENTED_EDGE('',*,*,#2295,.F.);
#2295 = EDGE_CURVE('',#2296,#843,#2298,.T.);
#2296 = VERTEX_POINT('',#2297);
#2297 = CARTESIAN_POINT('',(37.05,177.35,10.5));
#2298 = LINE('',#2299,#2300);
#2299 = CARTESIAN_POINT('',(37.05,177.35,10.5));
#2300 = VECTOR('',#2301,1.);
#2301 = DIRECTION('',(0.,-2.22044604925E-16,1.));
#2302 = ORIENTED_EDGE('',*,*,#2303,.T.);
#2303 = EDGE_CURVE('',#2296,#2304,#2306,.T.);
#2304 = VERTEX_POINT('',#2305);
#2305 = CARTESIAN_POINT('',(42.95,177.35,10.5));
#2306 = LINE('',#2307,#2308);
#2307 = CARTESIAN_POINT('',(37.05,177.35,10.5));
#2308 = VECTOR('',#2309,1.);
#2309 = DIRECTION('',(1.,0.,0.));
#2310 = ORIENTED_EDGE('',*,*,#2311,.T.);
#2311 = EDGE_CURVE('',#2304,#845,#2312,.T.);
#2312 = LINE('',#2313,#2314);
#2313 = CARTESIAN_POINT('',(42.95,177.35,10.5));
#2314 = VECTOR('',#2315,1.);
#2315 = DIRECTION('',(0.,-2.22044604925E-16,1.));
#2316 = ORIENTED_EDGE('',*,*,#842,.F.);
#2317 = FACE_BOUND('',#2318,.F.);
#2318 = EDGE_LOOP('',(#2319));
#2319 = ORIENTED_EDGE('',*,*,#2320,.F.);
#2320 = EDGE_CURVE('',#2321,#2321,#2323,.T.);
#2321 = VERTEX_POINT('',#2322);
#2322 = CARTESIAN_POINT('',(41.8,177.35,14.));
#2323 = CIRCLE('',#2324,1.8);
#2324 = AXIS2_PLACEMENT_3D('',#2325,#2326,#2327);
#2325 = CARTESIAN_POINT('',(40.,177.35,14.));
#2326 = DIRECTION('',(0.,-1.,-2.22044604925E-16));
#2327 = DIRECTION('',(1.,0.,0.));
#2328 = PLANE('',#2329);
#2329 = AXIS2_PLACEMENT_3D('',#2330,#2331,#2332);
#2330 = CARTESIAN_POINT('',(37.05,177.35,10.5));
#2331 = DIRECTION('',(0.,-1.,-2.22044604925E-16));
#2332 = DIRECTION('',(1.,0.,0.));
#2333 = ADVANCED_FACE('',(#2334),#2352,.F.);
#2334 = FACE_BOUND('',#2335,.F.);
#2335 = EDGE_LOOP('',(#2336,#2337,#2345,#2351));
#2336 = ORIENTED_EDGE('',*,*,#2311,.F.);
#2337 = ORIENTED_EDGE('',*,*,#2338,.F.);
#2338 = EDGE_CURVE('',#2339,#2304,#2341,.T.);
#2339 = VERTEX_POINT('',#2340);
#2340 = CARTESIAN_POINT('',(42.95,181.55,10.5));
#2341 = LINE('',#2342,#2343);
#2342 = CARTESIAN_POINT('',(42.95,181.55,10.5));
#2343 = VECTOR('',#2344,1.);
#2344 = DIRECTION('',(0.,-1.,-2.22044604925E-16));
#2345 = ORIENTED_EDGE('',*,*,#2346,.T.);
#2346 = EDGE_CURVE('',#2339,#861,#2347,.T.);
#2347 = LINE('',#2348,#2349);
#2348 = CARTESIAN_POINT('',(42.95,181.55,10.5));
#2349 = VECTOR('',#2350,1.);
#2350 = DIRECTION('',(0.,-2.22044604925E-16,1.));
#2351 = ORIENTED_EDGE('',*,*,#868,.F.);
#2352 = PLANE('',#2353);
#2353 = AXIS2_PLACEMENT_3D('',#2354,#2355,#2356);
#2354 = CARTESIAN_POINT('',(42.95,181.55,10.5));
#2355 = DIRECTION('',(1.,0.,0.));
#2356 = DIRECTION('',(0.,-1.,-2.22044604925E-16));
#2357 = ADVANCED_FACE('',(#2358,#2376),#2379,.T.);
#2358 = FACE_BOUND('',#2359,.T.);
#2359 = EDGE_LOOP('',(#2360,#2368,#2374,#2375));
#2360 = ORIENTED_EDGE('',*,*,#2361,.F.);
#2361 = EDGE_CURVE('',#2362,#853,#2364,.T.);
#2362 = VERTEX_POINT('',#2363);
#2363 = CARTESIAN_POINT('',(37.05,181.55,10.5));
#2364 = LINE('',#2365,#2366);
#2365 = CARTESIAN_POINT('',(37.05,181.55,10.5));
#2366 = VECTOR('',#2367,1.);
#2367 = DIRECTION('',(0.,-2.22044604925E-16,1.));
#2368 = ORIENTED_EDGE('',*,*,#2369,.T.);
#2369 = EDGE_CURVE('',#2362,#2339,#2370,.T.);
#2370 = LINE('',#2371,#2372);
#2371 = CARTESIAN_POINT('',(37.05,181.55,10.5));
#2372 = VECTOR('',#2373,1.);
#2373 = DIRECTION('',(1.,0.,0.));
#2374 = ORIENTED_EDGE('',*,*,#2346,.T.);
#2375 = ORIENTED_EDGE('',*,*,#860,.F.);
#2376 = FACE_BOUND('',#2377,.T.);
#2377 = EDGE_LOOP('',(#2378));
#2378 = ORIENTED_EDGE('',*,*,#1159,.F.);
#2379 = PLANE('',#2380);
#2380 = AXIS2_PLACEMENT_3D('',#2381,#2382,#2383);
#2381 = CARTESIAN_POINT('',(37.05,181.55,10.5));
#2382 = DIRECTION('',(0.,-1.,-2.22044604925E-16));
#2383 = DIRECTION('',(1.,0.,0.));
#2384 = ADVANCED_FACE('',(#2385),#2396,.T.);
#2385 = FACE_BOUND('',#2386,.T.);
#2386 = EDGE_LOOP('',(#2387,#2388,#2394,#2395));
#2387 = ORIENTED_EDGE('',*,*,#2295,.F.);
#2388 = ORIENTED_EDGE('',*,*,#2389,.F.);
#2389 = EDGE_CURVE('',#2362,#2296,#2390,.T.);
#2390 = LINE('',#2391,#2392);
#2391 = CARTESIAN_POINT('',(37.05,181.55,10.5));
#2392 = VECTOR('',#2393,1.);
#2393 = DIRECTION('',(0.,-1.,-2.22044604925E-16));
#2394 = ORIENTED_EDGE('',*,*,#2361,.T.);
#2395 = ORIENTED_EDGE('',*,*,#852,.F.);
#2396 = PLANE('',#2397);
#2397 = AXIS2_PLACEMENT_3D('',#2398,#2399,#2400);
#2398 = CARTESIAN_POINT('',(37.05,181.55,10.5));
#2399 = DIRECTION('',(1.,0.,0.));
#2400 = DIRECTION('',(0.,-1.,-2.22044604925E-16));
#2401 = ADVANCED_FACE('',(#2402,#2427),#2438,.F.);
#2402 = FACE_BOUND('',#2403,.F.);
#2403 = EDGE_LOOP('',(#2404,#2412,#2420,#2426));
#2404 = ORIENTED_EDGE('',*,*,#2405,.F.);
#2405 = EDGE_CURVE('',#2406,#949,#2408,.T.);
#2406 = VERTEX_POINT('',#2407);
#2407 = CARTESIAN_POINT('',(157.05,177.35,10.5));
#2408 = LINE('',#2409,#2410);
#2409 = CARTESIAN_POINT('',(157.05,177.35,10.5));
#2410 = VECTOR('',#2411,1.);
#2411 = DIRECTION('',(0.,-2.22044604925E-16,1.));
#2412 = ORIENTED_EDGE('',*,*,#2413,.T.);
#2413 = EDGE_CURVE('',#2406,#2414,#2416,.T.);
#2414 = VERTEX_POINT('',#2415);
#2415 = CARTESIAN_POINT('',(162.95,177.35,10.5));
#2416 = LINE('',#2417,#2418);
#2417 = CARTESIAN_POINT('',(157.05,177.35,10.5));
#2418 = VECTOR('',#2419,1.);
#2419 = DIRECTION('',(1.,0.,0.));
#2420 = ORIENTED_EDGE('',*,*,#2421,.T.);
#2421 = EDGE_CURVE('',#2414,#951,#2422,.T.);
#2422 = LINE('',#2423,#2424);
#2423 = CARTESIAN_POINT('',(162.95,177.35,10.5));
#2424 = VECTOR('',#2425,1.);
#2425 = DIRECTION('',(0.,-2.22044604925E-16,1.));
#2426 = ORIENTED_EDGE('',*,*,#948,.F.);
#2427 = FACE_BOUND('',#2428,.F.);
#2428 = EDGE_LOOP('',(#2429));
#2429 = ORIENTED_EDGE('',*,*,#2430,.F.);
#2430 = EDGE_CURVE('',#2431,#2431,#2433,.T.);
#2431 = VERTEX_POINT('',#2432);
#2432 = CARTESIAN_POINT('',(161.8,177.35,14.));
#2433 = CIRCLE('',#2434,1.8);
#2434 = AXIS2_PLACEMENT_3D('',#2435,#2436,#2437);
#2435 = CARTESIAN_POINT('',(160.,177.35,14.));
#2436 = DIRECTION('',(0.,-1.,-2.22044604925E-16));
#2437 = DIRECTION('',(1.,0.,0.));
#2438 = PLANE('',#2439);
#2439 = AXIS2_PLACEMENT_3D('',#2440,#2441,#2442);
#2440 = CARTESIAN_POINT('',(157.05,177.35,10.5));
#2441 = DIRECTION('',(0.,-1.,-2.22044604925E-16));
#2442 = DIRECTION('',(1.,0.,0.));
#2443 = ADVANCED_FACE('',(#2444),#2462,.F.);
#2444 = FACE_BOUND('',#2445,.F.);
#2445 = EDGE_LOOP('',(#2446,#2447,#2455,#2461));
#2446 = ORIENTED_EDGE('',*,*,#2421,.F.);
#2447 = ORIENTED_EDGE('',*,*,#2448,.F.);
#2448 = EDGE_CURVE('',#2449,#2414,#2451,.T.);
#2449 = VERTEX_POINT('',#2450);
#2450 = CARTESIAN_POINT('',(162.95,181.55,10.5));
#2451 = LINE('',#2452,#2453);
#2452 = CARTESIAN_POINT('',(162.95,181.55,10.5));
#2453 = VECTOR('',#2454,1.);
#2454 = DIRECTION('',(0.,-1.,-2.22044604925E-16));
#2455 = ORIENTED_EDGE('',*,*,#2456,.T.);
#2456 = EDGE_CURVE('',#2449,#967,#2457,.T.);
#2457 = LINE('',#2458,#2459);
#2458 = CARTESIAN_POINT('',(162.95,181.55,10.5));
#2459 = VECTOR('',#2460,1.);
#2460 = DIRECTION('',(0.,-2.22044604925E-16,1.));
#2461 = ORIENTED_EDGE('',*,*,#974,.F.);
#2462 = PLANE('',#2463);
#2463 = AXIS2_PLACEMENT_3D('',#2464,#2465,#2466);
#2464 = CARTESIAN_POINT('',(162.95,181.55,10.5));
#2465 = DIRECTION('',(1.,0.,0.));
#2466 = DIRECTION('',(0.,-1.,-2.22044604925E-16));
#2467 = ADVANCED_FACE('',(#2468,#2486),#2489,.T.);
#2468 = FACE_BOUND('',#2469,.T.);
#2469 = EDGE_LOOP('',(#2470,#2478,#2484,#2485));
#2470 = ORIENTED_EDGE('',*,*,#2471,.F.);
#2471 = EDGE_CURVE('',#2472,#959,#2474,.T.);
#2472 = VERTEX_POINT('',#2473);
#2473 = CARTESIAN_POINT('',(157.05,181.55,10.5));
#2474 = LINE('',#2475,#2476);
#2475 = CARTESIAN_POINT('',(157.05,181.55,10.5));
#2476 = VECTOR('',#2477,1.);
#2477 = DIRECTION('',(0.,-2.22044604925E-16,1.));
#2478 = ORIENTED_EDGE('',*,*,#2479,.T.);
#2479 = EDGE_CURVE('',#2472,#2449,#2480,.T.);
#2480 = LINE('',#2481,#2482);
#2481 = CARTESIAN_POINT('',(157.05,181.55,10.5));
#2482 = VECTOR('',#2483,1.);
#2483 = DIRECTION('',(1.,0.,0.));
#2484 = ORIENTED_EDGE('',*,*,#2456,.T.);
#2485 = ORIENTED_EDGE('',*,*,#966,.F.);
#2486 = FACE_BOUND('',#2487,.T.);
#2487 = EDGE_LOOP('',(#2488));
#2488 = ORIENTED_EDGE('',*,*,#1134,.F.);
#2489 = PLANE('',#2490);
#2490 = AXIS2_PLACEMENT_3D('',#2491,#2492,#2493);
#2491 = CARTESIAN_POINT('',(157.05,181.55,10.5));
#2492 = DIRECTION('',(0.,-1.,-2.22044604925E-16));
#2493 = DIRECTION('',(1.,0.,0.));
#2494 = ADVANCED_FACE('',(#2495),#2506,.T.);
#2495 = FACE_BOUND('',#2496,.T.);
#2496 = EDGE_LOOP('',(#2497,#2498,#2504,#2505));
#2497 = ORIENTED_EDGE('',*,*,#2405,.F.);
#2498 = ORIENTED_EDGE('',*,*,#2499,.F.);
#2499 = EDGE_CURVE('',#2472,#2406,#2500,.T.);
#2500 = LINE('',#2501,#2502);
#2501 = CARTESIAN_POINT('',(157.05,181.55,10.5));
#2502 = VECTOR('',#2503,1.);
#2503 = DIRECTION('',(0.,-1.,-2.22044604925E-16));
#2504 = ORIENTED_EDGE('',*,*,#2471,.T.);
#2505 = ORIENTED_EDGE('',*,*,#958,.F.);
#2506 = PLANE('',#2507);
#2507 = AXIS2_PLACEMENT_3D('',#2508,#2509,#2510);
#2508 = CARTESIAN_POINT('',(157.05,181.55,10.5));
#2509 = DIRECTION('',(1.,0.,0.));
#2510 = DIRECTION('',(0.,-1.,-2.22044604925E-16));
#2511 = ADVANCED_FACE('',(#2512),#2537,.F.);
#2512 = FACE_BOUND('',#2513,.T.);
#2513 = EDGE_LOOP('',(#2514,#2522,#2530,#2536));
#2514 = ORIENTED_EDGE('',*,*,#2515,.T.);
#2515 = EDGE_CURVE('',#1030,#2516,#2518,.T.);
#2516 = VERTEX_POINT('',#2517);
#2517 = CARTESIAN_POINT('',(28.4,190.75,2.4));
#2518 = LINE('',#2519,#2520);
#2519 = CARTESIAN_POINT('',(28.8,191.15,2.8));
#2520 = VECTOR('',#2521,1.);
#2521 = DIRECTION('',(0.57735026919,0.57735026919,0.57735026919));
#2522 = ORIENTED_EDGE('',*,*,#2523,.T.);
#2523 = EDGE_CURVE('',#2516,#2524,#2526,.T.);
#2524 = VERTEX_POINT('',#2525);
#2525 = CARTESIAN_POINT('',(171.6,190.75,2.4));
#2526 = LINE('',#2527,#2528);
#2527 = CARTESIAN_POINT('',(28.,190.75,2.4));
#2528 = VECTOR('',#2529,1.);
#2529 = DIRECTION('',(1.,0.,0.));
#2530 = ORIENTED_EDGE('',*,*,#2531,.F.);
#2531 = EDGE_CURVE('',#1038,#2524,#2532,.T.);
#2532 = LINE('',#2533,#2534);
#2533 = CARTESIAN_POINT('',(147.2,215.15,26.8));
#2534 = VECTOR('',#2535,1.);
#2535 = DIRECTION('',(-0.57735026919,0.57735026919,0.57735026919));
#2536 = ORIENTED_EDGE('',*,*,#1037,.F.);
#2537 = PLANE('',#2538);
#2538 = AXIS2_PLACEMENT_3D('',#2539,#2540,#2541);
#2539 = CARTESIAN_POINT('',(28.,190.55,2.2));
#2540 = DIRECTION('',(0.,-0.707106781187,0.707106781187));
#2541 = DIRECTION('',(-1.,-0.,0.));
#2542 = ADVANCED_FACE('',(#2543),#2561,.T.);
#2543 = FACE_BOUND('',#2544,.F.);
#2544 = EDGE_LOOP('',(#2545,#2553,#2554,#2555));
#2545 = ORIENTED_EDGE('',*,*,#2546,.F.);
#2546 = EDGE_CURVE('',#1062,#2547,#2549,.T.);
#2547 = VERTEX_POINT('',#2548);
#2548 = CARTESIAN_POINT('',(28.4,190.75,5.6));
#2549 = LINE('',#2550,#2551);
#2550 = CARTESIAN_POINT('',(28.133333333333,190.48333333333,
    5.866666666667));
#2551 = VECTOR('',#2552,1.);
#2552 = DIRECTION('',(0.57735026919,0.57735026919,-0.57735026919));
#2553 = ORIENTED_EDGE('',*,*,#1061,.T.);
#2554 = ORIENTED_EDGE('',*,*,#2515,.T.);
#2555 = ORIENTED_EDGE('',*,*,#2556,.F.);
#2556 = EDGE_CURVE('',#2547,#2516,#2557,.T.);
#2557 = LINE('',#2558,#2559);
#2558 = CARTESIAN_POINT('',(28.4,190.75,6.));
#2559 = VECTOR('',#2560,1.);
#2560 = DIRECTION('',(0.,0.,-1.));
#2561 = PLANE('',#2562);
#2562 = AXIS2_PLACEMENT_3D('',#2563,#2564,#2565);
#2563 = CARTESIAN_POINT('',(28.2,190.55,6.));
#2564 = DIRECTION('',(-0.707106781187,0.707106781187,-0.));
#2565 = DIRECTION('',(-0.,0.,1.));
#2566 = ADVANCED_FACE('',(#2567),#2585,.F.);
#2567 = FACE_BOUND('',#2568,.T.);
#2568 = EDGE_LOOP('',(#2569,#2577,#2578,#2579));
#2569 = ORIENTED_EDGE('',*,*,#2570,.F.);
#2570 = EDGE_CURVE('',#1086,#2571,#2573,.T.);
#2571 = VERTEX_POINT('',#2572);
#2572 = CARTESIAN_POINT('',(171.6,190.75,5.6));
#2573 = LINE('',#2574,#2575);
#2574 = CARTESIAN_POINT('',(147.86666666666,214.48333333333,
    -18.13333333333));
#2575 = VECTOR('',#2576,1.);
#2576 = DIRECTION('',(-0.57735026919,0.57735026919,-0.57735026919));
#2577 = ORIENTED_EDGE('',*,*,#1085,.T.);
#2578 = ORIENTED_EDGE('',*,*,#2531,.T.);
#2579 = ORIENTED_EDGE('',*,*,#2580,.F.);
#2580 = EDGE_CURVE('',#2571,#2524,#2581,.T.);
#2581 = LINE('',#2582,#2583);
#2582 = CARTESIAN_POINT('',(171.6,190.75,6.));
#2583 = VECTOR('',#2584,1.);
#2584 = DIRECTION('',(0.,0.,-1.));
#2585 = PLANE('',#2586);
#2586 = AXIS2_PLACEMENT_3D('',#2587,#2588,#2589);
#2587 = CARTESIAN_POINT('',(171.8,190.55,6.));
#2588 = DIRECTION('',(-0.707106781187,-0.707106781187,0.));
#2589 = DIRECTION('',(-0.,0.,1.));
#2590 = ADVANCED_FACE('',(#2591),#2602,.T.);
#2591 = FACE_BOUND('',#2592,.F.);
#2592 = EDGE_LOOP('',(#2593,#2594,#2600,#2601));
#2593 = ORIENTED_EDGE('',*,*,#2546,.T.);
#2594 = ORIENTED_EDGE('',*,*,#2595,.T.);
#2595 = EDGE_CURVE('',#2547,#2571,#2596,.T.);
#2596 = LINE('',#2597,#2598);
#2597 = CARTESIAN_POINT('',(28.,190.75,5.6));
#2598 = VECTOR('',#2599,1.);
#2599 = DIRECTION('',(1.,0.,0.));
#2600 = ORIENTED_EDGE('',*,*,#2570,.F.);
#2601 = ORIENTED_EDGE('',*,*,#1109,.F.);
#2602 = PLANE('',#2603);
#2603 = AXIS2_PLACEMENT_3D('',#2604,#2605,#2606);
#2604 = CARTESIAN_POINT('',(28.,190.55,5.8));
#2605 = DIRECTION('',(0.,0.707106781187,0.707106781187));
#2606 = DIRECTION('',(-1.,0.,0.));
#2607 = ADVANCED_FACE('',(#2608,#2616),#2619,.T.);
#2608 = FACE_BOUND('',#2609,.T.);
#2609 = EDGE_LOOP('',(#2610,#2611,#2612,#2613,#2614,#2615));
#2610 = ORIENTED_EDGE('',*,*,#1560,.T.);
#2611 = ORIENTED_EDGE('',*,*,#1608,.T.);
#2612 = ORIENTED_EDGE('',*,*,#1632,.T.);
#2613 = ORIENTED_EDGE('',*,*,#1584,.T.);
#2614 = ORIENTED_EDGE('',*,*,#1536,.T.);
#2615 = ORIENTED_EDGE('',*,*,#1505,.T.);
#2616 = FACE_BOUND('',#2617,.T.);
#2617 = EDGE_LOOP('',(#2618));
#2618 = ORIENTED_EDGE('',*,*,#1175,.F.);
#2619 = PLANE('',#2620);
#2620 = AXIS2_PLACEMENT_3D('',#2621,#2622,#2623);
#2621 = CARTESIAN_POINT('',(11.5,147.75,2.));
#2622 = DIRECTION('',(0.,-4.440892098501E-16,1.));
#2623 = DIRECTION('',(1.,0.,0.));
#2624 = ADVANCED_FACE('',(#2625,#2633),#2636,.T.);
#2625 = FACE_BOUND('',#2626,.T.);
#2626 = EDGE_LOOP('',(#2627,#2628,#2629,#2630,#2631,#2632));
#2627 = ORIENTED_EDGE('',*,*,#1704,.T.);
#2628 = ORIENTED_EDGE('',*,*,#1752,.T.);
#2629 = ORIENTED_EDGE('',*,*,#1776,.T.);
#2630 = ORIENTED_EDGE('',*,*,#1728,.T.);
#2631 = ORIENTED_EDGE('',*,*,#1680,.T.);
#2632 = ORIENTED_EDGE('',*,*,#1649,.T.);
#2633 = FACE_BOUND('',#2634,.T.);
#2634 = EDGE_LOOP('',(#2635));
#2635 = ORIENTED_EDGE('',*,*,#1200,.F.);
#2636 = PLANE('',#2637);
#2637 = AXIS2_PLACEMENT_3D('',#2638,#2639,#2640);
#2638 = CARTESIAN_POINT('',(188.5,147.75,2.));
#2639 = DIRECTION('',(0.,-4.440892098501E-16,1.));
#2640 = DIRECTION('',(1.,0.,0.));
#2641 = ADVANCED_FACE('',(#2642,#2650),#2653,.T.);
#2642 = FACE_BOUND('',#2643,.T.);
#2643 = EDGE_LOOP('',(#2644,#2645,#2646,#2647,#2648,#2649));
#2644 = ORIENTED_EDGE('',*,*,#1848,.T.);
#2645 = ORIENTED_EDGE('',*,*,#1896,.T.);
#2646 = ORIENTED_EDGE('',*,*,#1920,.T.);
#2647 = ORIENTED_EDGE('',*,*,#1872,.T.);
#2648 = ORIENTED_EDGE('',*,*,#1824,.T.);
#2649 = ORIENTED_EDGE('',*,*,#1793,.T.);
#2650 = FACE_BOUND('',#2651,.T.);
#2651 = EDGE_LOOP('',(#2652));
#2652 = ORIENTED_EDGE('',*,*,#1301,.F.);
#2653 = PLANE('',#2654);
#2654 = AXIS2_PLACEMENT_3D('',#2655,#2656,#2657);
#2655 = CARTESIAN_POINT('',(11.5,43.75,2.));
#2656 = DIRECTION('',(0.,-4.440892098501E-16,1.));
#2657 = DIRECTION('',(1.,0.,0.));
#2658 = ADVANCED_FACE('',(#2659,#2667),#2670,.T.);
#2659 = FACE_BOUND('',#2660,.T.);
#2660 = EDGE_LOOP('',(#2661,#2662,#2663,#2664,#2665,#2666));
#2661 = ORIENTED_EDGE('',*,*,#2171,.T.);
#2662 = ORIENTED_EDGE('',*,*,#2147,.T.);
#2663 = ORIENTED_EDGE('',*,*,#2123,.T.);
#2664 = ORIENTED_EDGE('',*,*,#2099,.T.);
#2665 = ORIENTED_EDGE('',*,*,#2075,.T.);
#2666 = ORIENTED_EDGE('',*,*,#2044,.T.);
#2667 = FACE_BOUND('',#2668,.T.);
#2668 = EDGE_LOOP('',(#2669));
#2669 = ORIENTED_EDGE('',*,*,#1326,.F.);
#2670 = PLANE('',#2671);
#2671 = AXIS2_PLACEMENT_3D('',#2672,#2673,#2674);
#2672 = CARTESIAN_POINT('',(188.5,43.75,2.));
#2673 = DIRECTION('',(0.,-4.440892098501E-16,1.));
#2674 = DIRECTION('',(1.,0.,0.));
#2675 = ADVANCED_FACE('',(#2676,#2682),#2716,.T.);
#2676 = FACE_BOUND('',#2677,.T.);
#2677 = EDGE_LOOP('',(#2678,#2679,#2680,#2681));
#2678 = ORIENTED_EDGE('',*,*,#1954,.F.);
#2679 = ORIENTED_EDGE('',*,*,#2002,.T.);
#2680 = ORIENTED_EDGE('',*,*,#2019,.T.);
#2681 = ORIENTED_EDGE('',*,*,#1978,.F.);
#2682 = FACE_BOUND('',#2683,.T.);
#2683 = EDGE_LOOP('',(#2684,#2694,#2702,#2710));
#2684 = ORIENTED_EDGE('',*,*,#2685,.F.);
#2685 = EDGE_CURVE('',#2686,#2688,#2690,.T.);
#2686 = VERTEX_POINT('',#2687);
#2687 = CARTESIAN_POINT('',(42.05,5.75,22.));
#2688 = VERTEX_POINT('',#2689);
#2689 = CARTESIAN_POINT('',(47.95,5.75,22.));
#2690 = LINE('',#2691,#2692);
#2691 = CARTESIAN_POINT('',(40.525,5.75,22.));
#2692 = VECTOR('',#2693,1.);
#2693 = DIRECTION('',(1.,0.,0.));
#2694 = ORIENTED_EDGE('',*,*,#2695,.T.);
#2695 = EDGE_CURVE('',#2686,#2696,#2698,.T.);
#2696 = VERTEX_POINT('',#2697);
#2697 = CARTESIAN_POINT('',(42.05,9.95,22.));
#2698 = LINE('',#2699,#2700);
#2699 = CARTESIAN_POINT('',(42.05,11.85,22.));
#2700 = VECTOR('',#2701,1.);
#2701 = DIRECTION('',(0.,1.,2.22044604925E-16));
#2702 = ORIENTED_EDGE('',*,*,#2703,.T.);
#2703 = EDGE_CURVE('',#2696,#2704,#2706,.T.);
#2704 = VERTEX_POINT('',#2705);
#2705 = CARTESIAN_POINT('',(47.95,9.95,22.));
#2706 = LINE('',#2707,#2708);
#2707 = CARTESIAN_POINT('',(40.525,9.95,22.));
#2708 = VECTOR('',#2709,1.);
#2709 = DIRECTION('',(1.,0.,0.));
#2710 = ORIENTED_EDGE('',*,*,#2711,.F.);
#2711 = EDGE_CURVE('',#2688,#2704,#2712,.T.);
#2712 = LINE('',#2713,#2714);
#2713 = CARTESIAN_POINT('',(47.95,11.85,22.));
#2714 = VECTOR('',#2715,1.);
#2715 = DIRECTION('',(0.,1.,2.22044604925E-16));
#2716 = PLANE('',#2717);
#2717 = AXIS2_PLACEMENT_3D('',#2718,#2719,#2720);
#2718 = CARTESIAN_POINT('',(39.,13.75,22.));
#2719 = DIRECTION('',(0.,-2.22044604925E-16,1.));
#2720 = DIRECTION('',(0.,-1.,-2.22044604925E-16));
#2721 = ADVANCED_FACE('',(#2722),#2741,.F.);
#2722 = FACE_BOUND('',#2723,.F.);
#2723 = EDGE_LOOP('',(#2724,#2732,#2733,#2734));
#2724 = ORIENTED_EDGE('',*,*,#2725,.T.);
#2725 = EDGE_CURVE('',#2726,#2028,#2728,.T.);
#2726 = VERTEX_POINT('',#2727);
#2727 = CARTESIAN_POINT('',(46.8,5.75,14.));
#2728 = LINE('',#2729,#2730);
#2729 = CARTESIAN_POINT('',(46.8,11.25,14.));
#2730 = VECTOR('',#2731,1.);
#2731 = DIRECTION('',(0.,-1.,-2.22044604925E-16));
#2732 = ORIENTED_EDGE('',*,*,#2027,.F.);
#2733 = ORIENTED_EDGE('',*,*,#2725,.F.);
#2734 = ORIENTED_EDGE('',*,*,#2735,.T.);
#2735 = EDGE_CURVE('',#2726,#2726,#2736,.T.);
#2736 = CIRCLE('',#2737,1.8);
#2737 = AXIS2_PLACEMENT_3D('',#2738,#2739,#2740);
#2738 = CARTESIAN_POINT('',(45.,5.75,14.));
#2739 = DIRECTION('',(0.,-1.,-2.22044604925E-16));
#2740 = DIRECTION('',(1.,0.,0.));
#2741 = CYLINDRICAL_SURFACE('',#2742,1.8);
#2742 = AXIS2_PLACEMENT_3D('',#2743,#2744,#2745);
#2743 = CARTESIAN_POINT('',(45.,11.25,14.));
#2744 = DIRECTION('',(0.,-1.,-2.22044604925E-16));
#2745 = DIRECTION('',(1.,0.,0.));
#2746 = ADVANCED_FACE('',(#2747,#2753),#2787,.T.);
#2747 = FACE_BOUND('',#2748,.T.);
#2748 = EDGE_LOOP('',(#2749,#2750,#2751,#2752));
#2749 = ORIENTED_EDGE('',*,*,#2205,.F.);
#2750 = ORIENTED_EDGE('',*,*,#2253,.T.);
#2751 = ORIENTED_EDGE('',*,*,#2270,.T.);
#2752 = ORIENTED_EDGE('',*,*,#2229,.F.);
#2753 = FACE_BOUND('',#2754,.T.);
#2754 = EDGE_LOOP('',(#2755,#2765,#2773,#2781));
#2755 = ORIENTED_EDGE('',*,*,#2756,.F.);
#2756 = EDGE_CURVE('',#2757,#2759,#2761,.T.);
#2757 = VERTEX_POINT('',#2758);
#2758 = CARTESIAN_POINT('',(152.05,5.75,22.));
#2759 = VERTEX_POINT('',#2760);
#2760 = CARTESIAN_POINT('',(157.95,5.75,22.));
#2761 = LINE('',#2762,#2763);
#2762 = CARTESIAN_POINT('',(150.525,5.75,22.));
#2763 = VECTOR('',#2764,1.);
#2764 = DIRECTION('',(1.,0.,0.));
#2765 = ORIENTED_EDGE('',*,*,#2766,.T.);
#2766 = EDGE_CURVE('',#2757,#2767,#2769,.T.);
#2767 = VERTEX_POINT('',#2768);
#2768 = CARTESIAN_POINT('',(152.05,9.95,22.));
#2769 = LINE('',#2770,#2771);
#2770 = CARTESIAN_POINT('',(152.05,11.85,22.));
#2771 = VECTOR('',#2772,1.);
#2772 = DIRECTION('',(0.,1.,2.22044604925E-16));
#2773 = ORIENTED_EDGE('',*,*,#2774,.T.);
#2774 = EDGE_CURVE('',#2767,#2775,#2777,.T.);
#2775 = VERTEX_POINT('',#2776);
#2776 = CARTESIAN_POINT('',(157.95,9.95,22.));
#2777 = LINE('',#2778,#2779);
#2778 = CARTESIAN_POINT('',(150.525,9.95,22.));
#2779 = VECTOR('',#2780,1.);
#2780 = DIRECTION('',(1.,0.,0.));
#2781 = ORIENTED_EDGE('',*,*,#2782,.F.);
#2782 = EDGE_CURVE('',#2759,#2775,#2783,.T.);
#2783 = LINE('',#2784,#2785);
#2784 = CARTESIAN_POINT('',(157.95,11.85,22.));
#2785 = VECTOR('',#2786,1.);
#2786 = DIRECTION('',(0.,1.,2.22044604925E-16));
#2787 = PLANE('',#2788);
#2788 = AXIS2_PLACEMENT_3D('',#2789,#2790,#2791);
#2789 = CARTESIAN_POINT('',(149.,13.75,22.));
#2790 = DIRECTION('',(0.,-2.22044604925E-16,1.));
#2791 = DIRECTION('',(0.,-1.,-2.22044604925E-16));
#2792 = ADVANCED_FACE('',(#2793),#2812,.F.);
#2793 = FACE_BOUND('',#2794,.F.);
#2794 = EDGE_LOOP('',(#2795,#2803,#2804,#2805));
#2795 = ORIENTED_EDGE('',*,*,#2796,.T.);
#2796 = EDGE_CURVE('',#2797,#2279,#2799,.T.);
#2797 = VERTEX_POINT('',#2798);
#2798 = CARTESIAN_POINT('',(156.8,5.75,14.));
#2799 = LINE('',#2800,#2801);
#2800 = CARTESIAN_POINT('',(156.8,11.25,14.));
#2801 = VECTOR('',#2802,1.);
#2802 = DIRECTION('',(0.,-1.,-2.22044604925E-16));
#2803 = ORIENTED_EDGE('',*,*,#2278,.F.);
#2804 = ORIENTED_EDGE('',*,*,#2796,.F.);
#2805 = ORIENTED_EDGE('',*,*,#2806,.T.);
#2806 = EDGE_CURVE('',#2797,#2797,#2807,.T.);
#2807 = CIRCLE('',#2808,1.8);
#2808 = AXIS2_PLACEMENT_3D('',#2809,#2810,#2811);
#2809 = CARTESIAN_POINT('',(155.,5.75,14.));
#2810 = DIRECTION('',(0.,-1.,-2.22044604925E-16));
#2811 = DIRECTION('',(1.,0.,0.));
#2812 = CYLINDRICAL_SURFACE('',#2813,1.8);
#2813 = AXIS2_PLACEMENT_3D('',#2814,#2815,#2816);
#2814 = CARTESIAN_POINT('',(155.,11.25,14.));
#2815 = DIRECTION('',(0.,-1.,-2.22044604925E-16));
#2816 = DIRECTION('',(1.,0.,0.));
#2817 = ADVANCED_FACE('',(#2818),#2824,.T.);
#2818 = FACE_BOUND('',#2819,.T.);
#2819 = EDGE_LOOP('',(#2820,#2821,#2822,#2823));
#2820 = ORIENTED_EDGE('',*,*,#2369,.F.);
#2821 = ORIENTED_EDGE('',*,*,#2389,.T.);
#2822 = ORIENTED_EDGE('',*,*,#2303,.T.);
#2823 = ORIENTED_EDGE('',*,*,#2338,.F.);
#2824 = PLANE('',#2825);
#2825 = AXIS2_PLACEMENT_3D('',#2826,#2827,#2828);
#2826 = CARTESIAN_POINT('',(37.05,181.55,10.5));
#2827 = DIRECTION('',(0.,-2.22044604925E-16,1.));
#2828 = DIRECTION('',(0.,-1.,-2.22044604925E-16));
#2829 = ADVANCED_FACE('',(#2830),#2849,.F.);
#2830 = FACE_BOUND('',#2831,.F.);
#2831 = EDGE_LOOP('',(#2832,#2833,#2841,#2848));
#2832 = ORIENTED_EDGE('',*,*,#2320,.T.);
#2833 = ORIENTED_EDGE('',*,*,#2834,.T.);
#2834 = EDGE_CURVE('',#2321,#2835,#2837,.T.);
#2835 = VERTEX_POINT('',#2836);
#2836 = CARTESIAN_POINT('',(41.8,175.75,14.));
#2837 = LINE('',#2838,#2839);
#2838 = CARTESIAN_POINT('',(41.8,192.75,14.));
#2839 = VECTOR('',#2840,1.);
#2840 = DIRECTION('',(0.,-1.,-2.22044604925E-16));
#2841 = ORIENTED_EDGE('',*,*,#2842,.F.);
#2842 = EDGE_CURVE('',#2835,#2835,#2843,.T.);
#2843 = CIRCLE('',#2844,1.8);
#2844 = AXIS2_PLACEMENT_3D('',#2845,#2846,#2847);
#2845 = CARTESIAN_POINT('',(40.,175.75,14.));
#2846 = DIRECTION('',(0.,-1.,-2.22044604925E-16));
#2847 = DIRECTION('',(1.,0.,0.));
#2848 = ORIENTED_EDGE('',*,*,#2834,.F.);
#2849 = CYLINDRICAL_SURFACE('',#2850,1.8);
#2850 = AXIS2_PLACEMENT_3D('',#2851,#2852,#2853);
#2851 = CARTESIAN_POINT('',(40.,192.75,14.));
#2852 = DIRECTION('',(0.,-1.,-2.22044604925E-16));
#2853 = DIRECTION('',(1.,0.,0.));
#2854 = ADVANCED_FACE('',(#2855),#2861,.T.);
#2855 = FACE_BOUND('',#2856,.T.);
#2856 = EDGE_LOOP('',(#2857,#2858,#2859,#2860));
#2857 = ORIENTED_EDGE('',*,*,#2479,.F.);
#2858 = ORIENTED_EDGE('',*,*,#2499,.T.);
#2859 = ORIENTED_EDGE('',*,*,#2413,.T.);
#2860 = ORIENTED_EDGE('',*,*,#2448,.F.);
#2861 = PLANE('',#2862);
#2862 = AXIS2_PLACEMENT_3D('',#2863,#2864,#2865);
#2863 = CARTESIAN_POINT('',(157.05,181.55,10.5));
#2864 = DIRECTION('',(0.,-2.22044604925E-16,1.));
#2865 = DIRECTION('',(0.,-1.,-2.22044604925E-16));
#2866 = ADVANCED_FACE('',(#2867),#2886,.F.);
#2867 = FACE_BOUND('',#2868,.F.);
#2868 = EDGE_LOOP('',(#2869,#2870,#2878,#2885));
#2869 = ORIENTED_EDGE('',*,*,#2430,.T.);
#2870 = ORIENTED_EDGE('',*,*,#2871,.T.);
#2871 = EDGE_CURVE('',#2431,#2872,#2874,.T.);
#2872 = VERTEX_POINT('',#2873);
#2873 = CARTESIAN_POINT('',(161.8,175.75,14.));
#2874 = LINE('',#2875,#2876);
#2875 = CARTESIAN_POINT('',(161.8,192.75,14.));
#2876 = VECTOR('',#2877,1.);
#2877 = DIRECTION('',(0.,-1.,-2.22044604925E-16));
#2878 = ORIENTED_EDGE('',*,*,#2879,.F.);
#2879 = EDGE_CURVE('',#2872,#2872,#2880,.T.);
#2880 = CIRCLE('',#2881,1.8);
#2881 = AXIS2_PLACEMENT_3D('',#2882,#2883,#2884);
#2882 = CARTESIAN_POINT('',(160.,175.75,14.));
#2883 = DIRECTION('',(0.,-1.,-2.22044604925E-16));
#2884 = DIRECTION('',(1.,0.,0.));
#2885 = ORIENTED_EDGE('',*,*,#2871,.F.);
#2886 = CYLINDRICAL_SURFACE('',#2887,1.8);
#2887 = AXIS2_PLACEMENT_3D('',#2888,#2889,#2890);
#2888 = CARTESIAN_POINT('',(160.,192.75,14.));
#2889 = DIRECTION('',(0.,-1.,-2.22044604925E-16));
#2890 = DIRECTION('',(1.,0.,0.));
#2891 = ADVANCED_FACE('',(#2892),#2898,.F.);
#2892 = FACE_BOUND('',#2893,.F.);
#2893 = EDGE_LOOP('',(#2894,#2895,#2896,#2897));
#2894 = ORIENTED_EDGE('',*,*,#2556,.T.);
#2895 = ORIENTED_EDGE('',*,*,#2523,.T.);
#2896 = ORIENTED_EDGE('',*,*,#2580,.F.);
#2897 = ORIENTED_EDGE('',*,*,#2595,.F.);
#2898 = PLANE('',#2899);
#2899 = AXIS2_PLACEMENT_3D('',#2900,#2901,#2902);
#2900 = CARTESIAN_POINT('',(28.,190.75,6.));
#2901 = DIRECTION('',(0.,-1.,0.));
#2902 = DIRECTION('',(0.,0.,-1.));
#2903 = ADVANCED_FACE('',(#2904,#2929),#2932,.F.);
#2904 = FACE_BOUND('',#2905,.F.);
#2905 = EDGE_LOOP('',(#2906,#2914,#2922,#2928));
#2906 = ORIENTED_EDGE('',*,*,#2907,.F.);
#2907 = EDGE_CURVE('',#2908,#2686,#2910,.T.);
#2908 = VERTEX_POINT('',#2909);
#2909 = CARTESIAN_POINT('',(42.05,5.75,10.5));
#2910 = LINE('',#2911,#2912);
#2911 = CARTESIAN_POINT('',(42.05,5.75,10.5));
#2912 = VECTOR('',#2913,1.);
#2913 = DIRECTION('',(0.,-2.22044604925E-16,1.));
#2914 = ORIENTED_EDGE('',*,*,#2915,.T.);
#2915 = EDGE_CURVE('',#2908,#2916,#2918,.T.);
#2916 = VERTEX_POINT('',#2917);
#2917 = CARTESIAN_POINT('',(47.95,5.75,10.5));
#2918 = LINE('',#2919,#2920);
#2919 = CARTESIAN_POINT('',(42.05,5.75,10.5));
#2920 = VECTOR('',#2921,1.);
#2921 = DIRECTION('',(1.,0.,0.));
#2922 = ORIENTED_EDGE('',*,*,#2923,.T.);
#2923 = EDGE_CURVE('',#2916,#2688,#2924,.T.);
#2924 = LINE('',#2925,#2926);
#2925 = CARTESIAN_POINT('',(47.95,5.75,10.5));
#2926 = VECTOR('',#2927,1.);
#2927 = DIRECTION('',(0.,-2.22044604925E-16,1.));
#2928 = ORIENTED_EDGE('',*,*,#2685,.F.);
#2929 = FACE_BOUND('',#2930,.F.);
#2930 = EDGE_LOOP('',(#2931));
#2931 = ORIENTED_EDGE('',*,*,#2735,.F.);
#2932 = PLANE('',#2933);
#2933 = AXIS2_PLACEMENT_3D('',#2934,#2935,#2936);
#2934 = CARTESIAN_POINT('',(42.05,5.75,10.5));
#2935 = DIRECTION('',(0.,-1.,-2.22044604925E-16));
#2936 = DIRECTION('',(1.,0.,0.));
#2937 = ADVANCED_FACE('',(#2938),#2956,.F.);
#2938 = FACE_BOUND('',#2939,.F.);
#2939 = EDGE_LOOP('',(#2940,#2941,#2949,#2955));
#2940 = ORIENTED_EDGE('',*,*,#2923,.F.);
#2941 = ORIENTED_EDGE('',*,*,#2942,.F.);
#2942 = EDGE_CURVE('',#2943,#2916,#2945,.T.);
#2943 = VERTEX_POINT('',#2944);
#2944 = CARTESIAN_POINT('',(47.95,9.95,10.5));
#2945 = LINE('',#2946,#2947);
#2946 = CARTESIAN_POINT('',(47.95,9.95,10.5));
#2947 = VECTOR('',#2948,1.);
#2948 = DIRECTION('',(0.,-1.,-2.22044604925E-16));
#2949 = ORIENTED_EDGE('',*,*,#2950,.T.);
#2950 = EDGE_CURVE('',#2943,#2704,#2951,.T.);
#2951 = LINE('',#2952,#2953);
#2952 = CARTESIAN_POINT('',(47.95,9.95,10.5));
#2953 = VECTOR('',#2954,1.);
#2954 = DIRECTION('',(0.,-2.22044604925E-16,1.));
#2955 = ORIENTED_EDGE('',*,*,#2711,.F.);
#2956 = PLANE('',#2957);
#2957 = AXIS2_PLACEMENT_3D('',#2958,#2959,#2960);
#2958 = CARTESIAN_POINT('',(47.95,9.95,10.5));
#2959 = DIRECTION('',(1.,0.,0.));
#2960 = DIRECTION('',(0.,-1.,-2.22044604925E-16));
#2961 = ADVANCED_FACE('',(#2962,#2980),#2991,.T.);
#2962 = FACE_BOUND('',#2963,.T.);
#2963 = EDGE_LOOP('',(#2964,#2972,#2978,#2979));
#2964 = ORIENTED_EDGE('',*,*,#2965,.F.);
#2965 = EDGE_CURVE('',#2966,#2696,#2968,.T.);
#2966 = VERTEX_POINT('',#2967);
#2967 = CARTESIAN_POINT('',(42.05,9.95,10.5));
#2968 = LINE('',#2969,#2970);
#2969 = CARTESIAN_POINT('',(42.05,9.95,10.5));
#2970 = VECTOR('',#2971,1.);
#2971 = DIRECTION('',(0.,-2.22044604925E-16,1.));
#2972 = ORIENTED_EDGE('',*,*,#2973,.T.);
#2973 = EDGE_CURVE('',#2966,#2943,#2974,.T.);
#2974 = LINE('',#2975,#2976);
#2975 = CARTESIAN_POINT('',(42.05,9.95,10.5));
#2976 = VECTOR('',#2977,1.);
#2977 = DIRECTION('',(1.,0.,0.));
#2978 = ORIENTED_EDGE('',*,*,#2950,.T.);
#2979 = ORIENTED_EDGE('',*,*,#2703,.F.);
#2980 = FACE_BOUND('',#2981,.T.);
#2981 = EDGE_LOOP('',(#2982));
#2982 = ORIENTED_EDGE('',*,*,#2983,.F.);
#2983 = EDGE_CURVE('',#2984,#2984,#2986,.T.);
#2984 = VERTEX_POINT('',#2985);
#2985 = CARTESIAN_POINT('',(46.8,9.95,14.));
#2986 = CIRCLE('',#2987,1.8);
#2987 = AXIS2_PLACEMENT_3D('',#2988,#2989,#2990);
#2988 = CARTESIAN_POINT('',(45.,9.95,14.));
#2989 = DIRECTION('',(0.,-1.,-2.22044604925E-16));
#2990 = DIRECTION('',(1.,0.,0.));
#2991 = PLANE('',#2992);
#2992 = AXIS2_PLACEMENT_3D('',#2993,#2994,#2995);
#2993 = CARTESIAN_POINT('',(42.05,9.95,10.5));
#2994 = DIRECTION('',(0.,-1.,-2.22044604925E-16));
#2995 = DIRECTION('',(1.,0.,0.));
#2996 = ADVANCED_FACE('',(#2997),#3008,.T.);
#2997 = FACE_BOUND('',#2998,.T.);
#2998 = EDGE_LOOP('',(#2999,#3000,#3006,#3007));
#2999 = ORIENTED_EDGE('',*,*,#2907,.F.);
#3000 = ORIENTED_EDGE('',*,*,#3001,.F.);
#3001 = EDGE_CURVE('',#2966,#2908,#3002,.T.);
#3002 = LINE('',#3003,#3004);
#3003 = CARTESIAN_POINT('',(42.05,9.95,10.5));
#3004 = VECTOR('',#3005,1.);
#3005 = DIRECTION('',(0.,-1.,-2.22044604925E-16));
#3006 = ORIENTED_EDGE('',*,*,#2965,.T.);
#3007 = ORIENTED_EDGE('',*,*,#2695,.F.);
#3008 = PLANE('',#3009);
#3009 = AXIS2_PLACEMENT_3D('',#3010,#3011,#3012);
#3010 = CARTESIAN_POINT('',(42.05,9.95,10.5));
#3011 = DIRECTION('',(1.,0.,0.));
#3012 = DIRECTION('',(0.,-1.,-2.22044604925E-16));
#3013 = ADVANCED_FACE('',(#3014,#3039),#3042,.F.);
#3014 = FACE_BOUND('',#3015,.F.);
#3015 = EDGE_LOOP('',(#3016,#3024,#3032,#3038));
#3016 = ORIENTED_EDGE('',*,*,#3017,.F.);
#3017 = EDGE_CURVE('',#3018,#2757,#3020,.T.);
#3018 = VERTEX_POINT('',#3019);
#3019 = CARTESIAN_POINT('',(152.05,5.75,10.5));
#3020 = LINE('',#3021,#3022);
#3021 = CARTESIAN_POINT('',(152.05,5.75,10.5));
#3022 = VECTOR('',#3023,1.);
#3023 = DIRECTION('',(0.,-2.22044604925E-16,1.));
#3024 = ORIENTED_EDGE('',*,*,#3025,.T.);
#3025 = EDGE_CURVE('',#3018,#3026,#3028,.T.);
#3026 = VERTEX_POINT('',#3027);
#3027 = CARTESIAN_POINT('',(157.95,5.75,10.5));
#3028 = LINE('',#3029,#3030);
#3029 = CARTESIAN_POINT('',(152.05,5.75,10.5));
#3030 = VECTOR('',#3031,1.);
#3031 = DIRECTION('',(1.,0.,0.));
#3032 = ORIENTED_EDGE('',*,*,#3033,.T.);
#3033 = EDGE_CURVE('',#3026,#2759,#3034,.T.);
#3034 = LINE('',#3035,#3036);
#3035 = CARTESIAN_POINT('',(157.95,5.75,10.5));
#3036 = VECTOR('',#3037,1.);
#3037 = DIRECTION('',(0.,-2.22044604925E-16,1.));
#3038 = ORIENTED_EDGE('',*,*,#2756,.F.);
#3039 = FACE_BOUND('',#3040,.F.);
#3040 = EDGE_LOOP('',(#3041));
#3041 = ORIENTED_EDGE('',*,*,#2806,.F.);
#3042 = PLANE('',#3043);
#3043 = AXIS2_PLACEMENT_3D('',#3044,#3045,#3046);
#3044 = CARTESIAN_POINT('',(152.05,5.75,10.5));
#3045 = DIRECTION('',(0.,-1.,-2.22044604925E-16));
#3046 = DIRECTION('',(1.,0.,0.));
#3047 = ADVANCED_FACE('',(#3048),#3066,.F.);
#3048 = FACE_BOUND('',#3049,.F.);
#3049 = EDGE_LOOP('',(#3050,#3051,#3059,#3065));
#3050 = ORIENTED_EDGE('',*,*,#3033,.F.);
#3051 = ORIENTED_EDGE('',*,*,#3052,.F.);
#3052 = EDGE_CURVE('',#3053,#3026,#3055,.T.);
#3053 = VERTEX_POINT('',#3054);
#3054 = CARTESIAN_POINT('',(157.95,9.95,10.5));
#3055 = LINE('',#3056,#3057);
#3056 = CARTESIAN_POINT('',(157.95,9.95,10.5));
#3057 = VECTOR('',#3058,1.);
#3058 = DIRECTION('',(0.,-1.,-2.22044604925E-16));
#3059 = ORIENTED_EDGE('',*,*,#3060,.T.);
#3060 = EDGE_CURVE('',#3053,#2775,#3061,.T.);
#3061 = LINE('',#3062,#3063);
#3062 = CARTESIAN_POINT('',(157.95,9.95,10.5));
#3063 = VECTOR('',#3064,1.);
#3064 = DIRECTION('',(0.,-2.22044604925E-16,1.));
#3065 = ORIENTED_EDGE('',*,*,#2782,.F.);
#3066 = PLANE('',#3067);
#3067 = AXIS2_PLACEMENT_3D('',#3068,#3069,#3070);
#3068 = CARTESIAN_POINT('',(157.95,9.95,10.5));
#3069 = DIRECTION('',(1.,0.,0.));
#3070 = DIRECTION('',(0.,-1.,-2.22044604925E-16));
#3071 = ADVANCED_FACE('',(#3072,#3090),#3101,.T.);
#3072 = FACE_BOUND('',#3073,.T.);
#3073 = EDGE_LOOP('',(#3074,#3082,#3088,#3089));
#3074 = ORIENTED_EDGE('',*,*,#3075,.F.);
#3075 = EDGE_CURVE('',#3076,#2767,#3078,.T.);
#3076 = VERTEX_POINT('',#3077);
#3077 = CARTESIAN_POINT('',(152.05,9.95,10.5));
#3078 = LINE('',#3079,#3080);
#3079 = CARTESIAN_POINT('',(152.05,9.95,10.5));
#3080 = VECTOR('',#3081,1.);
#3081 = DIRECTION('',(0.,-2.22044604925E-16,1.));
#3082 = ORIENTED_EDGE('',*,*,#3083,.T.);
#3083 = EDGE_CURVE('',#3076,#3053,#3084,.T.);
#3084 = LINE('',#3085,#3086);
#3085 = CARTESIAN_POINT('',(152.05,9.95,10.5));
#3086 = VECTOR('',#3087,1.);
#3087 = DIRECTION('',(1.,0.,0.));
#3088 = ORIENTED_EDGE('',*,*,#3060,.T.);
#3089 = ORIENTED_EDGE('',*,*,#2774,.F.);
#3090 = FACE_BOUND('',#3091,.T.);
#3091 = EDGE_LOOP('',(#3092));
#3092 = ORIENTED_EDGE('',*,*,#3093,.F.);
#3093 = EDGE_CURVE('',#3094,#3094,#3096,.T.);
#3094 = VERTEX_POINT('',#3095);
#3095 = CARTESIAN_POINT('',(156.8,9.95,14.));
#3096 = CIRCLE('',#3097,1.8);
#3097 = AXIS2_PLACEMENT_3D('',#3098,#3099,#3100);
#3098 = CARTESIAN_POINT('',(155.,9.95,14.));
#3099 = DIRECTION('',(0.,-1.,-2.22044604925E-16));
#3100 = DIRECTION('',(1.,0.,0.));
#3101 = PLANE('',#3102);
#3102 = AXIS2_PLACEMENT_3D('',#3103,#3104,#3105);
#3103 = CARTESIAN_POINT('',(152.05,9.95,10.5));
#3104 = DIRECTION('',(0.,-1.,-2.22044604925E-16));
#3105 = DIRECTION('',(1.,0.,0.));
#3106 = ADVANCED_FACE('',(#3107),#3118,.T.);
#3107 = FACE_BOUND('',#3108,.T.);
#3108 = EDGE_LOOP('',(#3109,#3110,#3116,#3117));
#3109 = ORIENTED_EDGE('',*,*,#3017,.F.);
#3110 = ORIENTED_EDGE('',*,*,#3111,.F.);
#3111 = EDGE_CURVE('',#3076,#3018,#3112,.T.);
#3112 = LINE('',#3113,#3114);
#3113 = CARTESIAN_POINT('',(152.05,9.95,10.5));
#3114 = VECTOR('',#3115,1.);
#3115 = DIRECTION('',(0.,-1.,-2.22044604925E-16));
#3116 = ORIENTED_EDGE('',*,*,#3075,.T.);
#3117 = ORIENTED_EDGE('',*,*,#2766,.F.);
#3118 = PLANE('',#3119);
#3119 = AXIS2_PLACEMENT_3D('',#3120,#3121,#3122);
#3120 = CARTESIAN_POINT('',(152.05,9.95,10.5));
#3121 = DIRECTION('',(1.,0.,0.));
#3122 = DIRECTION('',(0.,-1.,-2.22044604925E-16));
#3123 = ADVANCED_FACE('',(#3124),#3127,.F.);
#3124 = FACE_BOUND('',#3125,.F.);
#3125 = EDGE_LOOP('',(#3126));
#3126 = ORIENTED_EDGE('',*,*,#2842,.T.);
#3127 = PLANE('',#3128);
#3128 = AXIS2_PLACEMENT_3D('',#3129,#3130,#3131);
#3129 = CARTESIAN_POINT('',(40.,175.75,14.));
#3130 = DIRECTION('',(0.,-1.,-2.22044604925E-16));
#3131 = DIRECTION('',(1.,0.,0.));
#3132 = ADVANCED_FACE('',(#3133),#3136,.F.);
#3133 = FACE_BOUND('',#3134,.F.);
#3134 = EDGE_LOOP('',(#3135));
#3135 = ORIENTED_EDGE('',*,*,#2879,.T.);
#3136 = PLANE('',#3137);
#3137 = AXIS2_PLACEMENT_3D('',#3138,#3139,#3140);
#3138 = CARTESIAN_POINT('',(160.,175.75,14.));
#3139 = DIRECTION('',(0.,-1.,-2.22044604925E-16));
#3140 = DIRECTION('',(1.,0.,0.));
#3141 = ADVANCED_FACE('',(#3142),#3148,.T.);
#3142 = FACE_BOUND('',#3143,.T.);
#3143 = EDGE_LOOP('',(#3144,#3145,#3146,#3147));
#3144 = ORIENTED_EDGE('',*,*,#2973,.F.);
#3145 = ORIENTED_EDGE('',*,*,#3001,.T.);
#3146 = ORIENTED_EDGE('',*,*,#2915,.T.);
#3147 = ORIENTED_EDGE('',*,*,#2942,.F.);
#3148 = PLANE('',#3149);
#3149 = AXIS2_PLACEMENT_3D('',#3150,#3151,#3152);
#3150 = CARTESIAN_POINT('',(42.05,9.95,10.5));
#3151 = DIRECTION('',(0.,-2.22044604925E-16,1.));
#3152 = DIRECTION('',(0.,-1.,-2.22044604925E-16));
#3153 = ADVANCED_FACE('',(#3154),#3173,.F.);
#3154 = FACE_BOUND('',#3155,.F.);
#3155 = EDGE_LOOP('',(#3156,#3157,#3165,#3172));
#3156 = ORIENTED_EDGE('',*,*,#2983,.F.);
#3157 = ORIENTED_EDGE('',*,*,#3158,.F.);
#3158 = EDGE_CURVE('',#3159,#2984,#3161,.T.);
#3159 = VERTEX_POINT('',#3160);
#3160 = CARTESIAN_POINT('',(46.8,11.25,14.));
#3161 = LINE('',#3162,#3163);
#3162 = CARTESIAN_POINT('',(46.8,11.25,14.));
#3163 = VECTOR('',#3164,1.);
#3164 = DIRECTION('',(0.,-1.,-2.22044604925E-16));
#3165 = ORIENTED_EDGE('',*,*,#3166,.T.);
#3166 = EDGE_CURVE('',#3159,#3159,#3167,.T.);
#3167 = CIRCLE('',#3168,1.8);
#3168 = AXIS2_PLACEMENT_3D('',#3169,#3170,#3171);
#3169 = CARTESIAN_POINT('',(45.,11.25,14.));
#3170 = DIRECTION('',(0.,-1.,-2.22044604925E-16));
#3171 = DIRECTION('',(1.,0.,0.));
#3172 = ORIENTED_EDGE('',*,*,#3158,.T.);
#3173 = CYLINDRICAL_SURFACE('',#3174,1.8);
#3174 = AXIS2_PLACEMENT_3D('',#3175,#3176,#3177);
#3175 = CARTESIAN_POINT('',(45.,11.25,14.));
#3176 = DIRECTION('',(0.,-1.,-2.22044604925E-16));
#3177 = DIRECTION('',(1.,0.,0.));
#3178 = ADVANCED_FACE('',(#3179),#3185,.T.);
#3179 = FACE_BOUND('',#3180,.T.);
#3180 = EDGE_LOOP('',(#3181,#3182,#3183,#3184));
#3181 = ORIENTED_EDGE('',*,*,#3083,.F.);
#3182 = ORIENTED_EDGE('',*,*,#3111,.T.);
#3183 = ORIENTED_EDGE('',*,*,#3025,.T.);
#3184 = ORIENTED_EDGE('',*,*,#3052,.F.);
#3185 = PLANE('',#3186);
#3186 = AXIS2_PLACEMENT_3D('',#3187,#3188,#3189);
#3187 = CARTESIAN_POINT('',(152.05,9.95,10.5));
#3188 = DIRECTION('',(0.,-2.22044604925E-16,1.));
#3189 = DIRECTION('',(0.,-1.,-2.22044604925E-16));
#3190 = ADVANCED_FACE('',(#3191),#3210,.F.);
#3191 = FACE_BOUND('',#3192,.F.);
#3192 = EDGE_LOOP('',(#3193,#3194,#3202,#3209));
#3193 = ORIENTED_EDGE('',*,*,#3093,.F.);
#3194 = ORIENTED_EDGE('',*,*,#3195,.F.);
#3195 = EDGE_CURVE('',#3196,#3094,#3198,.T.);
#3196 = VERTEX_POINT('',#3197);
#3197 = CARTESIAN_POINT('',(156.8,11.25,14.));
#3198 = LINE('',#3199,#3200);
#3199 = CARTESIAN_POINT('',(156.8,11.25,14.));
#3200 = VECTOR('',#3201,1.);
#3201 = DIRECTION('',(0.,-1.,-2.22044604925E-16));
#3202 = ORIENTED_EDGE('',*,*,#3203,.T.);
#3203 = EDGE_CURVE('',#3196,#3196,#3204,.T.);
#3204 = CIRCLE('',#3205,1.8);
#3205 = AXIS2_PLACEMENT_3D('',#3206,#3207,#3208);
#3206 = CARTESIAN_POINT('',(155.,11.25,14.));
#3207 = DIRECTION('',(0.,-1.,-2.22044604925E-16));
#3208 = DIRECTION('',(1.,0.,0.));
#3209 = ORIENTED_EDGE('',*,*,#3195,.T.);
#3210 = CYLINDRICAL_SURFACE('',#3211,1.8);
#3211 = AXIS2_PLACEMENT_3D('',#3212,#3213,#3214);
#3212 = CARTESIAN_POINT('',(155.,11.25,14.));
#3213 = DIRECTION('',(0.,-1.,-2.22044604925E-16));
#3214 = DIRECTION('',(1.,0.,0.));
#3215 = ADVANCED_FACE('',(#3216),#3219,.T.);
#3216 = FACE_BOUND('',#3217,.F.);
#3217 = EDGE_LOOP('',(#3218));
#3218 = ORIENTED_EDGE('',*,*,#3166,.F.);
#3219 = PLANE('',#3220);
#3220 = AXIS2_PLACEMENT_3D('',#3221,#3222,#3223);
#3221 = CARTESIAN_POINT('',(45.,11.25,14.));
#3222 = DIRECTION('',(0.,-1.,-2.22044604925E-16));
#3223 = DIRECTION('',(1.,0.,0.));
#3224 = ADVANCED_FACE('',(#3225),#3228,.T.);
#3225 = FACE_BOUND('',#3226,.F.);
#3226 = EDGE_LOOP('',(#3227));
#3227 = ORIENTED_EDGE('',*,*,#3203,.F.);
#3228 = PLANE('',#3229);
#3229 = AXIS2_PLACEMENT_3D('',#3230,#3231,#3232);
#3230 = CARTESIAN_POINT('',(155.,11.25,14.));
#3231 = DIRECTION('',(0.,-1.,-2.22044604925E-16));
#3232 = DIRECTION('',(1.,0.,0.));
#3233 = ( GEOMETRIC_REPRESENTATION_CONTEXT(3) 
GLOBAL_UNCERTAINTY_ASSIGNED_CONTEXT((#3237)) 
GLOBAL_UNIT_ASSIGNED_CONTEXT((#3234,#3235,#3236)) REPRESENTATION_CONTEXT
('Context #1','3D Context with UNIT and UNCERTAINTY') );
#3234 = ( LENGTH_UNIT() NAMED_UNIT(*) SI_UNIT(.MILLI.,.METRE.) );
#3235 = ( NAMED_UNIT(*) PLANE_ANGLE_UNIT() SI_UNIT($,.RADIAN.) );
#3236 = ( NAMED_UNIT(*) SI_UNIT($,.STERADIAN.) SOLID_ANGLE_UNIT() );
#3237 = UNCERTAINTY_MEASURE_WITH_UNIT(LENGTH_MEASURE(1.E-07),#3234,
  'distance_accuracy_value','confusion accuracy');
#3238 = PRODUCT_RELATED_PRODUCT_CATEGORY('part',$,(#7));
ENDSEC;
END-ISO-10303-21;
