ISO-10303-21;
HEADER;
FILE_DESCRIPTION(('FreeCAD Model'),'2;1');
FILE_NAME('Open CASCADE Shape Model','2026-10-01T10:29:55',('FreeCAD'),(
    'FreeCAD'),'Open CASCADE STEP processor 7.8','FreeCAD','Unknown');
FILE_SCHEMA(('AUTOMOTIVE_DESIGN { 1 0 10303 214 1 1 1 1 }'));
ENDSEC;
DATA;
#1 = APPLICATION_PROTOCOL_DEFINITION('international standard',
  'automotive_design',2000,#2);
#2 = APPLICATION_CONTEXT(
  'core data for automotive mechanical design processes');
#3 = SHAPE_DEFINITION_REPRESENTATION(#4,#10);
#4 = PRODUCT_DEFINITION_SHAPE('','',#5);
#5 = PRODUCT_DEFINITION('design','',#6,#9);
#6 = PRODUCT_DEFINITION_FORMATION('','',#7);
#7 = PRODUCT('Open CASCADE STEP translator 7.8 7',
  'Open CASCADE STEP translator 7.8 7','',(#8));
#8 = PRODUCT_CONTEXT('',#2,'mechanical');
#9 = PRODUCT_DEFINITION_CONTEXT('part definition',#2,'design');
#10 = ADVANCED_BREP_SHAPE_REPRESENTATION('',(#11,#15),#2497);
#11 = AXIS2_PLACEMENT_3D('',#12,#13,#14);
#12 = CARTESIAN_POINT('',(0.,0.,0.));
#13 = DIRECTION('',(0.,0.,1.));
#14 = DIRECTION('',(1.,0.,-0.));
#15 = MANIFOLD_SOLID_BREP('',#16);
#16 = CLOSED_SHELL('',(#17,#57,#88,#568,#592,#643,#655,#686,#710,#734,
    #758,#782,#799,#824,#855,#879,#903,#927,#951,#968,#993,#1024,#1048,
    #1072,#1096,#1120,#1137,#1168,#1192,#1216,#1240,#1264,#1281,#1312,
    #1336,#1360,#1377,#1408,#1432,#1456,#1480,#1504,#1521,#1552,#1576,
    #1600,#1624,#1648,#1665,#1696,#1720,#1744,#1768,#1792,#1809,#1840,
    #1864,#1888,#1912,#1936,#1953,#1984,#2008,#2032,#2049,#2074,#2186,
    #2211,#2236,#2261,#2286,#2311,#2336,#2361,#2378,#2395,#2412,#2429,
    #2446,#2463,#2480));
#17 = ADVANCED_FACE('',(#18),#52,.F.);
#18 = FACE_BOUND('',#19,.F.);
#19 = EDGE_LOOP('',(#20,#30,#38,#46));
#20 = ORIENTED_EDGE('',*,*,#21,.F.);
#21 = EDGE_CURVE('',#22,#24,#26,.T.);
#22 = VERTEX_POINT('',#23);
#23 = CARTESIAN_POINT('',(8.25,191.75,5.));
#24 = VERTEX_POINT('',#25);
#25 = CARTESIAN_POINT('',(8.25,191.75,8.));
#26 = LINE('',#27,#28);
#27 = CARTESIAN_POINT('',(8.25,191.75,8.1));
#28 = VECTOR('',#29,1.);
#29 = DIRECTION('',(0.,1.224646799147E-16,1.));
#30 = ORIENTED_EDGE('',*,*,#31,.T.);
#31 = EDGE_CURVE('',#22,#32,#34,.T.);
#32 = VERTEX_POINT('',#33);
#33 = CARTESIAN_POINT('',(191.75,191.75,5.));
#34 = LINE('',#35,#36);
#35 = CARTESIAN_POINT('',(-0.25,191.75,5.));
#36 = VECTOR('',#37,1.);
#37 = DIRECTION('',(1.,0.,0.));
#38 = ORIENTED_EDGE('',*,*,#39,.T.);
#39 = EDGE_CURVE('',#32,#40,#42,.T.);
#40 = VERTEX_POINT('',#41);
#41 = CARTESIAN_POINT('',(191.75,191.75,8.));
#42 = LINE('',#43,#44);
#43 = CARTESIAN_POINT('',(191.75,191.75,8.1));
#44 = VECTOR('',#45,1.);
#45 = DIRECTION('',(0.,1.224646799147E-16,1.));
#46 = ORIENTED_EDGE('',*,*,#47,.T.);
#47 = EDGE_CURVE('',#40,#24,#48,.T.);
#48 = LINE('',#49,#50);
#49 = CARTESIAN_POINT('',(-0.125,191.75,8.));
#50 = VECTOR('',#51,1.);
#51 = DIRECTION('',(-1.,0.,-0.));
#52 = PLANE('',#53);
#53 = AXIS2_PLACEMENT_3D('',#54,#55,#56);
#54 = CARTESIAN_POINT('',(-0.25,191.75,8.1));
#55 = DIRECTION('',(0.,-1.,1.224646799147E-16));
#56 = DIRECTION('',(0.,-1.224646799147E-16,-1.));
#57 = ADVANCED_FACE('',(#58),#83,.F.);
#58 = FACE_BOUND('',#59,.F.);
#59 = EDGE_LOOP('',(#60,#68,#69,#77));
#60 = ORIENTED_EDGE('',*,*,#61,.F.);
#61 = EDGE_CURVE('',#22,#62,#64,.T.);
#62 = VERTEX_POINT('',#63);
#63 = CARTESIAN_POINT('',(8.25,8.25,5.));
#64 = LINE('',#65,#66);
#65 = CARTESIAN_POINT('',(8.25,192.,5.));
#66 = VECTOR('',#67,1.);
#67 = DIRECTION('',(0.,-1.,1.224646799147E-16));
#68 = ORIENTED_EDGE('',*,*,#21,.T.);
#69 = ORIENTED_EDGE('',*,*,#70,.T.);
#70 = EDGE_CURVE('',#24,#71,#73,.T.);
#71 = VERTEX_POINT('',#72);
#72 = CARTESIAN_POINT('',(8.25,8.25,8.));
#73 = LINE('',#74,#75);
#74 = CARTESIAN_POINT('',(8.25,196.,8.));
#75 = VECTOR('',#76,1.);
#76 = DIRECTION('',(0.,-1.,1.224646799147E-16));
#77 = ORIENTED_EDGE('',*,*,#78,.F.);
#78 = EDGE_CURVE('',#62,#71,#79,.T.);
#79 = LINE('',#80,#81);
#80 = CARTESIAN_POINT('',(8.25,8.25,8.1));
#81 = VECTOR('',#82,1.);
#82 = DIRECTION('',(0.,1.224646799147E-16,1.));
#83 = PLANE('',#84);
#84 = AXIS2_PLACEMENT_3D('',#85,#86,#87);
#85 = CARTESIAN_POINT('',(8.25,192.,8.1));
#86 = DIRECTION('',(1.,0.,0.));
#87 = DIRECTION('',(0.,-1.224646799147E-16,-1.));
#88 = ADVANCED_FACE('',(#89,#107,#157,#168,#218,#229,#279,#329,#363,#413
    ,#463,#513),#563,.F.);
#89 = FACE_BOUND('',#90,.F.);
#90 = EDGE_LOOP('',(#91,#92,#93,#101));
#91 = ORIENTED_EDGE('',*,*,#70,.F.);
#92 = ORIENTED_EDGE('',*,*,#47,.F.);
#93 = ORIENTED_EDGE('',*,*,#94,.T.);
#94 = EDGE_CURVE('',#40,#95,#97,.T.);
#95 = VERTEX_POINT('',#96);
#96 = CARTESIAN_POINT('',(191.75,8.25,8.));
#97 = LINE('',#98,#99);
#98 = CARTESIAN_POINT('',(191.75,196.,8.));
#99 = VECTOR('',#100,1.);
#100 = DIRECTION('',(0.,-1.,1.224646799147E-16));
#101 = ORIENTED_EDGE('',*,*,#102,.T.);
#102 = EDGE_CURVE('',#95,#71,#103,.T.);
#103 = LINE('',#104,#105);
#104 = CARTESIAN_POINT('',(-0.125,8.25,8.));
#105 = VECTOR('',#106,1.);
#106 = DIRECTION('',(-1.,0.,-0.));
#107 = FACE_BOUND('',#108,.F.);
#108 = EDGE_LOOP('',(#109,#119,#127,#135,#143,#151));
#109 = ORIENTED_EDGE('',*,*,#110,.T.);
#110 = EDGE_CURVE('',#111,#113,#115,.T.);
#111 = VERTEX_POINT('',#112);
#112 = CARTESIAN_POINT('',(11.05,184.29681670589,8.));
#113 = VERTEX_POINT('',#114);
#114 = CARTESIAN_POINT('',(14.,182.59363341178,8.));
#115 = LINE('',#116,#117);
#116 = CARTESIAN_POINT('',(4.981411086754,187.80051814855,8.));
#117 = VECTOR('',#118,1.);
#118 = DIRECTION('',(0.866025403784,-0.5,6.123233995737E-17));
#119 = ORIENTED_EDGE('',*,*,#120,.T.);
#120 = EDGE_CURVE('',#113,#121,#123,.T.);
#121 = VERTEX_POINT('',#122);
#122 = CARTESIAN_POINT('',(16.95,184.29681670589,8.));
#123 = LINE('',#124,#125);
#124 = CARTESIAN_POINT('',(13.993588913246,182.58993196911,8.));
#125 = VECTOR('',#126,1.);
#126 = DIRECTION('',(0.866025403784,0.5,-6.123233995737E-17));
#127 = ORIENTED_EDGE('',*,*,#128,.T.);
#128 = EDGE_CURVE('',#121,#129,#131,.T.);
#129 = VERTEX_POINT('',#130);
#130 = CARTESIAN_POINT('',(16.95,187.7031832941,8.));
#131 = LINE('',#132,#133);
#132 = CARTESIAN_POINT('',(16.95,193.85159164705,8.));
#133 = VECTOR('',#134,1.);
#134 = DIRECTION('',(0.,1.,-1.224646799147E-16));
#135 = ORIENTED_EDGE('',*,*,#136,.T.);
#136 = EDGE_CURVE('',#129,#137,#139,.T.);
#137 = VERTEX_POINT('',#138);
#138 = CARTESIAN_POINT('',(14.,189.40636658821,8.));
#139 = LINE('',#140,#141);
#140 = CARTESIAN_POINT('',(6.456411086754,193.76165967793,8.));
#141 = VECTOR('',#142,1.);
#142 = DIRECTION('',(-0.866025403784,0.5,-6.123233995737E-17));
#143 = ORIENTED_EDGE('',*,*,#144,.T.);
#144 = EDGE_CURVE('',#137,#145,#147,.T.);
#145 = VERTEX_POINT('',#146);
#146 = CARTESIAN_POINT('',(11.05,187.7031832941,8.));
#147 = LINE('',#148,#149);
#148 = CARTESIAN_POINT('',(9.568588913246,186.84789020439,8.));
#149 = VECTOR('',#150,1.);
#150 = DIRECTION('',(-0.866025403784,-0.5,6.123233995737E-17));
#151 = ORIENTED_EDGE('',*,*,#152,.T.);
#152 = EDGE_CURVE('',#145,#111,#153,.T.);
#153 = LINE('',#154,#155);
#154 = CARTESIAN_POINT('',(11.05,192.14840835294,8.));
#155 = VECTOR('',#156,1.);
#156 = DIRECTION('',(-5.214814064769E-16,-1.,1.224646799147E-16));
#157 = FACE_BOUND('',#158,.F.);
#158 = EDGE_LOOP('',(#159));
#159 = ORIENTED_EDGE('',*,*,#160,.F.);
#160 = EDGE_CURVE('',#161,#161,#163,.T.);
#161 = VERTEX_POINT('',#162);
#162 = CARTESIAN_POINT('',(46.8,186.,8.));
#163 = CIRCLE('',#164,1.8);
#164 = AXIS2_PLACEMENT_3D('',#165,#166,#167);
#165 = CARTESIAN_POINT('',(45.,186.,8.));
#166 = DIRECTION('',(0.,-1.224646799147E-16,-1.));
#167 = DIRECTION('',(1.,0.,0.));
#168 = FACE_BOUND('',#169,.F.);
#169 = EDGE_LOOP('',(#170,#180,#188,#196,#204,#212));
#170 = ORIENTED_EDGE('',*,*,#171,.T.);
#171 = EDGE_CURVE('',#172,#174,#176,.T.);
#172 = VERTEX_POINT('',#173);
#173 = CARTESIAN_POINT('',(97.05,184.29681670589,8.));
#174 = VERTEX_POINT('',#175);
#175 = CARTESIAN_POINT('',(100.,182.59363341178,8.));
#176 = LINE('',#177,#178);
#177 = CARTESIAN_POINT('',(58.731411086754,206.42006432992,8.));
#178 = VECTOR('',#179,1.);
#179 = DIRECTION('',(0.866025403784,-0.5,6.123233995737E-17));
#180 = ORIENTED_EDGE('',*,*,#181,.T.);
#181 = EDGE_CURVE('',#174,#182,#184,.T.);
#182 = VERTEX_POINT('',#183);
#183 = CARTESIAN_POINT('',(102.95,184.29681670589,8.));
#184 = LINE('',#185,#186);
#185 = CARTESIAN_POINT('',(67.743588913246,163.97038578775,8.));
#186 = VECTOR('',#187,1.);
#187 = DIRECTION('',(0.866025403784,0.5,-6.123233995737E-17));
#188 = ORIENTED_EDGE('',*,*,#189,.T.);
#189 = EDGE_CURVE('',#182,#190,#192,.T.);
#190 = VERTEX_POINT('',#191);
#191 = CARTESIAN_POINT('',(102.95,187.7031832941,8.));
#192 = LINE('',#193,#194);
#193 = CARTESIAN_POINT('',(102.95,193.85159164705,8.));
#194 = VECTOR('',#195,1.);
#195 = DIRECTION('',(0.,1.,-1.224646799147E-16));
#196 = ORIENTED_EDGE('',*,*,#197,.T.);
#197 = EDGE_CURVE('',#190,#198,#200,.T.);
#198 = VERTEX_POINT('',#199);
#199 = CARTESIAN_POINT('',(100.,189.40636658821,8.));
#200 = LINE('',#201,#202);
#201 = CARTESIAN_POINT('',(60.206411086754,212.3812058593,8.));
#202 = VECTOR('',#203,1.);
#203 = DIRECTION('',(-0.866025403784,0.5,-6.123233995737E-17));
#204 = ORIENTED_EDGE('',*,*,#205,.T.);
#205 = EDGE_CURVE('',#198,#206,#208,.T.);
#206 = VERTEX_POINT('',#207);
#207 = CARTESIAN_POINT('',(97.05,187.7031832941,8.));
#208 = LINE('',#209,#210);
#209 = CARTESIAN_POINT('',(63.318588913246,168.22834402302,8.));
#210 = VECTOR('',#211,1.);
#211 = DIRECTION('',(-0.866025403784,-0.5,6.123233995737E-17));
#212 = ORIENTED_EDGE('',*,*,#213,.T.);
#213 = EDGE_CURVE('',#206,#172,#214,.T.);
#214 = LINE('',#215,#216);
#215 = CARTESIAN_POINT('',(97.05,192.14840835294,8.));
#216 = VECTOR('',#217,1.);
#217 = DIRECTION('',(0.,-1.,1.224646799147E-16));
#218 = FACE_BOUND('',#219,.F.);
#219 = EDGE_LOOP('',(#220));
#220 = ORIENTED_EDGE('',*,*,#221,.F.);
#221 = EDGE_CURVE('',#222,#222,#224,.T.);
#222 = VERTEX_POINT('',#223);
#223 = CARTESIAN_POINT('',(156.8,186.,8.));
#224 = CIRCLE('',#225,1.8);
#225 = AXIS2_PLACEMENT_3D('',#226,#227,#228);
#226 = CARTESIAN_POINT('',(155.,186.,8.));
#227 = DIRECTION('',(0.,-1.224646799147E-16,-1.));
#228 = DIRECTION('',(1.,0.,0.));
#229 = FACE_BOUND('',#230,.F.);
#230 = EDGE_LOOP('',(#231,#241,#249,#257,#265,#273));
#231 = ORIENTED_EDGE('',*,*,#232,.T.);
#232 = EDGE_CURVE('',#233,#235,#237,.T.);
#233 = VERTEX_POINT('',#234);
#234 = CARTESIAN_POINT('',(183.05,184.29681670589,8.));
#235 = VERTEX_POINT('',#236);
#236 = CARTESIAN_POINT('',(186.,182.59363341178,8.));
#237 = LINE('',#238,#239);
#238 = CARTESIAN_POINT('',(112.48141108675,225.03961051128,8.));
#239 = VECTOR('',#240,1.);
#240 = DIRECTION('',(0.866025403784,-0.5,6.123233995737E-17));
#241 = ORIENTED_EDGE('',*,*,#242,.T.);
#242 = EDGE_CURVE('',#235,#243,#245,.T.);
#243 = VERTEX_POINT('',#244);
#244 = CARTESIAN_POINT('',(188.95,184.29681670589,8.));
#245 = LINE('',#246,#247);
#246 = CARTESIAN_POINT('',(121.49358891324,145.35083960638,8.));
#247 = VECTOR('',#248,1.);
#248 = DIRECTION('',(0.866025403784,0.5,-6.123233995737E-17));
#249 = ORIENTED_EDGE('',*,*,#250,.T.);
#250 = EDGE_CURVE('',#243,#251,#253,.T.);
#251 = VERTEX_POINT('',#252);
#252 = CARTESIAN_POINT('',(188.95,187.7031832941,8.));
#253 = LINE('',#254,#255);
#254 = CARTESIAN_POINT('',(188.95,193.85159164705,8.));
#255 = VECTOR('',#256,1.);
#256 = DIRECTION('',(0.,1.,-1.224646799147E-16));
#257 = ORIENTED_EDGE('',*,*,#258,.T.);
#258 = EDGE_CURVE('',#251,#259,#261,.T.);
#259 = VERTEX_POINT('',#260);
#260 = CARTESIAN_POINT('',(186.,189.40636658821,8.));
#261 = LINE('',#262,#263);
#262 = CARTESIAN_POINT('',(113.95641108675,231.00075204066,8.));
#263 = VECTOR('',#264,1.);
#264 = DIRECTION('',(-0.866025403784,0.5,-6.123233995737E-17));
#265 = ORIENTED_EDGE('',*,*,#266,.T.);
#266 = EDGE_CURVE('',#259,#267,#269,.T.);
#267 = VERTEX_POINT('',#268);
#268 = CARTESIAN_POINT('',(183.05,187.7031832941,8.));
#269 = LINE('',#270,#271);
#270 = CARTESIAN_POINT('',(117.06858891324,149.60879784166,8.));
#271 = VECTOR('',#272,1.);
#272 = DIRECTION('',(-0.866025403784,-0.5,6.123233995737E-17));
#273 = ORIENTED_EDGE('',*,*,#274,.T.);
#274 = EDGE_CURVE('',#267,#233,#275,.T.);
#275 = LINE('',#276,#277);
#276 = CARTESIAN_POINT('',(183.05,192.14840835294,8.));
#277 = VECTOR('',#278,1.);
#278 = DIRECTION('',(0.,-1.,1.224646799147E-16));
#279 = FACE_BOUND('',#280,.F.);
#280 = EDGE_LOOP('',(#281,#291,#299,#307,#315,#323));
#281 = ORIENTED_EDGE('',*,*,#282,.T.);
#282 = EDGE_CURVE('',#283,#285,#287,.T.);
#283 = VERTEX_POINT('',#284);
#284 = CARTESIAN_POINT('',(11.05,98.296816705891,8.));
#285 = VERTEX_POINT('',#286);
#286 = CARTESIAN_POINT('',(14.,96.593633411781,8.));
#287 = LINE('',#288,#289);
#288 = CARTESIAN_POINT('',(-13.63813509461,112.55051814855,8.));
#289 = VECTOR('',#290,1.);
#290 = DIRECTION('',(0.866025403784,-0.5,6.123233995737E-17));
#291 = ORIENTED_EDGE('',*,*,#292,.T.);
#292 = EDGE_CURVE('',#285,#293,#295,.T.);
#293 = VERTEX_POINT('',#294);
#294 = CARTESIAN_POINT('',(16.95,98.296816705891,8.));
#295 = LINE('',#296,#297);
#296 = CARTESIAN_POINT('',(32.613135094611,107.33993196911,8.));
#297 = VECTOR('',#298,1.);
#298 = DIRECTION('',(0.866025403784,0.5,-6.123233995737E-17));
#299 = ORIENTED_EDGE('',*,*,#300,.T.);
#300 = EDGE_CURVE('',#293,#301,#303,.T.);
#301 = VERTEX_POINT('',#302);
#302 = CARTESIAN_POINT('',(16.95,101.7031832941,8.));
#303 = LINE('',#304,#305);
#304 = CARTESIAN_POINT('',(16.95,150.85159164705,8.));
#305 = VECTOR('',#306,1.);
#306 = DIRECTION('',(0.,1.,-1.224646799147E-16));
#307 = ORIENTED_EDGE('',*,*,#308,.T.);
#308 = EDGE_CURVE('',#301,#309,#311,.T.);
#309 = VERTEX_POINT('',#310);
#310 = CARTESIAN_POINT('',(14.,103.40636658821,8.));
#311 = LINE('',#312,#313);
#312 = CARTESIAN_POINT('',(-12.16313509461,118.51165967793,8.));
#313 = VECTOR('',#314,1.);
#314 = DIRECTION('',(-0.866025403784,0.5,-6.123233995737E-17));
#315 = ORIENTED_EDGE('',*,*,#316,.T.);
#316 = EDGE_CURVE('',#309,#317,#319,.T.);
#317 = VERTEX_POINT('',#318);
#318 = CARTESIAN_POINT('',(11.05,101.7031832941,8.));
#319 = LINE('',#320,#321);
#320 = CARTESIAN_POINT('',(28.188135094611,111.59789020439,8.));
#321 = VECTOR('',#322,1.);
#322 = DIRECTION('',(-0.866025403784,-0.5,6.123233995737E-17));
#323 = ORIENTED_EDGE('',*,*,#324,.T.);
#324 = EDGE_CURVE('',#317,#283,#325,.T.);
#325 = LINE('',#326,#327);
#326 = CARTESIAN_POINT('',(11.05,149.14840835294,8.));
#327 = VECTOR('',#328,1.);
#328 = DIRECTION('',(-5.214814064769E-16,-1.,1.224646799147E-16));
#329 = FACE_BOUND('',#330,.F.);
#330 = EDGE_LOOP('',(#331,#341,#349,#357));
#331 = ORIENTED_EDGE('',*,*,#332,.T.);
#332 = EDGE_CURVE('',#333,#335,#337,.T.);
#333 = VERTEX_POINT('',#334);
#334 = CARTESIAN_POINT('',(172.,172.,8.));
#335 = VERTEX_POINT('',#336);
#336 = CARTESIAN_POINT('',(28.,172.,8.));
#337 = LINE('',#338,#339);
#338 = CARTESIAN_POINT('',(14.,172.,8.));
#339 = VECTOR('',#340,1.);
#340 = DIRECTION('',(-1.,0.,-0.));
#341 = ORIENTED_EDGE('',*,*,#342,.T.);
#342 = EDGE_CURVE('',#335,#343,#345,.T.);
#343 = VERTEX_POINT('',#344);
#344 = CARTESIAN_POINT('',(28.,28.,8.));
#345 = LINE('',#346,#347);
#346 = CARTESIAN_POINT('',(28.,186.,8.));
#347 = VECTOR('',#348,1.);
#348 = DIRECTION('',(0.,-1.,1.224646799147E-16));
#349 = ORIENTED_EDGE('',*,*,#350,.F.);
#350 = EDGE_CURVE('',#351,#343,#353,.T.);
#351 = VERTEX_POINT('',#352);
#352 = CARTESIAN_POINT('',(172.,28.,8.));
#353 = LINE('',#354,#355);
#354 = CARTESIAN_POINT('',(14.,28.,8.));
#355 = VECTOR('',#356,1.);
#356 = DIRECTION('',(-1.,0.,-0.));
#357 = ORIENTED_EDGE('',*,*,#358,.F.);
#358 = EDGE_CURVE('',#333,#351,#359,.T.);
#359 = LINE('',#360,#361);
#360 = CARTESIAN_POINT('',(172.,186.,8.));
#361 = VECTOR('',#362,1.);
#362 = DIRECTION('',(0.,-1.,1.224646799147E-16));
#363 = FACE_BOUND('',#364,.F.);
#364 = EDGE_LOOP('',(#365,#375,#383,#391,#399,#407));
#365 = ORIENTED_EDGE('',*,*,#366,.T.);
#366 = EDGE_CURVE('',#367,#369,#371,.T.);
#367 = VERTEX_POINT('',#368);
#368 = CARTESIAN_POINT('',(11.05,12.296816705891,8.));
#369 = VERTEX_POINT('',#370);
#370 = CARTESIAN_POINT('',(14.,10.593633411781,8.));
#371 = LINE('',#372,#373);
#372 = CARTESIAN_POINT('',(-32.25768127597,37.300518148554,8.));
#373 = VECTOR('',#374,1.);
#374 = DIRECTION('',(0.866025403784,-0.5,6.123233995737E-17));
#375 = ORIENTED_EDGE('',*,*,#376,.T.);
#376 = EDGE_CURVE('',#369,#377,#379,.T.);
#377 = VERTEX_POINT('',#378);
#378 = CARTESIAN_POINT('',(16.95,12.296816705891,8.));
#379 = LINE('',#380,#381);
#380 = CARTESIAN_POINT('',(51.232681275976,32.089931969117,8.));
#381 = VECTOR('',#382,1.);
#382 = DIRECTION('',(0.866025403784,0.5,-6.123233995737E-17));
#383 = ORIENTED_EDGE('',*,*,#384,.T.);
#384 = EDGE_CURVE('',#377,#385,#387,.T.);
#385 = VERTEX_POINT('',#386);
#386 = CARTESIAN_POINT('',(16.95,15.703183294109,8.));
#387 = LINE('',#388,#389);
#388 = CARTESIAN_POINT('',(16.95,107.85159164705,8.));
#389 = VECTOR('',#390,1.);
#390 = DIRECTION('',(0.,1.,-1.224646799147E-16));
#391 = ORIENTED_EDGE('',*,*,#392,.T.);
#392 = EDGE_CURVE('',#385,#393,#395,.T.);
#393 = VERTEX_POINT('',#394);
#394 = CARTESIAN_POINT('',(14.,17.406366588219,8.));
#395 = LINE('',#396,#397);
#396 = CARTESIAN_POINT('',(-30.78268127597,43.261659677937,8.));
#397 = VECTOR('',#398,1.);
#398 = DIRECTION('',(-0.866025403784,0.5,-6.123233995737E-17));
#399 = ORIENTED_EDGE('',*,*,#400,.T.);
#400 = EDGE_CURVE('',#393,#401,#403,.T.);
#401 = VERTEX_POINT('',#402);
#402 = CARTESIAN_POINT('',(11.05,15.703183294109,8.));
#403 = LINE('',#404,#405);
#404 = CARTESIAN_POINT('',(46.807681275976,36.347890204391,8.));
#405 = VECTOR('',#406,1.);
#406 = DIRECTION('',(-0.866025403784,-0.5,6.123233995737E-17));
#407 = ORIENTED_EDGE('',*,*,#408,.T.);
#408 = EDGE_CURVE('',#401,#367,#409,.T.);
#409 = LINE('',#410,#411);
#410 = CARTESIAN_POINT('',(11.05,106.14840835294,8.));
#411 = VECTOR('',#412,1.);
#412 = DIRECTION('',(-5.214814064769E-16,-1.,1.224646799147E-16));
#413 = FACE_BOUND('',#414,.F.);
#414 = EDGE_LOOP('',(#415,#425,#433,#441,#449,#457));
#415 = ORIENTED_EDGE('',*,*,#416,.T.);
#416 = EDGE_CURVE('',#417,#419,#421,.T.);
#417 = VERTEX_POINT('',#418);
#418 = CARTESIAN_POINT('',(97.05,12.296816705891,8.));
#419 = VERTEX_POINT('',#420);
#420 = CARTESIAN_POINT('',(100.,10.593633411781,8.));
#421 = LINE('',#422,#423);
#422 = CARTESIAN_POINT('',(21.492318724024,55.920064329919,8.));
#423 = VECTOR('',#424,1.);
#424 = DIRECTION('',(0.866025403784,-0.5,6.123233995737E-17));
#425 = ORIENTED_EDGE('',*,*,#426,.T.);
#426 = EDGE_CURVE('',#419,#427,#429,.T.);
#427 = VERTEX_POINT('',#428);
#428 = CARTESIAN_POINT('',(102.95,12.296816705891,8.));
#429 = LINE('',#430,#431);
#430 = CARTESIAN_POINT('',(104.98268127597,13.470385787752,8.));
#431 = VECTOR('',#432,1.);
#432 = DIRECTION('',(0.866025403784,0.5,-6.123233995737E-17));
#433 = ORIENTED_EDGE('',*,*,#434,.T.);
#434 = EDGE_CURVE('',#427,#435,#437,.T.);
#435 = VERTEX_POINT('',#436);
#436 = CARTESIAN_POINT('',(102.95,15.703183294109,8.));
#437 = LINE('',#438,#439);
#438 = CARTESIAN_POINT('',(102.95,107.85159164705,8.));
#439 = VECTOR('',#440,1.);
#440 = DIRECTION('',(0.,1.,-1.224646799147E-16));
#441 = ORIENTED_EDGE('',*,*,#442,.T.);
#442 = EDGE_CURVE('',#435,#443,#445,.T.);
#443 = VERTEX_POINT('',#444);
#444 = CARTESIAN_POINT('',(100.,17.406366588219,8.));
#445 = LINE('',#446,#447);
#446 = CARTESIAN_POINT('',(22.967318724024,61.881205859302,8.));
#447 = VECTOR('',#448,1.);
#448 = DIRECTION('',(-0.866025403784,0.5,-6.123233995737E-17));
#449 = ORIENTED_EDGE('',*,*,#450,.T.);
#450 = EDGE_CURVE('',#443,#451,#453,.T.);
#451 = VERTEX_POINT('',#452);
#452 = CARTESIAN_POINT('',(97.05,15.703183294109,8.));
#453 = LINE('',#454,#455);
#454 = CARTESIAN_POINT('',(100.55768127597,17.728344023026,8.));
#455 = VECTOR('',#456,1.);
#456 = DIRECTION('',(-0.866025403784,-0.5,6.123233995737E-17));
#457 = ORIENTED_EDGE('',*,*,#458,.T.);
#458 = EDGE_CURVE('',#451,#417,#459,.T.);
#459 = LINE('',#460,#461);
#460 = CARTESIAN_POINT('',(97.05,106.14840835294,8.));
#461 = VECTOR('',#462,1.);
#462 = DIRECTION('',(0.,-1.,1.224646799147E-16));
#463 = FACE_BOUND('',#464,.F.);
#464 = EDGE_LOOP('',(#465,#475,#483,#491,#499,#507));
#465 = ORIENTED_EDGE('',*,*,#466,.T.);
#466 = EDGE_CURVE('',#467,#469,#471,.T.);
#467 = VERTEX_POINT('',#468);
#468 = CARTESIAN_POINT('',(183.05,98.296816705891,8.));
#469 = VERTEX_POINT('',#470);
#470 = CARTESIAN_POINT('',(186.,96.593633411781,8.));
#471 = LINE('',#472,#473);
#472 = CARTESIAN_POINT('',(93.861864905389,149.78961051128,8.));
#473 = VECTOR('',#474,1.);
#474 = DIRECTION('',(0.866025403784,-0.5,6.123233995737E-17));
#475 = ORIENTED_EDGE('',*,*,#476,.T.);
#476 = EDGE_CURVE('',#469,#477,#479,.T.);
#477 = VERTEX_POINT('',#478);
#478 = CARTESIAN_POINT('',(188.95,98.296816705891,8.));
#479 = LINE('',#480,#481);
#480 = CARTESIAN_POINT('',(140.11313509461,70.100839606387,8.));
#481 = VECTOR('',#482,1.);
#482 = DIRECTION('',(0.866025403784,0.5,-6.123233995737E-17));
#483 = ORIENTED_EDGE('',*,*,#484,.T.);
#484 = EDGE_CURVE('',#477,#485,#487,.T.);
#485 = VERTEX_POINT('',#486);
#486 = CARTESIAN_POINT('',(188.95,101.7031832941,8.));
#487 = LINE('',#488,#489);
#488 = CARTESIAN_POINT('',(188.95,150.85159164705,8.));
#489 = VECTOR('',#490,1.);
#490 = DIRECTION('',(0.,1.,-1.224646799147E-16));
#491 = ORIENTED_EDGE('',*,*,#492,.T.);
#492 = EDGE_CURVE('',#485,#493,#495,.T.);
#493 = VERTEX_POINT('',#494);
#494 = CARTESIAN_POINT('',(186.,103.40636658821,8.));
#495 = LINE('',#496,#497);
#496 = CARTESIAN_POINT('',(95.336864905389,155.75075204066,8.));
#497 = VECTOR('',#498,1.);
#498 = DIRECTION('',(-0.866025403784,0.5,-6.123233995737E-17));
#499 = ORIENTED_EDGE('',*,*,#500,.T.);
#500 = EDGE_CURVE('',#493,#501,#503,.T.);
#501 = VERTEX_POINT('',#502);
#502 = CARTESIAN_POINT('',(183.05,101.7031832941,8.));
#503 = LINE('',#504,#505);
#504 = CARTESIAN_POINT('',(135.68813509461,74.35879784166,8.));
#505 = VECTOR('',#506,1.);
#506 = DIRECTION('',(-0.866025403784,-0.5,6.123233995737E-17));
#507 = ORIENTED_EDGE('',*,*,#508,.T.);
#508 = EDGE_CURVE('',#501,#467,#509,.T.);
#509 = LINE('',#510,#511);
#510 = CARTESIAN_POINT('',(183.05,149.14840835294,8.));
#511 = VECTOR('',#512,1.);
#512 = DIRECTION('',(0.,-1.,1.224646799147E-16));
#513 = FACE_BOUND('',#514,.F.);
#514 = EDGE_LOOP('',(#515,#525,#533,#541,#549,#557));
#515 = ORIENTED_EDGE('',*,*,#516,.T.);
#516 = EDGE_CURVE('',#517,#519,#521,.T.);
#517 = VERTEX_POINT('',#518);
#518 = CARTESIAN_POINT('',(183.05,12.296816705891,8.));
#519 = VERTEX_POINT('',#520);
#520 = CARTESIAN_POINT('',(186.,10.593633411781,8.));
#521 = LINE('',#522,#523);
#522 = CARTESIAN_POINT('',(75.242318724024,74.539610511285,8.));
#523 = VECTOR('',#524,1.);
#524 = DIRECTION('',(0.866025403784,-0.5,6.123233995737E-17));
#525 = ORIENTED_EDGE('',*,*,#526,.T.);
#526 = EDGE_CURVE('',#519,#527,#529,.T.);
#527 = VERTEX_POINT('',#528);
#528 = CARTESIAN_POINT('',(188.95,12.296816705891,8.));
#529 = LINE('',#530,#531);
#530 = CARTESIAN_POINT('',(158.73268127597,-5.149160393613,8.));
#531 = VECTOR('',#532,1.);
#532 = DIRECTION('',(0.866025403784,0.5,-6.123233995737E-17));
#533 = ORIENTED_EDGE('',*,*,#534,.T.);
#534 = EDGE_CURVE('',#527,#535,#537,.T.);
#535 = VERTEX_POINT('',#536);
#536 = CARTESIAN_POINT('',(188.95,15.703183294109,8.));
#537 = LINE('',#538,#539);
#538 = CARTESIAN_POINT('',(188.95,107.85159164705,8.));
#539 = VECTOR('',#540,1.);
#540 = DIRECTION('',(0.,1.,-1.224646799147E-16));
#541 = ORIENTED_EDGE('',*,*,#542,.T.);
#542 = EDGE_CURVE('',#535,#543,#545,.T.);
#543 = VERTEX_POINT('',#544);
#544 = CARTESIAN_POINT('',(186.,17.406366588219,8.));
#545 = LINE('',#546,#547);
#546 = CARTESIAN_POINT('',(76.717318724024,80.500752040668,8.));
#547 = VECTOR('',#548,1.);
#548 = DIRECTION('',(-0.866025403784,0.5,-6.123233995737E-17));
#549 = ORIENTED_EDGE('',*,*,#550,.T.);
#550 = EDGE_CURVE('',#543,#551,#553,.T.);
#551 = VERTEX_POINT('',#552);
#552 = CARTESIAN_POINT('',(183.05,15.703183294109,8.));
#553 = LINE('',#554,#555);
#554 = CARTESIAN_POINT('',(154.30768127597,-0.89120215834,8.));
#555 = VECTOR('',#556,1.);
#556 = DIRECTION('',(-0.866025403784,-0.5,6.123233995737E-17));
#557 = ORIENTED_EDGE('',*,*,#558,.T.);
#558 = EDGE_CURVE('',#551,#517,#559,.T.);
#559 = LINE('',#560,#561);
#560 = CARTESIAN_POINT('',(183.05,106.14840835294,8.));
#561 = VECTOR('',#562,1.);
#562 = DIRECTION('',(0.,-1.,1.224646799147E-16));
#563 = PLANE('',#564);
#564 = AXIS2_PLACEMENT_3D('',#565,#566,#567);
#565 = CARTESIAN_POINT('',(0.,200.,8.));
#566 = DIRECTION('',(0.,-1.224646799147E-16,-1.));
#567 = DIRECTION('',(1.,0.,0.));
#568 = ADVANCED_FACE('',(#569),#587,.T.);
#569 = FACE_BOUND('',#570,.T.);
#570 = EDGE_LOOP('',(#571,#579,#580,#581));
#571 = ORIENTED_EDGE('',*,*,#572,.F.);
#572 = EDGE_CURVE('',#32,#573,#575,.T.);
#573 = VERTEX_POINT('',#574);
#574 = CARTESIAN_POINT('',(191.75,8.25,5.));
#575 = LINE('',#576,#577);
#576 = CARTESIAN_POINT('',(191.75,192.,5.));
#577 = VECTOR('',#578,1.);
#578 = DIRECTION('',(0.,-1.,1.224646799147E-16));
#579 = ORIENTED_EDGE('',*,*,#39,.T.);
#580 = ORIENTED_EDGE('',*,*,#94,.T.);
#581 = ORIENTED_EDGE('',*,*,#582,.F.);
#582 = EDGE_CURVE('',#573,#95,#583,.T.);
#583 = LINE('',#584,#585);
#584 = CARTESIAN_POINT('',(191.75,8.25,8.1));
#585 = VECTOR('',#586,1.);
#586 = DIRECTION('',(0.,1.224646799147E-16,1.));
#587 = PLANE('',#588);
#588 = AXIS2_PLACEMENT_3D('',#589,#590,#591);
#589 = CARTESIAN_POINT('',(191.75,192.,8.1));
#590 = DIRECTION('',(1.,0.,0.));
#591 = DIRECTION('',(0.,-1.224646799147E-16,-1.));
#592 = ADVANCED_FACE('',(#593,#627),#638,.T.);
#593 = FACE_BOUND('',#594,.T.);
#594 = EDGE_LOOP('',(#595,#605,#613,#621));
#595 = ORIENTED_EDGE('',*,*,#596,.F.);
#596 = EDGE_CURVE('',#597,#599,#601,.T.);
#597 = VERTEX_POINT('',#598);
#598 = CARTESIAN_POINT('',(0.,0.,5.));
#599 = VERTEX_POINT('',#600);
#600 = CARTESIAN_POINT('',(0.,200.,5.));
#601 = LINE('',#602,#603);
#602 = CARTESIAN_POINT('',(0.,104.125,5.));
#603 = VECTOR('',#604,1.);
#604 = DIRECTION('',(0.,1.,-1.224646799147E-16));
#605 = ORIENTED_EDGE('',*,*,#606,.T.);
#606 = EDGE_CURVE('',#597,#607,#609,.T.);
#607 = VERTEX_POINT('',#608);
#608 = CARTESIAN_POINT('',(200.,0.,5.));
#609 = LINE('',#610,#611);
#610 = CARTESIAN_POINT('',(-0.125,0.,5.));
#611 = VECTOR('',#612,1.);
#612 = DIRECTION('',(1.,0.,0.));
#613 = ORIENTED_EDGE('',*,*,#614,.T.);
#614 = EDGE_CURVE('',#607,#615,#617,.T.);
#615 = VERTEX_POINT('',#616);
#616 = CARTESIAN_POINT('',(200.,200.,5.));
#617 = LINE('',#618,#619);
#618 = CARTESIAN_POINT('',(200.,200.125,5.));
#619 = VECTOR('',#620,1.);
#620 = DIRECTION('',(0.,1.,-1.224646799147E-16));
#621 = ORIENTED_EDGE('',*,*,#622,.F.);
#622 = EDGE_CURVE('',#599,#615,#623,.T.);
#623 = LINE('',#624,#625);
#624 = CARTESIAN_POINT('',(-0.125,200.,5.));
#625 = VECTOR('',#626,1.);
#626 = DIRECTION('',(1.,0.,0.));
#627 = FACE_BOUND('',#628,.T.);
#628 = EDGE_LOOP('',(#629,#630,#631,#637));
#629 = ORIENTED_EDGE('',*,*,#31,.T.);
#630 = ORIENTED_EDGE('',*,*,#572,.T.);
#631 = ORIENTED_EDGE('',*,*,#632,.F.);
#632 = EDGE_CURVE('',#62,#573,#633,.T.);
#633 = LINE('',#634,#635);
#634 = CARTESIAN_POINT('',(-0.25,8.25,5.));
#635 = VECTOR('',#636,1.);
#636 = DIRECTION('',(1.,0.,0.));
#637 = ORIENTED_EDGE('',*,*,#61,.F.);
#638 = PLANE('',#639);
#639 = AXIS2_PLACEMENT_3D('',#640,#641,#642);
#640 = CARTESIAN_POINT('',(100.,100.,5.));
#641 = DIRECTION('',(-0.,1.224646799147E-16,1.));
#642 = DIRECTION('',(-1.,-0.,0.));
#643 = ADVANCED_FACE('',(#644),#650,.T.);
#644 = FACE_BOUND('',#645,.T.);
#645 = EDGE_LOOP('',(#646,#647,#648,#649));
#646 = ORIENTED_EDGE('',*,*,#78,.F.);
#647 = ORIENTED_EDGE('',*,*,#632,.T.);
#648 = ORIENTED_EDGE('',*,*,#582,.T.);
#649 = ORIENTED_EDGE('',*,*,#102,.T.);
#650 = PLANE('',#651);
#651 = AXIS2_PLACEMENT_3D('',#652,#653,#654);
#652 = CARTESIAN_POINT('',(-0.25,8.25,8.1));
#653 = DIRECTION('',(0.,-1.,1.224646799147E-16));
#654 = DIRECTION('',(0.,-1.224646799147E-16,-1.));
#655 = ADVANCED_FACE('',(#656),#681,.T.);
#656 = FACE_BOUND('',#657,.T.);
#657 = EDGE_LOOP('',(#658,#659,#667,#675));
#658 = ORIENTED_EDGE('',*,*,#110,.T.);
#659 = ORIENTED_EDGE('',*,*,#660,.T.);
#660 = EDGE_CURVE('',#113,#661,#663,.T.);
#661 = VERTEX_POINT('',#662);
#662 = CARTESIAN_POINT('',(14.,182.59363341178,1.8));
#663 = LINE('',#664,#665);
#664 = CARTESIAN_POINT('',(14.,182.59363341178,8.1));
#665 = VECTOR('',#666,1.);
#666 = DIRECTION('',(0.,-1.224646799147E-16,-1.));
#667 = ORIENTED_EDGE('',*,*,#668,.T.);
#668 = EDGE_CURVE('',#661,#669,#671,.T.);
#669 = VERTEX_POINT('',#670);
#670 = CARTESIAN_POINT('',(11.05,184.29681670589,1.8));
#671 = LINE('',#672,#673);
#672 = CARTESIAN_POINT('',(14.,182.59363341178,1.8));
#673 = VECTOR('',#674,1.);
#674 = DIRECTION('',(-0.866025403784,0.5,-6.123233995737E-17));
#675 = ORIENTED_EDGE('',*,*,#676,.F.);
#676 = EDGE_CURVE('',#111,#669,#677,.T.);
#677 = LINE('',#678,#679);
#678 = CARTESIAN_POINT('',(11.05,184.29681670589,8.1));
#679 = VECTOR('',#680,1.);
#680 = DIRECTION('',(0.,-1.224646799147E-16,-1.));
#681 = PLANE('',#682);
#682 = AXIS2_PLACEMENT_3D('',#683,#684,#685);
#683 = CARTESIAN_POINT('',(14.,182.59363341178,8.1));
#684 = DIRECTION('',(0.5,0.866025403784,-1.060575238725E-16));
#685 = DIRECTION('',(-0.866025403784,0.5,-6.123233995737E-17));
#686 = ADVANCED_FACE('',(#687),#705,.T.);
#687 = FACE_BOUND('',#688,.T.);
#688 = EDGE_LOOP('',(#689,#690,#691,#699));
#689 = ORIENTED_EDGE('',*,*,#152,.T.);
#690 = ORIENTED_EDGE('',*,*,#676,.T.);
#691 = ORIENTED_EDGE('',*,*,#692,.T.);
#692 = EDGE_CURVE('',#669,#693,#695,.T.);
#693 = VERTEX_POINT('',#694);
#694 = CARTESIAN_POINT('',(11.05,187.7031832941,1.8));
#695 = LINE('',#696,#697);
#696 = CARTESIAN_POINT('',(11.05,184.29681670589,1.8));
#697 = VECTOR('',#698,1.);
#698 = DIRECTION('',(5.214814064769E-16,1.,-1.224646799147E-16));
#699 = ORIENTED_EDGE('',*,*,#700,.F.);
#700 = EDGE_CURVE('',#145,#693,#701,.T.);
#701 = LINE('',#702,#703);
#702 = CARTESIAN_POINT('',(11.05,187.7031832941,8.1));
#703 = VECTOR('',#704,1.);
#704 = DIRECTION('',(0.,-1.224646799147E-16,-1.));
#705 = PLANE('',#706);
#706 = AXIS2_PLACEMENT_3D('',#707,#708,#709);
#707 = CARTESIAN_POINT('',(11.05,184.29681670589,8.1));
#708 = DIRECTION('',(1.,-5.214814064769E-16,6.386305352568E-32));
#709 = DIRECTION('',(5.214814064769E-16,1.,-1.224646799147E-16));
#710 = ADVANCED_FACE('',(#711),#729,.T.);
#711 = FACE_BOUND('',#712,.T.);
#712 = EDGE_LOOP('',(#713,#714,#722,#728));
#713 = ORIENTED_EDGE('',*,*,#120,.T.);
#714 = ORIENTED_EDGE('',*,*,#715,.T.);
#715 = EDGE_CURVE('',#121,#716,#718,.T.);
#716 = VERTEX_POINT('',#717);
#717 = CARTESIAN_POINT('',(16.95,184.29681670589,1.8));
#718 = LINE('',#719,#720);
#719 = CARTESIAN_POINT('',(16.95,184.29681670589,8.1));
#720 = VECTOR('',#721,1.);
#721 = DIRECTION('',(0.,-1.224646799147E-16,-1.));
#722 = ORIENTED_EDGE('',*,*,#723,.T.);
#723 = EDGE_CURVE('',#716,#661,#724,.T.);
#724 = LINE('',#725,#726);
#725 = CARTESIAN_POINT('',(16.95,184.29681670589,1.8));
#726 = VECTOR('',#727,1.);
#727 = DIRECTION('',(-0.866025403784,-0.5,6.123233995737E-17));
#728 = ORIENTED_EDGE('',*,*,#660,.F.);
#729 = PLANE('',#730);
#730 = AXIS2_PLACEMENT_3D('',#731,#732,#733);
#731 = CARTESIAN_POINT('',(16.95,184.29681670589,8.1));
#732 = DIRECTION('',(-0.5,0.866025403784,-1.060575238725E-16));
#733 = DIRECTION('',(-0.866025403784,-0.5,6.123233995737E-17));
#734 = ADVANCED_FACE('',(#735),#753,.T.);
#735 = FACE_BOUND('',#736,.T.);
#736 = EDGE_LOOP('',(#737,#738,#739,#747));
#737 = ORIENTED_EDGE('',*,*,#144,.T.);
#738 = ORIENTED_EDGE('',*,*,#700,.T.);
#739 = ORIENTED_EDGE('',*,*,#740,.T.);
#740 = EDGE_CURVE('',#693,#741,#743,.T.);
#741 = VERTEX_POINT('',#742);
#742 = CARTESIAN_POINT('',(14.,189.40636658821,1.8));
#743 = LINE('',#744,#745);
#744 = CARTESIAN_POINT('',(11.05,187.7031832941,1.8));
#745 = VECTOR('',#746,1.);
#746 = DIRECTION('',(0.866025403784,0.5,-6.123233995737E-17));
#747 = ORIENTED_EDGE('',*,*,#748,.F.);
#748 = EDGE_CURVE('',#137,#741,#749,.T.);
#749 = LINE('',#750,#751);
#750 = CARTESIAN_POINT('',(14.,189.40636658821,8.1));
#751 = VECTOR('',#752,1.);
#752 = DIRECTION('',(0.,-1.224646799147E-16,-1.));
#753 = PLANE('',#754);
#754 = AXIS2_PLACEMENT_3D('',#755,#756,#757);
#755 = CARTESIAN_POINT('',(11.05,187.7031832941,8.1));
#756 = DIRECTION('',(0.5,-0.866025403784,1.060575238725E-16));
#757 = DIRECTION('',(0.866025403784,0.5,-6.123233995737E-17));
#758 = ADVANCED_FACE('',(#759),#777,.T.);
#759 = FACE_BOUND('',#760,.T.);
#760 = EDGE_LOOP('',(#761,#762,#770,#776));
#761 = ORIENTED_EDGE('',*,*,#128,.T.);
#762 = ORIENTED_EDGE('',*,*,#763,.T.);
#763 = EDGE_CURVE('',#129,#764,#766,.T.);
#764 = VERTEX_POINT('',#765);
#765 = CARTESIAN_POINT('',(16.95,187.7031832941,1.8));
#766 = LINE('',#767,#768);
#767 = CARTESIAN_POINT('',(16.95,187.7031832941,8.1));
#768 = VECTOR('',#769,1.);
#769 = DIRECTION('',(0.,-1.224646799147E-16,-1.));
#770 = ORIENTED_EDGE('',*,*,#771,.T.);
#771 = EDGE_CURVE('',#764,#716,#772,.T.);
#772 = LINE('',#773,#774);
#773 = CARTESIAN_POINT('',(16.95,187.7031832941,1.8));
#774 = VECTOR('',#775,1.);
#775 = DIRECTION('',(0.,-1.,1.224646799147E-16));
#776 = ORIENTED_EDGE('',*,*,#715,.F.);
#777 = PLANE('',#778);
#778 = AXIS2_PLACEMENT_3D('',#779,#780,#781);
#779 = CARTESIAN_POINT('',(16.95,187.7031832941,8.1));
#780 = DIRECTION('',(-1.,-0.,0.));
#781 = DIRECTION('',(0.,-1.,1.224646799147E-16));
#782 = ADVANCED_FACE('',(#783),#794,.T.);
#783 = FACE_BOUND('',#784,.T.);
#784 = EDGE_LOOP('',(#785,#786,#787,#793));
#785 = ORIENTED_EDGE('',*,*,#136,.T.);
#786 = ORIENTED_EDGE('',*,*,#748,.T.);
#787 = ORIENTED_EDGE('',*,*,#788,.T.);
#788 = EDGE_CURVE('',#741,#764,#789,.T.);
#789 = LINE('',#790,#791);
#790 = CARTESIAN_POINT('',(14.,189.40636658821,1.8));
#791 = VECTOR('',#792,1.);
#792 = DIRECTION('',(0.866025403784,-0.5,6.123233995737E-17));
#793 = ORIENTED_EDGE('',*,*,#763,.F.);
#794 = PLANE('',#795);
#795 = AXIS2_PLACEMENT_3D('',#796,#797,#798);
#796 = CARTESIAN_POINT('',(14.,189.40636658821,8.1));
#797 = DIRECTION('',(-0.5,-0.866025403784,1.060575238725E-16));
#798 = DIRECTION('',(0.866025403784,-0.5,6.123233995737E-17));
#799 = ADVANCED_FACE('',(#800),#819,.F.);
#800 = FACE_BOUND('',#801,.F.);
#801 = EDGE_LOOP('',(#802,#811,#817,#818));
#802 = ORIENTED_EDGE('',*,*,#803,.F.);
#803 = EDGE_CURVE('',#804,#804,#806,.T.);
#804 = VERTEX_POINT('',#805);
#805 = CARTESIAN_POINT('',(46.8,186.,0.));
#806 = CIRCLE('',#807,1.8);
#807 = AXIS2_PLACEMENT_3D('',#808,#809,#810);
#808 = CARTESIAN_POINT('',(45.,186.,0.));
#809 = DIRECTION('',(0.,-1.224646799147E-16,-1.));
#810 = DIRECTION('',(1.,0.,0.));
#811 = ORIENTED_EDGE('',*,*,#812,.F.);
#812 = EDGE_CURVE('',#161,#804,#813,.T.);
#813 = LINE('',#814,#815);
#814 = CARTESIAN_POINT('',(46.8,186.,16.5));
#815 = VECTOR('',#816,1.);
#816 = DIRECTION('',(0.,-1.224646799147E-16,-1.));
#817 = ORIENTED_EDGE('',*,*,#160,.T.);
#818 = ORIENTED_EDGE('',*,*,#812,.T.);
#819 = CYLINDRICAL_SURFACE('',#820,1.8);
#820 = AXIS2_PLACEMENT_3D('',#821,#822,#823);
#821 = CARTESIAN_POINT('',(45.,186.,16.5));
#822 = DIRECTION('',(0.,-1.224646799147E-16,-1.));
#823 = DIRECTION('',(1.,0.,0.));
#824 = ADVANCED_FACE('',(#825),#850,.T.);
#825 = FACE_BOUND('',#826,.T.);
#826 = EDGE_LOOP('',(#827,#828,#836,#844));
#827 = ORIENTED_EDGE('',*,*,#171,.T.);
#828 = ORIENTED_EDGE('',*,*,#829,.T.);
#829 = EDGE_CURVE('',#174,#830,#832,.T.);
#830 = VERTEX_POINT('',#831);
#831 = CARTESIAN_POINT('',(100.,182.59363341178,1.8));
#832 = LINE('',#833,#834);
#833 = CARTESIAN_POINT('',(100.,182.59363341178,8.1));
#834 = VECTOR('',#835,1.);
#835 = DIRECTION('',(0.,-1.224646799147E-16,-1.));
#836 = ORIENTED_EDGE('',*,*,#837,.T.);
#837 = EDGE_CURVE('',#830,#838,#840,.T.);
#838 = VERTEX_POINT('',#839);
#839 = CARTESIAN_POINT('',(97.05,184.29681670589,1.8));
#840 = LINE('',#841,#842);
#841 = CARTESIAN_POINT('',(100.,182.59363341178,1.8));
#842 = VECTOR('',#843,1.);
#843 = DIRECTION('',(-0.866025403784,0.5,-6.123233995737E-17));
#844 = ORIENTED_EDGE('',*,*,#845,.F.);
#845 = EDGE_CURVE('',#172,#838,#846,.T.);
#846 = LINE('',#847,#848);
#847 = CARTESIAN_POINT('',(97.05,184.29681670589,8.1));
#848 = VECTOR('',#849,1.);
#849 = DIRECTION('',(0.,-1.224646799147E-16,-1.));
#850 = PLANE('',#851);
#851 = AXIS2_PLACEMENT_3D('',#852,#853,#854);
#852 = CARTESIAN_POINT('',(100.,182.59363341178,8.1));
#853 = DIRECTION('',(0.5,0.866025403784,-1.060575238725E-16));
#854 = DIRECTION('',(-0.866025403784,0.5,-6.123233995737E-17));
#855 = ADVANCED_FACE('',(#856),#874,.T.);
#856 = FACE_BOUND('',#857,.T.);
#857 = EDGE_LOOP('',(#858,#859,#860,#868));
#858 = ORIENTED_EDGE('',*,*,#213,.T.);
#859 = ORIENTED_EDGE('',*,*,#845,.T.);
#860 = ORIENTED_EDGE('',*,*,#861,.T.);
#861 = EDGE_CURVE('',#838,#862,#864,.T.);
#862 = VERTEX_POINT('',#863);
#863 = CARTESIAN_POINT('',(97.05,187.7031832941,1.8));
#864 = LINE('',#865,#866);
#865 = CARTESIAN_POINT('',(97.05,184.29681670589,1.8));
#866 = VECTOR('',#867,1.);
#867 = DIRECTION('',(0.,1.,-1.224646799147E-16));
#868 = ORIENTED_EDGE('',*,*,#869,.F.);
#869 = EDGE_CURVE('',#206,#862,#870,.T.);
#870 = LINE('',#871,#872);
#871 = CARTESIAN_POINT('',(97.05,187.7031832941,8.1));
#872 = VECTOR('',#873,1.);
#873 = DIRECTION('',(0.,-1.224646799147E-16,-1.));
#874 = PLANE('',#875);
#875 = AXIS2_PLACEMENT_3D('',#876,#877,#878);
#876 = CARTESIAN_POINT('',(97.05,184.29681670589,8.1));
#877 = DIRECTION('',(1.,0.,0.));
#878 = DIRECTION('',(0.,1.,-1.224646799147E-16));
#879 = ADVANCED_FACE('',(#880),#898,.T.);
#880 = FACE_BOUND('',#881,.T.);
#881 = EDGE_LOOP('',(#882,#883,#891,#897));
#882 = ORIENTED_EDGE('',*,*,#181,.T.);
#883 = ORIENTED_EDGE('',*,*,#884,.T.);
#884 = EDGE_CURVE('',#182,#885,#887,.T.);
#885 = VERTEX_POINT('',#886);
#886 = CARTESIAN_POINT('',(102.95,184.29681670589,1.8));
#887 = LINE('',#888,#889);
#888 = CARTESIAN_POINT('',(102.95,184.29681670589,8.1));
#889 = VECTOR('',#890,1.);
#890 = DIRECTION('',(0.,-1.224646799147E-16,-1.));
#891 = ORIENTED_EDGE('',*,*,#892,.T.);
#892 = EDGE_CURVE('',#885,#830,#893,.T.);
#893 = LINE('',#894,#895);
#894 = CARTESIAN_POINT('',(102.95,184.29681670589,1.8));
#895 = VECTOR('',#896,1.);
#896 = DIRECTION('',(-0.866025403784,-0.5,6.123233995737E-17));
#897 = ORIENTED_EDGE('',*,*,#829,.F.);
#898 = PLANE('',#899);
#899 = AXIS2_PLACEMENT_3D('',#900,#901,#902);
#900 = CARTESIAN_POINT('',(102.95,184.29681670589,8.1));
#901 = DIRECTION('',(-0.5,0.866025403784,-1.060575238725E-16));
#902 = DIRECTION('',(-0.866025403784,-0.5,6.123233995737E-17));
#903 = ADVANCED_FACE('',(#904),#922,.T.);
#904 = FACE_BOUND('',#905,.T.);
#905 = EDGE_LOOP('',(#906,#907,#908,#916));
#906 = ORIENTED_EDGE('',*,*,#205,.T.);
#907 = ORIENTED_EDGE('',*,*,#869,.T.);
#908 = ORIENTED_EDGE('',*,*,#909,.T.);
#909 = EDGE_CURVE('',#862,#910,#912,.T.);
#910 = VERTEX_POINT('',#911);
#911 = CARTESIAN_POINT('',(100.,189.40636658821,1.8));
#912 = LINE('',#913,#914);
#913 = CARTESIAN_POINT('',(97.05,187.7031832941,1.8));
#914 = VECTOR('',#915,1.);
#915 = DIRECTION('',(0.866025403784,0.5,-6.123233995737E-17));
#916 = ORIENTED_EDGE('',*,*,#917,.F.);
#917 = EDGE_CURVE('',#198,#910,#918,.T.);
#918 = LINE('',#919,#920);
#919 = CARTESIAN_POINT('',(100.,189.40636658821,8.1));
#920 = VECTOR('',#921,1.);
#921 = DIRECTION('',(0.,-1.224646799147E-16,-1.));
#922 = PLANE('',#923);
#923 = AXIS2_PLACEMENT_3D('',#924,#925,#926);
#924 = CARTESIAN_POINT('',(97.05,187.7031832941,8.1));
#925 = DIRECTION('',(0.5,-0.866025403784,1.060575238725E-16));
#926 = DIRECTION('',(0.866025403784,0.5,-6.123233995737E-17));
#927 = ADVANCED_FACE('',(#928),#946,.T.);
#928 = FACE_BOUND('',#929,.T.);
#929 = EDGE_LOOP('',(#930,#931,#939,#945));
#930 = ORIENTED_EDGE('',*,*,#189,.T.);
#931 = ORIENTED_EDGE('',*,*,#932,.T.);
#932 = EDGE_CURVE('',#190,#933,#935,.T.);
#933 = VERTEX_POINT('',#934);
#934 = CARTESIAN_POINT('',(102.95,187.7031832941,1.8));
#935 = LINE('',#936,#937);
#936 = CARTESIAN_POINT('',(102.95,187.7031832941,8.1));
#937 = VECTOR('',#938,1.);
#938 = DIRECTION('',(0.,-1.224646799147E-16,-1.));
#939 = ORIENTED_EDGE('',*,*,#940,.T.);
#940 = EDGE_CURVE('',#933,#885,#941,.T.);
#941 = LINE('',#942,#943);
#942 = CARTESIAN_POINT('',(102.95,187.7031832941,1.8));
#943 = VECTOR('',#944,1.);
#944 = DIRECTION('',(0.,-1.,1.224646799147E-16));
#945 = ORIENTED_EDGE('',*,*,#884,.F.);
#946 = PLANE('',#947);
#947 = AXIS2_PLACEMENT_3D('',#948,#949,#950);
#948 = CARTESIAN_POINT('',(102.95,187.7031832941,8.1));
#949 = DIRECTION('',(-1.,-0.,0.));
#950 = DIRECTION('',(0.,-1.,1.224646799147E-16));
#951 = ADVANCED_FACE('',(#952),#963,.T.);
#952 = FACE_BOUND('',#953,.T.);
#953 = EDGE_LOOP('',(#954,#955,#956,#962));
#954 = ORIENTED_EDGE('',*,*,#197,.T.);
#955 = ORIENTED_EDGE('',*,*,#917,.T.);
#956 = ORIENTED_EDGE('',*,*,#957,.T.);
#957 = EDGE_CURVE('',#910,#933,#958,.T.);
#958 = LINE('',#959,#960);
#959 = CARTESIAN_POINT('',(100.,189.40636658821,1.8));
#960 = VECTOR('',#961,1.);
#961 = DIRECTION('',(0.866025403784,-0.5,6.123233995737E-17));
#962 = ORIENTED_EDGE('',*,*,#932,.F.);
#963 = PLANE('',#964);
#964 = AXIS2_PLACEMENT_3D('',#965,#966,#967);
#965 = CARTESIAN_POINT('',(100.,189.40636658821,8.1));
#966 = DIRECTION('',(-0.5,-0.866025403784,1.060575238725E-16));
#967 = DIRECTION('',(0.866025403784,-0.5,6.123233995737E-17));
#968 = ADVANCED_FACE('',(#969),#988,.F.);
#969 = FACE_BOUND('',#970,.F.);
#970 = EDGE_LOOP('',(#971,#980,#986,#987));
#971 = ORIENTED_EDGE('',*,*,#972,.F.);
#972 = EDGE_CURVE('',#973,#973,#975,.T.);
#973 = VERTEX_POINT('',#974);
#974 = CARTESIAN_POINT('',(156.8,186.,0.));
#975 = CIRCLE('',#976,1.8);
#976 = AXIS2_PLACEMENT_3D('',#977,#978,#979);
#977 = CARTESIAN_POINT('',(155.,186.,0.));
#978 = DIRECTION('',(0.,-1.224646799147E-16,-1.));
#979 = DIRECTION('',(1.,0.,0.));
#980 = ORIENTED_EDGE('',*,*,#981,.F.);
#981 = EDGE_CURVE('',#222,#973,#982,.T.);
#982 = LINE('',#983,#984);
#983 = CARTESIAN_POINT('',(156.8,186.,16.5));
#984 = VECTOR('',#985,1.);
#985 = DIRECTION('',(0.,-1.224646799147E-16,-1.));
#986 = ORIENTED_EDGE('',*,*,#221,.T.);
#987 = ORIENTED_EDGE('',*,*,#981,.T.);
#988 = CYLINDRICAL_SURFACE('',#989,1.8);
#989 = AXIS2_PLACEMENT_3D('',#990,#991,#992);
#990 = CARTESIAN_POINT('',(155.,186.,16.5));
#991 = DIRECTION('',(0.,-1.224646799147E-16,-1.));
#992 = DIRECTION('',(1.,0.,0.));
#993 = ADVANCED_FACE('',(#994),#1019,.T.);
#994 = FACE_BOUND('',#995,.T.);
#995 = EDGE_LOOP('',(#996,#997,#1005,#1013));
#996 = ORIENTED_EDGE('',*,*,#232,.T.);
#997 = ORIENTED_EDGE('',*,*,#998,.T.);
#998 = EDGE_CURVE('',#235,#999,#1001,.T.);
#999 = VERTEX_POINT('',#1000);
#1000 = CARTESIAN_POINT('',(186.,182.59363341178,1.8));
#1001 = LINE('',#1002,#1003);
#1002 = CARTESIAN_POINT('',(186.,182.59363341178,8.1));
#1003 = VECTOR('',#1004,1.);
#1004 = DIRECTION('',(0.,-1.224646799147E-16,-1.));
#1005 = ORIENTED_EDGE('',*,*,#1006,.T.);
#1006 = EDGE_CURVE('',#999,#1007,#1009,.T.);
#1007 = VERTEX_POINT('',#1008);
#1008 = CARTESIAN_POINT('',(183.05,184.29681670589,1.8));
#1009 = LINE('',#1010,#1011);
#1010 = CARTESIAN_POINT('',(186.,182.59363341178,1.8));
#1011 = VECTOR('',#1012,1.);
#1012 = DIRECTION('',(-0.866025403784,0.5,-6.123233995737E-17));
#1013 = ORIENTED_EDGE('',*,*,#1014,.F.);
#1014 = EDGE_CURVE('',#233,#1007,#1015,.T.);
#1015 = LINE('',#1016,#1017);
#1016 = CARTESIAN_POINT('',(183.05,184.29681670589,8.1));
#1017 = VECTOR('',#1018,1.);
#1018 = DIRECTION('',(0.,-1.224646799147E-16,-1.));
#1019 = PLANE('',#1020);
#1020 = AXIS2_PLACEMENT_3D('',#1021,#1022,#1023);
#1021 = CARTESIAN_POINT('',(186.,182.59363341178,8.1));
#1022 = DIRECTION('',(0.5,0.866025403784,-1.060575238725E-16));
#1023 = DIRECTION('',(-0.866025403784,0.5,-6.123233995737E-17));
#1024 = ADVANCED_FACE('',(#1025),#1043,.T.);
#1025 = FACE_BOUND('',#1026,.T.);
#1026 = EDGE_LOOP('',(#1027,#1028,#1029,#1037));
#1027 = ORIENTED_EDGE('',*,*,#274,.T.);
#1028 = ORIENTED_EDGE('',*,*,#1014,.T.);
#1029 = ORIENTED_EDGE('',*,*,#1030,.T.);
#1030 = EDGE_CURVE('',#1007,#1031,#1033,.T.);
#1031 = VERTEX_POINT('',#1032);
#1032 = CARTESIAN_POINT('',(183.05,187.7031832941,1.8));
#1033 = LINE('',#1034,#1035);
#1034 = CARTESIAN_POINT('',(183.05,184.29681670589,1.8));
#1035 = VECTOR('',#1036,1.);
#1036 = DIRECTION('',(0.,1.,-1.224646799147E-16));
#1037 = ORIENTED_EDGE('',*,*,#1038,.F.);
#1038 = EDGE_CURVE('',#267,#1031,#1039,.T.);
#1039 = LINE('',#1040,#1041);
#1040 = CARTESIAN_POINT('',(183.05,187.7031832941,8.1));
#1041 = VECTOR('',#1042,1.);
#1042 = DIRECTION('',(0.,-1.224646799147E-16,-1.));
#1043 = PLANE('',#1044);
#1044 = AXIS2_PLACEMENT_3D('',#1045,#1046,#1047);
#1045 = CARTESIAN_POINT('',(183.05,184.29681670589,8.1));
#1046 = DIRECTION('',(1.,0.,0.));
#1047 = DIRECTION('',(0.,1.,-1.224646799147E-16));
#1048 = ADVANCED_FACE('',(#1049),#1067,.T.);
#1049 = FACE_BOUND('',#1050,.T.);
#1050 = EDGE_LOOP('',(#1051,#1052,#1060,#1066));
#1051 = ORIENTED_EDGE('',*,*,#242,.T.);
#1052 = ORIENTED_EDGE('',*,*,#1053,.T.);
#1053 = EDGE_CURVE('',#243,#1054,#1056,.T.);
#1054 = VERTEX_POINT('',#1055);
#1055 = CARTESIAN_POINT('',(188.95,184.29681670589,1.8));
#1056 = LINE('',#1057,#1058);
#1057 = CARTESIAN_POINT('',(188.95,184.29681670589,8.1));
#1058 = VECTOR('',#1059,1.);
#1059 = DIRECTION('',(0.,-1.224646799147E-16,-1.));
#1060 = ORIENTED_EDGE('',*,*,#1061,.T.);
#1061 = EDGE_CURVE('',#1054,#999,#1062,.T.);
#1062 = LINE('',#1063,#1064);
#1063 = CARTESIAN_POINT('',(188.95,184.29681670589,1.8));
#1064 = VECTOR('',#1065,1.);
#1065 = DIRECTION('',(-0.866025403784,-0.5,6.123233995737E-17));
#1066 = ORIENTED_EDGE('',*,*,#998,.F.);
#1067 = PLANE('',#1068);
#1068 = AXIS2_PLACEMENT_3D('',#1069,#1070,#1071);
#1069 = CARTESIAN_POINT('',(188.95,184.29681670589,8.1));
#1070 = DIRECTION('',(-0.5,0.866025403784,-1.060575238725E-16));
#1071 = DIRECTION('',(-0.866025403784,-0.5,6.123233995737E-17));
#1072 = ADVANCED_FACE('',(#1073),#1091,.T.);
#1073 = FACE_BOUND('',#1074,.T.);
#1074 = EDGE_LOOP('',(#1075,#1076,#1077,#1085));
#1075 = ORIENTED_EDGE('',*,*,#266,.T.);
#1076 = ORIENTED_EDGE('',*,*,#1038,.T.);
#1077 = ORIENTED_EDGE('',*,*,#1078,.T.);
#1078 = EDGE_CURVE('',#1031,#1079,#1081,.T.);
#1079 = VERTEX_POINT('',#1080);
#1080 = CARTESIAN_POINT('',(186.,189.40636658821,1.8));
#1081 = LINE('',#1082,#1083);
#1082 = CARTESIAN_POINT('',(183.05,187.7031832941,1.8));
#1083 = VECTOR('',#1084,1.);
#1084 = DIRECTION('',(0.866025403784,0.5,-6.123233995737E-17));
#1085 = ORIENTED_EDGE('',*,*,#1086,.F.);
#1086 = EDGE_CURVE('',#259,#1079,#1087,.T.);
#1087 = LINE('',#1088,#1089);
#1088 = CARTESIAN_POINT('',(186.,189.40636658821,8.1));
#1089 = VECTOR('',#1090,1.);
#1090 = DIRECTION('',(0.,-1.224646799147E-16,-1.));
#1091 = PLANE('',#1092);
#1092 = AXIS2_PLACEMENT_3D('',#1093,#1094,#1095);
#1093 = CARTESIAN_POINT('',(183.05,187.7031832941,8.1));
#1094 = DIRECTION('',(0.5,-0.866025403784,1.060575238725E-16));
#1095 = DIRECTION('',(0.866025403784,0.5,-6.123233995737E-17));
#1096 = ADVANCED_FACE('',(#1097),#1115,.T.);
#1097 = FACE_BOUND('',#1098,.T.);
#1098 = EDGE_LOOP('',(#1099,#1100,#1108,#1114));
#1099 = ORIENTED_EDGE('',*,*,#250,.T.);
#1100 = ORIENTED_EDGE('',*,*,#1101,.T.);
#1101 = EDGE_CURVE('',#251,#1102,#1104,.T.);
#1102 = VERTEX_POINT('',#1103);
#1103 = CARTESIAN_POINT('',(188.95,187.7031832941,1.8));
#1104 = LINE('',#1105,#1106);
#1105 = CARTESIAN_POINT('',(188.95,187.7031832941,8.1));
#1106 = VECTOR('',#1107,1.);
#1107 = DIRECTION('',(0.,-1.224646799147E-16,-1.));
#1108 = ORIENTED_EDGE('',*,*,#1109,.T.);
#1109 = EDGE_CURVE('',#1102,#1054,#1110,.T.);
#1110 = LINE('',#1111,#1112);
#1111 = CARTESIAN_POINT('',(188.95,187.7031832941,1.8));
#1112 = VECTOR('',#1113,1.);
#1113 = DIRECTION('',(0.,-1.,1.224646799147E-16));
#1114 = ORIENTED_EDGE('',*,*,#1053,.F.);
#1115 = PLANE('',#1116);
#1116 = AXIS2_PLACEMENT_3D('',#1117,#1118,#1119);
#1117 = CARTESIAN_POINT('',(188.95,187.7031832941,8.1));
#1118 = DIRECTION('',(-1.,-0.,0.));
#1119 = DIRECTION('',(0.,-1.,1.224646799147E-16));
#1120 = ADVANCED_FACE('',(#1121),#1132,.T.);
#1121 = FACE_BOUND('',#1122,.T.);
#1122 = EDGE_LOOP('',(#1123,#1124,#1125,#1131));
#1123 = ORIENTED_EDGE('',*,*,#258,.T.);
#1124 = ORIENTED_EDGE('',*,*,#1086,.T.);
#1125 = ORIENTED_EDGE('',*,*,#1126,.T.);
#1126 = EDGE_CURVE('',#1079,#1102,#1127,.T.);
#1127 = LINE('',#1128,#1129);
#1128 = CARTESIAN_POINT('',(186.,189.40636658821,1.8));
#1129 = VECTOR('',#1130,1.);
#1130 = DIRECTION('',(0.866025403784,-0.5,6.123233995737E-17));
#1131 = ORIENTED_EDGE('',*,*,#1101,.F.);
#1132 = PLANE('',#1133);
#1133 = AXIS2_PLACEMENT_3D('',#1134,#1135,#1136);
#1134 = CARTESIAN_POINT('',(186.,189.40636658821,8.1));
#1135 = DIRECTION('',(-0.5,-0.866025403784,1.060575238725E-16));
#1136 = DIRECTION('',(0.866025403784,-0.5,6.123233995737E-17));
#1137 = ADVANCED_FACE('',(#1138),#1163,.T.);
#1138 = FACE_BOUND('',#1139,.T.);
#1139 = EDGE_LOOP('',(#1140,#1141,#1149,#1157));
#1140 = ORIENTED_EDGE('',*,*,#282,.T.);
#1141 = ORIENTED_EDGE('',*,*,#1142,.T.);
#1142 = EDGE_CURVE('',#285,#1143,#1145,.T.);
#1143 = VERTEX_POINT('',#1144);
#1144 = CARTESIAN_POINT('',(14.,96.593633411781,1.8));
#1145 = LINE('',#1146,#1147);
#1146 = CARTESIAN_POINT('',(14.,96.593633411781,8.1));
#1147 = VECTOR('',#1148,1.);
#1148 = DIRECTION('',(0.,-1.224646799147E-16,-1.));
#1149 = ORIENTED_EDGE('',*,*,#1150,.T.);
#1150 = EDGE_CURVE('',#1143,#1151,#1153,.T.);
#1151 = VERTEX_POINT('',#1152);
#1152 = CARTESIAN_POINT('',(11.05,98.296816705891,1.8));
#1153 = LINE('',#1154,#1155);
#1154 = CARTESIAN_POINT('',(14.,96.593633411781,1.8));
#1155 = VECTOR('',#1156,1.);
#1156 = DIRECTION('',(-0.866025403784,0.5,-6.123233995737E-17));
#1157 = ORIENTED_EDGE('',*,*,#1158,.F.);
#1158 = EDGE_CURVE('',#283,#1151,#1159,.T.);
#1159 = LINE('',#1160,#1161);
#1160 = CARTESIAN_POINT('',(11.05,98.296816705891,8.1));
#1161 = VECTOR('',#1162,1.);
#1162 = DIRECTION('',(0.,-1.224646799147E-16,-1.));
#1163 = PLANE('',#1164);
#1164 = AXIS2_PLACEMENT_3D('',#1165,#1166,#1167);
#1165 = CARTESIAN_POINT('',(14.,96.593633411781,8.1));
#1166 = DIRECTION('',(0.5,0.866025403784,-1.060575238725E-16));
#1167 = DIRECTION('',(-0.866025403784,0.5,-6.123233995737E-17));
#1168 = ADVANCED_FACE('',(#1169),#1187,.T.);
#1169 = FACE_BOUND('',#1170,.T.);
#1170 = EDGE_LOOP('',(#1171,#1172,#1173,#1181));
#1171 = ORIENTED_EDGE('',*,*,#324,.T.);
#1172 = ORIENTED_EDGE('',*,*,#1158,.T.);
#1173 = ORIENTED_EDGE('',*,*,#1174,.T.);
#1174 = EDGE_CURVE('',#1151,#1175,#1177,.T.);
#1175 = VERTEX_POINT('',#1176);
#1176 = CARTESIAN_POINT('',(11.05,101.7031832941,1.8));
#1177 = LINE('',#1178,#1179);
#1178 = CARTESIAN_POINT('',(11.05,98.296816705891,1.8));
#1179 = VECTOR('',#1180,1.);
#1180 = DIRECTION('',(5.214814064769E-16,1.,-1.224646799147E-16));
#1181 = ORIENTED_EDGE('',*,*,#1182,.F.);
#1182 = EDGE_CURVE('',#317,#1175,#1183,.T.);
#1183 = LINE('',#1184,#1185);
#1184 = CARTESIAN_POINT('',(11.05,101.7031832941,8.1));
#1185 = VECTOR('',#1186,1.);
#1186 = DIRECTION('',(0.,-1.224646799147E-16,-1.));
#1187 = PLANE('',#1188);
#1188 = AXIS2_PLACEMENT_3D('',#1189,#1190,#1191);
#1189 = CARTESIAN_POINT('',(11.05,98.296816705891,8.1));
#1190 = DIRECTION('',(1.,-5.214814064769E-16,6.386305352568E-32));
#1191 = DIRECTION('',(5.214814064769E-16,1.,-1.224646799147E-16));
#1192 = ADVANCED_FACE('',(#1193),#1211,.T.);
#1193 = FACE_BOUND('',#1194,.T.);
#1194 = EDGE_LOOP('',(#1195,#1196,#1204,#1210));
#1195 = ORIENTED_EDGE('',*,*,#292,.T.);
#1196 = ORIENTED_EDGE('',*,*,#1197,.T.);
#1197 = EDGE_CURVE('',#293,#1198,#1200,.T.);
#1198 = VERTEX_POINT('',#1199);
#1199 = CARTESIAN_POINT('',(16.95,98.296816705891,1.8));
#1200 = LINE('',#1201,#1202);
#1201 = CARTESIAN_POINT('',(16.95,98.296816705891,8.1));
#1202 = VECTOR('',#1203,1.);
#1203 = DIRECTION('',(0.,-1.224646799147E-16,-1.));
#1204 = ORIENTED_EDGE('',*,*,#1205,.T.);
#1205 = EDGE_CURVE('',#1198,#1143,#1206,.T.);
#1206 = LINE('',#1207,#1208);
#1207 = CARTESIAN_POINT('',(16.95,98.296816705891,1.8));
#1208 = VECTOR('',#1209,1.);
#1209 = DIRECTION('',(-0.866025403784,-0.5,6.123233995737E-17));
#1210 = ORIENTED_EDGE('',*,*,#1142,.F.);
#1211 = PLANE('',#1212);
#1212 = AXIS2_PLACEMENT_3D('',#1213,#1214,#1215);
#1213 = CARTESIAN_POINT('',(16.95,98.296816705891,8.1));
#1214 = DIRECTION('',(-0.5,0.866025403784,-1.060575238725E-16));
#1215 = DIRECTION('',(-0.866025403784,-0.5,6.123233995737E-17));
#1216 = ADVANCED_FACE('',(#1217),#1235,.T.);
#1217 = FACE_BOUND('',#1218,.T.);
#1218 = EDGE_LOOP('',(#1219,#1220,#1221,#1229));
#1219 = ORIENTED_EDGE('',*,*,#316,.T.);
#1220 = ORIENTED_EDGE('',*,*,#1182,.T.);
#1221 = ORIENTED_EDGE('',*,*,#1222,.T.);
#1222 = EDGE_CURVE('',#1175,#1223,#1225,.T.);
#1223 = VERTEX_POINT('',#1224);
#1224 = CARTESIAN_POINT('',(14.,103.40636658821,1.8));
#1225 = LINE('',#1226,#1227);
#1226 = CARTESIAN_POINT('',(11.05,101.7031832941,1.8));
#1227 = VECTOR('',#1228,1.);
#1228 = DIRECTION('',(0.866025403784,0.5,-6.123233995737E-17));
#1229 = ORIENTED_EDGE('',*,*,#1230,.F.);
#1230 = EDGE_CURVE('',#309,#1223,#1231,.T.);
#1231 = LINE('',#1232,#1233);
#1232 = CARTESIAN_POINT('',(14.,103.40636658821,8.1));
#1233 = VECTOR('',#1234,1.);
#1234 = DIRECTION('',(0.,-1.224646799147E-16,-1.));
#1235 = PLANE('',#1236);
#1236 = AXIS2_PLACEMENT_3D('',#1237,#1238,#1239);
#1237 = CARTESIAN_POINT('',(11.05,101.7031832941,8.1));
#1238 = DIRECTION('',(0.5,-0.866025403784,1.060575238725E-16));
#1239 = DIRECTION('',(0.866025403784,0.5,-6.123233995737E-17));
#1240 = ADVANCED_FACE('',(#1241),#1259,.T.);
#1241 = FACE_BOUND('',#1242,.T.);
#1242 = EDGE_LOOP('',(#1243,#1244,#1252,#1258));
#1243 = ORIENTED_EDGE('',*,*,#300,.T.);
#1244 = ORIENTED_EDGE('',*,*,#1245,.T.);
#1245 = EDGE_CURVE('',#301,#1246,#1248,.T.);
#1246 = VERTEX_POINT('',#1247);
#1247 = CARTESIAN_POINT('',(16.95,101.7031832941,1.8));
#1248 = LINE('',#1249,#1250);
#1249 = CARTESIAN_POINT('',(16.95,101.7031832941,8.1));
#1250 = VECTOR('',#1251,1.);
#1251 = DIRECTION('',(0.,-1.224646799147E-16,-1.));
#1252 = ORIENTED_EDGE('',*,*,#1253,.T.);
#1253 = EDGE_CURVE('',#1246,#1198,#1254,.T.);
#1254 = LINE('',#1255,#1256);
#1255 = CARTESIAN_POINT('',(16.95,101.7031832941,1.8));
#1256 = VECTOR('',#1257,1.);
#1257 = DIRECTION('',(0.,-1.,1.224646799147E-16));
#1258 = ORIENTED_EDGE('',*,*,#1197,.F.);
#1259 = PLANE('',#1260);
#1260 = AXIS2_PLACEMENT_3D('',#1261,#1262,#1263);
#1261 = CARTESIAN_POINT('',(16.95,101.7031832941,8.1));
#1262 = DIRECTION('',(-1.,-0.,0.));
#1263 = DIRECTION('',(0.,-1.,1.224646799147E-16));
#1264 = ADVANCED_FACE('',(#1265),#1276,.T.);
#1265 = FACE_BOUND('',#1266,.T.);
#1266 = EDGE_LOOP('',(#1267,#1268,#1269,#1275));
#1267 = ORIENTED_EDGE('',*,*,#308,.T.);
#1268 = ORIENTED_EDGE('',*,*,#1230,.T.);
#1269 = ORIENTED_EDGE('',*,*,#1270,.T.);
#1270 = EDGE_CURVE('',#1223,#1246,#1271,.T.);
#1271 = LINE('',#1272,#1273);
#1272 = CARTESIAN_POINT('',(14.,103.40636658821,1.8));
#1273 = VECTOR('',#1274,1.);
#1274 = DIRECTION('',(0.866025403784,-0.5,6.123233995737E-17));
#1275 = ORIENTED_EDGE('',*,*,#1245,.F.);
#1276 = PLANE('',#1277);
#1277 = AXIS2_PLACEMENT_3D('',#1278,#1279,#1280);
#1278 = CARTESIAN_POINT('',(14.,103.40636658821,8.1));
#1279 = DIRECTION('',(-0.5,-0.866025403784,1.060575238725E-16));
#1280 = DIRECTION('',(0.866025403784,-0.5,6.123233995737E-17));
#1281 = ADVANCED_FACE('',(#1282),#1307,.T.);
#1282 = FACE_BOUND('',#1283,.T.);
#1283 = EDGE_LOOP('',(#1284,#1292,#1293,#1301));
#1284 = ORIENTED_EDGE('',*,*,#1285,.F.);
#1285 = EDGE_CURVE('',#333,#1286,#1288,.T.);
#1286 = VERTEX_POINT('',#1287);
#1287 = CARTESIAN_POINT('',(172.,172.,0.));
#1288 = LINE('',#1289,#1290);
#1289 = CARTESIAN_POINT('',(172.,172.,9.));
#1290 = VECTOR('',#1291,1.);
#1291 = DIRECTION('',(0.,-1.224646799147E-16,-1.));
#1292 = ORIENTED_EDGE('',*,*,#332,.T.);
#1293 = ORIENTED_EDGE('',*,*,#1294,.T.);
#1294 = EDGE_CURVE('',#335,#1295,#1297,.T.);
#1295 = VERTEX_POINT('',#1296);
#1296 = CARTESIAN_POINT('',(28.,172.,0.));
#1297 = LINE('',#1298,#1299);
#1298 = CARTESIAN_POINT('',(28.,172.,9.));
#1299 = VECTOR('',#1300,1.);
#1300 = DIRECTION('',(0.,-1.224646799147E-16,-1.));
#1301 = ORIENTED_EDGE('',*,*,#1302,.F.);
#1302 = EDGE_CURVE('',#1286,#1295,#1303,.T.);
#1303 = LINE('',#1304,#1305);
#1304 = CARTESIAN_POINT('',(14.,172.,3.552713678801E-15));
#1305 = VECTOR('',#1306,1.);
#1306 = DIRECTION('',(-1.,0.,-0.));
#1307 = PLANE('',#1308);
#1308 = AXIS2_PLACEMENT_3D('',#1309,#1310,#1311);
#1309 = CARTESIAN_POINT('',(28.,172.,9.));
#1310 = DIRECTION('',(0.,-1.,1.224646799147E-16));
#1311 = DIRECTION('',(0.,-1.224646799147E-16,-1.));
#1312 = ADVANCED_FACE('',(#1313),#1331,.F.);
#1313 = FACE_BOUND('',#1314,.F.);
#1314 = EDGE_LOOP('',(#1315,#1316,#1317,#1325));
#1315 = ORIENTED_EDGE('',*,*,#1285,.F.);
#1316 = ORIENTED_EDGE('',*,*,#358,.T.);
#1317 = ORIENTED_EDGE('',*,*,#1318,.T.);
#1318 = EDGE_CURVE('',#351,#1319,#1321,.T.);
#1319 = VERTEX_POINT('',#1320);
#1320 = CARTESIAN_POINT('',(172.,28.,2.84217094304E-14));
#1321 = LINE('',#1322,#1323);
#1322 = CARTESIAN_POINT('',(172.,28.,9.));
#1323 = VECTOR('',#1324,1.);
#1324 = DIRECTION('',(0.,-1.224646799147E-16,-1.));
#1325 = ORIENTED_EDGE('',*,*,#1326,.F.);
#1326 = EDGE_CURVE('',#1286,#1319,#1327,.T.);
#1327 = LINE('',#1328,#1329);
#1328 = CARTESIAN_POINT('',(172.,186.,1.7763568394E-15));
#1329 = VECTOR('',#1330,1.);
#1330 = DIRECTION('',(0.,-1.,1.224646799147E-16));
#1331 = PLANE('',#1332);
#1332 = AXIS2_PLACEMENT_3D('',#1333,#1334,#1335);
#1333 = CARTESIAN_POINT('',(172.,172.,9.));
#1334 = DIRECTION('',(1.,0.,0.));
#1335 = DIRECTION('',(0.,-1.224646799147E-16,-1.));
#1336 = ADVANCED_FACE('',(#1337),#1355,.T.);
#1337 = FACE_BOUND('',#1338,.T.);
#1338 = EDGE_LOOP('',(#1339,#1340,#1341,#1349));
#1339 = ORIENTED_EDGE('',*,*,#1294,.F.);
#1340 = ORIENTED_EDGE('',*,*,#342,.T.);
#1341 = ORIENTED_EDGE('',*,*,#1342,.T.);
#1342 = EDGE_CURVE('',#343,#1343,#1345,.T.);
#1343 = VERTEX_POINT('',#1344);
#1344 = CARTESIAN_POINT('',(28.,28.,2.84217094304E-14));
#1345 = LINE('',#1346,#1347);
#1346 = CARTESIAN_POINT('',(28.,28.,9.));
#1347 = VECTOR('',#1348,1.);
#1348 = DIRECTION('',(0.,-1.224646799147E-16,-1.));
#1349 = ORIENTED_EDGE('',*,*,#1350,.F.);
#1350 = EDGE_CURVE('',#1295,#1343,#1351,.T.);
#1351 = LINE('',#1352,#1353);
#1352 = CARTESIAN_POINT('',(28.,186.,1.7763568394E-15));
#1353 = VECTOR('',#1354,1.);
#1354 = DIRECTION('',(0.,-1.,1.224646799147E-16));
#1355 = PLANE('',#1356);
#1356 = AXIS2_PLACEMENT_3D('',#1357,#1358,#1359);
#1357 = CARTESIAN_POINT('',(28.,172.,9.));
#1358 = DIRECTION('',(1.,0.,0.));
#1359 = DIRECTION('',(0.,-1.224646799147E-16,-1.));
#1360 = ADVANCED_FACE('',(#1361),#1372,.F.);
#1361 = FACE_BOUND('',#1362,.F.);
#1362 = EDGE_LOOP('',(#1363,#1364,#1365,#1366));
#1363 = ORIENTED_EDGE('',*,*,#1318,.F.);
#1364 = ORIENTED_EDGE('',*,*,#350,.T.);
#1365 = ORIENTED_EDGE('',*,*,#1342,.T.);
#1366 = ORIENTED_EDGE('',*,*,#1367,.F.);
#1367 = EDGE_CURVE('',#1319,#1343,#1368,.T.);
#1368 = LINE('',#1369,#1370);
#1369 = CARTESIAN_POINT('',(14.,28.,2.13162820728E-14));
#1370 = VECTOR('',#1371,1.);
#1371 = DIRECTION('',(-1.,0.,-0.));
#1372 = PLANE('',#1373);
#1373 = AXIS2_PLACEMENT_3D('',#1374,#1375,#1376);
#1374 = CARTESIAN_POINT('',(28.,28.,9.));
#1375 = DIRECTION('',(0.,-1.,1.224646799147E-16));
#1376 = DIRECTION('',(0.,-1.224646799147E-16,-1.));
#1377 = ADVANCED_FACE('',(#1378),#1403,.T.);
#1378 = FACE_BOUND('',#1379,.T.);
#1379 = EDGE_LOOP('',(#1380,#1381,#1389,#1397));
#1380 = ORIENTED_EDGE('',*,*,#366,.T.);
#1381 = ORIENTED_EDGE('',*,*,#1382,.T.);
#1382 = EDGE_CURVE('',#369,#1383,#1385,.T.);
#1383 = VERTEX_POINT('',#1384);
#1384 = CARTESIAN_POINT('',(14.,10.593633411781,1.8));
#1385 = LINE('',#1386,#1387);
#1386 = CARTESIAN_POINT('',(14.,10.593633411781,8.1));
#1387 = VECTOR('',#1388,1.);
#1388 = DIRECTION('',(0.,-1.224646799147E-16,-1.));
#1389 = ORIENTED_EDGE('',*,*,#1390,.T.);
#1390 = EDGE_CURVE('',#1383,#1391,#1393,.T.);
#1391 = VERTEX_POINT('',#1392);
#1392 = CARTESIAN_POINT('',(11.05,12.296816705891,1.8));
#1393 = LINE('',#1394,#1395);
#1394 = CARTESIAN_POINT('',(14.,10.593633411781,1.8));
#1395 = VECTOR('',#1396,1.);
#1396 = DIRECTION('',(-0.866025403784,0.5,-6.123233995737E-17));
#1397 = ORIENTED_EDGE('',*,*,#1398,.F.);
#1398 = EDGE_CURVE('',#367,#1391,#1399,.T.);
#1399 = LINE('',#1400,#1401);
#1400 = CARTESIAN_POINT('',(11.05,12.296816705891,8.1));
#1401 = VECTOR('',#1402,1.);
#1402 = DIRECTION('',(0.,-1.224646799147E-16,-1.));
#1403 = PLANE('',#1404);
#1404 = AXIS2_PLACEMENT_3D('',#1405,#1406,#1407);
#1405 = CARTESIAN_POINT('',(14.,10.593633411781,8.1));
#1406 = DIRECTION('',(0.5,0.866025403784,-1.060575238725E-16));
#1407 = DIRECTION('',(-0.866025403784,0.5,-6.123233995737E-17));
#1408 = ADVANCED_FACE('',(#1409),#1427,.T.);
#1409 = FACE_BOUND('',#1410,.T.);
#1410 = EDGE_LOOP('',(#1411,#1412,#1413,#1421));
#1411 = ORIENTED_EDGE('',*,*,#408,.T.);
#1412 = ORIENTED_EDGE('',*,*,#1398,.T.);
#1413 = ORIENTED_EDGE('',*,*,#1414,.T.);
#1414 = EDGE_CURVE('',#1391,#1415,#1417,.T.);
#1415 = VERTEX_POINT('',#1416);
#1416 = CARTESIAN_POINT('',(11.05,15.703183294109,1.8));
#1417 = LINE('',#1418,#1419);
#1418 = CARTESIAN_POINT('',(11.05,12.296816705891,1.8));
#1419 = VECTOR('',#1420,1.);
#1420 = DIRECTION('',(5.214814064769E-16,1.,-1.224646799147E-16));
#1421 = ORIENTED_EDGE('',*,*,#1422,.F.);
#1422 = EDGE_CURVE('',#401,#1415,#1423,.T.);
#1423 = LINE('',#1424,#1425);
#1424 = CARTESIAN_POINT('',(11.05,15.703183294109,8.1));
#1425 = VECTOR('',#1426,1.);
#1426 = DIRECTION('',(0.,-1.224646799147E-16,-1.));
#1427 = PLANE('',#1428);
#1428 = AXIS2_PLACEMENT_3D('',#1429,#1430,#1431);
#1429 = CARTESIAN_POINT('',(11.05,12.296816705891,8.1));
#1430 = DIRECTION('',(1.,-5.214814064769E-16,6.386305352568E-32));
#1431 = DIRECTION('',(5.214814064769E-16,1.,-1.224646799147E-16));
#1432 = ADVANCED_FACE('',(#1433),#1451,.T.);
#1433 = FACE_BOUND('',#1434,.T.);
#1434 = EDGE_LOOP('',(#1435,#1436,#1444,#1450));
#1435 = ORIENTED_EDGE('',*,*,#376,.T.);
#1436 = ORIENTED_EDGE('',*,*,#1437,.T.);
#1437 = EDGE_CURVE('',#377,#1438,#1440,.T.);
#1438 = VERTEX_POINT('',#1439);
#1439 = CARTESIAN_POINT('',(16.95,12.296816705891,1.8));
#1440 = LINE('',#1441,#1442);
#1441 = CARTESIAN_POINT('',(16.95,12.296816705891,8.1));
#1442 = VECTOR('',#1443,1.);
#1443 = DIRECTION('',(0.,-1.224646799147E-16,-1.));
#1444 = ORIENTED_EDGE('',*,*,#1445,.T.);
#1445 = EDGE_CURVE('',#1438,#1383,#1446,.T.);
#1446 = LINE('',#1447,#1448);
#1447 = CARTESIAN_POINT('',(16.95,12.296816705891,1.8));
#1448 = VECTOR('',#1449,1.);
#1449 = DIRECTION('',(-0.866025403784,-0.5,6.123233995737E-17));
#1450 = ORIENTED_EDGE('',*,*,#1382,.F.);
#1451 = PLANE('',#1452);
#1452 = AXIS2_PLACEMENT_3D('',#1453,#1454,#1455);
#1453 = CARTESIAN_POINT('',(16.95,12.296816705891,8.1));
#1454 = DIRECTION('',(-0.5,0.866025403784,-1.060575238725E-16));
#1455 = DIRECTION('',(-0.866025403784,-0.5,6.123233995737E-17));
#1456 = ADVANCED_FACE('',(#1457),#1475,.T.);
#1457 = FACE_BOUND('',#1458,.T.);
#1458 = EDGE_LOOP('',(#1459,#1460,#1461,#1469));
#1459 = ORIENTED_EDGE('',*,*,#400,.T.);
#1460 = ORIENTED_EDGE('',*,*,#1422,.T.);
#1461 = ORIENTED_EDGE('',*,*,#1462,.T.);
#1462 = EDGE_CURVE('',#1415,#1463,#1465,.T.);
#1463 = VERTEX_POINT('',#1464);
#1464 = CARTESIAN_POINT('',(14.,17.406366588219,1.8));
#1465 = LINE('',#1466,#1467);
#1466 = CARTESIAN_POINT('',(11.05,15.703183294109,1.8));
#1467 = VECTOR('',#1468,1.);
#1468 = DIRECTION('',(0.866025403784,0.5,-6.123233995737E-17));
#1469 = ORIENTED_EDGE('',*,*,#1470,.F.);
#1470 = EDGE_CURVE('',#393,#1463,#1471,.T.);
#1471 = LINE('',#1472,#1473);
#1472 = CARTESIAN_POINT('',(14.,17.406366588219,8.1));
#1473 = VECTOR('',#1474,1.);
#1474 = DIRECTION('',(0.,-1.224646799147E-16,-1.));
#1475 = PLANE('',#1476);
#1476 = AXIS2_PLACEMENT_3D('',#1477,#1478,#1479);
#1477 = CARTESIAN_POINT('',(11.05,15.703183294109,8.1));
#1478 = DIRECTION('',(0.5,-0.866025403784,1.060575238725E-16));
#1479 = DIRECTION('',(0.866025403784,0.5,-6.123233995737E-17));
#1480 = ADVANCED_FACE('',(#1481),#1499,.T.);
#1481 = FACE_BOUND('',#1482,.T.);
#1482 = EDGE_LOOP('',(#1483,#1484,#1492,#1498));
#1483 = ORIENTED_EDGE('',*,*,#384,.T.);
#1484 = ORIENTED_EDGE('',*,*,#1485,.T.);
#1485 = EDGE_CURVE('',#385,#1486,#1488,.T.);
#1486 = VERTEX_POINT('',#1487);
#1487 = CARTESIAN_POINT('',(16.95,15.703183294109,1.8));
#1488 = LINE('',#1489,#1490);
#1489 = CARTESIAN_POINT('',(16.95,15.703183294109,8.1));
#1490 = VECTOR('',#1491,1.);
#1491 = DIRECTION('',(0.,-1.224646799147E-16,-1.));
#1492 = ORIENTED_EDGE('',*,*,#1493,.T.);
#1493 = EDGE_CURVE('',#1486,#1438,#1494,.T.);
#1494 = LINE('',#1495,#1496);
#1495 = CARTESIAN_POINT('',(16.95,15.703183294109,1.8));
#1496 = VECTOR('',#1497,1.);
#1497 = DIRECTION('',(0.,-1.,1.224646799147E-16));
#1498 = ORIENTED_EDGE('',*,*,#1437,.F.);
#1499 = PLANE('',#1500);
#1500 = AXIS2_PLACEMENT_3D('',#1501,#1502,#1503);
#1501 = CARTESIAN_POINT('',(16.95,15.703183294109,8.1));
#1502 = DIRECTION('',(-1.,-0.,0.));
#1503 = DIRECTION('',(0.,-1.,1.224646799147E-16));
#1504 = ADVANCED_FACE('',(#1505),#1516,.T.);
#1505 = FACE_BOUND('',#1506,.T.);
#1506 = EDGE_LOOP('',(#1507,#1508,#1509,#1515));
#1507 = ORIENTED_EDGE('',*,*,#392,.T.);
#1508 = ORIENTED_EDGE('',*,*,#1470,.T.);
#1509 = ORIENTED_EDGE('',*,*,#1510,.T.);
#1510 = EDGE_CURVE('',#1463,#1486,#1511,.T.);
#1511 = LINE('',#1512,#1513);
#1512 = CARTESIAN_POINT('',(14.,17.406366588219,1.8));
#1513 = VECTOR('',#1514,1.);
#1514 = DIRECTION('',(0.866025403784,-0.5,6.123233995737E-17));
#1515 = ORIENTED_EDGE('',*,*,#1485,.F.);
#1516 = PLANE('',#1517);
#1517 = AXIS2_PLACEMENT_3D('',#1518,#1519,#1520);
#1518 = CARTESIAN_POINT('',(14.,17.406366588219,8.1));
#1519 = DIRECTION('',(-0.5,-0.866025403784,1.060575238725E-16));
#1520 = DIRECTION('',(0.866025403784,-0.5,6.123233995737E-17));
#1521 = ADVANCED_FACE('',(#1522),#1547,.T.);
#1522 = FACE_BOUND('',#1523,.T.);
#1523 = EDGE_LOOP('',(#1524,#1525,#1533,#1541));
#1524 = ORIENTED_EDGE('',*,*,#416,.T.);
#1525 = ORIENTED_EDGE('',*,*,#1526,.T.);
#1526 = EDGE_CURVE('',#419,#1527,#1529,.T.);
#1527 = VERTEX_POINT('',#1528);
#1528 = CARTESIAN_POINT('',(100.,10.593633411781,1.8));
#1529 = LINE('',#1530,#1531);
#1530 = CARTESIAN_POINT('',(100.,10.593633411781,8.1));
#1531 = VECTOR('',#1532,1.);
#1532 = DIRECTION('',(0.,-1.224646799147E-16,-1.));
#1533 = ORIENTED_EDGE('',*,*,#1534,.T.);
#1534 = EDGE_CURVE('',#1527,#1535,#1537,.T.);
#1535 = VERTEX_POINT('',#1536);
#1536 = CARTESIAN_POINT('',(97.05,12.296816705891,1.8));
#1537 = LINE('',#1538,#1539);
#1538 = CARTESIAN_POINT('',(100.,10.593633411781,1.8));
#1539 = VECTOR('',#1540,1.);
#1540 = DIRECTION('',(-0.866025403784,0.5,-6.123233995737E-17));
#1541 = ORIENTED_EDGE('',*,*,#1542,.F.);
#1542 = EDGE_CURVE('',#417,#1535,#1543,.T.);
#1543 = LINE('',#1544,#1545);
#1544 = CARTESIAN_POINT('',(97.05,12.296816705891,8.1));
#1545 = VECTOR('',#1546,1.);
#1546 = DIRECTION('',(0.,-1.224646799147E-16,-1.));
#1547 = PLANE('',#1548);
#1548 = AXIS2_PLACEMENT_3D('',#1549,#1550,#1551);
#1549 = CARTESIAN_POINT('',(100.,10.593633411781,8.1));
#1550 = DIRECTION('',(0.5,0.866025403784,-1.060575238725E-16));
#1551 = DIRECTION('',(-0.866025403784,0.5,-6.123233995737E-17));
#1552 = ADVANCED_FACE('',(#1553),#1571,.T.);
#1553 = FACE_BOUND('',#1554,.T.);
#1554 = EDGE_LOOP('',(#1555,#1556,#1557,#1565));
#1555 = ORIENTED_EDGE('',*,*,#458,.T.);
#1556 = ORIENTED_EDGE('',*,*,#1542,.T.);
#1557 = ORIENTED_EDGE('',*,*,#1558,.T.);
#1558 = EDGE_CURVE('',#1535,#1559,#1561,.T.);
#1559 = VERTEX_POINT('',#1560);
#1560 = CARTESIAN_POINT('',(97.05,15.703183294109,1.8));
#1561 = LINE('',#1562,#1563);
#1562 = CARTESIAN_POINT('',(97.05,12.296816705891,1.8));
#1563 = VECTOR('',#1564,1.);
#1564 = DIRECTION('',(0.,1.,-1.224646799147E-16));
#1565 = ORIENTED_EDGE('',*,*,#1566,.F.);
#1566 = EDGE_CURVE('',#451,#1559,#1567,.T.);
#1567 = LINE('',#1568,#1569);
#1568 = CARTESIAN_POINT('',(97.05,15.703183294109,8.1));
#1569 = VECTOR('',#1570,1.);
#1570 = DIRECTION('',(0.,-1.224646799147E-16,-1.));
#1571 = PLANE('',#1572);
#1572 = AXIS2_PLACEMENT_3D('',#1573,#1574,#1575);
#1573 = CARTESIAN_POINT('',(97.05,12.296816705891,8.1));
#1574 = DIRECTION('',(1.,0.,0.));
#1575 = DIRECTION('',(0.,1.,-1.224646799147E-16));
#1576 = ADVANCED_FACE('',(#1577),#1595,.T.);
#1577 = FACE_BOUND('',#1578,.T.);
#1578 = EDGE_LOOP('',(#1579,#1580,#1588,#1594));
#1579 = ORIENTED_EDGE('',*,*,#426,.T.);
#1580 = ORIENTED_EDGE('',*,*,#1581,.T.);
#1581 = EDGE_CURVE('',#427,#1582,#1584,.T.);
#1582 = VERTEX_POINT('',#1583);
#1583 = CARTESIAN_POINT('',(102.95,12.296816705891,1.8));
#1584 = LINE('',#1585,#1586);
#1585 = CARTESIAN_POINT('',(102.95,12.296816705891,8.1));
#1586 = VECTOR('',#1587,1.);
#1587 = DIRECTION('',(0.,-1.224646799147E-16,-1.));
#1588 = ORIENTED_EDGE('',*,*,#1589,.T.);
#1589 = EDGE_CURVE('',#1582,#1527,#1590,.T.);
#1590 = LINE('',#1591,#1592);
#1591 = CARTESIAN_POINT('',(102.95,12.296816705891,1.8));
#1592 = VECTOR('',#1593,1.);
#1593 = DIRECTION('',(-0.866025403784,-0.5,6.123233995737E-17));
#1594 = ORIENTED_EDGE('',*,*,#1526,.F.);
#1595 = PLANE('',#1596);
#1596 = AXIS2_PLACEMENT_3D('',#1597,#1598,#1599);
#1597 = CARTESIAN_POINT('',(102.95,12.296816705891,8.1));
#1598 = DIRECTION('',(-0.5,0.866025403784,-1.060575238725E-16));
#1599 = DIRECTION('',(-0.866025403784,-0.5,6.123233995737E-17));
#1600 = ADVANCED_FACE('',(#1601),#1619,.T.);
#1601 = FACE_BOUND('',#1602,.T.);
#1602 = EDGE_LOOP('',(#1603,#1604,#1605,#1613));
#1603 = ORIENTED_EDGE('',*,*,#450,.T.);
#1604 = ORIENTED_EDGE('',*,*,#1566,.T.);
#1605 = ORIENTED_EDGE('',*,*,#1606,.T.);
#1606 = EDGE_CURVE('',#1559,#1607,#1609,.T.);
#1607 = VERTEX_POINT('',#1608);
#1608 = CARTESIAN_POINT('',(100.,17.406366588219,1.8));
#1609 = LINE('',#1610,#1611);
#1610 = CARTESIAN_POINT('',(97.05,15.703183294109,1.8));
#1611 = VECTOR('',#1612,1.);
#1612 = DIRECTION('',(0.866025403784,0.5,-6.123233995737E-17));
#1613 = ORIENTED_EDGE('',*,*,#1614,.F.);
#1614 = EDGE_CURVE('',#443,#1607,#1615,.T.);
#1615 = LINE('',#1616,#1617);
#1616 = CARTESIAN_POINT('',(100.,17.406366588219,8.1));
#1617 = VECTOR('',#1618,1.);
#1618 = DIRECTION('',(0.,-1.224646799147E-16,-1.));
#1619 = PLANE('',#1620);
#1620 = AXIS2_PLACEMENT_3D('',#1621,#1622,#1623);
#1621 = CARTESIAN_POINT('',(97.05,15.703183294109,8.1));
#1622 = DIRECTION('',(0.5,-0.866025403784,1.060575238725E-16));
#1623 = DIRECTION('',(0.866025403784,0.5,-6.123233995737E-17));
#1624 = ADVANCED_FACE('',(#1625),#1643,.T.);
#1625 = FACE_BOUND('',#1626,.T.);
#1626 = EDGE_LOOP('',(#1627,#1628,#1636,#1642));
#1627 = ORIENTED_EDGE('',*,*,#434,.T.);
#1628 = ORIENTED_EDGE('',*,*,#1629,.T.);
#1629 = EDGE_CURVE('',#435,#1630,#1632,.T.);
#1630 = VERTEX_POINT('',#1631);
#1631 = CARTESIAN_POINT('',(102.95,15.703183294109,1.8));
#1632 = LINE('',#1633,#1634);
#1633 = CARTESIAN_POINT('',(102.95,15.703183294109,8.1));
#1634 = VECTOR('',#1635,1.);
#1635 = DIRECTION('',(0.,-1.224646799147E-16,-1.));
#1636 = ORIENTED_EDGE('',*,*,#1637,.T.);
#1637 = EDGE_CURVE('',#1630,#1582,#1638,.T.);
#1638 = LINE('',#1639,#1640);
#1639 = CARTESIAN_POINT('',(102.95,15.703183294109,1.8));
#1640 = VECTOR('',#1641,1.);
#1641 = DIRECTION('',(0.,-1.,1.224646799147E-16));
#1642 = ORIENTED_EDGE('',*,*,#1581,.F.);
#1643 = PLANE('',#1644);
#1644 = AXIS2_PLACEMENT_3D('',#1645,#1646,#1647);
#1645 = CARTESIAN_POINT('',(102.95,15.703183294109,8.1));
#1646 = DIRECTION('',(-1.,-0.,0.));
#1647 = DIRECTION('',(0.,-1.,1.224646799147E-16));
#1648 = ADVANCED_FACE('',(#1649),#1660,.T.);
#1649 = FACE_BOUND('',#1650,.T.);
#1650 = EDGE_LOOP('',(#1651,#1652,#1653,#1659));
#1651 = ORIENTED_EDGE('',*,*,#442,.T.);
#1652 = ORIENTED_EDGE('',*,*,#1614,.T.);
#1653 = ORIENTED_EDGE('',*,*,#1654,.T.);
#1654 = EDGE_CURVE('',#1607,#1630,#1655,.T.);
#1655 = LINE('',#1656,#1657);
#1656 = CARTESIAN_POINT('',(100.,17.406366588219,1.8));
#1657 = VECTOR('',#1658,1.);
#1658 = DIRECTION('',(0.866025403784,-0.5,6.123233995737E-17));
#1659 = ORIENTED_EDGE('',*,*,#1629,.F.);
#1660 = PLANE('',#1661);
#1661 = AXIS2_PLACEMENT_3D('',#1662,#1663,#1664);
#1662 = CARTESIAN_POINT('',(100.,17.406366588219,8.1));
#1663 = DIRECTION('',(-0.5,-0.866025403784,1.060575238725E-16));
#1664 = DIRECTION('',(0.866025403784,-0.5,6.123233995737E-17));
#1665 = ADVANCED_FACE('',(#1666),#1691,.T.);
#1666 = FACE_BOUND('',#1667,.T.);
#1667 = EDGE_LOOP('',(#1668,#1669,#1677,#1685));
#1668 = ORIENTED_EDGE('',*,*,#466,.T.);
#1669 = ORIENTED_EDGE('',*,*,#1670,.T.);
#1670 = EDGE_CURVE('',#469,#1671,#1673,.T.);
#1671 = VERTEX_POINT('',#1672);
#1672 = CARTESIAN_POINT('',(186.,96.593633411781,1.8));
#1673 = LINE('',#1674,#1675);
#1674 = CARTESIAN_POINT('',(186.,96.593633411781,8.1));
#1675 = VECTOR('',#1676,1.);
#1676 = DIRECTION('',(0.,-1.224646799147E-16,-1.));
#1677 = ORIENTED_EDGE('',*,*,#1678,.T.);
#1678 = EDGE_CURVE('',#1671,#1679,#1681,.T.);
#1679 = VERTEX_POINT('',#1680);
#1680 = CARTESIAN_POINT('',(183.05,98.296816705891,1.8));
#1681 = LINE('',#1682,#1683);
#1682 = CARTESIAN_POINT('',(186.,96.593633411781,1.8));
#1683 = VECTOR('',#1684,1.);
#1684 = DIRECTION('',(-0.866025403784,0.5,-6.123233995737E-17));
#1685 = ORIENTED_EDGE('',*,*,#1686,.F.);
#1686 = EDGE_CURVE('',#467,#1679,#1687,.T.);
#1687 = LINE('',#1688,#1689);
#1688 = CARTESIAN_POINT('',(183.05,98.296816705891,8.1));
#1689 = VECTOR('',#1690,1.);
#1690 = DIRECTION('',(0.,-1.224646799147E-16,-1.));
#1691 = PLANE('',#1692);
#1692 = AXIS2_PLACEMENT_3D('',#1693,#1694,#1695);
#1693 = CARTESIAN_POINT('',(186.,96.593633411781,8.1));
#1694 = DIRECTION('',(0.5,0.866025403784,-1.060575238725E-16));
#1695 = DIRECTION('',(-0.866025403784,0.5,-6.123233995737E-17));
#1696 = ADVANCED_FACE('',(#1697),#1715,.T.);
#1697 = FACE_BOUND('',#1698,.T.);
#1698 = EDGE_LOOP('',(#1699,#1700,#1701,#1709));
#1699 = ORIENTED_EDGE('',*,*,#508,.T.);
#1700 = ORIENTED_EDGE('',*,*,#1686,.T.);
#1701 = ORIENTED_EDGE('',*,*,#1702,.T.);
#1702 = EDGE_CURVE('',#1679,#1703,#1705,.T.);
#1703 = VERTEX_POINT('',#1704);
#1704 = CARTESIAN_POINT('',(183.05,101.7031832941,1.8));
#1705 = LINE('',#1706,#1707);
#1706 = CARTESIAN_POINT('',(183.05,98.296816705891,1.8));
#1707 = VECTOR('',#1708,1.);
#1708 = DIRECTION('',(0.,1.,-1.224646799147E-16));
#1709 = ORIENTED_EDGE('',*,*,#1710,.F.);
#1710 = EDGE_CURVE('',#501,#1703,#1711,.T.);
#1711 = LINE('',#1712,#1713);
#1712 = CARTESIAN_POINT('',(183.05,101.7031832941,8.1));
#1713 = VECTOR('',#1714,1.);
#1714 = DIRECTION('',(0.,-1.224646799147E-16,-1.));
#1715 = PLANE('',#1716);
#1716 = AXIS2_PLACEMENT_3D('',#1717,#1718,#1719);
#1717 = CARTESIAN_POINT('',(183.05,98.296816705891,8.1));
#1718 = DIRECTION('',(1.,0.,0.));
#1719 = DIRECTION('',(0.,1.,-1.224646799147E-16));
#1720 = ADVANCED_FACE('',(#1721),#1739,.T.);
#1721 = FACE_BOUND('',#1722,.T.);
#1722 = EDGE_LOOP('',(#1723,#1724,#1732,#1738));
#1723 = ORIENTED_EDGE('',*,*,#476,.T.);
#1724 = ORIENTED_EDGE('',*,*,#1725,.T.);
#1725 = EDGE_CURVE('',#477,#1726,#1728,.T.);
#1726 = VERTEX_POINT('',#1727);
#1727 = CARTESIAN_POINT('',(188.95,98.296816705891,1.8));
#1728 = LINE('',#1729,#1730);
#1729 = CARTESIAN_POINT('',(188.95,98.296816705891,8.1));
#1730 = VECTOR('',#1731,1.);
#1731 = DIRECTION('',(0.,-1.224646799147E-16,-1.));
#1732 = ORIENTED_EDGE('',*,*,#1733,.T.);
#1733 = EDGE_CURVE('',#1726,#1671,#1734,.T.);
#1734 = LINE('',#1735,#1736);
#1735 = CARTESIAN_POINT('',(188.95,98.296816705891,1.8));
#1736 = VECTOR('',#1737,1.);
#1737 = DIRECTION('',(-0.866025403784,-0.5,6.123233995737E-17));
#1738 = ORIENTED_EDGE('',*,*,#1670,.F.);
#1739 = PLANE('',#1740);
#1740 = AXIS2_PLACEMENT_3D('',#1741,#1742,#1743);
#1741 = CARTESIAN_POINT('',(188.95,98.296816705891,8.1));
#1742 = DIRECTION('',(-0.5,0.866025403784,-1.060575238725E-16));
#1743 = DIRECTION('',(-0.866025403784,-0.5,6.123233995737E-17));
#1744 = ADVANCED_FACE('',(#1745),#1763,.T.);
#1745 = FACE_BOUND('',#1746,.T.);
#1746 = EDGE_LOOP('',(#1747,#1748,#1749,#1757));
#1747 = ORIENTED_EDGE('',*,*,#500,.T.);
#1748 = ORIENTED_EDGE('',*,*,#1710,.T.);
#1749 = ORIENTED_EDGE('',*,*,#1750,.T.);
#1750 = EDGE_CURVE('',#1703,#1751,#1753,.T.);
#1751 = VERTEX_POINT('',#1752);
#1752 = CARTESIAN_POINT('',(186.,103.40636658821,1.8));
#1753 = LINE('',#1754,#1755);
#1754 = CARTESIAN_POINT('',(183.05,101.7031832941,1.8));
#1755 = VECTOR('',#1756,1.);
#1756 = DIRECTION('',(0.866025403784,0.5,-6.123233995737E-17));
#1757 = ORIENTED_EDGE('',*,*,#1758,.F.);
#1758 = EDGE_CURVE('',#493,#1751,#1759,.T.);
#1759 = LINE('',#1760,#1761);
#1760 = CARTESIAN_POINT('',(186.,103.40636658821,8.1));
#1761 = VECTOR('',#1762,1.);
#1762 = DIRECTION('',(0.,-1.224646799147E-16,-1.));
#1763 = PLANE('',#1764);
#1764 = AXIS2_PLACEMENT_3D('',#1765,#1766,#1767);
#1765 = CARTESIAN_POINT('',(183.05,101.7031832941,8.1));
#1766 = DIRECTION('',(0.5,-0.866025403784,1.060575238725E-16));
#1767 = DIRECTION('',(0.866025403784,0.5,-6.123233995737E-17));
#1768 = ADVANCED_FACE('',(#1769),#1787,.T.);
#1769 = FACE_BOUND('',#1770,.T.);
#1770 = EDGE_LOOP('',(#1771,#1772,#1780,#1786));
#1771 = ORIENTED_EDGE('',*,*,#484,.T.);
#1772 = ORIENTED_EDGE('',*,*,#1773,.T.);
#1773 = EDGE_CURVE('',#485,#1774,#1776,.T.);
#1774 = VERTEX_POINT('',#1775);
#1775 = CARTESIAN_POINT('',(188.95,101.7031832941,1.8));
#1776 = LINE('',#1777,#1778);
#1777 = CARTESIAN_POINT('',(188.95,101.7031832941,8.1));
#1778 = VECTOR('',#1779,1.);
#1779 = DIRECTION('',(0.,-1.224646799147E-16,-1.));
#1780 = ORIENTED_EDGE('',*,*,#1781,.T.);
#1781 = EDGE_CURVE('',#1774,#1726,#1782,.T.);
#1782 = LINE('',#1783,#1784);
#1783 = CARTESIAN_POINT('',(188.95,101.7031832941,1.8));
#1784 = VECTOR('',#1785,1.);
#1785 = DIRECTION('',(0.,-1.,1.224646799147E-16));
#1786 = ORIENTED_EDGE('',*,*,#1725,.F.);
#1787 = PLANE('',#1788);
#1788 = AXIS2_PLACEMENT_3D('',#1789,#1790,#1791);
#1789 = CARTESIAN_POINT('',(188.95,101.7031832941,8.1));
#1790 = DIRECTION('',(-1.,-0.,0.));
#1791 = DIRECTION('',(0.,-1.,1.224646799147E-16));
#1792 = ADVANCED_FACE('',(#1793),#1804,.T.);
#1793 = FACE_BOUND('',#1794,.T.);
#1794 = EDGE_LOOP('',(#1795,#1796,#1797,#1803));
#1795 = ORIENTED_EDGE('',*,*,#492,.T.);
#1796 = ORIENTED_EDGE('',*,*,#1758,.T.);
#1797 = ORIENTED_EDGE('',*,*,#1798,.T.);
#1798 = EDGE_CURVE('',#1751,#1774,#1799,.T.);
#1799 = LINE('',#1800,#1801);
#1800 = CARTESIAN_POINT('',(186.,103.40636658821,1.8));
#1801 = VECTOR('',#1802,1.);
#1802 = DIRECTION('',(0.866025403784,-0.5,6.123233995737E-17));
#1803 = ORIENTED_EDGE('',*,*,#1773,.F.);
#1804 = PLANE('',#1805);
#1805 = AXIS2_PLACEMENT_3D('',#1806,#1807,#1808);
#1806 = CARTESIAN_POINT('',(186.,103.40636658821,8.1));
#1807 = DIRECTION('',(-0.5,-0.866025403784,1.060575238725E-16));
#1808 = DIRECTION('',(0.866025403784,-0.5,6.123233995737E-17));
#1809 = ADVANCED_FACE('',(#1810),#1835,.T.);
#1810 = FACE_BOUND('',#1811,.T.);
#1811 = EDGE_LOOP('',(#1812,#1813,#1821,#1829));
#1812 = ORIENTED_EDGE('',*,*,#516,.T.);
#1813 = ORIENTED_EDGE('',*,*,#1814,.T.);
#1814 = EDGE_CURVE('',#519,#1815,#1817,.T.);
#1815 = VERTEX_POINT('',#1816);
#1816 = CARTESIAN_POINT('',(186.,10.593633411781,1.8));
#1817 = LINE('',#1818,#1819);
#1818 = CARTESIAN_POINT('',(186.,10.593633411781,8.1));
#1819 = VECTOR('',#1820,1.);
#1820 = DIRECTION('',(0.,-1.224646799147E-16,-1.));
#1821 = ORIENTED_EDGE('',*,*,#1822,.T.);
#1822 = EDGE_CURVE('',#1815,#1823,#1825,.T.);
#1823 = VERTEX_POINT('',#1824);
#1824 = CARTESIAN_POINT('',(183.05,12.296816705891,1.8));
#1825 = LINE('',#1826,#1827);
#1826 = CARTESIAN_POINT('',(186.,10.593633411781,1.8));
#1827 = VECTOR('',#1828,1.);
#1828 = DIRECTION('',(-0.866025403784,0.5,-6.123233995737E-17));
#1829 = ORIENTED_EDGE('',*,*,#1830,.F.);
#1830 = EDGE_CURVE('',#517,#1823,#1831,.T.);
#1831 = LINE('',#1832,#1833);
#1832 = CARTESIAN_POINT('',(183.05,12.296816705891,8.1));
#1833 = VECTOR('',#1834,1.);
#1834 = DIRECTION('',(0.,-1.224646799147E-16,-1.));
#1835 = PLANE('',#1836);
#1836 = AXIS2_PLACEMENT_3D('',#1837,#1838,#1839);
#1837 = CARTESIAN_POINT('',(186.,10.593633411781,8.1));
#1838 = DIRECTION('',(0.5,0.866025403784,-1.060575238725E-16));
#1839 = DIRECTION('',(-0.866025403784,0.5,-6.123233995737E-17));
#1840 = ADVANCED_FACE('',(#1841),#1859,.T.);
#1841 = FACE_BOUND('',#1842,.T.);
#1842 = EDGE_LOOP('',(#1843,#1844,#1845,#1853));
#1843 = ORIENTED_EDGE('',*,*,#558,.T.);
#1844 = ORIENTED_EDGE('',*,*,#1830,.T.);
#1845 = ORIENTED_EDGE('',*,*,#1846,.T.);
#1846 = EDGE_CURVE('',#1823,#1847,#1849,.T.);
#1847 = VERTEX_POINT('',#1848);
#1848 = CARTESIAN_POINT('',(183.05,15.703183294109,1.8));
#1849 = LINE('',#1850,#1851);
#1850 = CARTESIAN_POINT('',(183.05,12.296816705891,1.8));
#1851 = VECTOR('',#1852,1.);
#1852 = DIRECTION('',(0.,1.,-1.224646799147E-16));
#1853 = ORIENTED_EDGE('',*,*,#1854,.F.);
#1854 = EDGE_CURVE('',#551,#1847,#1855,.T.);
#1855 = LINE('',#1856,#1857);
#1856 = CARTESIAN_POINT('',(183.05,15.703183294109,8.1));
#1857 = VECTOR('',#1858,1.);
#1858 = DIRECTION('',(0.,-1.224646799147E-16,-1.));
#1859 = PLANE('',#1860);
#1860 = AXIS2_PLACEMENT_3D('',#1861,#1862,#1863);
#1861 = CARTESIAN_POINT('',(183.05,12.296816705891,8.1));
#1862 = DIRECTION('',(1.,0.,0.));
#1863 = DIRECTION('',(0.,1.,-1.224646799147E-16));
#1864 = ADVANCED_FACE('',(#1865),#1883,.T.);
#1865 = FACE_BOUND('',#1866,.T.);
#1866 = EDGE_LOOP('',(#1867,#1868,#1876,#1882));
#1867 = ORIENTED_EDGE('',*,*,#526,.T.);
#1868 = ORIENTED_EDGE('',*,*,#1869,.T.);
#1869 = EDGE_CURVE('',#527,#1870,#1872,.T.);
#1870 = VERTEX_POINT('',#1871);
#1871 = CARTESIAN_POINT('',(188.95,12.296816705891,1.8));
#1872 = LINE('',#1873,#1874);
#1873 = CARTESIAN_POINT('',(188.95,12.296816705891,8.1));
#1874 = VECTOR('',#1875,1.);
#1875 = DIRECTION('',(0.,-1.224646799147E-16,-1.));
#1876 = ORIENTED_EDGE('',*,*,#1877,.T.);
#1877 = EDGE_CURVE('',#1870,#1815,#1878,.T.);
#1878 = LINE('',#1879,#1880);
#1879 = CARTESIAN_POINT('',(188.95,12.296816705891,1.8));
#1880 = VECTOR('',#1881,1.);
#1881 = DIRECTION('',(-0.866025403784,-0.5,6.123233995737E-17));
#1882 = ORIENTED_EDGE('',*,*,#1814,.F.);
#1883 = PLANE('',#1884);
#1884 = AXIS2_PLACEMENT_3D('',#1885,#1886,#1887);
#1885 = CARTESIAN_POINT('',(188.95,12.296816705891,8.1));
#1886 = DIRECTION('',(-0.5,0.866025403784,-1.060575238725E-16));
#1887 = DIRECTION('',(-0.866025403784,-0.5,6.123233995737E-17));
#1888 = ADVANCED_FACE('',(#1889),#1907,.T.);
#1889 = FACE_BOUND('',#1890,.T.);
#1890 = EDGE_LOOP('',(#1891,#1892,#1893,#1901));
#1891 = ORIENTED_EDGE('',*,*,#550,.T.);
#1892 = ORIENTED_EDGE('',*,*,#1854,.T.);
#1893 = ORIENTED_EDGE('',*,*,#1894,.T.);
#1894 = EDGE_CURVE('',#1847,#1895,#1897,.T.);
#1895 = VERTEX_POINT('',#1896);
#1896 = CARTESIAN_POINT('',(186.,17.406366588219,1.8));
#1897 = LINE('',#1898,#1899);
#1898 = CARTESIAN_POINT('',(183.05,15.703183294109,1.8));
#1899 = VECTOR('',#1900,1.);
#1900 = DIRECTION('',(0.866025403784,0.5,-6.123233995737E-17));
#1901 = ORIENTED_EDGE('',*,*,#1902,.F.);
#1902 = EDGE_CURVE('',#543,#1895,#1903,.T.);
#1903 = LINE('',#1904,#1905);
#1904 = CARTESIAN_POINT('',(186.,17.406366588219,8.1));
#1905 = VECTOR('',#1906,1.);
#1906 = DIRECTION('',(0.,-1.224646799147E-16,-1.));
#1907 = PLANE('',#1908);
#1908 = AXIS2_PLACEMENT_3D('',#1909,#1910,#1911);
#1909 = CARTESIAN_POINT('',(183.05,15.703183294109,8.1));
#1910 = DIRECTION('',(0.5,-0.866025403784,1.060575238725E-16));
#1911 = DIRECTION('',(0.866025403784,0.5,-6.123233995737E-17));
#1912 = ADVANCED_FACE('',(#1913),#1931,.T.);
#1913 = FACE_BOUND('',#1914,.T.);
#1914 = EDGE_LOOP('',(#1915,#1916,#1924,#1930));
#1915 = ORIENTED_EDGE('',*,*,#534,.T.);
#1916 = ORIENTED_EDGE('',*,*,#1917,.T.);
#1917 = EDGE_CURVE('',#535,#1918,#1920,.T.);
#1918 = VERTEX_POINT('',#1919);
#1919 = CARTESIAN_POINT('',(188.95,15.703183294109,1.8));
#1920 = LINE('',#1921,#1922);
#1921 = CARTESIAN_POINT('',(188.95,15.703183294109,8.1));
#1922 = VECTOR('',#1923,1.);
#1923 = DIRECTION('',(0.,-1.224646799147E-16,-1.));
#1924 = ORIENTED_EDGE('',*,*,#1925,.T.);
#1925 = EDGE_CURVE('',#1918,#1870,#1926,.T.);
#1926 = LINE('',#1927,#1928);
#1927 = CARTESIAN_POINT('',(188.95,15.703183294109,1.8));
#1928 = VECTOR('',#1929,1.);
#1929 = DIRECTION('',(0.,-1.,1.224646799147E-16));
#1930 = ORIENTED_EDGE('',*,*,#1869,.F.);
#1931 = PLANE('',#1932);
#1932 = AXIS2_PLACEMENT_3D('',#1933,#1934,#1935);
#1933 = CARTESIAN_POINT('',(188.95,15.703183294109,8.1));
#1934 = DIRECTION('',(-1.,-0.,0.));
#1935 = DIRECTION('',(0.,-1.,1.224646799147E-16));
#1936 = ADVANCED_FACE('',(#1937),#1948,.T.);
#1937 = FACE_BOUND('',#1938,.T.);
#1938 = EDGE_LOOP('',(#1939,#1940,#1941,#1947));
#1939 = ORIENTED_EDGE('',*,*,#542,.T.);
#1940 = ORIENTED_EDGE('',*,*,#1902,.T.);
#1941 = ORIENTED_EDGE('',*,*,#1942,.T.);
#1942 = EDGE_CURVE('',#1895,#1918,#1943,.T.);
#1943 = LINE('',#1944,#1945);
#1944 = CARTESIAN_POINT('',(186.,17.406366588219,1.8));
#1945 = VECTOR('',#1946,1.);
#1946 = DIRECTION('',(0.866025403784,-0.5,6.123233995737E-17));
#1947 = ORIENTED_EDGE('',*,*,#1917,.F.);
#1948 = PLANE('',#1949);
#1949 = AXIS2_PLACEMENT_3D('',#1950,#1951,#1952);
#1950 = CARTESIAN_POINT('',(186.,17.406366588219,8.1));
#1951 = DIRECTION('',(-0.5,-0.866025403784,1.060575238725E-16));
#1952 = DIRECTION('',(0.866025403784,-0.5,6.123233995737E-17));
#1953 = ADVANCED_FACE('',(#1954),#1979,.F.);
#1954 = FACE_BOUND('',#1955,.F.);
#1955 = EDGE_LOOP('',(#1956,#1964,#1965,#1973));
#1956 = ORIENTED_EDGE('',*,*,#1957,.F.);
#1957 = EDGE_CURVE('',#599,#1958,#1960,.T.);
#1958 = VERTEX_POINT('',#1959);
#1959 = CARTESIAN_POINT('',(0.,200.,0.));
#1960 = LINE('',#1961,#1962);
#1961 = CARTESIAN_POINT('',(0.,200.,8.));
#1962 = VECTOR('',#1963,1.);
#1963 = DIRECTION('',(0.,-1.224646799147E-16,-1.));
#1964 = ORIENTED_EDGE('',*,*,#596,.F.);
#1965 = ORIENTED_EDGE('',*,*,#1966,.T.);
#1966 = EDGE_CURVE('',#597,#1967,#1969,.T.);
#1967 = VERTEX_POINT('',#1968);
#1968 = CARTESIAN_POINT('',(0.,0.,2.84217094304E-14));
#1969 = LINE('',#1970,#1971);
#1970 = CARTESIAN_POINT('',(0.,0.,8.));
#1971 = VECTOR('',#1972,1.);
#1972 = DIRECTION('',(0.,-1.224646799147E-16,-1.));
#1973 = ORIENTED_EDGE('',*,*,#1974,.F.);
#1974 = EDGE_CURVE('',#1958,#1967,#1975,.T.);
#1975 = LINE('',#1976,#1977);
#1976 = CARTESIAN_POINT('',(0.,200.,0.));
#1977 = VECTOR('',#1978,1.);
#1978 = DIRECTION('',(0.,-1.,1.224646799147E-16));
#1979 = PLANE('',#1980);
#1980 = AXIS2_PLACEMENT_3D('',#1981,#1982,#1983);
#1981 = CARTESIAN_POINT('',(0.,200.,8.));
#1982 = DIRECTION('',(1.,0.,0.));
#1983 = DIRECTION('',(0.,-1.224646799147E-16,-1.));
#1984 = ADVANCED_FACE('',(#1985),#2003,.T.);
#1985 = FACE_BOUND('',#1986,.T.);
#1986 = EDGE_LOOP('',(#1987,#1995,#1996,#1997));
#1987 = ORIENTED_EDGE('',*,*,#1988,.F.);
#1988 = EDGE_CURVE('',#607,#1989,#1991,.T.);
#1989 = VERTEX_POINT('',#1990);
#1990 = CARTESIAN_POINT('',(200.,0.,2.84217094304E-14));
#1991 = LINE('',#1992,#1993);
#1992 = CARTESIAN_POINT('',(200.,0.,8.));
#1993 = VECTOR('',#1994,1.);
#1994 = DIRECTION('',(0.,-1.224646799147E-16,-1.));
#1995 = ORIENTED_EDGE('',*,*,#606,.F.);
#1996 = ORIENTED_EDGE('',*,*,#1966,.T.);
#1997 = ORIENTED_EDGE('',*,*,#1998,.T.);
#1998 = EDGE_CURVE('',#1967,#1989,#1999,.T.);
#1999 = LINE('',#2000,#2001);
#2000 = CARTESIAN_POINT('',(0.,0.,2.48689957516E-14));
#2001 = VECTOR('',#2002,1.);
#2002 = DIRECTION('',(1.,0.,0.));
#2003 = PLANE('',#2004);
#2004 = AXIS2_PLACEMENT_3D('',#2005,#2006,#2007);
#2005 = CARTESIAN_POINT('',(0.,0.,8.));
#2006 = DIRECTION('',(0.,-1.,1.224646799147E-16));
#2007 = DIRECTION('',(0.,-1.224646799147E-16,-1.));
#2008 = ADVANCED_FACE('',(#2009),#2027,.T.);
#2009 = FACE_BOUND('',#2010,.T.);
#2010 = EDGE_LOOP('',(#2011,#2019,#2020,#2021));
#2011 = ORIENTED_EDGE('',*,*,#2012,.F.);
#2012 = EDGE_CURVE('',#615,#2013,#2015,.T.);
#2013 = VERTEX_POINT('',#2014);
#2014 = CARTESIAN_POINT('',(200.,200.,0.));
#2015 = LINE('',#2016,#2017);
#2016 = CARTESIAN_POINT('',(200.,200.,8.));
#2017 = VECTOR('',#2018,1.);
#2018 = DIRECTION('',(0.,-1.224646799147E-16,-1.));
#2019 = ORIENTED_EDGE('',*,*,#614,.F.);
#2020 = ORIENTED_EDGE('',*,*,#1988,.T.);
#2021 = ORIENTED_EDGE('',*,*,#2022,.F.);
#2022 = EDGE_CURVE('',#2013,#1989,#2023,.T.);
#2023 = LINE('',#2024,#2025);
#2024 = CARTESIAN_POINT('',(200.,200.,0.));
#2025 = VECTOR('',#2026,1.);
#2026 = DIRECTION('',(0.,-1.,1.224646799147E-16));
#2027 = PLANE('',#2028);
#2028 = AXIS2_PLACEMENT_3D('',#2029,#2030,#2031);
#2029 = CARTESIAN_POINT('',(200.,200.,8.));
#2030 = DIRECTION('',(1.,0.,0.));
#2031 = DIRECTION('',(0.,-1.224646799147E-16,-1.));
#2032 = ADVANCED_FACE('',(#2033),#2044,.F.);
#2033 = FACE_BOUND('',#2034,.F.);
#2034 = EDGE_LOOP('',(#2035,#2036,#2037,#2038));
#2035 = ORIENTED_EDGE('',*,*,#2012,.F.);
#2036 = ORIENTED_EDGE('',*,*,#622,.F.);
#2037 = ORIENTED_EDGE('',*,*,#1957,.T.);
#2038 = ORIENTED_EDGE('',*,*,#2039,.T.);
#2039 = EDGE_CURVE('',#1958,#2013,#2040,.T.);
#2040 = LINE('',#2041,#2042);
#2041 = CARTESIAN_POINT('',(0.,200.,0.));
#2042 = VECTOR('',#2043,1.);
#2043 = DIRECTION('',(1.,0.,0.));
#2044 = PLANE('',#2045);
#2045 = AXIS2_PLACEMENT_3D('',#2046,#2047,#2048);
#2046 = CARTESIAN_POINT('',(0.,200.,8.));
#2047 = DIRECTION('',(0.,-1.,1.224646799147E-16));
#2048 = DIRECTION('',(0.,-1.224646799147E-16,-1.));
#2049 = ADVANCED_FACE('',(#2050,#2058),#2069,.F.);
#2050 = FACE_BOUND('',#2051,.F.);
#2051 = EDGE_LOOP('',(#2052,#2053,#2054,#2055,#2056,#2057));
#2052 = ORIENTED_EDGE('',*,*,#723,.T.);
#2053 = ORIENTED_EDGE('',*,*,#668,.T.);
#2054 = ORIENTED_EDGE('',*,*,#692,.T.);
#2055 = ORIENTED_EDGE('',*,*,#740,.T.);
#2056 = ORIENTED_EDGE('',*,*,#788,.T.);
#2057 = ORIENTED_EDGE('',*,*,#771,.T.);
#2058 = FACE_BOUND('',#2059,.F.);
#2059 = EDGE_LOOP('',(#2060));
#2060 = ORIENTED_EDGE('',*,*,#2061,.F.);
#2061 = EDGE_CURVE('',#2062,#2062,#2064,.T.);
#2062 = VERTEX_POINT('',#2063);
#2063 = CARTESIAN_POINT('',(15.8,186.,1.8));
#2064 = CIRCLE('',#2065,1.8);
#2065 = AXIS2_PLACEMENT_3D('',#2066,#2067,#2068);
#2066 = CARTESIAN_POINT('',(14.,186.,1.8));
#2067 = DIRECTION('',(0.,-1.224646799147E-16,-1.));
#2068 = DIRECTION('',(1.,0.,0.));
#2069 = PLANE('',#2070);
#2070 = AXIS2_PLACEMENT_3D('',#2071,#2072,#2073);
#2071 = CARTESIAN_POINT('',(14.,186.,1.8));
#2072 = DIRECTION('',(0.,-1.224646799147E-16,-1.));
#2073 = DIRECTION('',(1.,0.,0.));
#2074 = ADVANCED_FACE('',(#2075,#2081,#2092,#2095,#2106,#2117,#2123,
    #2126,#2137,#2148,#2159,#2170),#2181,.T.);
#2075 = FACE_BOUND('',#2076,.T.);
#2076 = EDGE_LOOP('',(#2077,#2078,#2079,#2080));
#2077 = ORIENTED_EDGE('',*,*,#1974,.F.);
#2078 = ORIENTED_EDGE('',*,*,#2039,.T.);
#2079 = ORIENTED_EDGE('',*,*,#2022,.T.);
#2080 = ORIENTED_EDGE('',*,*,#1998,.F.);
#2081 = FACE_BOUND('',#2082,.T.);
#2082 = EDGE_LOOP('',(#2083));
#2083 = ORIENTED_EDGE('',*,*,#2084,.F.);
#2084 = EDGE_CURVE('',#2085,#2085,#2087,.T.);
#2085 = VERTEX_POINT('',#2086);
#2086 = CARTESIAN_POINT('',(15.8,186.,0.));
#2087 = CIRCLE('',#2088,1.8);
#2088 = AXIS2_PLACEMENT_3D('',#2089,#2090,#2091);
#2089 = CARTESIAN_POINT('',(14.,186.,1.7763568394E-15));
#2090 = DIRECTION('',(0.,-1.224646799147E-16,-1.));
#2091 = DIRECTION('',(1.,0.,0.));
#2092 = FACE_BOUND('',#2093,.T.);
#2093 = EDGE_LOOP('',(#2094));
#2094 = ORIENTED_EDGE('',*,*,#803,.F.);
#2095 = FACE_BOUND('',#2096,.T.);
#2096 = EDGE_LOOP('',(#2097));
#2097 = ORIENTED_EDGE('',*,*,#2098,.F.);
#2098 = EDGE_CURVE('',#2099,#2099,#2101,.T.);
#2099 = VERTEX_POINT('',#2100);
#2100 = CARTESIAN_POINT('',(101.8,186.,0.));
#2101 = CIRCLE('',#2102,1.8);
#2102 = AXIS2_PLACEMENT_3D('',#2103,#2104,#2105);
#2103 = CARTESIAN_POINT('',(100.,186.,1.7763568394E-15));
#2104 = DIRECTION('',(0.,-1.224646799147E-16,-1.));
#2105 = DIRECTION('',(1.,0.,0.));
#2106 = FACE_BOUND('',#2107,.T.);
#2107 = EDGE_LOOP('',(#2108));
#2108 = ORIENTED_EDGE('',*,*,#2109,.F.);
#2109 = EDGE_CURVE('',#2110,#2110,#2112,.T.);
#2110 = VERTEX_POINT('',#2111);
#2111 = CARTESIAN_POINT('',(15.8,100.,0.));
#2112 = CIRCLE('',#2113,1.8);
#2113 = AXIS2_PLACEMENT_3D('',#2114,#2115,#2116);
#2114 = CARTESIAN_POINT('',(14.,100.,1.24344978758E-14));
#2115 = DIRECTION('',(0.,-1.224646799147E-16,-1.));
#2116 = DIRECTION('',(1.,0.,0.));
#2117 = FACE_BOUND('',#2118,.T.);
#2118 = EDGE_LOOP('',(#2119,#2120,#2121,#2122));
#2119 = ORIENTED_EDGE('',*,*,#1302,.T.);
#2120 = ORIENTED_EDGE('',*,*,#1350,.T.);
#2121 = ORIENTED_EDGE('',*,*,#1367,.F.);
#2122 = ORIENTED_EDGE('',*,*,#1326,.F.);
#2123 = FACE_BOUND('',#2124,.T.);
#2124 = EDGE_LOOP('',(#2125));
#2125 = ORIENTED_EDGE('',*,*,#972,.F.);
#2126 = FACE_BOUND('',#2127,.T.);
#2127 = EDGE_LOOP('',(#2128));
#2128 = ORIENTED_EDGE('',*,*,#2129,.F.);
#2129 = EDGE_CURVE('',#2130,#2130,#2132,.T.);
#2130 = VERTEX_POINT('',#2131);
#2131 = CARTESIAN_POINT('',(187.8,186.,0.));
#2132 = CIRCLE('',#2133,1.8);
#2133 = AXIS2_PLACEMENT_3D('',#2134,#2135,#2136);
#2134 = CARTESIAN_POINT('',(186.,186.,1.7763568394E-15));
#2135 = DIRECTION('',(0.,-1.224646799147E-16,-1.));
#2136 = DIRECTION('',(1.,0.,0.));
#2137 = FACE_BOUND('',#2138,.T.);
#2138 = EDGE_LOOP('',(#2139));
#2139 = ORIENTED_EDGE('',*,*,#2140,.F.);
#2140 = EDGE_CURVE('',#2141,#2141,#2143,.T.);
#2141 = VERTEX_POINT('',#2142);
#2142 = CARTESIAN_POINT('',(187.8,100.,0.));
#2143 = CIRCLE('',#2144,1.8);
#2144 = AXIS2_PLACEMENT_3D('',#2145,#2146,#2147);
#2145 = CARTESIAN_POINT('',(186.,100.,1.24344978758E-14));
#2146 = DIRECTION('',(0.,-1.224646799147E-16,-1.));
#2147 = DIRECTION('',(1.,0.,0.));
#2148 = FACE_BOUND('',#2149,.T.);
#2149 = EDGE_LOOP('',(#2150));
#2150 = ORIENTED_EDGE('',*,*,#2151,.F.);
#2151 = EDGE_CURVE('',#2152,#2152,#2154,.T.);
#2152 = VERTEX_POINT('',#2153);
#2153 = CARTESIAN_POINT('',(15.8,14.,2.84217094304E-14));
#2154 = CIRCLE('',#2155,1.8);
#2155 = AXIS2_PLACEMENT_3D('',#2156,#2157,#2158);
#2156 = CARTESIAN_POINT('',(14.,14.,2.30926389122E-14));
#2157 = DIRECTION('',(0.,-1.224646799147E-16,-1.));
#2158 = DIRECTION('',(1.,0.,0.));
#2159 = FACE_BOUND('',#2160,.T.);
#2160 = EDGE_LOOP('',(#2161));
#2161 = ORIENTED_EDGE('',*,*,#2162,.F.);
#2162 = EDGE_CURVE('',#2163,#2163,#2165,.T.);
#2163 = VERTEX_POINT('',#2164);
#2164 = CARTESIAN_POINT('',(101.8,14.,2.84217094304E-14));
#2165 = CIRCLE('',#2166,1.8);
#2166 = AXIS2_PLACEMENT_3D('',#2167,#2168,#2169);
#2167 = CARTESIAN_POINT('',(100.,14.,2.30926389122E-14));
#2168 = DIRECTION('',(0.,-1.224646799147E-16,-1.));
#2169 = DIRECTION('',(1.,0.,0.));
#2170 = FACE_BOUND('',#2171,.T.);
#2171 = EDGE_LOOP('',(#2172));
#2172 = ORIENTED_EDGE('',*,*,#2173,.F.);
#2173 = EDGE_CURVE('',#2174,#2174,#2176,.T.);
#2174 = VERTEX_POINT('',#2175);
#2175 = CARTESIAN_POINT('',(187.8,14.,2.84217094304E-14));
#2176 = CIRCLE('',#2177,1.8);
#2177 = AXIS2_PLACEMENT_3D('',#2178,#2179,#2180);
#2178 = CARTESIAN_POINT('',(186.,14.,2.30926389122E-14));
#2179 = DIRECTION('',(0.,-1.224646799147E-16,-1.));
#2180 = DIRECTION('',(1.,0.,0.));
#2181 = PLANE('',#2182);
#2182 = AXIS2_PLACEMENT_3D('',#2183,#2184,#2185);
#2183 = CARTESIAN_POINT('',(0.,200.,0.));
#2184 = DIRECTION('',(0.,-1.224646799147E-16,-1.));
#2185 = DIRECTION('',(1.,0.,0.));
#2186 = ADVANCED_FACE('',(#2187,#2195),#2206,.F.);
#2187 = FACE_BOUND('',#2188,.F.);
#2188 = EDGE_LOOP('',(#2189,#2190,#2191,#2192,#2193,#2194));
#2189 = ORIENTED_EDGE('',*,*,#892,.T.);
#2190 = ORIENTED_EDGE('',*,*,#837,.T.);
#2191 = ORIENTED_EDGE('',*,*,#861,.T.);
#2192 = ORIENTED_EDGE('',*,*,#909,.T.);
#2193 = ORIENTED_EDGE('',*,*,#957,.T.);
#2194 = ORIENTED_EDGE('',*,*,#940,.T.);
#2195 = FACE_BOUND('',#2196,.F.);
#2196 = EDGE_LOOP('',(#2197));
#2197 = ORIENTED_EDGE('',*,*,#2198,.F.);
#2198 = EDGE_CURVE('',#2199,#2199,#2201,.T.);
#2199 = VERTEX_POINT('',#2200);
#2200 = CARTESIAN_POINT('',(101.8,186.,1.8));
#2201 = CIRCLE('',#2202,1.8);
#2202 = AXIS2_PLACEMENT_3D('',#2203,#2204,#2205);
#2203 = CARTESIAN_POINT('',(100.,186.,1.8));
#2204 = DIRECTION('',(0.,-1.224646799147E-16,-1.));
#2205 = DIRECTION('',(1.,0.,0.));
#2206 = PLANE('',#2207);
#2207 = AXIS2_PLACEMENT_3D('',#2208,#2209,#2210);
#2208 = CARTESIAN_POINT('',(100.,186.,1.8));
#2209 = DIRECTION('',(0.,-1.224646799147E-16,-1.));
#2210 = DIRECTION('',(1.,0.,0.));
#2211 = ADVANCED_FACE('',(#2212,#2220),#2231,.F.);
#2212 = FACE_BOUND('',#2213,.F.);
#2213 = EDGE_LOOP('',(#2214,#2215,#2216,#2217,#2218,#2219));
#2214 = ORIENTED_EDGE('',*,*,#1061,.T.);
#2215 = ORIENTED_EDGE('',*,*,#1006,.T.);
#2216 = ORIENTED_EDGE('',*,*,#1030,.T.);
#2217 = ORIENTED_EDGE('',*,*,#1078,.T.);
#2218 = ORIENTED_EDGE('',*,*,#1126,.T.);
#2219 = ORIENTED_EDGE('',*,*,#1109,.T.);
#2220 = FACE_BOUND('',#2221,.F.);
#2221 = EDGE_LOOP('',(#2222));
#2222 = ORIENTED_EDGE('',*,*,#2223,.F.);
#2223 = EDGE_CURVE('',#2224,#2224,#2226,.T.);
#2224 = VERTEX_POINT('',#2225);
#2225 = CARTESIAN_POINT('',(187.8,186.,1.8));
#2226 = CIRCLE('',#2227,1.8);
#2227 = AXIS2_PLACEMENT_3D('',#2228,#2229,#2230);
#2228 = CARTESIAN_POINT('',(186.,186.,1.8));
#2229 = DIRECTION('',(0.,-1.224646799147E-16,-1.));
#2230 = DIRECTION('',(1.,0.,0.));
#2231 = PLANE('',#2232);
#2232 = AXIS2_PLACEMENT_3D('',#2233,#2234,#2235);
#2233 = CARTESIAN_POINT('',(186.,186.,1.8));
#2234 = DIRECTION('',(0.,-1.224646799147E-16,-1.));
#2235 = DIRECTION('',(1.,0.,0.));
#2236 = ADVANCED_FACE('',(#2237,#2245),#2256,.F.);
#2237 = FACE_BOUND('',#2238,.F.);
#2238 = EDGE_LOOP('',(#2239,#2240,#2241,#2242,#2243,#2244));
#2239 = ORIENTED_EDGE('',*,*,#1205,.T.);
#2240 = ORIENTED_EDGE('',*,*,#1150,.T.);
#2241 = ORIENTED_EDGE('',*,*,#1174,.T.);
#2242 = ORIENTED_EDGE('',*,*,#1222,.T.);
#2243 = ORIENTED_EDGE('',*,*,#1270,.T.);
#2244 = ORIENTED_EDGE('',*,*,#1253,.T.);
#2245 = FACE_BOUND('',#2246,.F.);
#2246 = EDGE_LOOP('',(#2247));
#2247 = ORIENTED_EDGE('',*,*,#2248,.F.);
#2248 = EDGE_CURVE('',#2249,#2249,#2251,.T.);
#2249 = VERTEX_POINT('',#2250);
#2250 = CARTESIAN_POINT('',(15.8,100.,1.8));
#2251 = CIRCLE('',#2252,1.8);
#2252 = AXIS2_PLACEMENT_3D('',#2253,#2254,#2255);
#2253 = CARTESIAN_POINT('',(14.,100.,1.8));
#2254 = DIRECTION('',(0.,-1.224646799147E-16,-1.));
#2255 = DIRECTION('',(1.,0.,0.));
#2256 = PLANE('',#2257);
#2257 = AXIS2_PLACEMENT_3D('',#2258,#2259,#2260);
#2258 = CARTESIAN_POINT('',(14.,100.,1.8));
#2259 = DIRECTION('',(0.,-1.224646799147E-16,-1.));
#2260 = DIRECTION('',(1.,0.,0.));
#2261 = ADVANCED_FACE('',(#2262,#2270),#2281,.F.);
#2262 = FACE_BOUND('',#2263,.F.);
#2263 = EDGE_LOOP('',(#2264,#2265,#2266,#2267,#2268,#2269));
#2264 = ORIENTED_EDGE('',*,*,#1445,.T.);
#2265 = ORIENTED_EDGE('',*,*,#1390,.T.);
#2266 = ORIENTED_EDGE('',*,*,#1414,.T.);
#2267 = ORIENTED_EDGE('',*,*,#1462,.T.);
#2268 = ORIENTED_EDGE('',*,*,#1510,.T.);
#2269 = ORIENTED_EDGE('',*,*,#1493,.T.);
#2270 = FACE_BOUND('',#2271,.F.);
#2271 = EDGE_LOOP('',(#2272));
#2272 = ORIENTED_EDGE('',*,*,#2273,.F.);
#2273 = EDGE_CURVE('',#2274,#2274,#2276,.T.);
#2274 = VERTEX_POINT('',#2275);
#2275 = CARTESIAN_POINT('',(15.8,14.,1.8));
#2276 = CIRCLE('',#2277,1.8);
#2277 = AXIS2_PLACEMENT_3D('',#2278,#2279,#2280);
#2278 = CARTESIAN_POINT('',(14.,14.,1.8));
#2279 = DIRECTION('',(0.,-1.224646799147E-16,-1.));
#2280 = DIRECTION('',(1.,0.,0.));
#2281 = PLANE('',#2282);
#2282 = AXIS2_PLACEMENT_3D('',#2283,#2284,#2285);
#2283 = CARTESIAN_POINT('',(14.,14.,1.8));
#2284 = DIRECTION('',(0.,-1.224646799147E-16,-1.));
#2285 = DIRECTION('',(1.,0.,0.));
#2286 = ADVANCED_FACE('',(#2287,#2295),#2306,.F.);
#2287 = FACE_BOUND('',#2288,.F.);
#2288 = EDGE_LOOP('',(#2289,#2290,#2291,#2292,#2293,#2294));
#2289 = ORIENTED_EDGE('',*,*,#1589,.T.);
#2290 = ORIENTED_EDGE('',*,*,#1534,.T.);
#2291 = ORIENTED_EDGE('',*,*,#1558,.T.);
#2292 = ORIENTED_EDGE('',*,*,#1606,.T.);
#2293 = ORIENTED_EDGE('',*,*,#1654,.T.);
#2294 = ORIENTED_EDGE('',*,*,#1637,.T.);
#2295 = FACE_BOUND('',#2296,.F.);
#2296 = EDGE_LOOP('',(#2297));
#2297 = ORIENTED_EDGE('',*,*,#2298,.F.);
#2298 = EDGE_CURVE('',#2299,#2299,#2301,.T.);
#2299 = VERTEX_POINT('',#2300);
#2300 = CARTESIAN_POINT('',(101.8,14.,1.8));
#2301 = CIRCLE('',#2302,1.8);
#2302 = AXIS2_PLACEMENT_3D('',#2303,#2304,#2305);
#2303 = CARTESIAN_POINT('',(100.,14.,1.8));
#2304 = DIRECTION('',(0.,-1.224646799147E-16,-1.));
#2305 = DIRECTION('',(1.,0.,0.));
#2306 = PLANE('',#2307);
#2307 = AXIS2_PLACEMENT_3D('',#2308,#2309,#2310);
#2308 = CARTESIAN_POINT('',(100.,14.,1.8));
#2309 = DIRECTION('',(0.,-1.224646799147E-16,-1.));
#2310 = DIRECTION('',(1.,0.,0.));
#2311 = ADVANCED_FACE('',(#2312,#2320),#2331,.F.);
#2312 = FACE_BOUND('',#2313,.F.);
#2313 = EDGE_LOOP('',(#2314,#2315,#2316,#2317,#2318,#2319));
#2314 = ORIENTED_EDGE('',*,*,#1733,.T.);
#2315 = ORIENTED_EDGE('',*,*,#1678,.T.);
#2316 = ORIENTED_EDGE('',*,*,#1702,.T.);
#2317 = ORIENTED_EDGE('',*,*,#1750,.T.);
#2318 = ORIENTED_EDGE('',*,*,#1798,.T.);
#2319 = ORIENTED_EDGE('',*,*,#1781,.T.);
#2320 = FACE_BOUND('',#2321,.F.);
#2321 = EDGE_LOOP('',(#2322));
#2322 = ORIENTED_EDGE('',*,*,#2323,.F.);
#2323 = EDGE_CURVE('',#2324,#2324,#2326,.T.);
#2324 = VERTEX_POINT('',#2325);
#2325 = CARTESIAN_POINT('',(187.8,100.,1.8));
#2326 = CIRCLE('',#2327,1.8);
#2327 = AXIS2_PLACEMENT_3D('',#2328,#2329,#2330);
#2328 = CARTESIAN_POINT('',(186.,100.,1.8));
#2329 = DIRECTION('',(0.,-1.224646799147E-16,-1.));
#2330 = DIRECTION('',(1.,0.,0.));
#2331 = PLANE('',#2332);
#2332 = AXIS2_PLACEMENT_3D('',#2333,#2334,#2335);
#2333 = CARTESIAN_POINT('',(186.,100.,1.8));
#2334 = DIRECTION('',(0.,-1.224646799147E-16,-1.));
#2335 = DIRECTION('',(1.,0.,0.));
#2336 = ADVANCED_FACE('',(#2337,#2345),#2356,.F.);
#2337 = FACE_BOUND('',#2338,.F.);
#2338 = EDGE_LOOP('',(#2339,#2340,#2341,#2342,#2343,#2344));
#2339 = ORIENTED_EDGE('',*,*,#1877,.T.);
#2340 = ORIENTED_EDGE('',*,*,#1822,.T.);
#2341 = ORIENTED_EDGE('',*,*,#1846,.T.);
#2342 = ORIENTED_EDGE('',*,*,#1894,.T.);
#2343 = ORIENTED_EDGE('',*,*,#1942,.T.);
#2344 = ORIENTED_EDGE('',*,*,#1925,.T.);
#2345 = FACE_BOUND('',#2346,.F.);
#2346 = EDGE_LOOP('',(#2347));
#2347 = ORIENTED_EDGE('',*,*,#2348,.F.);
#2348 = EDGE_CURVE('',#2349,#2349,#2351,.T.);
#2349 = VERTEX_POINT('',#2350);
#2350 = CARTESIAN_POINT('',(187.8,14.,1.8));
#2351 = CIRCLE('',#2352,1.8);
#2352 = AXIS2_PLACEMENT_3D('',#2353,#2354,#2355);
#2353 = CARTESIAN_POINT('',(186.,14.,1.8));
#2354 = DIRECTION('',(0.,-1.224646799147E-16,-1.));
#2355 = DIRECTION('',(1.,0.,0.));
#2356 = PLANE('',#2357);
#2357 = AXIS2_PLACEMENT_3D('',#2358,#2359,#2360);
#2358 = CARTESIAN_POINT('',(186.,14.,1.8));
#2359 = DIRECTION('',(0.,-1.224646799147E-16,-1.));
#2360 = DIRECTION('',(1.,0.,0.));
#2361 = ADVANCED_FACE('',(#2362),#2373,.F.);
#2362 = FACE_BOUND('',#2363,.F.);
#2363 = EDGE_LOOP('',(#2364,#2370,#2371,#2372));
#2364 = ORIENTED_EDGE('',*,*,#2365,.T.);
#2365 = EDGE_CURVE('',#2062,#2085,#2366,.T.);
#2366 = LINE('',#2367,#2368);
#2367 = CARTESIAN_POINT('',(15.8,186.,9.));
#2368 = VECTOR('',#2369,1.);
#2369 = DIRECTION('',(0.,-1.224646799147E-16,-1.));
#2370 = ORIENTED_EDGE('',*,*,#2084,.F.);
#2371 = ORIENTED_EDGE('',*,*,#2365,.F.);
#2372 = ORIENTED_EDGE('',*,*,#2061,.T.);
#2373 = CYLINDRICAL_SURFACE('',#2374,1.8);
#2374 = AXIS2_PLACEMENT_3D('',#2375,#2376,#2377);
#2375 = CARTESIAN_POINT('',(14.,186.,9.));
#2376 = DIRECTION('',(0.,-1.224646799147E-16,-1.));
#2377 = DIRECTION('',(1.,0.,0.));
#2378 = ADVANCED_FACE('',(#2379),#2390,.F.);
#2379 = FACE_BOUND('',#2380,.F.);
#2380 = EDGE_LOOP('',(#2381,#2387,#2388,#2389));
#2381 = ORIENTED_EDGE('',*,*,#2382,.T.);
#2382 = EDGE_CURVE('',#2199,#2099,#2383,.T.);
#2383 = LINE('',#2384,#2385);
#2384 = CARTESIAN_POINT('',(101.8,186.,9.));
#2385 = VECTOR('',#2386,1.);
#2386 = DIRECTION('',(0.,-1.224646799147E-16,-1.));
#2387 = ORIENTED_EDGE('',*,*,#2098,.F.);
#2388 = ORIENTED_EDGE('',*,*,#2382,.F.);
#2389 = ORIENTED_EDGE('',*,*,#2198,.T.);
#2390 = CYLINDRICAL_SURFACE('',#2391,1.8);
#2391 = AXIS2_PLACEMENT_3D('',#2392,#2393,#2394);
#2392 = CARTESIAN_POINT('',(100.,186.,9.));
#2393 = DIRECTION('',(0.,-1.224646799147E-16,-1.));
#2394 = DIRECTION('',(1.,0.,0.));
#2395 = ADVANCED_FACE('',(#2396),#2407,.F.);
#2396 = FACE_BOUND('',#2397,.F.);
#2397 = EDGE_LOOP('',(#2398,#2404,#2405,#2406));
#2398 = ORIENTED_EDGE('',*,*,#2399,.T.);
#2399 = EDGE_CURVE('',#2249,#2110,#2400,.T.);
#2400 = LINE('',#2401,#2402);
#2401 = CARTESIAN_POINT('',(15.8,100.,9.));
#2402 = VECTOR('',#2403,1.);
#2403 = DIRECTION('',(0.,-1.224646799147E-16,-1.));
#2404 = ORIENTED_EDGE('',*,*,#2109,.F.);
#2405 = ORIENTED_EDGE('',*,*,#2399,.F.);
#2406 = ORIENTED_EDGE('',*,*,#2248,.T.);
#2407 = CYLINDRICAL_SURFACE('',#2408,1.8);
#2408 = AXIS2_PLACEMENT_3D('',#2409,#2410,#2411);
#2409 = CARTESIAN_POINT('',(14.,100.,9.));
#2410 = DIRECTION('',(0.,-1.224646799147E-16,-1.));
#2411 = DIRECTION('',(1.,0.,0.));
#2412 = ADVANCED_FACE('',(#2413),#2424,.F.);
#2413 = FACE_BOUND('',#2414,.F.);
#2414 = EDGE_LOOP('',(#2415,#2421,#2422,#2423));
#2415 = ORIENTED_EDGE('',*,*,#2416,.T.);
#2416 = EDGE_CURVE('',#2224,#2130,#2417,.T.);
#2417 = LINE('',#2418,#2419);
#2418 = CARTESIAN_POINT('',(187.8,186.,9.));
#2419 = VECTOR('',#2420,1.);
#2420 = DIRECTION('',(0.,-1.224646799147E-16,-1.));
#2421 = ORIENTED_EDGE('',*,*,#2129,.F.);
#2422 = ORIENTED_EDGE('',*,*,#2416,.F.);
#2423 = ORIENTED_EDGE('',*,*,#2223,.T.);
#2424 = CYLINDRICAL_SURFACE('',#2425,1.8);
#2425 = AXIS2_PLACEMENT_3D('',#2426,#2427,#2428);
#2426 = CARTESIAN_POINT('',(186.,186.,9.));
#2427 = DIRECTION('',(0.,-1.224646799147E-16,-1.));
#2428 = DIRECTION('',(1.,0.,0.));
#2429 = ADVANCED_FACE('',(#2430),#2441,.F.);
#2430 = FACE_BOUND('',#2431,.F.);
#2431 = EDGE_LOOP('',(#2432,#2438,#2439,#2440));
#2432 = ORIENTED_EDGE('',*,*,#2433,.T.);
#2433 = EDGE_CURVE('',#2324,#2141,#2434,.T.);
#2434 = LINE('',#2435,#2436);
#2435 = CARTESIAN_POINT('',(187.8,100.,9.));
#2436 = VECTOR('',#2437,1.);
#2437 = DIRECTION('',(0.,-1.224646799147E-16,-1.));
#2438 = ORIENTED_EDGE('',*,*,#2140,.F.);
#2439 = ORIENTED_EDGE('',*,*,#2433,.F.);
#2440 = ORIENTED_EDGE('',*,*,#2323,.T.);
#2441 = CYLINDRICAL_SURFACE('',#2442,1.8);
#2442 = AXIS2_PLACEMENT_3D('',#2443,#2444,#2445);
#2443 = CARTESIAN_POINT('',(186.,100.,9.));
#2444 = DIRECTION('',(0.,-1.224646799147E-16,-1.));
#2445 = DIRECTION('',(1.,0.,0.));
#2446 = ADVANCED_FACE('',(#2447),#2458,.F.);
#2447 = FACE_BOUND('',#2448,.F.);
#2448 = EDGE_LOOP('',(#2449,#2455,#2456,#2457));
#2449 = ORIENTED_EDGE('',*,*,#2450,.T.);
#2450 = EDGE_CURVE('',#2274,#2152,#2451,.T.);
#2451 = LINE('',#2452,#2453);
#2452 = CARTESIAN_POINT('',(15.8,14.,9.));
#2453 = VECTOR('',#2454,1.);
#2454 = DIRECTION('',(0.,-1.224646799147E-16,-1.));
#2455 = ORIENTED_EDGE('',*,*,#2151,.F.);
#2456 = ORIENTED_EDGE('',*,*,#2450,.F.);
#2457 = ORIENTED_EDGE('',*,*,#2273,.T.);
#2458 = CYLINDRICAL_SURFACE('',#2459,1.8);
#2459 = AXIS2_PLACEMENT_3D('',#2460,#2461,#2462);
#2460 = CARTESIAN_POINT('',(14.,14.,9.));
#2461 = DIRECTION('',(0.,-1.224646799147E-16,-1.));
#2462 = DIRECTION('',(1.,0.,0.));
#2463 = ADVANCED_FACE('',(#2464),#2475,.F.);
#2464 = FACE_BOUND('',#2465,.F.);
#2465 = EDGE_LOOP('',(#2466,#2472,#2473,#2474));
#2466 = ORIENTED_EDGE('',*,*,#2467,.T.);
#2467 = EDGE_CURVE('',#2299,#2163,#2468,.T.);
#2468 = LINE('',#2469,#2470);
#2469 = CARTESIAN_POINT('',(101.8,14.,9.));
#2470 = VECTOR('',#2471,1.);
#2471 = DIRECTION('',(0.,-1.224646799147E-16,-1.));
#2472 = ORIENTED_EDGE('',*,*,#2162,.F.);
#2473 = ORIENTED_EDGE('',*,*,#2467,.F.);
#2474 = ORIENTED_EDGE('',*,*,#2298,.T.);
#2475 = CYLINDRICAL_SURFACE('',#2476,1.8);
#2476 = AXIS2_PLACEMENT_3D('',#2477,#2478,#2479);
#2477 = CARTESIAN_POINT('',(100.,14.,9.));
#2478 = DIRECTION('',(0.,-1.224646799147E-16,-1.));
#2479 = DIRECTION('',(1.,0.,0.));
#2480 = ADVANCED_FACE('',(#2481),#2492,.F.);
#2481 = FACE_BOUND('',#2482,.F.);
#2482 = EDGE_LOOP('',(#2483,#2489,#2490,#2491));
#2483 = ORIENTED_EDGE('',*,*,#2484,.T.);
#2484 = EDGE_CURVE('',#2349,#2174,#2485,.T.);
#2485 = LINE('',#2486,#2487);
#2486 = CARTESIAN_POINT('',(187.8,14.,9.));
#2487 = VECTOR('',#2488,1.);
#2488 = DIRECTION('',(0.,-1.224646799147E-16,-1.));
#2489 = ORIENTED_EDGE('',*,*,#2173,.F.);
#2490 = ORIENTED_EDGE('',*,*,#2484,.F.);
#2491 = ORIENTED_EDGE('',*,*,#2348,.T.);
#2492 = CYLINDRICAL_SURFACE('',#2493,1.8);
#2493 = AXIS2_PLACEMENT_3D('',#2494,#2495,#2496);
#2494 = CARTESIAN_POINT('',(186.,14.,9.));
#2495 = DIRECTION('',(0.,-1.224646799147E-16,-1.));
#2496 = DIRECTION('',(1.,0.,0.));
#2497 = ( GEOMETRIC_REPRESENTATION_CONTEXT(3) 
GLOBAL_UNCERTAINTY_ASSIGNED_CONTEXT((#2501)) 
GLOBAL_UNIT_ASSIGNED_CONTEXT((#2498,#2499,#2500)) REPRESENTATION_CONTEXT
('Context #1','3D Context with UNIT and UNCERTAINTY') );
#2498 = ( LENGTH_UNIT() NAMED_UNIT(*) SI_UNIT(.MILLI.,.METRE.) );
#2499 = ( NAMED_UNIT(*) PLANE_ANGLE_UNIT() SI_UNIT($,.RADIAN.) );
#2500 = ( NAMED_UNIT(*) SI_UNIT($,.STERADIAN.) SOLID_ANGLE_UNIT() );
#2501 = UNCERTAINTY_MEASURE_WITH_UNIT(LENGTH_MEASURE(1.E-07),#2498,
  'distance_accuracy_value','confusion accuracy');
#2502 = PRODUCT_RELATED_PRODUCT_CATEGORY('part',$,(#7));
ENDSEC;
END-ISO-10303-21;
