ISO-10303-21;
HEADER;
FILE_DESCRIPTION(('FreeCAD Model'),'2;1');
FILE_NAME('Open CASCADE Shape Model','2026-10-01T10:29:55',('FreeCAD'),(
    'FreeCAD'),'Open CASCADE STEP processor 7.8','FreeCAD','Unknown');
FILE_SCHEMA(('AUTOMOTIVE_DESIGN { 1 0 10303 214 1 1 1 1 }'));
ENDSEC;
DATA;
#1 = APPLICATION_PROTOCOL_DEFINITION('international standard',
  'automotive_design',2000,#2);
#2 = APPLICATION_CONTEXT(
  'core data for automotive mechanical design processes');
#3 = SHAPE_DEFINITION_REPRESENTATION(#4,#10);
#4 = PRODUCT_DEFINITION_SHAPE('','',#5);
#5 = PRODUCT_DEFINITION('design','',#6,#9);
#6 = PRODUCT_DEFINITION_FORMATION('','',#7);
#7 = PRODUCT('Open CASCADE STEP translator 7.8 5',
  'Open CASCADE STEP translator 7.8 5','',(#8));
#8 = PRODUCT_CONTEXT('',#2,'mechanical');
#9 = PRODUCT_DEFINITION_CONTEXT('part definition',#2,'design');
#10 = ADVANCED_BREP_SHAPE_REPRESENTATION('',(#11,#15),#3007);
#11 = AXIS2_PLACEMENT_3D('',#12,#13,#14);
#12 = CARTESIAN_POINT('',(0.,0.,0.));
#13 = DIRECTION('',(0.,0.,1.));
#14 = DIRECTION('',(1.,0.,-0.));
#15 = MANIFOLD_SOLID_BREP('',#16);
#16 = CLOSED_SHELL('',(#17,#105,#258,#289,#321,#345,#377,#401,#866,#917,
    #982,#1007,#1032,#1057,#1079,#1096,#1113,#1125,#1150,#1175,#1200,
    #1225,#1250,#1272,#1289,#1301,#1332,#1356,#1380,#1404,#1428,#1445,
    #1476,#1500,#1524,#1548,#1572,#1589,#1620,#1644,#1668,#1692,#1716,
    #1733,#1764,#1788,#1812,#1836,#1860,#1877,#1908,#1932,#1956,#1980,
    #2004,#2021,#2052,#2076,#2100,#2124,#2148,#2165,#2196,#2220,#2244,
    #2268,#2292,#2309,#2340,#2364,#2388,#2412,#2436,#2453,#2484,#2508,
    #2532,#2549,#2580,#2612,#2636,#2668,#2692,#2709,#2726,#2743,#2760,
    #2777,#2794,#2811,#2828,#2859,#2883,#2907,#2924,#2946,#2963,#2975,
    #2987));
#17 = ADVANCED_FACE('',(#18),#100,.F.);
#18 = FACE_BOUND('',#19,.F.);
#19 = EDGE_LOOP('',(#20,#30,#38,#46,#54,#62,#70,#78,#86,#94));
#20 = ORIENTED_EDGE('',*,*,#21,.F.);
#21 = EDGE_CURVE('',#22,#24,#26,.T.);
#22 = VERTEX_POINT('',#23);
#23 = CARTESIAN_POINT('',(4.,187.75,5.684341886081E-14));
#24 = VERTEX_POINT('',#25);
#25 = CARTESIAN_POINT('',(4.,2.84217094304E-14,1.136868377216E-13));
#26 = LINE('',#27,#28);
#27 = CARTESIAN_POINT('',(4.,187.75,5.506706202141E-14));
#28 = VECTOR('',#29,1.);
#29 = DIRECTION('',(-2.22044604925E-16,-1.,2.22044604925E-16));
#30 = ORIENTED_EDGE('',*,*,#31,.F.);
#31 = EDGE_CURVE('',#32,#22,#34,.T.);
#32 = VERTEX_POINT('',#33);
#33 = CARTESIAN_POINT('',(4.,187.75,8.));
#34 = LINE('',#35,#36);
#35 = CARTESIAN_POINT('',(4.,187.75,8.));
#36 = VECTOR('',#37,1.);
#37 = DIRECTION('',(-2.22044604925E-16,-2.22044604925E-16,-1.));
#38 = ORIENTED_EDGE('',*,*,#39,.T.);
#39 = EDGE_CURVE('',#32,#40,#42,.T.);
#40 = VERTEX_POINT('',#41);
#41 = CARTESIAN_POINT('',(4.,2.84217094304E-14,8.));
#42 = LINE('',#43,#44);
#43 = CARTESIAN_POINT('',(4.,187.75,8.));
#44 = VECTOR('',#45,1.);
#45 = DIRECTION('',(-2.22044604925E-16,-1.,2.22044604925E-16));
#46 = ORIENTED_EDGE('',*,*,#47,.T.);
#47 = EDGE_CURVE('',#40,#48,#50,.T.);
#48 = VERTEX_POINT('',#49);
#49 = CARTESIAN_POINT('',(4.,2.84217094304E-14,6.));
#50 = LINE('',#51,#52);
#51 = CARTESIAN_POINT('',(4.,5.684341886081E-14,8.));
#52 = VECTOR('',#53,1.);
#53 = DIRECTION('',(-2.22044604925E-16,-2.22044604925E-16,-1.));
#54 = ORIENTED_EDGE('',*,*,#55,.T.);
#55 = EDGE_CURVE('',#48,#56,#58,.T.);
#56 = VERTEX_POINT('',#57);
#57 = CARTESIAN_POINT('',(4.,171.1,6.));
#58 = LINE('',#59,#60);
#59 = CARTESIAN_POINT('',(4.,179.625,6.));
#60 = VECTOR('',#61,1.);
#61 = DIRECTION('',(2.22044604925E-16,1.,-2.22044604925E-16));
#62 = ORIENTED_EDGE('',*,*,#63,.F.);
#63 = EDGE_CURVE('',#64,#56,#66,.T.);
#64 = VERTEX_POINT('',#65);
#65 = CARTESIAN_POINT('',(4.,171.35,5.75));
#66 = LINE('',#67,#68);
#67 = CARTESIAN_POINT('',(4.,174.8625,2.2375));
#68 = VECTOR('',#69,1.);
#69 = DIRECTION('',(2.785665071562E-30,-0.707106781187,0.707106781187));
#70 = ORIENTED_EDGE('',*,*,#71,.F.);
#71 = EDGE_CURVE('',#72,#64,#74,.T.);
#72 = VERTEX_POINT('',#73);
#73 = CARTESIAN_POINT('',(4.,171.35,2.25));
#74 = LINE('',#75,#76);
#75 = CARTESIAN_POINT('',(4.,171.35,7.));
#76 = VECTOR('',#77,1.);
#77 = DIRECTION('',(2.22044604925E-16,2.22044604925E-16,1.));
#78 = ORIENTED_EDGE('',*,*,#79,.T.);
#79 = EDGE_CURVE('',#72,#80,#82,.T.);
#80 = VERTEX_POINT('',#81);
#81 = CARTESIAN_POINT('',(4.,171.1,2.));
#82 = LINE('',#83,#84);
#83 = CARTESIAN_POINT('',(4.,176.8625,7.7625));
#84 = VECTOR('',#85,1.);
#85 = DIRECTION('',(-3.140184917368E-16,-0.707106781187,-0.707106781187)
  );
#86 = ORIENTED_EDGE('',*,*,#87,.F.);
#87 = EDGE_CURVE('',#88,#80,#90,.T.);
#88 = VERTEX_POINT('',#89);
#89 = CARTESIAN_POINT('',(4.,2.84217094304E-14,2.));
#90 = LINE('',#91,#92);
#91 = CARTESIAN_POINT('',(4.,179.625,2.));
#92 = VECTOR('',#93,1.);
#93 = DIRECTION('',(2.22044604925E-16,1.,-2.22044604925E-16));
#94 = ORIENTED_EDGE('',*,*,#95,.T.);
#95 = EDGE_CURVE('',#88,#24,#96,.T.);
#96 = LINE('',#97,#98);
#97 = CARTESIAN_POINT('',(4.,5.684341886081E-14,8.));
#98 = VECTOR('',#99,1.);
#99 = DIRECTION('',(-2.22044604925E-16,-2.22044604925E-16,-1.));
#100 = PLANE('',#101);
#101 = AXIS2_PLACEMENT_3D('',#102,#103,#104);
#102 = CARTESIAN_POINT('',(4.,187.75,8.));
#103 = DIRECTION('',(1.,-2.22044604925E-16,-2.22044604925E-16));
#104 = DIRECTION('',(-2.22044604925E-16,-2.22044604925E-16,-1.));
#105 = ADVANCED_FACE('',(#106,#131,#142,#153,#164,#198,#209,#220,#231,
    #242),#253,.T.);
#106 = FACE_BOUND('',#107,.T.);
#107 = EDGE_LOOP('',(#108,#109,#117,#125));
#108 = ORIENTED_EDGE('',*,*,#21,.F.);
#109 = ORIENTED_EDGE('',*,*,#110,.T.);
#110 = EDGE_CURVE('',#22,#111,#113,.T.);
#111 = VERTEX_POINT('',#112);
#112 = CARTESIAN_POINT('',(187.5,187.75,2.84217094304E-14));
#113 = LINE('',#114,#115);
#114 = CARTESIAN_POINT('',(4.,187.75,5.506706202141E-14));
#115 = VECTOR('',#116,1.);
#116 = DIRECTION('',(1.,-2.22044604925E-16,-2.22044604925E-16));
#117 = ORIENTED_EDGE('',*,*,#118,.T.);
#118 = EDGE_CURVE('',#111,#119,#121,.T.);
#119 = VERTEX_POINT('',#120);
#120 = CARTESIAN_POINT('',(187.5,0.,8.526512829121E-14));
#121 = LINE('',#122,#123);
#122 = CARTESIAN_POINT('',(187.5,187.75,1.42108547152E-14));
#123 = VECTOR('',#124,1.);
#124 = DIRECTION('',(-2.22044604925E-16,-1.,2.22044604925E-16));
#125 = ORIENTED_EDGE('',*,*,#126,.F.);
#126 = EDGE_CURVE('',#24,#119,#127,.T.);
#127 = LINE('',#128,#129);
#128 = CARTESIAN_POINT('',(4.,5.684341886081E-14,9.681144774731E-14));
#129 = VECTOR('',#130,1.);
#130 = DIRECTION('',(1.,-2.22044604925E-16,-2.22044604925E-16));
#131 = FACE_BOUND('',#132,.T.);
#132 = EDGE_LOOP('',(#133));
#133 = ORIENTED_EDGE('',*,*,#134,.F.);
#134 = EDGE_CURVE('',#135,#135,#137,.T.);
#135 = VERTEX_POINT('',#136);
#136 = CARTESIAN_POINT('',(15.8,177.75,5.684341886081E-14));
#137 = CIRCLE('',#138,1.8);
#138 = AXIS2_PLACEMENT_3D('',#139,#140,#141);
#139 = CARTESIAN_POINT('',(14.,177.75,5.506706202141E-14));
#140 = DIRECTION('',(-2.22044604925E-16,-2.22044604925E-16,-1.));
#141 = DIRECTION('',(1.,-2.22044604925E-16,-2.22044604925E-16));
#142 = FACE_BOUND('',#143,.T.);
#143 = EDGE_LOOP('',(#144));
#144 = ORIENTED_EDGE('',*,*,#145,.F.);
#145 = EDGE_CURVE('',#146,#146,#148,.T.);
#146 = VERTEX_POINT('',#147);
#147 = CARTESIAN_POINT('',(97.55,177.75,2.84217094304E-14));
#148 = CIRCLE('',#149,1.8);
#149 = AXIS2_PLACEMENT_3D('',#150,#151,#152);
#150 = CARTESIAN_POINT('',(95.75,177.75,3.730349362741E-14));
#151 = DIRECTION('',(-2.22044604925E-16,-2.22044604925E-16,-1.));
#152 = DIRECTION('',(1.,-2.22044604925E-16,-2.22044604925E-16));
#153 = FACE_BOUND('',#154,.T.);
#154 = EDGE_LOOP('',(#155));
#155 = ORIENTED_EDGE('',*,*,#156,.F.);
#156 = EDGE_CURVE('',#157,#157,#159,.T.);
#157 = VERTEX_POINT('',#158);
#158 = CARTESIAN_POINT('',(15.8,93.875,8.526512829121E-14));
#159 = CIRCLE('',#160,1.8);
#160 = AXIS2_PLACEMENT_3D('',#161,#162,#163);
#161 = CARTESIAN_POINT('',(14.,93.875,7.371880883511E-14));
#162 = DIRECTION('',(-2.22044604925E-16,-2.22044604925E-16,-1.));
#163 = DIRECTION('',(1.,-2.22044604925E-16,-2.22044604925E-16));
#164 = FACE_BOUND('',#165,.T.);
#165 = EDGE_LOOP('',(#166,#176,#184,#192));
#166 = ORIENTED_EDGE('',*,*,#167,.T.);
#167 = EDGE_CURVE('',#168,#170,#172,.T.);
#168 = VERTEX_POINT('',#169);
#169 = CARTESIAN_POINT('',(167.5,167.75,2.84217094304E-14));
#170 = VERTEX_POINT('',#171);
#171 = CARTESIAN_POINT('',(24.,167.75,5.684341886081E-14));
#172 = LINE('',#173,#174);
#173 = CARTESIAN_POINT('',(14.,167.75,5.773159728051E-14));
#174 = VECTOR('',#175,1.);
#175 = DIRECTION('',(-1.,2.22044604925E-16,2.22044604925E-16));
#176 = ORIENTED_EDGE('',*,*,#177,.T.);
#177 = EDGE_CURVE('',#170,#178,#180,.T.);
#178 = VERTEX_POINT('',#179);
#179 = CARTESIAN_POINT('',(24.,20.,8.526512829121E-14));
#180 = LINE('',#181,#182);
#181 = CARTESIAN_POINT('',(24.,177.75,5.329070518201E-14));
#182 = VECTOR('',#183,1.);
#183 = DIRECTION('',(-2.22044604925E-16,-1.,2.22044604925E-16));
#184 = ORIENTED_EDGE('',*,*,#185,.F.);
#185 = EDGE_CURVE('',#186,#178,#188,.T.);
#186 = VERTEX_POINT('',#187);
#187 = CARTESIAN_POINT('',(167.5,20.,5.684341886081E-14));
#188 = LINE('',#189,#190);
#189 = CARTESIAN_POINT('',(14.,20.,8.970602038971E-14));
#190 = VECTOR('',#191,1.);
#191 = DIRECTION('',(-1.,2.22044604925E-16,2.22044604925E-16));
#192 = ORIENTED_EDGE('',*,*,#193,.F.);
#193 = EDGE_CURVE('',#168,#186,#194,.T.);
#194 = LINE('',#195,#196);
#195 = CARTESIAN_POINT('',(167.5,177.75,2.13162820728E-14));
#196 = VECTOR('',#197,1.);
#197 = DIRECTION('',(-2.22044604925E-16,-1.,2.22044604925E-16));
#198 = FACE_BOUND('',#199,.T.);
#199 = EDGE_LOOP('',(#200));
#200 = ORIENTED_EDGE('',*,*,#201,.F.);
#201 = EDGE_CURVE('',#202,#202,#204,.T.);
#202 = VERTEX_POINT('',#203);
#203 = CARTESIAN_POINT('',(179.3,177.75,2.84217094304E-14));
#204 = CIRCLE('',#205,1.8);
#205 = AXIS2_PLACEMENT_3D('',#206,#207,#208);
#206 = CARTESIAN_POINT('',(177.5,177.75,1.95399252334E-14));
#207 = DIRECTION('',(-2.22044604925E-16,-2.22044604925E-16,-1.));
#208 = DIRECTION('',(1.,-2.22044604925E-16,-2.22044604925E-16));
#209 = FACE_BOUND('',#210,.T.);
#210 = EDGE_LOOP('',(#211));
#211 = ORIENTED_EDGE('',*,*,#212,.F.);
#212 = EDGE_CURVE('',#213,#213,#215,.T.);
#213 = VERTEX_POINT('',#214);
#214 = CARTESIAN_POINT('',(179.3,93.875,5.684341886081E-14));
#215 = CIRCLE('',#216,1.8);
#216 = AXIS2_PLACEMENT_3D('',#217,#218,#219);
#217 = CARTESIAN_POINT('',(177.5,93.875,3.730349362741E-14));
#218 = DIRECTION('',(-2.22044604925E-16,-2.22044604925E-16,-1.));
#219 = DIRECTION('',(1.,-2.22044604925E-16,-2.22044604925E-16));
#220 = FACE_BOUND('',#221,.T.);
#221 = EDGE_LOOP('',(#222));
#222 = ORIENTED_EDGE('',*,*,#223,.F.);
#223 = EDGE_CURVE('',#224,#224,#226,.T.);
#224 = VERTEX_POINT('',#225);
#225 = CARTESIAN_POINT('',(15.8,10.,8.526512829121E-14));
#226 = CIRCLE('',#227,1.8);
#227 = AXIS2_PLACEMENT_3D('',#228,#229,#230);
#228 = CARTESIAN_POINT('',(14.,10.,9.237055564881E-14));
#229 = DIRECTION('',(-2.22044604925E-16,-2.22044604925E-16,-1.));
#230 = DIRECTION('',(1.,-2.22044604925E-16,-2.22044604925E-16));
#231 = FACE_BOUND('',#232,.T.);
#232 = EDGE_LOOP('',(#233));
#233 = ORIENTED_EDGE('',*,*,#234,.F.);
#234 = EDGE_CURVE('',#235,#235,#237,.T.);
#235 = VERTEX_POINT('',#236);
#236 = CARTESIAN_POINT('',(97.55,10.,5.684341886081E-14));
#237 = CIRCLE('',#238,1.8);
#238 = AXIS2_PLACEMENT_3D('',#239,#240,#241);
#239 = CARTESIAN_POINT('',(95.75,10.,7.460698725481E-14));
#240 = DIRECTION('',(-2.22044604925E-16,-2.22044604925E-16,-1.));
#241 = DIRECTION('',(1.,-2.22044604925E-16,-2.22044604925E-16));
#242 = FACE_BOUND('',#243,.T.);
#243 = EDGE_LOOP('',(#244));
#244 = ORIENTED_EDGE('',*,*,#245,.F.);
#245 = EDGE_CURVE('',#246,#246,#248,.T.);
#246 = VERTEX_POINT('',#247);
#247 = CARTESIAN_POINT('',(179.3,10.,5.684341886081E-14));
#248 = CIRCLE('',#249,1.8);
#249 = AXIS2_PLACEMENT_3D('',#250,#251,#252);
#250 = CARTESIAN_POINT('',(177.5,10.,5.684341886081E-14));
#251 = DIRECTION('',(-2.22044604925E-16,-2.22044604925E-16,-1.));
#252 = DIRECTION('',(1.,-2.22044604925E-16,-2.22044604925E-16));
#253 = PLANE('',#254);
#254 = AXIS2_PLACEMENT_3D('',#255,#256,#257);
#255 = CARTESIAN_POINT('',(4.,187.75,5.506706202141E-14));
#256 = DIRECTION('',(-2.22044604925E-16,-2.22044604925E-16,-1.));
#257 = DIRECTION('',(1.,-2.22044604925E-16,-2.22044604925E-16));
#258 = ADVANCED_FACE('',(#259),#284,.T.);
#259 = FACE_BOUND('',#260,.T.);
#260 = EDGE_LOOP('',(#261,#271,#277,#278));
#261 = ORIENTED_EDGE('',*,*,#262,.F.);
#262 = EDGE_CURVE('',#263,#265,#267,.T.);
#263 = VERTEX_POINT('',#264);
#264 = CARTESIAN_POINT('',(3.819167204711E-14,171.1,2.));
#265 = VERTEX_POINT('',#266);
#266 = CARTESIAN_POINT('',(0.,2.84217094304E-14,2.));
#267 = LINE('',#268,#269);
#268 = CARTESIAN_POINT('',(3.819167204711E-14,171.5,2.));
#269 = VECTOR('',#270,1.);
#270 = DIRECTION('',(-2.22044604925E-16,-1.,2.22044604925E-16));
#271 = ORIENTED_EDGE('',*,*,#272,.T.);
#272 = EDGE_CURVE('',#263,#80,#273,.T.);
#273 = LINE('',#274,#275);
#274 = CARTESIAN_POINT('',(3.819167204711E-14,171.1,2.));
#275 = VECTOR('',#276,1.);
#276 = DIRECTION('',(1.,-2.22044604925E-16,-2.22044604925E-16));
#277 = ORIENTED_EDGE('',*,*,#87,.F.);
#278 = ORIENTED_EDGE('',*,*,#279,.F.);
#279 = EDGE_CURVE('',#265,#88,#280,.T.);
#280 = LINE('',#281,#282);
#281 = CARTESIAN_POINT('',(0.,2.84217094304E-14,2.));
#282 = VECTOR('',#283,1.);
#283 = DIRECTION('',(1.,-2.22044604925E-16,-2.22044604925E-16));
#284 = PLANE('',#285);
#285 = AXIS2_PLACEMENT_3D('',#286,#287,#288);
#286 = CARTESIAN_POINT('',(3.819167204711E-14,171.5,2.));
#287 = DIRECTION('',(-2.22044604925E-16,-2.22044604925E-16,-1.));
#288 = DIRECTION('',(-2.22044604925E-16,-1.,2.22044604925E-16));
#289 = ADVANCED_FACE('',(#290),#316,.F.);
#290 = FACE_BOUND('',#291,.F.);
#291 = EDGE_LOOP('',(#292,#300,#301,#302,#310));
#292 = ORIENTED_EDGE('',*,*,#293,.F.);
#293 = EDGE_CURVE('',#263,#294,#296,.T.);
#294 = VERTEX_POINT('',#295);
#295 = CARTESIAN_POINT('',(0.4,171.5,2.4));
#296 = LINE('',#297,#298);
#297 = CARTESIAN_POINT('',(0.8,171.9,2.8));
#298 = VECTOR('',#299,1.);
#299 = DIRECTION('',(0.57735026919,0.57735026919,0.57735026919));
#300 = ORIENTED_EDGE('',*,*,#272,.T.);
#301 = ORIENTED_EDGE('',*,*,#79,.F.);
#302 = ORIENTED_EDGE('',*,*,#303,.T.);
#303 = EDGE_CURVE('',#72,#304,#306,.T.);
#304 = VERTEX_POINT('',#305);
#305 = CARTESIAN_POINT('',(3.85,171.5,2.4));
#306 = LINE('',#307,#308);
#307 = CARTESIAN_POINT('',(2.741666666667,172.60833333333,3.508333333333
    ));
#308 = VECTOR('',#309,1.);
#309 = DIRECTION('',(-0.57735026919,0.57735026919,0.57735026919));
#310 = ORIENTED_EDGE('',*,*,#311,.F.);
#311 = EDGE_CURVE('',#294,#304,#312,.T.);
#312 = LINE('',#313,#314);
#313 = CARTESIAN_POINT('',(3.819167204711E-14,171.5,2.4));
#314 = VECTOR('',#315,1.);
#315 = DIRECTION('',(1.,-2.22044604925E-16,-2.22044604925E-16));
#316 = PLANE('',#317);
#317 = AXIS2_PLACEMENT_3D('',#318,#319,#320);
#318 = CARTESIAN_POINT('',(3.819167204711E-14,171.3,2.2));
#319 = DIRECTION('',(-3.474993633279E-18,-0.707106781187,0.707106781187)
  );
#320 = DIRECTION('',(1.,-2.245017964877E-16,-2.195874133624E-16));
#321 = ADVANCED_FACE('',(#322),#340,.F.);
#322 = FACE_BOUND('',#323,.T.);
#323 = EDGE_LOOP('',(#324,#332,#333,#334));
#324 = ORIENTED_EDGE('',*,*,#325,.F.);
#325 = EDGE_CURVE('',#64,#326,#328,.T.);
#326 = VERTEX_POINT('',#327);
#327 = CARTESIAN_POINT('',(3.85,171.5,5.6));
#328 = LINE('',#329,#330);
#329 = CARTESIAN_POINT('',(3.408333333333,171.94166666666,5.158333333333
    ));
#330 = VECTOR('',#331,1.);
#331 = DIRECTION('',(-0.57735026919,0.57735026919,-0.57735026919));
#332 = ORIENTED_EDGE('',*,*,#71,.F.);
#333 = ORIENTED_EDGE('',*,*,#303,.T.);
#334 = ORIENTED_EDGE('',*,*,#335,.F.);
#335 = EDGE_CURVE('',#326,#304,#336,.T.);
#336 = LINE('',#337,#338);
#337 = CARTESIAN_POINT('',(3.85,171.5,6.));
#338 = VECTOR('',#339,1.);
#339 = DIRECTION('',(-2.22044604925E-16,-2.22044604925E-16,-1.));
#340 = PLANE('',#341);
#341 = AXIS2_PLACEMENT_3D('',#342,#343,#344);
#342 = CARTESIAN_POINT('',(4.05,171.3,6.));
#343 = DIRECTION('',(-0.707106781187,-0.707106781187,3.140184917368E-16)
  );
#344 = DIRECTION('',(2.22044604925E-16,2.22044604925E-16,1.));
#345 = ADVANCED_FACE('',(#346),#372,.T.);
#346 = FACE_BOUND('',#347,.T.);
#347 = EDGE_LOOP('',(#348,#358,#364,#365,#366));
#348 = ORIENTED_EDGE('',*,*,#349,.F.);
#349 = EDGE_CURVE('',#350,#352,#354,.T.);
#350 = VERTEX_POINT('',#351);
#351 = CARTESIAN_POINT('',(3.907985046681E-14,171.1,6.));
#352 = VERTEX_POINT('',#353);
#353 = CARTESIAN_POINT('',(0.4,171.5,5.6));
#354 = LINE('',#355,#356);
#355 = CARTESIAN_POINT('',(0.133333333333,171.23333333333,5.866666666667
    ));
#356 = VECTOR('',#357,1.);
#357 = DIRECTION('',(0.57735026919,0.57735026919,-0.57735026919));
#358 = ORIENTED_EDGE('',*,*,#359,.T.);
#359 = EDGE_CURVE('',#350,#56,#360,.T.);
#360 = LINE('',#361,#362);
#361 = CARTESIAN_POINT('',(3.907985046681E-14,171.1,6.));
#362 = VECTOR('',#363,1.);
#363 = DIRECTION('',(1.,-2.22044604925E-16,-2.22044604925E-16));
#364 = ORIENTED_EDGE('',*,*,#63,.F.);
#365 = ORIENTED_EDGE('',*,*,#325,.T.);
#366 = ORIENTED_EDGE('',*,*,#367,.F.);
#367 = EDGE_CURVE('',#352,#326,#368,.T.);
#368 = LINE('',#369,#370);
#369 = CARTESIAN_POINT('',(3.819167204711E-14,171.5,5.6));
#370 = VECTOR('',#371,1.);
#371 = DIRECTION('',(1.,-2.22044604925E-16,-2.22044604925E-16));
#372 = PLANE('',#373);
#373 = AXIS2_PLACEMENT_3D('',#374,#375,#376);
#374 = CARTESIAN_POINT('',(3.819167204711E-14,171.3,5.8));
#375 = DIRECTION('',(3.1749348537E-16,0.707106781187,0.707106781187));
#376 = DIRECTION('',(1.,-2.245017964877E-16,-2.245017964877E-16));
#377 = ADVANCED_FACE('',(#378),#396,.F.);
#378 = FACE_BOUND('',#379,.F.);
#379 = EDGE_LOOP('',(#380,#388,#389,#390));
#380 = ORIENTED_EDGE('',*,*,#381,.F.);
#381 = EDGE_CURVE('',#350,#382,#384,.T.);
#382 = VERTEX_POINT('',#383);
#383 = CARTESIAN_POINT('',(8.881784197001E-16,2.84217094304E-14,6.));
#384 = LINE('',#385,#386);
#385 = CARTESIAN_POINT('',(3.907985046681E-14,171.5,6.));
#386 = VECTOR('',#387,1.);
#387 = DIRECTION('',(-2.22044604925E-16,-1.,2.22044604925E-16));
#388 = ORIENTED_EDGE('',*,*,#359,.T.);
#389 = ORIENTED_EDGE('',*,*,#55,.F.);
#390 = ORIENTED_EDGE('',*,*,#391,.F.);
#391 = EDGE_CURVE('',#382,#48,#392,.T.);
#392 = LINE('',#393,#394);
#393 = CARTESIAN_POINT('',(8.881784197001E-16,2.84217094304E-14,6.));
#394 = VECTOR('',#395,1.);
#395 = DIRECTION('',(1.,-2.22044604925E-16,-2.22044604925E-16));
#396 = PLANE('',#397);
#397 = AXIS2_PLACEMENT_3D('',#398,#399,#400);
#398 = CARTESIAN_POINT('',(3.907985046681E-14,171.5,6.));
#399 = DIRECTION('',(-2.22044604925E-16,-2.22044604925E-16,-1.));
#400 = DIRECTION('',(-2.22044604925E-16,-1.,2.22044604925E-16));
#401 = ADVANCED_FACE('',(#402,#427,#477,#527,#577,#627,#661,#711,#761,
    #811),#861,.F.);
#402 = FACE_BOUND('',#403,.F.);
#403 = EDGE_LOOP('',(#404,#405,#413,#421));
#404 = ORIENTED_EDGE('',*,*,#39,.F.);
#405 = ORIENTED_EDGE('',*,*,#406,.T.);
#406 = EDGE_CURVE('',#32,#407,#409,.T.);
#407 = VERTEX_POINT('',#408);
#408 = CARTESIAN_POINT('',(187.5,187.75,8.));
#409 = LINE('',#410,#411);
#410 = CARTESIAN_POINT('',(4.,187.75,8.));
#411 = VECTOR('',#412,1.);
#412 = DIRECTION('',(1.,-2.22044604925E-16,-2.22044604925E-16));
#413 = ORIENTED_EDGE('',*,*,#414,.T.);
#414 = EDGE_CURVE('',#407,#415,#417,.T.);
#415 = VERTEX_POINT('',#416);
#416 = CARTESIAN_POINT('',(187.5,0.,8.));
#417 = LINE('',#418,#419);
#418 = CARTESIAN_POINT('',(187.5,187.75,8.));
#419 = VECTOR('',#420,1.);
#420 = DIRECTION('',(-2.22044604925E-16,-1.,2.22044604925E-16));
#421 = ORIENTED_EDGE('',*,*,#422,.F.);
#422 = EDGE_CURVE('',#40,#415,#423,.T.);
#423 = LINE('',#424,#425);
#424 = CARTESIAN_POINT('',(4.,5.684341886081E-14,8.));
#425 = VECTOR('',#426,1.);
#426 = DIRECTION('',(1.,-2.22044604925E-16,-2.22044604925E-16));
#427 = FACE_BOUND('',#428,.F.);
#428 = EDGE_LOOP('',(#429,#439,#447,#455,#463,#471));
#429 = ORIENTED_EDGE('',*,*,#430,.T.);
#430 = EDGE_CURVE('',#431,#433,#435,.T.);
#431 = VERTEX_POINT('',#432);
#432 = CARTESIAN_POINT('',(11.05,176.04681670589,8.));
#433 = VERTEX_POINT('',#434);
#434 = CARTESIAN_POINT('',(14.,174.34363341178,8.));
#435 = LINE('',#436,#437);
#436 = CARTESIAN_POINT('',(7.347436490539,178.18449274477,8.));
#437 = VECTOR('',#438,1.);
#438 = DIRECTION('',(0.866025403784,-0.5,-8.127396617584E-17));
#439 = ORIENTED_EDGE('',*,*,#440,.T.);
#440 = EDGE_CURVE('',#433,#441,#443,.T.);
#441 = VERTEX_POINT('',#442);
#442 = CARTESIAN_POINT('',(16.95,176.04681670589,8.));
#443 = LINE('',#444,#445);
#444 = CARTESIAN_POINT('',(14.627563509461,174.7059573729,8.));
#445 = VECTOR('',#446,1.);
#446 = DIRECTION('',(0.866025403784,0.5,-3.033185711009E-16));
#447 = ORIENTED_EDGE('',*,*,#448,.T.);
#448 = EDGE_CURVE('',#441,#449,#451,.T.);
#449 = VERTEX_POINT('',#450);
#450 = CARTESIAN_POINT('',(16.95,179.4531832941,8.));
#451 = LINE('',#452,#453);
#452 = CARTESIAN_POINT('',(16.95,183.60159164705,8.));
#453 = VECTOR('',#454,1.);
#454 = DIRECTION('',(-2.994368015519E-16,1.,-2.22044604925E-16));
#455 = ORIENTED_EDGE('',*,*,#456,.T.);
#456 = EDGE_CURVE('',#449,#457,#459,.T.);
#457 = VERTEX_POINT('',#458);
#458 = CARTESIAN_POINT('',(14.,181.15636658821,8.));
#459 = LINE('',#460,#461);
#460 = CARTESIAN_POINT('',(8.822436490539,184.14563427415,8.));
#461 = VECTOR('',#462,1.);
#462 = DIRECTION('',(-0.866025403784,0.5,8.127396617584E-17));
#463 = ORIENTED_EDGE('',*,*,#464,.T.);
#464 = EDGE_CURVE('',#457,#465,#467,.T.);
#465 = VERTEX_POINT('',#466);
#466 = CARTESIAN_POINT('',(11.05,179.4531832941,8.));
#467 = LINE('',#468,#469);
#468 = CARTESIAN_POINT('',(10.202563509461,178.96391560817,8.));
#469 = VECTOR('',#470,1.);
#470 = DIRECTION('',(-0.866025403784,-0.5,3.033185711009E-16));
#471 = ORIENTED_EDGE('',*,*,#472,.T.);
#472 = EDGE_CURVE('',#465,#431,#473,.T.);
#473 = LINE('',#474,#475);
#474 = CARTESIAN_POINT('',(11.05,181.89840835294,8.));
#475 = VECTOR('',#476,1.);
#476 = DIRECTION('',(-4.827853081635E-16,-1.,2.22044604925E-16));
#477 = FACE_BOUND('',#478,.F.);
#478 = EDGE_LOOP('',(#479,#489,#497,#505,#513,#521));
#479 = ORIENTED_EDGE('',*,*,#480,.T.);
#480 = EDGE_CURVE('',#481,#483,#485,.T.);
#481 = VERTEX_POINT('',#482);
#482 = CARTESIAN_POINT('',(11.05,92.171816705891,8.));
#483 = VERTEX_POINT('',#484);
#484 = CARTESIAN_POINT('',(14.,90.468633411781,8.));
#485 = LINE('',#486,#487);
#486 = CARTESIAN_POINT('',(-10.81203369506,104.79386774477,8.));
#487 = VECTOR('',#488,1.);
#488 = DIRECTION('',(0.866025403784,-0.5,-8.127396617584E-17));
#489 = ORIENTED_EDGE('',*,*,#490,.T.);
#490 = EDGE_CURVE('',#483,#491,#493,.T.);
#491 = VERTEX_POINT('',#492);
#492 = CARTESIAN_POINT('',(16.95,92.171816705891,8.));
#493 = LINE('',#494,#495);
#494 = CARTESIAN_POINT('',(32.787033695066,101.3153323729,8.));
#495 = VECTOR('',#496,1.);
#496 = DIRECTION('',(0.866025403784,0.5,-3.033185711009E-16));
#497 = ORIENTED_EDGE('',*,*,#498,.T.);
#498 = EDGE_CURVE('',#491,#499,#501,.T.);
#499 = VERTEX_POINT('',#500);
#500 = CARTESIAN_POINT('',(16.95,95.578183294109,8.));
#501 = LINE('',#502,#503);
#502 = CARTESIAN_POINT('',(16.95,141.66409164705,8.));
#503 = VECTOR('',#504,1.);
#504 = DIRECTION('',(-2.994368015519E-16,1.,-2.22044604925E-16));
#505 = ORIENTED_EDGE('',*,*,#506,.T.);
#506 = EDGE_CURVE('',#499,#507,#509,.T.);
#507 = VERTEX_POINT('',#508);
#508 = CARTESIAN_POINT('',(14.,97.281366588219,8.));
#509 = LINE('',#510,#511);
#510 = CARTESIAN_POINT('',(-9.337033695066,110.75500927415,8.));
#511 = VECTOR('',#512,1.);
#512 = DIRECTION('',(-0.866025403784,0.5,8.127396617584E-17));
#513 = ORIENTED_EDGE('',*,*,#514,.T.);
#514 = EDGE_CURVE('',#507,#515,#517,.T.);
#515 = VERTEX_POINT('',#516);
#516 = CARTESIAN_POINT('',(11.05,95.578183294109,8.));
#517 = LINE('',#518,#519);
#518 = CARTESIAN_POINT('',(28.362033695066,105.57329060817,8.));
#519 = VECTOR('',#520,1.);
#520 = DIRECTION('',(-0.866025403784,-0.5,3.033185711009E-16));
#521 = ORIENTED_EDGE('',*,*,#522,.T.);
#522 = EDGE_CURVE('',#515,#481,#523,.T.);
#523 = LINE('',#524,#525);
#524 = CARTESIAN_POINT('',(11.05,139.96090835294,8.));
#525 = VECTOR('',#526,1.);
#526 = DIRECTION('',(-4.827853081635E-16,-1.,2.22044604925E-16));
#527 = FACE_BOUND('',#528,.F.);
#528 = EDGE_LOOP('',(#529,#539,#547,#555,#563,#571));
#529 = ORIENTED_EDGE('',*,*,#530,.T.);
#530 = EDGE_CURVE('',#531,#533,#535,.T.);
#531 = VERTEX_POINT('',#532);
#532 = CARTESIAN_POINT('',(92.8,176.04681670589,8.));
#533 = VERTEX_POINT('',#534);
#534 = CARTESIAN_POINT('',(95.75,174.34363341178,8.));
#535 = LINE('',#536,#537);
#536 = CARTESIAN_POINT('',(58.441186490539,195.88388693461,8.));
#537 = VECTOR('',#538,1.);
#538 = DIRECTION('',(0.866025403784,-0.5,-8.127396617584E-17));
#539 = ORIENTED_EDGE('',*,*,#540,.T.);
#540 = EDGE_CURVE('',#533,#541,#543,.T.);
#541 = VERTEX_POINT('',#542);
#542 = CARTESIAN_POINT('',(98.7,176.04681670589,8.));
#543 = LINE('',#544,#545);
#544 = CARTESIAN_POINT('',(65.721313509461,157.00656318305,8.));
#545 = VECTOR('',#546,1.);
#546 = DIRECTION('',(0.866025403784,0.5,-3.033185711009E-16));
#547 = ORIENTED_EDGE('',*,*,#548,.T.);
#548 = EDGE_CURVE('',#541,#549,#551,.T.);
#549 = VERTEX_POINT('',#550);
#550 = CARTESIAN_POINT('',(98.7,179.4531832941,8.));
#551 = LINE('',#552,#553);
#552 = CARTESIAN_POINT('',(98.7,183.60159164705,8.));
#553 = VECTOR('',#554,1.);
#554 = DIRECTION('',(2.22044604925E-16,1.,-2.22044604925E-16));
#555 = ORIENTED_EDGE('',*,*,#556,.T.);
#556 = EDGE_CURVE('',#549,#557,#559,.T.);
#557 = VERTEX_POINT('',#558);
#558 = CARTESIAN_POINT('',(95.75,181.15636658821,8.));
#559 = LINE('',#560,#561);
#560 = CARTESIAN_POINT('',(59.916186490539,201.84502846399,8.));
#561 = VECTOR('',#562,1.);
#562 = DIRECTION('',(-0.866025403784,0.5,8.127396617584E-17));
#563 = ORIENTED_EDGE('',*,*,#564,.T.);
#564 = EDGE_CURVE('',#557,#565,#567,.T.);
#565 = VERTEX_POINT('',#566);
#566 = CARTESIAN_POINT('',(92.8,179.4531832941,8.));
#567 = LINE('',#568,#569);
#568 = CARTESIAN_POINT('',(61.296313509461,161.26452141833,8.));
#569 = VECTOR('',#570,1.);
#570 = DIRECTION('',(-0.866025403784,-0.5,3.033185711009E-16));
#571 = ORIENTED_EDGE('',*,*,#572,.T.);
#572 = EDGE_CURVE('',#565,#531,#573,.T.);
#573 = LINE('',#574,#575);
#574 = CARTESIAN_POINT('',(92.8,181.89840835294,8.));
#575 = VECTOR('',#576,1.);
#576 = DIRECTION('',(-2.22044604925E-16,-1.,2.22044604925E-16));
#577 = FACE_BOUND('',#578,.F.);
#578 = EDGE_LOOP('',(#579,#589,#597,#605,#613,#621));
#579 = ORIENTED_EDGE('',*,*,#580,.T.);
#580 = EDGE_CURVE('',#581,#583,#585,.T.);
#581 = VERTEX_POINT('',#582);
#582 = CARTESIAN_POINT('',(174.55,176.04681670589,8.));
#583 = VERTEX_POINT('',#584);
#584 = CARTESIAN_POINT('',(177.5,174.34363341178,8.));
#585 = LINE('',#586,#587);
#586 = CARTESIAN_POINT('',(109.53493649053,213.58328112445,8.));
#587 = VECTOR('',#588,1.);
#588 = DIRECTION('',(0.866025403784,-0.5,-8.127396617584E-17));
#589 = ORIENTED_EDGE('',*,*,#590,.T.);
#590 = EDGE_CURVE('',#583,#591,#593,.T.);
#591 = VERTEX_POINT('',#592);
#592 = CARTESIAN_POINT('',(180.45,176.04681670589,8.));
#593 = LINE('',#594,#595);
#594 = CARTESIAN_POINT('',(116.81506350946,139.30716899321,8.));
#595 = VECTOR('',#596,1.);
#596 = DIRECTION('',(0.866025403784,0.5,-3.033185711009E-16));
#597 = ORIENTED_EDGE('',*,*,#598,.T.);
#598 = EDGE_CURVE('',#591,#599,#601,.T.);
#599 = VERTEX_POINT('',#600);
#600 = CARTESIAN_POINT('',(180.45,179.4531832941,8.));
#601 = LINE('',#602,#603);
#602 = CARTESIAN_POINT('',(180.45,183.60159164705,8.));
#603 = VECTOR('',#604,1.);
#604 = DIRECTION('',(2.22044604925E-16,1.,-2.22044604925E-16));
#605 = ORIENTED_EDGE('',*,*,#606,.T.);
#606 = EDGE_CURVE('',#599,#607,#609,.T.);
#607 = VERTEX_POINT('',#608);
#608 = CARTESIAN_POINT('',(177.5,181.15636658821,8.));
#609 = LINE('',#610,#611);
#610 = CARTESIAN_POINT('',(111.00993649053,219.54442265384,8.));
#611 = VECTOR('',#612,1.);
#612 = DIRECTION('',(-0.866025403784,0.5,8.127396617584E-17));
#613 = ORIENTED_EDGE('',*,*,#614,.T.);
#614 = EDGE_CURVE('',#607,#615,#617,.T.);
#615 = VERTEX_POINT('',#616);
#616 = CARTESIAN_POINT('',(174.55,179.4531832941,8.));
#617 = LINE('',#618,#619);
#618 = CARTESIAN_POINT('',(112.39006350946,143.56512722848,8.));
#619 = VECTOR('',#620,1.);
#620 = DIRECTION('',(-0.866025403784,-0.5,3.033185711009E-16));
#621 = ORIENTED_EDGE('',*,*,#622,.T.);
#622 = EDGE_CURVE('',#615,#581,#623,.T.);
#623 = LINE('',#624,#625);
#624 = CARTESIAN_POINT('',(174.55,181.89840835294,8.));
#625 = VECTOR('',#626,1.);
#626 = DIRECTION('',(-2.22044604925E-16,-1.,2.22044604925E-16));
#627 = FACE_BOUND('',#628,.F.);
#628 = EDGE_LOOP('',(#629,#639,#647,#655));
#629 = ORIENTED_EDGE('',*,*,#630,.T.);
#630 = EDGE_CURVE('',#631,#633,#635,.T.);
#631 = VERTEX_POINT('',#632);
#632 = CARTESIAN_POINT('',(167.5,167.75,8.));
#633 = VERTEX_POINT('',#634);
#634 = CARTESIAN_POINT('',(24.,167.75,8.));
#635 = LINE('',#636,#637);
#636 = CARTESIAN_POINT('',(14.,167.75,8.));
#637 = VECTOR('',#638,1.);
#638 = DIRECTION('',(-1.,2.22044604925E-16,2.22044604925E-16));
#639 = ORIENTED_EDGE('',*,*,#640,.T.);
#640 = EDGE_CURVE('',#633,#641,#643,.T.);
#641 = VERTEX_POINT('',#642);
#642 = CARTESIAN_POINT('',(24.,20.,8.));
#643 = LINE('',#644,#645);
#644 = CARTESIAN_POINT('',(24.,177.75,8.));
#645 = VECTOR('',#646,1.);
#646 = DIRECTION('',(-2.22044604925E-16,-1.,2.22044604925E-16));
#647 = ORIENTED_EDGE('',*,*,#648,.F.);
#648 = EDGE_CURVE('',#649,#641,#651,.T.);
#649 = VERTEX_POINT('',#650);
#650 = CARTESIAN_POINT('',(167.5,20.,8.));
#651 = LINE('',#652,#653);
#652 = CARTESIAN_POINT('',(14.,20.,8.));
#653 = VECTOR('',#654,1.);
#654 = DIRECTION('',(-1.,2.22044604925E-16,2.22044604925E-16));
#655 = ORIENTED_EDGE('',*,*,#656,.F.);
#656 = EDGE_CURVE('',#631,#649,#657,.T.);
#657 = LINE('',#658,#659);
#658 = CARTESIAN_POINT('',(167.5,177.75,8.));
#659 = VECTOR('',#660,1.);
#660 = DIRECTION('',(-2.22044604925E-16,-1.,2.22044604925E-16));
#661 = FACE_BOUND('',#662,.F.);
#662 = EDGE_LOOP('',(#663,#673,#681,#689,#697,#705));
#663 = ORIENTED_EDGE('',*,*,#664,.T.);
#664 = EDGE_CURVE('',#665,#667,#669,.T.);
#665 = VERTEX_POINT('',#666);
#666 = CARTESIAN_POINT('',(174.55,92.171816705891,8.));
#667 = VERTEX_POINT('',#668);
#668 = CARTESIAN_POINT('',(177.5,90.468633411781,8.));
#669 = LINE('',#670,#671);
#670 = CARTESIAN_POINT('',(91.375466304934,140.19265612445,8.));
#671 = VECTOR('',#672,1.);
#672 = DIRECTION('',(0.866025403784,-0.5,-8.127396617584E-17));
#673 = ORIENTED_EDGE('',*,*,#674,.T.);
#674 = EDGE_CURVE('',#667,#675,#677,.T.);
#675 = VERTEX_POINT('',#676);
#676 = CARTESIAN_POINT('',(180.45,92.171816705891,8.));
#677 = LINE('',#678,#679);
#678 = CARTESIAN_POINT('',(134.97453369506,65.916543993213,8.));
#679 = VECTOR('',#680,1.);
#680 = DIRECTION('',(0.866025403784,0.5,-3.033185711009E-16));
#681 = ORIENTED_EDGE('',*,*,#682,.T.);
#682 = EDGE_CURVE('',#675,#683,#685,.T.);
#683 = VERTEX_POINT('',#684);
#684 = CARTESIAN_POINT('',(180.45,95.578183294109,8.));
#685 = LINE('',#686,#687);
#686 = CARTESIAN_POINT('',(180.45,141.66409164705,8.));
#687 = VECTOR('',#688,1.);
#688 = DIRECTION('',(2.22044604925E-16,1.,-2.22044604925E-16));
#689 = ORIENTED_EDGE('',*,*,#690,.T.);
#690 = EDGE_CURVE('',#683,#691,#693,.T.);
#691 = VERTEX_POINT('',#692);
#692 = CARTESIAN_POINT('',(177.5,97.281366588219,8.));
#693 = LINE('',#694,#695);
#694 = CARTESIAN_POINT('',(92.850466304934,146.15379765384,8.));
#695 = VECTOR('',#696,1.);
#696 = DIRECTION('',(-0.866025403784,0.5,8.127396617584E-17));
#697 = ORIENTED_EDGE('',*,*,#698,.T.);
#698 = EDGE_CURVE('',#691,#699,#701,.T.);
#699 = VERTEX_POINT('',#700);
#700 = CARTESIAN_POINT('',(174.55,95.578183294109,8.));
#701 = LINE('',#702,#703);
#702 = CARTESIAN_POINT('',(130.54953369506,70.174502228487,8.));
#703 = VECTOR('',#704,1.);
#704 = DIRECTION('',(-0.866025403784,-0.5,3.033185711009E-16));
#705 = ORIENTED_EDGE('',*,*,#706,.T.);
#706 = EDGE_CURVE('',#699,#665,#707,.T.);
#707 = LINE('',#708,#709);
#708 = CARTESIAN_POINT('',(174.55,139.96090835294,8.));
#709 = VECTOR('',#710,1.);
#710 = DIRECTION('',(-2.22044604925E-16,-1.,2.22044604925E-16));
#711 = FACE_BOUND('',#712,.F.);
#712 = EDGE_LOOP('',(#713,#723,#731,#739,#747,#755));
#713 = ORIENTED_EDGE('',*,*,#714,.T.);
#714 = EDGE_CURVE('',#715,#717,#719,.T.);
#715 = VERTEX_POINT('',#716);
#716 = CARTESIAN_POINT('',(11.05,8.296816705891,8.));
#717 = VERTEX_POINT('',#718);
#718 = CARTESIAN_POINT('',(14.,6.593633411781,8.));
#719 = LINE('',#720,#721);
#720 = CARTESIAN_POINT('',(-28.97150388067,31.403242744769,8.));
#721 = VECTOR('',#722,1.);
#722 = DIRECTION('',(0.866025403784,-0.5,-8.127396617584E-17));
#723 = ORIENTED_EDGE('',*,*,#724,.T.);
#724 = EDGE_CURVE('',#717,#725,#727,.T.);
#725 = VERTEX_POINT('',#726);
#726 = CARTESIAN_POINT('',(16.95,8.296816705891,8.));
#727 = LINE('',#728,#729);
#728 = CARTESIAN_POINT('',(50.946503880671,27.924707372902,8.));
#729 = VECTOR('',#730,1.);
#730 = DIRECTION('',(0.866025403784,0.5,-3.033185711009E-16));
#731 = ORIENTED_EDGE('',*,*,#732,.T.);
#732 = EDGE_CURVE('',#725,#733,#735,.T.);
#733 = VERTEX_POINT('',#734);
#734 = CARTESIAN_POINT('',(16.95,11.703183294109,8.));
#735 = LINE('',#736,#737);
#736 = CARTESIAN_POINT('',(16.95,99.726591647055,8.));
#737 = VECTOR('',#738,1.);
#738 = DIRECTION('',(-2.994368015519E-16,1.,-2.22044604925E-16));
#739 = ORIENTED_EDGE('',*,*,#740,.T.);
#740 = EDGE_CURVE('',#733,#741,#743,.T.);
#741 = VERTEX_POINT('',#742);
#742 = CARTESIAN_POINT('',(14.,13.406366588219,8.));
#743 = LINE('',#744,#745);
#744 = CARTESIAN_POINT('',(-27.49650388067,37.364384274152,8.));
#745 = VECTOR('',#746,1.);
#746 = DIRECTION('',(-0.866025403784,0.5,8.127396617584E-17));
#747 = ORIENTED_EDGE('',*,*,#748,.T.);
#748 = EDGE_CURVE('',#741,#749,#751,.T.);
#749 = VERTEX_POINT('',#750);
#750 = CARTESIAN_POINT('',(11.05,11.703183294109,8.));
#751 = LINE('',#752,#753);
#752 = CARTESIAN_POINT('',(46.521503880671,32.182665608175,8.));
#753 = VECTOR('',#754,1.);
#754 = DIRECTION('',(-0.866025403784,-0.5,3.033185711009E-16));
#755 = ORIENTED_EDGE('',*,*,#756,.T.);
#756 = EDGE_CURVE('',#749,#715,#757,.T.);
#757 = LINE('',#758,#759);
#758 = CARTESIAN_POINT('',(11.05,98.023408352945,8.));
#759 = VECTOR('',#760,1.);
#760 = DIRECTION('',(-4.827853081635E-16,-1.,2.22044604925E-16));
#761 = FACE_BOUND('',#762,.F.);
#762 = EDGE_LOOP('',(#763,#773,#781,#789,#797,#805));
#763 = ORIENTED_EDGE('',*,*,#764,.T.);
#764 = EDGE_CURVE('',#765,#767,#769,.T.);
#765 = VERTEX_POINT('',#766);
#766 = CARTESIAN_POINT('',(92.8,8.296816705891,8.));
#767 = VERTEX_POINT('',#768);
#768 = CARTESIAN_POINT('',(95.75,6.593633411781,8.));
#769 = LINE('',#770,#771);
#770 = CARTESIAN_POINT('',(22.122246119329,49.102636934614,8.));
#771 = VECTOR('',#772,1.);
#772 = DIRECTION('',(0.866025403784,-0.5,-8.127396617584E-17));
#773 = ORIENTED_EDGE('',*,*,#774,.T.);
#774 = EDGE_CURVE('',#767,#775,#777,.T.);
#775 = VERTEX_POINT('',#776);
#776 = CARTESIAN_POINT('',(98.7,8.296816705891,8.));
#777 = LINE('',#778,#779);
#778 = CARTESIAN_POINT('',(102.04025388067,10.225313183057,8.));
#779 = VECTOR('',#780,1.);
#780 = DIRECTION('',(0.866025403784,0.5,-3.033185711009E-16));
#781 = ORIENTED_EDGE('',*,*,#782,.T.);
#782 = EDGE_CURVE('',#775,#783,#785,.T.);
#783 = VERTEX_POINT('',#784);
#784 = CARTESIAN_POINT('',(98.7,11.703183294109,8.));
#785 = LINE('',#786,#787);
#786 = CARTESIAN_POINT('',(98.7,99.726591647055,8.));
#787 = VECTOR('',#788,1.);
#788 = DIRECTION('',(2.22044604925E-16,1.,-2.22044604925E-16));
#789 = ORIENTED_EDGE('',*,*,#790,.T.);
#790 = EDGE_CURVE('',#783,#791,#793,.T.);
#791 = VERTEX_POINT('',#792);
#792 = CARTESIAN_POINT('',(95.75,13.406366588219,8.));
#793 = LINE('',#794,#795);
#794 = CARTESIAN_POINT('',(23.597246119329,55.063778463997,8.));
#795 = VECTOR('',#796,1.);
#796 = DIRECTION('',(-0.866025403784,0.5,8.127396617584E-17));
#797 = ORIENTED_EDGE('',*,*,#798,.T.);
#798 = EDGE_CURVE('',#791,#799,#801,.T.);
#799 = VERTEX_POINT('',#800);
#800 = CARTESIAN_POINT('',(92.8,11.703183294109,8.));
#801 = LINE('',#802,#803);
#802 = CARTESIAN_POINT('',(97.615253880671,14.483271418331,8.));
#803 = VECTOR('',#804,1.);
#804 = DIRECTION('',(-0.866025403784,-0.5,3.033185711009E-16));
#805 = ORIENTED_EDGE('',*,*,#806,.T.);
#806 = EDGE_CURVE('',#799,#765,#807,.T.);
#807 = LINE('',#808,#809);
#808 = CARTESIAN_POINT('',(92.8,98.023408352945,8.));
#809 = VECTOR('',#810,1.);
#810 = DIRECTION('',(-2.22044604925E-16,-1.,2.22044604925E-16));
#811 = FACE_BOUND('',#812,.F.);
#812 = EDGE_LOOP('',(#813,#823,#831,#839,#847,#855));
#813 = ORIENTED_EDGE('',*,*,#814,.T.);
#814 = EDGE_CURVE('',#815,#817,#819,.T.);
#815 = VERTEX_POINT('',#816);
#816 = CARTESIAN_POINT('',(174.55,8.296816705891,8.));
#817 = VERTEX_POINT('',#818);
#818 = CARTESIAN_POINT('',(177.5,6.593633411781,8.));
#819 = LINE('',#820,#821);
#820 = CARTESIAN_POINT('',(73.215996119329,66.802031124458,8.));
#821 = VECTOR('',#822,1.);
#822 = DIRECTION('',(0.866025403784,-0.5,-8.127396617584E-17));
#823 = ORIENTED_EDGE('',*,*,#824,.T.);
#824 = EDGE_CURVE('',#817,#825,#827,.T.);
#825 = VERTEX_POINT('',#826);
#826 = CARTESIAN_POINT('',(180.45,8.296816705891,8.));
#827 = LINE('',#828,#829);
#828 = CARTESIAN_POINT('',(153.13400388067,-7.474081006787,8.));
#829 = VECTOR('',#830,1.);
#830 = DIRECTION('',(0.866025403784,0.5,-3.033185711009E-16));
#831 = ORIENTED_EDGE('',*,*,#832,.T.);
#832 = EDGE_CURVE('',#825,#833,#835,.T.);
#833 = VERTEX_POINT('',#834);
#834 = CARTESIAN_POINT('',(180.45,11.703183294109,8.));
#835 = LINE('',#836,#837);
#836 = CARTESIAN_POINT('',(180.45,99.726591647055,8.));
#837 = VECTOR('',#838,1.);
#838 = DIRECTION('',(2.22044604925E-16,1.,-2.22044604925E-16));
#839 = ORIENTED_EDGE('',*,*,#840,.T.);
#840 = EDGE_CURVE('',#833,#841,#843,.T.);
#841 = VERTEX_POINT('',#842);
#842 = CARTESIAN_POINT('',(177.5,13.406366588219,8.));
#843 = LINE('',#844,#845);
#844 = CARTESIAN_POINT('',(74.690996119329,72.763172653841,8.));
#845 = VECTOR('',#846,1.);
#846 = DIRECTION('',(-0.866025403784,0.5,8.127396617584E-17));
#847 = ORIENTED_EDGE('',*,*,#848,.T.);
#848 = EDGE_CURVE('',#841,#849,#851,.T.);
#849 = VERTEX_POINT('',#850);
#850 = CARTESIAN_POINT('',(174.55,11.703183294109,8.));
#851 = LINE('',#852,#853);
#852 = CARTESIAN_POINT('',(148.70900388067,-3.216122771513,8.));
#853 = VECTOR('',#854,1.);
#854 = DIRECTION('',(-0.866025403784,-0.5,3.033185711009E-16));
#855 = ORIENTED_EDGE('',*,*,#856,.T.);
#856 = EDGE_CURVE('',#849,#815,#857,.T.);
#857 = LINE('',#858,#859);
#858 = CARTESIAN_POINT('',(174.55,98.023408352945,8.));
#859 = VECTOR('',#860,1.);
#860 = DIRECTION('',(-2.22044604925E-16,-1.,2.22044604925E-16));
#861 = PLANE('',#862);
#862 = AXIS2_PLACEMENT_3D('',#863,#864,#865);
#863 = CARTESIAN_POINT('',(4.,187.75,8.));
#864 = DIRECTION('',(-2.22044604925E-16,-2.22044604925E-16,-1.));
#865 = DIRECTION('',(1.,-2.22044604925E-16,-2.22044604925E-16));
#866 = ADVANCED_FACE('',(#867,#878),#912,.F.);
#867 = FACE_BOUND('',#868,.F.);
#868 = EDGE_LOOP('',(#869,#870,#871,#872));
#869 = ORIENTED_EDGE('',*,*,#406,.F.);
#870 = ORIENTED_EDGE('',*,*,#31,.T.);
#871 = ORIENTED_EDGE('',*,*,#110,.T.);
#872 = ORIENTED_EDGE('',*,*,#873,.F.);
#873 = EDGE_CURVE('',#407,#111,#874,.T.);
#874 = LINE('',#875,#876);
#875 = CARTESIAN_POINT('',(187.5,187.75,8.));
#876 = VECTOR('',#877,1.);
#877 = DIRECTION('',(-2.22044604925E-16,-2.22044604925E-16,-1.));
#878 = FACE_BOUND('',#879,.F.);
#879 = EDGE_LOOP('',(#880,#890,#898,#906));
#880 = ORIENTED_EDGE('',*,*,#881,.F.);
#881 = EDGE_CURVE('',#882,#884,#886,.T.);
#882 = VERTEX_POINT('',#883);
#883 = CARTESIAN_POINT('',(32.,187.75,2.));
#884 = VERTEX_POINT('',#885);
#885 = CARTESIAN_POINT('',(159.5,187.75,2.));
#886 = LINE('',#887,#888);
#887 = CARTESIAN_POINT('',(18.,187.75,2.));
#888 = VECTOR('',#889,1.);
#889 = DIRECTION('',(1.,-2.22044604925E-16,-2.22044604925E-16));
#890 = ORIENTED_EDGE('',*,*,#891,.T.);
#891 = EDGE_CURVE('',#882,#892,#894,.T.);
#892 = VERTEX_POINT('',#893);
#893 = CARTESIAN_POINT('',(32.,187.75,6.));
#894 = LINE('',#895,#896);
#895 = CARTESIAN_POINT('',(32.,187.75,7.));
#896 = VECTOR('',#897,1.);
#897 = DIRECTION('',(2.22044604925E-16,2.22044604925E-16,1.));
#898 = ORIENTED_EDGE('',*,*,#899,.T.);
#899 = EDGE_CURVE('',#892,#900,#902,.T.);
#900 = VERTEX_POINT('',#901);
#901 = CARTESIAN_POINT('',(159.5,187.75,6.));
#902 = LINE('',#903,#904);
#903 = CARTESIAN_POINT('',(18.,187.75,6.));
#904 = VECTOR('',#905,1.);
#905 = DIRECTION('',(1.,-2.22044604925E-16,-2.22044604925E-16));
#906 = ORIENTED_EDGE('',*,*,#907,.F.);
#907 = EDGE_CURVE('',#884,#900,#908,.T.);
#908 = LINE('',#909,#910);
#909 = CARTESIAN_POINT('',(159.5,187.75,7.));
#910 = VECTOR('',#911,1.);
#911 = DIRECTION('',(2.22044604925E-16,2.22044604925E-16,1.));
#912 = PLANE('',#913);
#913 = AXIS2_PLACEMENT_3D('',#914,#915,#916);
#914 = CARTESIAN_POINT('',(4.,187.75,8.));
#915 = DIRECTION('',(-2.22044604925E-16,-1.,2.22044604925E-16));
#916 = DIRECTION('',(-2.22044604925E-16,-2.22044604925E-16,-1.));
#917 = ADVANCED_FACE('',(#918),#977,.T.);
#918 = FACE_BOUND('',#919,.T.);
#919 = EDGE_LOOP('',(#920,#921,#922,#923,#931,#939,#947,#955,#963,#971)
  );
#920 = ORIENTED_EDGE('',*,*,#118,.F.);
#921 = ORIENTED_EDGE('',*,*,#873,.F.);
#922 = ORIENTED_EDGE('',*,*,#414,.T.);
#923 = ORIENTED_EDGE('',*,*,#924,.T.);
#924 = EDGE_CURVE('',#415,#925,#927,.T.);
#925 = VERTEX_POINT('',#926);
#926 = CARTESIAN_POINT('',(187.5,0.,6.));
#927 = LINE('',#928,#929);
#928 = CARTESIAN_POINT('',(187.5,2.84217094304E-14,8.));
#929 = VECTOR('',#930,1.);
#930 = DIRECTION('',(-2.22044604925E-16,-2.22044604925E-16,-1.));
#931 = ORIENTED_EDGE('',*,*,#932,.T.);
#932 = EDGE_CURVE('',#925,#933,#935,.T.);
#933 = VERTEX_POINT('',#934);
#934 = CARTESIAN_POINT('',(187.5,171.1,6.));
#935 = LINE('',#936,#937);
#936 = CARTESIAN_POINT('',(187.5,179.625,6.));
#937 = VECTOR('',#938,1.);
#938 = DIRECTION('',(2.22044604925E-16,1.,-2.22044604925E-16));
#939 = ORIENTED_EDGE('',*,*,#940,.F.);
#940 = EDGE_CURVE('',#941,#933,#943,.T.);
#941 = VERTEX_POINT('',#942);
#942 = CARTESIAN_POINT('',(187.5,171.35,5.75));
#943 = LINE('',#944,#945);
#944 = CARTESIAN_POINT('',(187.5,174.8625,2.2375));
#945 = VECTOR('',#946,1.);
#946 = DIRECTION('',(2.785665071562E-30,-0.707106781187,0.707106781187)
  );
#947 = ORIENTED_EDGE('',*,*,#948,.T.);
#948 = EDGE_CURVE('',#941,#949,#951,.T.);
#949 = VERTEX_POINT('',#950);
#950 = CARTESIAN_POINT('',(187.5,171.35,2.25));
#951 = LINE('',#952,#953);
#952 = CARTESIAN_POINT('',(187.5,171.35,7.));
#953 = VECTOR('',#954,1.);
#954 = DIRECTION('',(-2.22044604925E-16,-2.171302217997E-16,-1.));
#955 = ORIENTED_EDGE('',*,*,#956,.T.);
#956 = EDGE_CURVE('',#949,#957,#959,.T.);
#957 = VERTEX_POINT('',#958);
#958 = CARTESIAN_POINT('',(187.5,171.1,2.));
#959 = LINE('',#960,#961);
#960 = CARTESIAN_POINT('',(187.5,176.8625,7.7625));
#961 = VECTOR('',#962,1.);
#962 = DIRECTION('',(-3.140184917368E-16,-0.707106781187,-0.707106781187
    ));
#963 = ORIENTED_EDGE('',*,*,#964,.F.);
#964 = EDGE_CURVE('',#965,#957,#967,.T.);
#965 = VERTEX_POINT('',#966);
#966 = CARTESIAN_POINT('',(187.5,0.,2.));
#967 = LINE('',#968,#969);
#968 = CARTESIAN_POINT('',(187.5,179.625,2.));
#969 = VECTOR('',#970,1.);
#970 = DIRECTION('',(2.22044604925E-16,1.,-2.22044604925E-16));
#971 = ORIENTED_EDGE('',*,*,#972,.T.);
#972 = EDGE_CURVE('',#965,#119,#973,.T.);
#973 = LINE('',#974,#975);
#974 = CARTESIAN_POINT('',(187.5,2.84217094304E-14,8.));
#975 = VECTOR('',#976,1.);
#976 = DIRECTION('',(-2.22044604925E-16,-2.22044604925E-16,-1.));
#977 = PLANE('',#978);
#978 = AXIS2_PLACEMENT_3D('',#979,#980,#981);
#979 = CARTESIAN_POINT('',(187.5,187.75,8.));
#980 = DIRECTION('',(1.,-2.22044604925E-16,-2.22044604925E-16));
#981 = DIRECTION('',(-2.22044604925E-16,-2.22044604925E-16,-1.));
#982 = ADVANCED_FACE('',(#983),#1002,.F.);
#983 = FACE_BOUND('',#984,.F.);
#984 = EDGE_LOOP('',(#985,#993,#994,#995));
#985 = ORIENTED_EDGE('',*,*,#986,.T.);
#986 = EDGE_CURVE('',#987,#135,#989,.T.);
#987 = VERTEX_POINT('',#988);
#988 = CARTESIAN_POINT('',(15.8,177.75,1.8));
#989 = LINE('',#990,#991);
#990 = CARTESIAN_POINT('',(15.8,177.75,9.));
#991 = VECTOR('',#992,1.);
#992 = DIRECTION('',(-2.22044604925E-16,-2.22044604925E-16,-1.));
#993 = ORIENTED_EDGE('',*,*,#134,.F.);
#994 = ORIENTED_EDGE('',*,*,#986,.F.);
#995 = ORIENTED_EDGE('',*,*,#996,.T.);
#996 = EDGE_CURVE('',#987,#987,#997,.T.);
#997 = CIRCLE('',#998,1.8);
#998 = AXIS2_PLACEMENT_3D('',#999,#1000,#1001);
#999 = CARTESIAN_POINT('',(14.,177.75,1.8));
#1000 = DIRECTION('',(-2.22044604925E-16,-2.22044604925E-16,-1.));
#1001 = DIRECTION('',(1.,-2.22044604925E-16,-2.22044604925E-16));
#1002 = CYLINDRICAL_SURFACE('',#1003,1.8);
#1003 = AXIS2_PLACEMENT_3D('',#1004,#1005,#1006);
#1004 = CARTESIAN_POINT('',(14.,177.75,9.));
#1005 = DIRECTION('',(-2.22044604925E-16,-2.22044604925E-16,-1.));
#1006 = DIRECTION('',(1.,-2.22044604925E-16,-2.22044604925E-16));
#1007 = ADVANCED_FACE('',(#1008),#1027,.F.);
#1008 = FACE_BOUND('',#1009,.F.);
#1009 = EDGE_LOOP('',(#1010,#1018,#1019,#1020));
#1010 = ORIENTED_EDGE('',*,*,#1011,.T.);
#1011 = EDGE_CURVE('',#1012,#146,#1014,.T.);
#1012 = VERTEX_POINT('',#1013);
#1013 = CARTESIAN_POINT('',(97.55,177.75,1.8));
#1014 = LINE('',#1015,#1016);
#1015 = CARTESIAN_POINT('',(97.55,177.75,9.));
#1016 = VECTOR('',#1017,1.);
#1017 = DIRECTION('',(-2.22044604925E-16,-2.22044604925E-16,-1.));
#1018 = ORIENTED_EDGE('',*,*,#145,.F.);
#1019 = ORIENTED_EDGE('',*,*,#1011,.F.);
#1020 = ORIENTED_EDGE('',*,*,#1021,.T.);
#1021 = EDGE_CURVE('',#1012,#1012,#1022,.T.);
#1022 = CIRCLE('',#1023,1.8);
#1023 = AXIS2_PLACEMENT_3D('',#1024,#1025,#1026);
#1024 = CARTESIAN_POINT('',(95.75,177.75,1.8));
#1025 = DIRECTION('',(-2.22044604925E-16,-2.22044604925E-16,-1.));
#1026 = DIRECTION('',(1.,-2.22044604925E-16,-2.22044604925E-16));
#1027 = CYLINDRICAL_SURFACE('',#1028,1.8);
#1028 = AXIS2_PLACEMENT_3D('',#1029,#1030,#1031);
#1029 = CARTESIAN_POINT('',(95.75,177.75,9.));
#1030 = DIRECTION('',(-2.22044604925E-16,-2.22044604925E-16,-1.));
#1031 = DIRECTION('',(1.,-2.22044604925E-16,-2.22044604925E-16));
#1032 = ADVANCED_FACE('',(#1033),#1052,.F.);
#1033 = FACE_BOUND('',#1034,.F.);
#1034 = EDGE_LOOP('',(#1035,#1043,#1044,#1045));
#1035 = ORIENTED_EDGE('',*,*,#1036,.T.);
#1036 = EDGE_CURVE('',#1037,#157,#1039,.T.);
#1037 = VERTEX_POINT('',#1038);
#1038 = CARTESIAN_POINT('',(15.8,93.875,1.8));
#1039 = LINE('',#1040,#1041);
#1040 = CARTESIAN_POINT('',(15.8,93.875,9.));
#1041 = VECTOR('',#1042,1.);
#1042 = DIRECTION('',(-2.22044604925E-16,-2.22044604925E-16,-1.));
#1043 = ORIENTED_EDGE('',*,*,#156,.F.);
#1044 = ORIENTED_EDGE('',*,*,#1036,.F.);
#1045 = ORIENTED_EDGE('',*,*,#1046,.T.);
#1046 = EDGE_CURVE('',#1037,#1037,#1047,.T.);
#1047 = CIRCLE('',#1048,1.8);
#1048 = AXIS2_PLACEMENT_3D('',#1049,#1050,#1051);
#1049 = CARTESIAN_POINT('',(14.,93.875,1.8));
#1050 = DIRECTION('',(-2.22044604925E-16,-2.22044604925E-16,-1.));
#1051 = DIRECTION('',(1.,-2.22044604925E-16,-2.22044604925E-16));
#1052 = CYLINDRICAL_SURFACE('',#1053,1.8);
#1053 = AXIS2_PLACEMENT_3D('',#1054,#1055,#1056);
#1054 = CARTESIAN_POINT('',(14.,93.875,9.));
#1055 = DIRECTION('',(-2.22044604925E-16,-2.22044604925E-16,-1.));
#1056 = DIRECTION('',(1.,-2.22044604925E-16,-2.22044604925E-16));
#1057 = ADVANCED_FACE('',(#1058),#1074,.T.);
#1058 = FACE_BOUND('',#1059,.T.);
#1059 = EDGE_LOOP('',(#1060,#1066,#1067,#1073));
#1060 = ORIENTED_EDGE('',*,*,#1061,.F.);
#1061 = EDGE_CURVE('',#631,#168,#1062,.T.);
#1062 = LINE('',#1063,#1064);
#1063 = CARTESIAN_POINT('',(167.5,167.75,9.));
#1064 = VECTOR('',#1065,1.);
#1065 = DIRECTION('',(-2.22044604925E-16,-2.22044604925E-16,-1.));
#1066 = ORIENTED_EDGE('',*,*,#630,.T.);
#1067 = ORIENTED_EDGE('',*,*,#1068,.T.);
#1068 = EDGE_CURVE('',#633,#170,#1069,.T.);
#1069 = LINE('',#1070,#1071);
#1070 = CARTESIAN_POINT('',(24.,167.75,9.));
#1071 = VECTOR('',#1072,1.);
#1072 = DIRECTION('',(-2.22044604925E-16,-2.22044604925E-16,-1.));
#1073 = ORIENTED_EDGE('',*,*,#167,.F.);
#1074 = PLANE('',#1075);
#1075 = AXIS2_PLACEMENT_3D('',#1076,#1077,#1078);
#1076 = CARTESIAN_POINT('',(24.,167.75,9.));
#1077 = DIRECTION('',(-2.22044604925E-16,-1.,2.22044604925E-16));
#1078 = DIRECTION('',(-2.22044604925E-16,-2.22044604925E-16,-1.));
#1079 = ADVANCED_FACE('',(#1080),#1091,.F.);
#1080 = FACE_BOUND('',#1081,.F.);
#1081 = EDGE_LOOP('',(#1082,#1083,#1084,#1090));
#1082 = ORIENTED_EDGE('',*,*,#1061,.F.);
#1083 = ORIENTED_EDGE('',*,*,#656,.T.);
#1084 = ORIENTED_EDGE('',*,*,#1085,.T.);
#1085 = EDGE_CURVE('',#649,#186,#1086,.T.);
#1086 = LINE('',#1087,#1088);
#1087 = CARTESIAN_POINT('',(167.5,20.,9.));
#1088 = VECTOR('',#1089,1.);
#1089 = DIRECTION('',(-2.22044604925E-16,-2.22044604925E-16,-1.));
#1090 = ORIENTED_EDGE('',*,*,#193,.F.);
#1091 = PLANE('',#1092);
#1092 = AXIS2_PLACEMENT_3D('',#1093,#1094,#1095);
#1093 = CARTESIAN_POINT('',(167.5,167.75,9.));
#1094 = DIRECTION('',(1.,-2.22044604925E-16,-2.22044604925E-16));
#1095 = DIRECTION('',(-2.22044604925E-16,-2.22044604925E-16,-1.));
#1096 = ADVANCED_FACE('',(#1097),#1108,.T.);
#1097 = FACE_BOUND('',#1098,.T.);
#1098 = EDGE_LOOP('',(#1099,#1100,#1101,#1107));
#1099 = ORIENTED_EDGE('',*,*,#1068,.F.);
#1100 = ORIENTED_EDGE('',*,*,#640,.T.);
#1101 = ORIENTED_EDGE('',*,*,#1102,.T.);
#1102 = EDGE_CURVE('',#641,#178,#1103,.T.);
#1103 = LINE('',#1104,#1105);
#1104 = CARTESIAN_POINT('',(24.,20.,9.));
#1105 = VECTOR('',#1106,1.);
#1106 = DIRECTION('',(-2.22044604925E-16,-2.22044604925E-16,-1.));
#1107 = ORIENTED_EDGE('',*,*,#177,.F.);
#1108 = PLANE('',#1109);
#1109 = AXIS2_PLACEMENT_3D('',#1110,#1111,#1112);
#1110 = CARTESIAN_POINT('',(24.,167.75,9.));
#1111 = DIRECTION('',(1.,-2.22044604925E-16,-2.22044604925E-16));
#1112 = DIRECTION('',(-2.22044604925E-16,-2.22044604925E-16,-1.));
#1113 = ADVANCED_FACE('',(#1114),#1120,.F.);
#1114 = FACE_BOUND('',#1115,.F.);
#1115 = EDGE_LOOP('',(#1116,#1117,#1118,#1119));
#1116 = ORIENTED_EDGE('',*,*,#1085,.F.);
#1117 = ORIENTED_EDGE('',*,*,#648,.T.);
#1118 = ORIENTED_EDGE('',*,*,#1102,.T.);
#1119 = ORIENTED_EDGE('',*,*,#185,.F.);
#1120 = PLANE('',#1121);
#1121 = AXIS2_PLACEMENT_3D('',#1122,#1123,#1124);
#1122 = CARTESIAN_POINT('',(24.,20.,9.));
#1123 = DIRECTION('',(-2.22044604925E-16,-1.,2.22044604925E-16));
#1124 = DIRECTION('',(-2.22044604925E-16,-2.22044604925E-16,-1.));
#1125 = ADVANCED_FACE('',(#1126),#1145,.F.);
#1126 = FACE_BOUND('',#1127,.F.);
#1127 = EDGE_LOOP('',(#1128,#1136,#1137,#1138));
#1128 = ORIENTED_EDGE('',*,*,#1129,.T.);
#1129 = EDGE_CURVE('',#1130,#202,#1132,.T.);
#1130 = VERTEX_POINT('',#1131);
#1131 = CARTESIAN_POINT('',(179.3,177.75,1.8));
#1132 = LINE('',#1133,#1134);
#1133 = CARTESIAN_POINT('',(179.3,177.75,9.));
#1134 = VECTOR('',#1135,1.);
#1135 = DIRECTION('',(-2.22044604925E-16,-2.22044604925E-16,-1.));
#1136 = ORIENTED_EDGE('',*,*,#201,.F.);
#1137 = ORIENTED_EDGE('',*,*,#1129,.F.);
#1138 = ORIENTED_EDGE('',*,*,#1139,.T.);
#1139 = EDGE_CURVE('',#1130,#1130,#1140,.T.);
#1140 = CIRCLE('',#1141,1.8);
#1141 = AXIS2_PLACEMENT_3D('',#1142,#1143,#1144);
#1142 = CARTESIAN_POINT('',(177.5,177.75,1.8));
#1143 = DIRECTION('',(-2.22044604925E-16,-2.22044604925E-16,-1.));
#1144 = DIRECTION('',(1.,-2.22044604925E-16,-2.22044604925E-16));
#1145 = CYLINDRICAL_SURFACE('',#1146,1.8);
#1146 = AXIS2_PLACEMENT_3D('',#1147,#1148,#1149);
#1147 = CARTESIAN_POINT('',(177.5,177.75,9.));
#1148 = DIRECTION('',(-2.22044604925E-16,-2.22044604925E-16,-1.));
#1149 = DIRECTION('',(1.,-2.22044604925E-16,-2.22044604925E-16));
#1150 = ADVANCED_FACE('',(#1151),#1170,.F.);
#1151 = FACE_BOUND('',#1152,.F.);
#1152 = EDGE_LOOP('',(#1153,#1161,#1162,#1163));
#1153 = ORIENTED_EDGE('',*,*,#1154,.T.);
#1154 = EDGE_CURVE('',#1155,#213,#1157,.T.);
#1155 = VERTEX_POINT('',#1156);
#1156 = CARTESIAN_POINT('',(179.3,93.875,1.8));
#1157 = LINE('',#1158,#1159);
#1158 = CARTESIAN_POINT('',(179.3,93.875,9.));
#1159 = VECTOR('',#1160,1.);
#1160 = DIRECTION('',(-2.22044604925E-16,-2.22044604925E-16,-1.));
#1161 = ORIENTED_EDGE('',*,*,#212,.F.);
#1162 = ORIENTED_EDGE('',*,*,#1154,.F.);
#1163 = ORIENTED_EDGE('',*,*,#1164,.T.);
#1164 = EDGE_CURVE('',#1155,#1155,#1165,.T.);
#1165 = CIRCLE('',#1166,1.8);
#1166 = AXIS2_PLACEMENT_3D('',#1167,#1168,#1169);
#1167 = CARTESIAN_POINT('',(177.5,93.875,1.8));
#1168 = DIRECTION('',(-2.22044604925E-16,-2.22044604925E-16,-1.));
#1169 = DIRECTION('',(1.,-2.22044604925E-16,-2.22044604925E-16));
#1170 = CYLINDRICAL_SURFACE('',#1171,1.8);
#1171 = AXIS2_PLACEMENT_3D('',#1172,#1173,#1174);
#1172 = CARTESIAN_POINT('',(177.5,93.875,9.));
#1173 = DIRECTION('',(-2.22044604925E-16,-2.22044604925E-16,-1.));
#1174 = DIRECTION('',(1.,-2.22044604925E-16,-2.22044604925E-16));
#1175 = ADVANCED_FACE('',(#1176),#1195,.F.);
#1176 = FACE_BOUND('',#1177,.F.);
#1177 = EDGE_LOOP('',(#1178,#1186,#1187,#1188));
#1178 = ORIENTED_EDGE('',*,*,#1179,.T.);
#1179 = EDGE_CURVE('',#1180,#224,#1182,.T.);
#1180 = VERTEX_POINT('',#1181);
#1181 = CARTESIAN_POINT('',(15.8,10.,1.8));
#1182 = LINE('',#1183,#1184);
#1183 = CARTESIAN_POINT('',(15.8,10.,9.));
#1184 = VECTOR('',#1185,1.);
#1185 = DIRECTION('',(-2.22044604925E-16,-2.22044604925E-16,-1.));
#1186 = ORIENTED_EDGE('',*,*,#223,.F.);
#1187 = ORIENTED_EDGE('',*,*,#1179,.F.);
#1188 = ORIENTED_EDGE('',*,*,#1189,.T.);
#1189 = EDGE_CURVE('',#1180,#1180,#1190,.T.);
#1190 = CIRCLE('',#1191,1.8);
#1191 = AXIS2_PLACEMENT_3D('',#1192,#1193,#1194);
#1192 = CARTESIAN_POINT('',(14.,10.,1.8));
#1193 = DIRECTION('',(-2.22044604925E-16,-2.22044604925E-16,-1.));
#1194 = DIRECTION('',(1.,-2.22044604925E-16,-2.22044604925E-16));
#1195 = CYLINDRICAL_SURFACE('',#1196,1.8);
#1196 = AXIS2_PLACEMENT_3D('',#1197,#1198,#1199);
#1197 = CARTESIAN_POINT('',(14.,10.,9.));
#1198 = DIRECTION('',(-2.22044604925E-16,-2.22044604925E-16,-1.));
#1199 = DIRECTION('',(1.,-2.22044604925E-16,-2.22044604925E-16));
#1200 = ADVANCED_FACE('',(#1201),#1220,.F.);
#1201 = FACE_BOUND('',#1202,.F.);
#1202 = EDGE_LOOP('',(#1203,#1211,#1212,#1213));
#1203 = ORIENTED_EDGE('',*,*,#1204,.T.);
#1204 = EDGE_CURVE('',#1205,#235,#1207,.T.);
#1205 = VERTEX_POINT('',#1206);
#1206 = CARTESIAN_POINT('',(97.55,10.,1.8));
#1207 = LINE('',#1208,#1209);
#1208 = CARTESIAN_POINT('',(97.55,10.,9.));
#1209 = VECTOR('',#1210,1.);
#1210 = DIRECTION('',(-2.22044604925E-16,-2.22044604925E-16,-1.));
#1211 = ORIENTED_EDGE('',*,*,#234,.F.);
#1212 = ORIENTED_EDGE('',*,*,#1204,.F.);
#1213 = ORIENTED_EDGE('',*,*,#1214,.T.);
#1214 = EDGE_CURVE('',#1205,#1205,#1215,.T.);
#1215 = CIRCLE('',#1216,1.8);
#1216 = AXIS2_PLACEMENT_3D('',#1217,#1218,#1219);
#1217 = CARTESIAN_POINT('',(95.75,10.,1.8));
#1218 = DIRECTION('',(-2.22044604925E-16,-2.22044604925E-16,-1.));
#1219 = DIRECTION('',(1.,-2.22044604925E-16,-2.22044604925E-16));
#1220 = CYLINDRICAL_SURFACE('',#1221,1.8);
#1221 = AXIS2_PLACEMENT_3D('',#1222,#1223,#1224);
#1222 = CARTESIAN_POINT('',(95.75,10.,9.));
#1223 = DIRECTION('',(-2.22044604925E-16,-2.22044604925E-16,-1.));
#1224 = DIRECTION('',(1.,-2.22044604925E-16,-2.22044604925E-16));
#1225 = ADVANCED_FACE('',(#1226),#1245,.F.);
#1226 = FACE_BOUND('',#1227,.F.);
#1227 = EDGE_LOOP('',(#1228,#1236,#1237,#1238));
#1228 = ORIENTED_EDGE('',*,*,#1229,.T.);
#1229 = EDGE_CURVE('',#1230,#246,#1232,.T.);
#1230 = VERTEX_POINT('',#1231);
#1231 = CARTESIAN_POINT('',(179.3,10.,1.8));
#1232 = LINE('',#1233,#1234);
#1233 = CARTESIAN_POINT('',(179.3,10.,9.));
#1234 = VECTOR('',#1235,1.);
#1235 = DIRECTION('',(-2.22044604925E-16,-2.22044604925E-16,-1.));
#1236 = ORIENTED_EDGE('',*,*,#245,.F.);
#1237 = ORIENTED_EDGE('',*,*,#1229,.F.);
#1238 = ORIENTED_EDGE('',*,*,#1239,.T.);
#1239 = EDGE_CURVE('',#1230,#1230,#1240,.T.);
#1240 = CIRCLE('',#1241,1.8);
#1241 = AXIS2_PLACEMENT_3D('',#1242,#1243,#1244);
#1242 = CARTESIAN_POINT('',(177.5,10.,1.8));
#1243 = DIRECTION('',(-2.22044604925E-16,-2.22044604925E-16,-1.));
#1244 = DIRECTION('',(1.,-2.22044604925E-16,-2.22044604925E-16));
#1245 = CYLINDRICAL_SURFACE('',#1246,1.8);
#1246 = AXIS2_PLACEMENT_3D('',#1247,#1248,#1249);
#1247 = CARTESIAN_POINT('',(177.5,10.,9.));
#1248 = DIRECTION('',(-2.22044604925E-16,-2.22044604925E-16,-1.));
#1249 = DIRECTION('',(1.,-2.22044604925E-16,-2.22044604925E-16));
#1250 = ADVANCED_FACE('',(#1251),#1267,.F.);
#1251 = FACE_BOUND('',#1252,.F.);
#1252 = EDGE_LOOP('',(#1253,#1254,#1260,#1261));
#1253 = ORIENTED_EDGE('',*,*,#262,.F.);
#1254 = ORIENTED_EDGE('',*,*,#1255,.F.);
#1255 = EDGE_CURVE('',#350,#263,#1256,.T.);
#1256 = LINE('',#1257,#1258);
#1257 = CARTESIAN_POINT('',(3.907985046681E-14,171.1,6.));
#1258 = VECTOR('',#1259,1.);
#1259 = DIRECTION('',(-2.22044604925E-16,-2.22044604925E-16,-1.));
#1260 = ORIENTED_EDGE('',*,*,#381,.T.);
#1261 = ORIENTED_EDGE('',*,*,#1262,.T.);
#1262 = EDGE_CURVE('',#382,#265,#1263,.T.);
#1263 = LINE('',#1264,#1265);
#1264 = CARTESIAN_POINT('',(8.881784197001E-16,2.84217094304E-14,6.));
#1265 = VECTOR('',#1266,1.);
#1266 = DIRECTION('',(-2.22044604925E-16,-2.22044604925E-16,-1.));
#1267 = PLANE('',#1268);
#1268 = AXIS2_PLACEMENT_3D('',#1269,#1270,#1271);
#1269 = CARTESIAN_POINT('',(3.907985046681E-14,171.5,6.));
#1270 = DIRECTION('',(1.,-2.22044604925E-16,-2.22044604925E-16));
#1271 = DIRECTION('',(-2.22044604925E-16,-1.,2.22044604925E-16));
#1272 = ADVANCED_FACE('',(#1273),#1284,.T.);
#1273 = FACE_BOUND('',#1274,.F.);
#1274 = EDGE_LOOP('',(#1275,#1276,#1277,#1278));
#1275 = ORIENTED_EDGE('',*,*,#349,.F.);
#1276 = ORIENTED_EDGE('',*,*,#1255,.T.);
#1277 = ORIENTED_EDGE('',*,*,#293,.T.);
#1278 = ORIENTED_EDGE('',*,*,#1279,.F.);
#1279 = EDGE_CURVE('',#352,#294,#1280,.T.);
#1280 = LINE('',#1281,#1282);
#1281 = CARTESIAN_POINT('',(0.4,171.5,6.));
#1282 = VECTOR('',#1283,1.);
#1283 = DIRECTION('',(-2.22044604925E-16,-2.22044604925E-16,-1.));
#1284 = PLANE('',#1285);
#1285 = AXIS2_PLACEMENT_3D('',#1286,#1287,#1288);
#1286 = CARTESIAN_POINT('',(0.2,171.3,6.));
#1287 = DIRECTION('',(-0.707106781187,0.707106781187,-7.642090019329E-31
    ));
#1288 = DIRECTION('',(2.22044604925E-16,2.22044604925E-16,1.));
#1289 = ADVANCED_FACE('',(#1290),#1296,.F.);
#1290 = FACE_BOUND('',#1291,.F.);
#1291 = EDGE_LOOP('',(#1292,#1293,#1294,#1295));
#1292 = ORIENTED_EDGE('',*,*,#367,.F.);
#1293 = ORIENTED_EDGE('',*,*,#1279,.T.);
#1294 = ORIENTED_EDGE('',*,*,#311,.T.);
#1295 = ORIENTED_EDGE('',*,*,#335,.F.);
#1296 = PLANE('',#1297);
#1297 = AXIS2_PLACEMENT_3D('',#1298,#1299,#1300);
#1298 = CARTESIAN_POINT('',(3.907985046681E-14,171.5,6.));
#1299 = DIRECTION('',(-2.22044604925E-16,-1.,2.22044604925E-16));
#1300 = DIRECTION('',(-2.22044604925E-16,-2.22044604925E-16,-1.));
#1301 = ADVANCED_FACE('',(#1302),#1327,.T.);
#1302 = FACE_BOUND('',#1303,.T.);
#1303 = EDGE_LOOP('',(#1304,#1305,#1313,#1321));
#1304 = ORIENTED_EDGE('',*,*,#430,.T.);
#1305 = ORIENTED_EDGE('',*,*,#1306,.T.);
#1306 = EDGE_CURVE('',#433,#1307,#1309,.T.);
#1307 = VERTEX_POINT('',#1308);
#1308 = CARTESIAN_POINT('',(14.,174.34363341178,1.8));
#1309 = LINE('',#1310,#1311);
#1310 = CARTESIAN_POINT('',(14.,174.34363341178,8.1));
#1311 = VECTOR('',#1312,1.);
#1312 = DIRECTION('',(-2.22044604925E-16,-2.22044604925E-16,-1.));
#1313 = ORIENTED_EDGE('',*,*,#1314,.T.);
#1314 = EDGE_CURVE('',#1307,#1315,#1317,.T.);
#1315 = VERTEX_POINT('',#1316);
#1316 = CARTESIAN_POINT('',(11.05,176.04681670589,1.8));
#1317 = LINE('',#1318,#1319);
#1318 = CARTESIAN_POINT('',(14.,174.34363341178,1.8));
#1319 = VECTOR('',#1320,1.);
#1320 = DIRECTION('',(-0.866025403784,0.5,8.127396617584E-17));
#1321 = ORIENTED_EDGE('',*,*,#1322,.F.);
#1322 = EDGE_CURVE('',#431,#1315,#1323,.T.);
#1323 = LINE('',#1324,#1325);
#1324 = CARTESIAN_POINT('',(11.05,176.04681670589,8.1));
#1325 = VECTOR('',#1326,1.);
#1326 = DIRECTION('',(-2.22044604925E-16,-2.22044604925E-16,-1.));
#1327 = PLANE('',#1328);
#1328 = AXIS2_PLACEMENT_3D('',#1329,#1330,#1331);
#1329 = CARTESIAN_POINT('',(14.,174.34363341178,8.1));
#1330 = DIRECTION('',(0.5,0.866025403784,-3.033185711009E-16));
#1331 = DIRECTION('',(-0.866025403784,0.5,8.127396617584E-17));
#1332 = ADVANCED_FACE('',(#1333),#1351,.T.);
#1333 = FACE_BOUND('',#1334,.T.);
#1334 = EDGE_LOOP('',(#1335,#1336,#1337,#1345));
#1335 = ORIENTED_EDGE('',*,*,#472,.T.);
#1336 = ORIENTED_EDGE('',*,*,#1322,.T.);
#1337 = ORIENTED_EDGE('',*,*,#1338,.T.);
#1338 = EDGE_CURVE('',#1315,#1339,#1341,.T.);
#1339 = VERTEX_POINT('',#1340);
#1340 = CARTESIAN_POINT('',(11.05,179.4531832941,1.8));
#1341 = LINE('',#1342,#1343);
#1342 = CARTESIAN_POINT('',(11.05,176.04681670589,1.8));
#1343 = VECTOR('',#1344,1.);
#1344 = DIRECTION('',(4.827853081635E-16,1.,-2.22044604925E-16));
#1345 = ORIENTED_EDGE('',*,*,#1346,.F.);
#1346 = EDGE_CURVE('',#465,#1339,#1347,.T.);
#1347 = LINE('',#1348,#1349);
#1348 = CARTESIAN_POINT('',(11.05,179.4531832941,8.1));
#1349 = VECTOR('',#1350,1.);
#1350 = DIRECTION('',(-2.22044604925E-16,-2.22044604925E-16,-1.));
#1351 = PLANE('',#1352);
#1352 = AXIS2_PLACEMENT_3D('',#1353,#1354,#1355);
#1353 = CARTESIAN_POINT('',(11.05,176.04681670589,8.1));
#1354 = DIRECTION('',(1.,-4.827853081635E-16,-2.22044604925E-16));
#1355 = DIRECTION('',(4.827853081635E-16,1.,-2.22044604925E-16));
#1356 = ADVANCED_FACE('',(#1357),#1375,.T.);
#1357 = FACE_BOUND('',#1358,.T.);
#1358 = EDGE_LOOP('',(#1359,#1360,#1368,#1374));
#1359 = ORIENTED_EDGE('',*,*,#440,.T.);
#1360 = ORIENTED_EDGE('',*,*,#1361,.T.);
#1361 = EDGE_CURVE('',#441,#1362,#1364,.T.);
#1362 = VERTEX_POINT('',#1363);
#1363 = CARTESIAN_POINT('',(16.95,176.04681670589,1.8));
#1364 = LINE('',#1365,#1366);
#1365 = CARTESIAN_POINT('',(16.95,176.04681670589,8.1));
#1366 = VECTOR('',#1367,1.);
#1367 = DIRECTION('',(-2.22044604925E-16,-2.22044604925E-16,-1.));
#1368 = ORIENTED_EDGE('',*,*,#1369,.T.);
#1369 = EDGE_CURVE('',#1362,#1307,#1370,.T.);
#1370 = LINE('',#1371,#1372);
#1371 = CARTESIAN_POINT('',(16.95,176.04681670589,1.8));
#1372 = VECTOR('',#1373,1.);
#1373 = DIRECTION('',(-0.866025403784,-0.5,3.033185711009E-16));
#1374 = ORIENTED_EDGE('',*,*,#1306,.F.);
#1375 = PLANE('',#1376);
#1376 = AXIS2_PLACEMENT_3D('',#1377,#1378,#1379);
#1377 = CARTESIAN_POINT('',(16.95,176.04681670589,8.1));
#1378 = DIRECTION('',(-0.5,0.866025403784,-8.127396617584E-17));
#1379 = DIRECTION('',(-0.866025403784,-0.5,3.033185711009E-16));
#1380 = ADVANCED_FACE('',(#1381),#1399,.T.);
#1381 = FACE_BOUND('',#1382,.T.);
#1382 = EDGE_LOOP('',(#1383,#1384,#1385,#1393));
#1383 = ORIENTED_EDGE('',*,*,#464,.T.);
#1384 = ORIENTED_EDGE('',*,*,#1346,.T.);
#1385 = ORIENTED_EDGE('',*,*,#1386,.T.);
#1386 = EDGE_CURVE('',#1339,#1387,#1389,.T.);
#1387 = VERTEX_POINT('',#1388);
#1388 = CARTESIAN_POINT('',(14.,181.15636658821,1.8));
#1389 = LINE('',#1390,#1391);
#1390 = CARTESIAN_POINT('',(11.05,179.4531832941,1.8));
#1391 = VECTOR('',#1392,1.);
#1392 = DIRECTION('',(0.866025403784,0.5,-3.033185711009E-16));
#1393 = ORIENTED_EDGE('',*,*,#1394,.F.);
#1394 = EDGE_CURVE('',#457,#1387,#1395,.T.);
#1395 = LINE('',#1396,#1397);
#1396 = CARTESIAN_POINT('',(14.,181.15636658821,8.1));
#1397 = VECTOR('',#1398,1.);
#1398 = DIRECTION('',(-2.22044604925E-16,-2.22044604925E-16,-1.));
#1399 = PLANE('',#1400);
#1400 = AXIS2_PLACEMENT_3D('',#1401,#1402,#1403);
#1401 = CARTESIAN_POINT('',(11.05,179.4531832941,8.1));
#1402 = DIRECTION('',(0.5,-0.866025403784,8.127396617584E-17));
#1403 = DIRECTION('',(0.866025403784,0.5,-3.033185711009E-16));
#1404 = ADVANCED_FACE('',(#1405),#1423,.T.);
#1405 = FACE_BOUND('',#1406,.T.);
#1406 = EDGE_LOOP('',(#1407,#1408,#1416,#1422));
#1407 = ORIENTED_EDGE('',*,*,#448,.T.);
#1408 = ORIENTED_EDGE('',*,*,#1409,.T.);
#1409 = EDGE_CURVE('',#449,#1410,#1412,.T.);
#1410 = VERTEX_POINT('',#1411);
#1411 = CARTESIAN_POINT('',(16.95,179.4531832941,1.8));
#1412 = LINE('',#1413,#1414);
#1413 = CARTESIAN_POINT('',(16.95,179.4531832941,8.1));
#1414 = VECTOR('',#1415,1.);
#1415 = DIRECTION('',(-2.22044604925E-16,-2.22044604925E-16,-1.));
#1416 = ORIENTED_EDGE('',*,*,#1417,.T.);
#1417 = EDGE_CURVE('',#1410,#1362,#1418,.T.);
#1418 = LINE('',#1419,#1420);
#1419 = CARTESIAN_POINT('',(16.95,179.4531832941,1.8));
#1420 = VECTOR('',#1421,1.);
#1421 = DIRECTION('',(2.994368015519E-16,-1.,2.22044604925E-16));
#1422 = ORIENTED_EDGE('',*,*,#1361,.F.);
#1423 = PLANE('',#1424);
#1424 = AXIS2_PLACEMENT_3D('',#1425,#1426,#1427);
#1425 = CARTESIAN_POINT('',(16.95,179.4531832941,8.1));
#1426 = DIRECTION('',(-1.,-2.994368015519E-16,2.22044604925E-16));
#1427 = DIRECTION('',(2.994368015519E-16,-1.,2.22044604925E-16));
#1428 = ADVANCED_FACE('',(#1429),#1440,.T.);
#1429 = FACE_BOUND('',#1430,.T.);
#1430 = EDGE_LOOP('',(#1431,#1432,#1433,#1439));
#1431 = ORIENTED_EDGE('',*,*,#456,.T.);
#1432 = ORIENTED_EDGE('',*,*,#1394,.T.);
#1433 = ORIENTED_EDGE('',*,*,#1434,.T.);
#1434 = EDGE_CURVE('',#1387,#1410,#1435,.T.);
#1435 = LINE('',#1436,#1437);
#1436 = CARTESIAN_POINT('',(14.,181.15636658821,1.8));
#1437 = VECTOR('',#1438,1.);
#1438 = DIRECTION('',(0.866025403784,-0.5,-8.127396617584E-17));
#1439 = ORIENTED_EDGE('',*,*,#1409,.F.);
#1440 = PLANE('',#1441);
#1441 = AXIS2_PLACEMENT_3D('',#1442,#1443,#1444);
#1442 = CARTESIAN_POINT('',(14.,181.15636658821,8.1));
#1443 = DIRECTION('',(-0.5,-0.866025403784,3.033185711009E-16));
#1444 = DIRECTION('',(0.866025403784,-0.5,-8.127396617584E-17));
#1445 = ADVANCED_FACE('',(#1446),#1471,.T.);
#1446 = FACE_BOUND('',#1447,.T.);
#1447 = EDGE_LOOP('',(#1448,#1449,#1457,#1465));
#1448 = ORIENTED_EDGE('',*,*,#480,.T.);
#1449 = ORIENTED_EDGE('',*,*,#1450,.T.);
#1450 = EDGE_CURVE('',#483,#1451,#1453,.T.);
#1451 = VERTEX_POINT('',#1452);
#1452 = CARTESIAN_POINT('',(14.,90.468633411781,1.8));
#1453 = LINE('',#1454,#1455);
#1454 = CARTESIAN_POINT('',(14.,90.468633411781,8.1));
#1455 = VECTOR('',#1456,1.);
#1456 = DIRECTION('',(-2.22044604925E-16,-2.22044604925E-16,-1.));
#1457 = ORIENTED_EDGE('',*,*,#1458,.T.);
#1458 = EDGE_CURVE('',#1451,#1459,#1461,.T.);
#1459 = VERTEX_POINT('',#1460);
#1460 = CARTESIAN_POINT('',(11.05,92.171816705891,1.8));
#1461 = LINE('',#1462,#1463);
#1462 = CARTESIAN_POINT('',(14.,90.468633411781,1.8));
#1463 = VECTOR('',#1464,1.);
#1464 = DIRECTION('',(-0.866025403784,0.5,8.127396617584E-17));
#1465 = ORIENTED_EDGE('',*,*,#1466,.F.);
#1466 = EDGE_CURVE('',#481,#1459,#1467,.T.);
#1467 = LINE('',#1468,#1469);
#1468 = CARTESIAN_POINT('',(11.05,92.171816705891,8.1));
#1469 = VECTOR('',#1470,1.);
#1470 = DIRECTION('',(-2.22044604925E-16,-2.22044604925E-16,-1.));
#1471 = PLANE('',#1472);
#1472 = AXIS2_PLACEMENT_3D('',#1473,#1474,#1475);
#1473 = CARTESIAN_POINT('',(14.,90.468633411781,8.1));
#1474 = DIRECTION('',(0.5,0.866025403784,-3.033185711009E-16));
#1475 = DIRECTION('',(-0.866025403784,0.5,8.127396617584E-17));
#1476 = ADVANCED_FACE('',(#1477),#1495,.T.);
#1477 = FACE_BOUND('',#1478,.T.);
#1478 = EDGE_LOOP('',(#1479,#1480,#1481,#1489));
#1479 = ORIENTED_EDGE('',*,*,#522,.T.);
#1480 = ORIENTED_EDGE('',*,*,#1466,.T.);
#1481 = ORIENTED_EDGE('',*,*,#1482,.T.);
#1482 = EDGE_CURVE('',#1459,#1483,#1485,.T.);
#1483 = VERTEX_POINT('',#1484);
#1484 = CARTESIAN_POINT('',(11.05,95.578183294109,1.8));
#1485 = LINE('',#1486,#1487);
#1486 = CARTESIAN_POINT('',(11.05,92.171816705891,1.8));
#1487 = VECTOR('',#1488,1.);
#1488 = DIRECTION('',(4.827853081635E-16,1.,-2.22044604925E-16));
#1489 = ORIENTED_EDGE('',*,*,#1490,.F.);
#1490 = EDGE_CURVE('',#515,#1483,#1491,.T.);
#1491 = LINE('',#1492,#1493);
#1492 = CARTESIAN_POINT('',(11.05,95.578183294109,8.1));
#1493 = VECTOR('',#1494,1.);
#1494 = DIRECTION('',(-2.22044604925E-16,-2.22044604925E-16,-1.));
#1495 = PLANE('',#1496);
#1496 = AXIS2_PLACEMENT_3D('',#1497,#1498,#1499);
#1497 = CARTESIAN_POINT('',(11.05,92.171816705891,8.1));
#1498 = DIRECTION('',(1.,-4.827853081635E-16,-2.22044604925E-16));
#1499 = DIRECTION('',(4.827853081635E-16,1.,-2.22044604925E-16));
#1500 = ADVANCED_FACE('',(#1501),#1519,.T.);
#1501 = FACE_BOUND('',#1502,.T.);
#1502 = EDGE_LOOP('',(#1503,#1504,#1512,#1518));
#1503 = ORIENTED_EDGE('',*,*,#490,.T.);
#1504 = ORIENTED_EDGE('',*,*,#1505,.T.);
#1505 = EDGE_CURVE('',#491,#1506,#1508,.T.);
#1506 = VERTEX_POINT('',#1507);
#1507 = CARTESIAN_POINT('',(16.95,92.171816705891,1.8));
#1508 = LINE('',#1509,#1510);
#1509 = CARTESIAN_POINT('',(16.95,92.171816705891,8.1));
#1510 = VECTOR('',#1511,1.);
#1511 = DIRECTION('',(-2.22044604925E-16,-2.22044604925E-16,-1.));
#1512 = ORIENTED_EDGE('',*,*,#1513,.T.);
#1513 = EDGE_CURVE('',#1506,#1451,#1514,.T.);
#1514 = LINE('',#1515,#1516);
#1515 = CARTESIAN_POINT('',(16.95,92.171816705891,1.8));
#1516 = VECTOR('',#1517,1.);
#1517 = DIRECTION('',(-0.866025403784,-0.5,3.033185711009E-16));
#1518 = ORIENTED_EDGE('',*,*,#1450,.F.);
#1519 = PLANE('',#1520);
#1520 = AXIS2_PLACEMENT_3D('',#1521,#1522,#1523);
#1521 = CARTESIAN_POINT('',(16.95,92.171816705891,8.1));
#1522 = DIRECTION('',(-0.5,0.866025403784,-8.127396617584E-17));
#1523 = DIRECTION('',(-0.866025403784,-0.5,3.033185711009E-16));
#1524 = ADVANCED_FACE('',(#1525),#1543,.T.);
#1525 = FACE_BOUND('',#1526,.T.);
#1526 = EDGE_LOOP('',(#1527,#1528,#1529,#1537));
#1527 = ORIENTED_EDGE('',*,*,#514,.T.);
#1528 = ORIENTED_EDGE('',*,*,#1490,.T.);
#1529 = ORIENTED_EDGE('',*,*,#1530,.T.);
#1530 = EDGE_CURVE('',#1483,#1531,#1533,.T.);
#1531 = VERTEX_POINT('',#1532);
#1532 = CARTESIAN_POINT('',(14.,97.281366588219,1.8));
#1533 = LINE('',#1534,#1535);
#1534 = CARTESIAN_POINT('',(11.05,95.578183294109,1.8));
#1535 = VECTOR('',#1536,1.);
#1536 = DIRECTION('',(0.866025403784,0.5,-3.033185711009E-16));
#1537 = ORIENTED_EDGE('',*,*,#1538,.F.);
#1538 = EDGE_CURVE('',#507,#1531,#1539,.T.);
#1539 = LINE('',#1540,#1541);
#1540 = CARTESIAN_POINT('',(14.,97.281366588219,8.1));
#1541 = VECTOR('',#1542,1.);
#1542 = DIRECTION('',(-2.22044604925E-16,-2.22044604925E-16,-1.));
#1543 = PLANE('',#1544);
#1544 = AXIS2_PLACEMENT_3D('',#1545,#1546,#1547);
#1545 = CARTESIAN_POINT('',(11.05,95.578183294109,8.1));
#1546 = DIRECTION('',(0.5,-0.866025403784,8.127396617584E-17));
#1547 = DIRECTION('',(0.866025403784,0.5,-3.033185711009E-16));
#1548 = ADVANCED_FACE('',(#1549),#1567,.T.);
#1549 = FACE_BOUND('',#1550,.T.);
#1550 = EDGE_LOOP('',(#1551,#1552,#1560,#1566));
#1551 = ORIENTED_EDGE('',*,*,#498,.T.);
#1552 = ORIENTED_EDGE('',*,*,#1553,.T.);
#1553 = EDGE_CURVE('',#499,#1554,#1556,.T.);
#1554 = VERTEX_POINT('',#1555);
#1555 = CARTESIAN_POINT('',(16.95,95.578183294109,1.8));
#1556 = LINE('',#1557,#1558);
#1557 = CARTESIAN_POINT('',(16.95,95.578183294109,8.1));
#1558 = VECTOR('',#1559,1.);
#1559 = DIRECTION('',(-2.22044604925E-16,-2.22044604925E-16,-1.));
#1560 = ORIENTED_EDGE('',*,*,#1561,.T.);
#1561 = EDGE_CURVE('',#1554,#1506,#1562,.T.);
#1562 = LINE('',#1563,#1564);
#1563 = CARTESIAN_POINT('',(16.95,95.578183294109,1.8));
#1564 = VECTOR('',#1565,1.);
#1565 = DIRECTION('',(2.994368015519E-16,-1.,2.22044604925E-16));
#1566 = ORIENTED_EDGE('',*,*,#1505,.F.);
#1567 = PLANE('',#1568);
#1568 = AXIS2_PLACEMENT_3D('',#1569,#1570,#1571);
#1569 = CARTESIAN_POINT('',(16.95,95.578183294109,8.1));
#1570 = DIRECTION('',(-1.,-2.994368015519E-16,2.22044604925E-16));
#1571 = DIRECTION('',(2.994368015519E-16,-1.,2.22044604925E-16));
#1572 = ADVANCED_FACE('',(#1573),#1584,.T.);
#1573 = FACE_BOUND('',#1574,.T.);
#1574 = EDGE_LOOP('',(#1575,#1576,#1577,#1583));
#1575 = ORIENTED_EDGE('',*,*,#506,.T.);
#1576 = ORIENTED_EDGE('',*,*,#1538,.T.);
#1577 = ORIENTED_EDGE('',*,*,#1578,.T.);
#1578 = EDGE_CURVE('',#1531,#1554,#1579,.T.);
#1579 = LINE('',#1580,#1581);
#1580 = CARTESIAN_POINT('',(14.,97.281366588219,1.8));
#1581 = VECTOR('',#1582,1.);
#1582 = DIRECTION('',(0.866025403784,-0.5,-8.127396617584E-17));
#1583 = ORIENTED_EDGE('',*,*,#1553,.F.);
#1584 = PLANE('',#1585);
#1585 = AXIS2_PLACEMENT_3D('',#1586,#1587,#1588);
#1586 = CARTESIAN_POINT('',(14.,97.281366588219,8.1));
#1587 = DIRECTION('',(-0.5,-0.866025403784,3.033185711009E-16));
#1588 = DIRECTION('',(0.866025403784,-0.5,-8.127396617584E-17));
#1589 = ADVANCED_FACE('',(#1590),#1615,.T.);
#1590 = FACE_BOUND('',#1591,.T.);
#1591 = EDGE_LOOP('',(#1592,#1593,#1601,#1609));
#1592 = ORIENTED_EDGE('',*,*,#530,.T.);
#1593 = ORIENTED_EDGE('',*,*,#1594,.T.);
#1594 = EDGE_CURVE('',#533,#1595,#1597,.T.);
#1595 = VERTEX_POINT('',#1596);
#1596 = CARTESIAN_POINT('',(95.75,174.34363341178,1.8));
#1597 = LINE('',#1598,#1599);
#1598 = CARTESIAN_POINT('',(95.75,174.34363341178,8.1));
#1599 = VECTOR('',#1600,1.);
#1600 = DIRECTION('',(-2.22044604925E-16,-2.22044604925E-16,-1.));
#1601 = ORIENTED_EDGE('',*,*,#1602,.T.);
#1602 = EDGE_CURVE('',#1595,#1603,#1605,.T.);
#1603 = VERTEX_POINT('',#1604);
#1604 = CARTESIAN_POINT('',(92.8,176.04681670589,1.8));
#1605 = LINE('',#1606,#1607);
#1606 = CARTESIAN_POINT('',(95.75,174.34363341178,1.8));
#1607 = VECTOR('',#1608,1.);
#1608 = DIRECTION('',(-0.866025403784,0.5,8.127396617584E-17));
#1609 = ORIENTED_EDGE('',*,*,#1610,.F.);
#1610 = EDGE_CURVE('',#531,#1603,#1611,.T.);
#1611 = LINE('',#1612,#1613);
#1612 = CARTESIAN_POINT('',(92.8,176.04681670589,8.1));
#1613 = VECTOR('',#1614,1.);
#1614 = DIRECTION('',(-2.22044604925E-16,-2.22044604925E-16,-1.));
#1615 = PLANE('',#1616);
#1616 = AXIS2_PLACEMENT_3D('',#1617,#1618,#1619);
#1617 = CARTESIAN_POINT('',(95.75,174.34363341178,8.1));
#1618 = DIRECTION('',(0.5,0.866025403784,-3.033185711009E-16));
#1619 = DIRECTION('',(-0.866025403784,0.5,8.127396617584E-17));
#1620 = ADVANCED_FACE('',(#1621),#1639,.T.);
#1621 = FACE_BOUND('',#1622,.T.);
#1622 = EDGE_LOOP('',(#1623,#1624,#1625,#1633));
#1623 = ORIENTED_EDGE('',*,*,#572,.T.);
#1624 = ORIENTED_EDGE('',*,*,#1610,.T.);
#1625 = ORIENTED_EDGE('',*,*,#1626,.T.);
#1626 = EDGE_CURVE('',#1603,#1627,#1629,.T.);
#1627 = VERTEX_POINT('',#1628);
#1628 = CARTESIAN_POINT('',(92.8,179.4531832941,1.8));
#1629 = LINE('',#1630,#1631);
#1630 = CARTESIAN_POINT('',(92.8,176.04681670589,1.8));
#1631 = VECTOR('',#1632,1.);
#1632 = DIRECTION('',(2.22044604925E-16,1.,-2.22044604925E-16));
#1633 = ORIENTED_EDGE('',*,*,#1634,.F.);
#1634 = EDGE_CURVE('',#565,#1627,#1635,.T.);
#1635 = LINE('',#1636,#1637);
#1636 = CARTESIAN_POINT('',(92.8,179.4531832941,8.1));
#1637 = VECTOR('',#1638,1.);
#1638 = DIRECTION('',(-2.22044604925E-16,-2.22044604925E-16,-1.));
#1639 = PLANE('',#1640);
#1640 = AXIS2_PLACEMENT_3D('',#1641,#1642,#1643);
#1641 = CARTESIAN_POINT('',(92.8,176.04681670589,8.1));
#1642 = DIRECTION('',(1.,-2.22044604925E-16,-2.22044604925E-16));
#1643 = DIRECTION('',(2.22044604925E-16,1.,-2.22044604925E-16));
#1644 = ADVANCED_FACE('',(#1645),#1663,.T.);
#1645 = FACE_BOUND('',#1646,.T.);
#1646 = EDGE_LOOP('',(#1647,#1648,#1656,#1662));
#1647 = ORIENTED_EDGE('',*,*,#540,.T.);
#1648 = ORIENTED_EDGE('',*,*,#1649,.T.);
#1649 = EDGE_CURVE('',#541,#1650,#1652,.T.);
#1650 = VERTEX_POINT('',#1651);
#1651 = CARTESIAN_POINT('',(98.7,176.04681670589,1.8));
#1652 = LINE('',#1653,#1654);
#1653 = CARTESIAN_POINT('',(98.7,176.04681670589,8.1));
#1654 = VECTOR('',#1655,1.);
#1655 = DIRECTION('',(-2.22044604925E-16,-2.22044604925E-16,-1.));
#1656 = ORIENTED_EDGE('',*,*,#1657,.T.);
#1657 = EDGE_CURVE('',#1650,#1595,#1658,.T.);
#1658 = LINE('',#1659,#1660);
#1659 = CARTESIAN_POINT('',(98.7,176.04681670589,1.8));
#1660 = VECTOR('',#1661,1.);
#1661 = DIRECTION('',(-0.866025403784,-0.5,3.033185711009E-16));
#1662 = ORIENTED_EDGE('',*,*,#1594,.F.);
#1663 = PLANE('',#1664);
#1664 = AXIS2_PLACEMENT_3D('',#1665,#1666,#1667);
#1665 = CARTESIAN_POINT('',(98.7,176.04681670589,8.1));
#1666 = DIRECTION('',(-0.5,0.866025403784,-8.127396617584E-17));
#1667 = DIRECTION('',(-0.866025403784,-0.5,3.033185711009E-16));
#1668 = ADVANCED_FACE('',(#1669),#1687,.T.);
#1669 = FACE_BOUND('',#1670,.T.);
#1670 = EDGE_LOOP('',(#1671,#1672,#1673,#1681));
#1671 = ORIENTED_EDGE('',*,*,#564,.T.);
#1672 = ORIENTED_EDGE('',*,*,#1634,.T.);
#1673 = ORIENTED_EDGE('',*,*,#1674,.T.);
#1674 = EDGE_CURVE('',#1627,#1675,#1677,.T.);
#1675 = VERTEX_POINT('',#1676);
#1676 = CARTESIAN_POINT('',(95.75,181.15636658821,1.8));
#1677 = LINE('',#1678,#1679);
#1678 = CARTESIAN_POINT('',(92.8,179.4531832941,1.8));
#1679 = VECTOR('',#1680,1.);
#1680 = DIRECTION('',(0.866025403784,0.5,-3.033185711009E-16));
#1681 = ORIENTED_EDGE('',*,*,#1682,.F.);
#1682 = EDGE_CURVE('',#557,#1675,#1683,.T.);
#1683 = LINE('',#1684,#1685);
#1684 = CARTESIAN_POINT('',(95.75,181.15636658821,8.1));
#1685 = VECTOR('',#1686,1.);
#1686 = DIRECTION('',(-2.22044604925E-16,-2.22044604925E-16,-1.));
#1687 = PLANE('',#1688);
#1688 = AXIS2_PLACEMENT_3D('',#1689,#1690,#1691);
#1689 = CARTESIAN_POINT('',(92.8,179.4531832941,8.1));
#1690 = DIRECTION('',(0.5,-0.866025403784,8.127396617584E-17));
#1691 = DIRECTION('',(0.866025403784,0.5,-3.033185711009E-16));
#1692 = ADVANCED_FACE('',(#1693),#1711,.T.);
#1693 = FACE_BOUND('',#1694,.T.);
#1694 = EDGE_LOOP('',(#1695,#1696,#1704,#1710));
#1695 = ORIENTED_EDGE('',*,*,#548,.T.);
#1696 = ORIENTED_EDGE('',*,*,#1697,.T.);
#1697 = EDGE_CURVE('',#549,#1698,#1700,.T.);
#1698 = VERTEX_POINT('',#1699);
#1699 = CARTESIAN_POINT('',(98.7,179.4531832941,1.8));
#1700 = LINE('',#1701,#1702);
#1701 = CARTESIAN_POINT('',(98.7,179.4531832941,8.1));
#1702 = VECTOR('',#1703,1.);
#1703 = DIRECTION('',(-2.22044604925E-16,-2.22044604925E-16,-1.));
#1704 = ORIENTED_EDGE('',*,*,#1705,.T.);
#1705 = EDGE_CURVE('',#1698,#1650,#1706,.T.);
#1706 = LINE('',#1707,#1708);
#1707 = CARTESIAN_POINT('',(98.7,179.4531832941,1.8));
#1708 = VECTOR('',#1709,1.);
#1709 = DIRECTION('',(-2.22044604925E-16,-1.,2.22044604925E-16));
#1710 = ORIENTED_EDGE('',*,*,#1649,.F.);
#1711 = PLANE('',#1712);
#1712 = AXIS2_PLACEMENT_3D('',#1713,#1714,#1715);
#1713 = CARTESIAN_POINT('',(98.7,179.4531832941,8.1));
#1714 = DIRECTION('',(-1.,2.22044604925E-16,2.22044604925E-16));
#1715 = DIRECTION('',(-2.22044604925E-16,-1.,2.22044604925E-16));
#1716 = ADVANCED_FACE('',(#1717),#1728,.T.);
#1717 = FACE_BOUND('',#1718,.T.);
#1718 = EDGE_LOOP('',(#1719,#1720,#1721,#1727));
#1719 = ORIENTED_EDGE('',*,*,#556,.T.);
#1720 = ORIENTED_EDGE('',*,*,#1682,.T.);
#1721 = ORIENTED_EDGE('',*,*,#1722,.T.);
#1722 = EDGE_CURVE('',#1675,#1698,#1723,.T.);
#1723 = LINE('',#1724,#1725);
#1724 = CARTESIAN_POINT('',(95.75,181.15636658821,1.8));
#1725 = VECTOR('',#1726,1.);
#1726 = DIRECTION('',(0.866025403784,-0.5,-8.127396617584E-17));
#1727 = ORIENTED_EDGE('',*,*,#1697,.F.);
#1728 = PLANE('',#1729);
#1729 = AXIS2_PLACEMENT_3D('',#1730,#1731,#1732);
#1730 = CARTESIAN_POINT('',(95.75,181.15636658821,8.1));
#1731 = DIRECTION('',(-0.5,-0.866025403784,3.033185711009E-16));
#1732 = DIRECTION('',(0.866025403784,-0.5,-8.127396617584E-17));
#1733 = ADVANCED_FACE('',(#1734),#1759,.T.);
#1734 = FACE_BOUND('',#1735,.T.);
#1735 = EDGE_LOOP('',(#1736,#1737,#1745,#1753));
#1736 = ORIENTED_EDGE('',*,*,#580,.T.);
#1737 = ORIENTED_EDGE('',*,*,#1738,.T.);
#1738 = EDGE_CURVE('',#583,#1739,#1741,.T.);
#1739 = VERTEX_POINT('',#1740);
#1740 = CARTESIAN_POINT('',(177.5,174.34363341178,1.8));
#1741 = LINE('',#1742,#1743);
#1742 = CARTESIAN_POINT('',(177.5,174.34363341178,8.1));
#1743 = VECTOR('',#1744,1.);
#1744 = DIRECTION('',(-2.22044604925E-16,-2.22044604925E-16,-1.));
#1745 = ORIENTED_EDGE('',*,*,#1746,.T.);
#1746 = EDGE_CURVE('',#1739,#1747,#1749,.T.);
#1747 = VERTEX_POINT('',#1748);
#1748 = CARTESIAN_POINT('',(174.55,176.04681670589,1.8));
#1749 = LINE('',#1750,#1751);
#1750 = CARTESIAN_POINT('',(177.5,174.34363341178,1.8));
#1751 = VECTOR('',#1752,1.);
#1752 = DIRECTION('',(-0.866025403784,0.5,8.127396617584E-17));
#1753 = ORIENTED_EDGE('',*,*,#1754,.F.);
#1754 = EDGE_CURVE('',#581,#1747,#1755,.T.);
#1755 = LINE('',#1756,#1757);
#1756 = CARTESIAN_POINT('',(174.55,176.04681670589,8.1));
#1757 = VECTOR('',#1758,1.);
#1758 = DIRECTION('',(-2.22044604925E-16,-2.22044604925E-16,-1.));
#1759 = PLANE('',#1760);
#1760 = AXIS2_PLACEMENT_3D('',#1761,#1762,#1763);
#1761 = CARTESIAN_POINT('',(177.5,174.34363341178,8.1));
#1762 = DIRECTION('',(0.5,0.866025403784,-3.033185711009E-16));
#1763 = DIRECTION('',(-0.866025403784,0.5,8.127396617584E-17));
#1764 = ADVANCED_FACE('',(#1765),#1783,.T.);
#1765 = FACE_BOUND('',#1766,.T.);
#1766 = EDGE_LOOP('',(#1767,#1768,#1769,#1777));
#1767 = ORIENTED_EDGE('',*,*,#622,.T.);
#1768 = ORIENTED_EDGE('',*,*,#1754,.T.);
#1769 = ORIENTED_EDGE('',*,*,#1770,.T.);
#1770 = EDGE_CURVE('',#1747,#1771,#1773,.T.);
#1771 = VERTEX_POINT('',#1772);
#1772 = CARTESIAN_POINT('',(174.55,179.4531832941,1.8));
#1773 = LINE('',#1774,#1775);
#1774 = CARTESIAN_POINT('',(174.55,176.04681670589,1.8));
#1775 = VECTOR('',#1776,1.);
#1776 = DIRECTION('',(2.22044604925E-16,1.,-2.22044604925E-16));
#1777 = ORIENTED_EDGE('',*,*,#1778,.F.);
#1778 = EDGE_CURVE('',#615,#1771,#1779,.T.);
#1779 = LINE('',#1780,#1781);
#1780 = CARTESIAN_POINT('',(174.55,179.4531832941,8.1));
#1781 = VECTOR('',#1782,1.);
#1782 = DIRECTION('',(-2.22044604925E-16,-2.22044604925E-16,-1.));
#1783 = PLANE('',#1784);
#1784 = AXIS2_PLACEMENT_3D('',#1785,#1786,#1787);
#1785 = CARTESIAN_POINT('',(174.55,176.04681670589,8.1));
#1786 = DIRECTION('',(1.,-2.22044604925E-16,-2.22044604925E-16));
#1787 = DIRECTION('',(2.22044604925E-16,1.,-2.22044604925E-16));
#1788 = ADVANCED_FACE('',(#1789),#1807,.T.);
#1789 = FACE_BOUND('',#1790,.T.);
#1790 = EDGE_LOOP('',(#1791,#1792,#1800,#1806));
#1791 = ORIENTED_EDGE('',*,*,#590,.T.);
#1792 = ORIENTED_EDGE('',*,*,#1793,.T.);
#1793 = EDGE_CURVE('',#591,#1794,#1796,.T.);
#1794 = VERTEX_POINT('',#1795);
#1795 = CARTESIAN_POINT('',(180.45,176.04681670589,1.8));
#1796 = LINE('',#1797,#1798);
#1797 = CARTESIAN_POINT('',(180.45,176.04681670589,8.1));
#1798 = VECTOR('',#1799,1.);
#1799 = DIRECTION('',(-2.22044604925E-16,-2.22044604925E-16,-1.));
#1800 = ORIENTED_EDGE('',*,*,#1801,.T.);
#1801 = EDGE_CURVE('',#1794,#1739,#1802,.T.);
#1802 = LINE('',#1803,#1804);
#1803 = CARTESIAN_POINT('',(180.45,176.04681670589,1.8));
#1804 = VECTOR('',#1805,1.);
#1805 = DIRECTION('',(-0.866025403784,-0.5,3.033185711009E-16));
#1806 = ORIENTED_EDGE('',*,*,#1738,.F.);
#1807 = PLANE('',#1808);
#1808 = AXIS2_PLACEMENT_3D('',#1809,#1810,#1811);
#1809 = CARTESIAN_POINT('',(180.45,176.04681670589,8.1));
#1810 = DIRECTION('',(-0.5,0.866025403784,-8.127396617584E-17));
#1811 = DIRECTION('',(-0.866025403784,-0.5,3.033185711009E-16));
#1812 = ADVANCED_FACE('',(#1813),#1831,.T.);
#1813 = FACE_BOUND('',#1814,.T.);
#1814 = EDGE_LOOP('',(#1815,#1816,#1817,#1825));
#1815 = ORIENTED_EDGE('',*,*,#614,.T.);
#1816 = ORIENTED_EDGE('',*,*,#1778,.T.);
#1817 = ORIENTED_EDGE('',*,*,#1818,.T.);
#1818 = EDGE_CURVE('',#1771,#1819,#1821,.T.);
#1819 = VERTEX_POINT('',#1820);
#1820 = CARTESIAN_POINT('',(177.5,181.15636658821,1.8));
#1821 = LINE('',#1822,#1823);
#1822 = CARTESIAN_POINT('',(174.55,179.4531832941,1.8));
#1823 = VECTOR('',#1824,1.);
#1824 = DIRECTION('',(0.866025403784,0.5,-3.033185711009E-16));
#1825 = ORIENTED_EDGE('',*,*,#1826,.F.);
#1826 = EDGE_CURVE('',#607,#1819,#1827,.T.);
#1827 = LINE('',#1828,#1829);
#1828 = CARTESIAN_POINT('',(177.5,181.15636658821,8.1));
#1829 = VECTOR('',#1830,1.);
#1830 = DIRECTION('',(-2.22044604925E-16,-2.22044604925E-16,-1.));
#1831 = PLANE('',#1832);
#1832 = AXIS2_PLACEMENT_3D('',#1833,#1834,#1835);
#1833 = CARTESIAN_POINT('',(174.55,179.4531832941,8.1));
#1834 = DIRECTION('',(0.5,-0.866025403784,8.127396617584E-17));
#1835 = DIRECTION('',(0.866025403784,0.5,-3.033185711009E-16));
#1836 = ADVANCED_FACE('',(#1837),#1855,.T.);
#1837 = FACE_BOUND('',#1838,.T.);
#1838 = EDGE_LOOP('',(#1839,#1840,#1848,#1854));
#1839 = ORIENTED_EDGE('',*,*,#598,.T.);
#1840 = ORIENTED_EDGE('',*,*,#1841,.T.);
#1841 = EDGE_CURVE('',#599,#1842,#1844,.T.);
#1842 = VERTEX_POINT('',#1843);
#1843 = CARTESIAN_POINT('',(180.45,179.4531832941,1.8));
#1844 = LINE('',#1845,#1846);
#1845 = CARTESIAN_POINT('',(180.45,179.4531832941,8.1));
#1846 = VECTOR('',#1847,1.);
#1847 = DIRECTION('',(-2.22044604925E-16,-2.22044604925E-16,-1.));
#1848 = ORIENTED_EDGE('',*,*,#1849,.T.);
#1849 = EDGE_CURVE('',#1842,#1794,#1850,.T.);
#1850 = LINE('',#1851,#1852);
#1851 = CARTESIAN_POINT('',(180.45,179.4531832941,1.8));
#1852 = VECTOR('',#1853,1.);
#1853 = DIRECTION('',(-2.22044604925E-16,-1.,2.22044604925E-16));
#1854 = ORIENTED_EDGE('',*,*,#1793,.F.);
#1855 = PLANE('',#1856);
#1856 = AXIS2_PLACEMENT_3D('',#1857,#1858,#1859);
#1857 = CARTESIAN_POINT('',(180.45,179.4531832941,8.1));
#1858 = DIRECTION('',(-1.,2.22044604925E-16,2.22044604925E-16));
#1859 = DIRECTION('',(-2.22044604925E-16,-1.,2.22044604925E-16));
#1860 = ADVANCED_FACE('',(#1861),#1872,.T.);
#1861 = FACE_BOUND('',#1862,.T.);
#1862 = EDGE_LOOP('',(#1863,#1864,#1865,#1871));
#1863 = ORIENTED_EDGE('',*,*,#606,.T.);
#1864 = ORIENTED_EDGE('',*,*,#1826,.T.);
#1865 = ORIENTED_EDGE('',*,*,#1866,.T.);
#1866 = EDGE_CURVE('',#1819,#1842,#1867,.T.);
#1867 = LINE('',#1868,#1869);
#1868 = CARTESIAN_POINT('',(177.5,181.15636658821,1.8));
#1869 = VECTOR('',#1870,1.);
#1870 = DIRECTION('',(0.866025403784,-0.5,-8.127396617584E-17));
#1871 = ORIENTED_EDGE('',*,*,#1841,.F.);
#1872 = PLANE('',#1873);
#1873 = AXIS2_PLACEMENT_3D('',#1874,#1875,#1876);
#1874 = CARTESIAN_POINT('',(177.5,181.15636658821,8.1));
#1875 = DIRECTION('',(-0.5,-0.866025403784,3.033185711009E-16));
#1876 = DIRECTION('',(0.866025403784,-0.5,-8.127396617584E-17));
#1877 = ADVANCED_FACE('',(#1878),#1903,.T.);
#1878 = FACE_BOUND('',#1879,.T.);
#1879 = EDGE_LOOP('',(#1880,#1881,#1889,#1897));
#1880 = ORIENTED_EDGE('',*,*,#664,.T.);
#1881 = ORIENTED_EDGE('',*,*,#1882,.T.);
#1882 = EDGE_CURVE('',#667,#1883,#1885,.T.);
#1883 = VERTEX_POINT('',#1884);
#1884 = CARTESIAN_POINT('',(177.5,90.468633411781,1.8));
#1885 = LINE('',#1886,#1887);
#1886 = CARTESIAN_POINT('',(177.5,90.468633411781,8.1));
#1887 = VECTOR('',#1888,1.);
#1888 = DIRECTION('',(-2.22044604925E-16,-2.22044604925E-16,-1.));
#1889 = ORIENTED_EDGE('',*,*,#1890,.T.);
#1890 = EDGE_CURVE('',#1883,#1891,#1893,.T.);
#1891 = VERTEX_POINT('',#1892);
#1892 = CARTESIAN_POINT('',(174.55,92.171816705891,1.8));
#1893 = LINE('',#1894,#1895);
#1894 = CARTESIAN_POINT('',(177.5,90.468633411781,1.8));
#1895 = VECTOR('',#1896,1.);
#1896 = DIRECTION('',(-0.866025403784,0.5,8.127396617584E-17));
#1897 = ORIENTED_EDGE('',*,*,#1898,.F.);
#1898 = EDGE_CURVE('',#665,#1891,#1899,.T.);
#1899 = LINE('',#1900,#1901);
#1900 = CARTESIAN_POINT('',(174.55,92.171816705891,8.1));
#1901 = VECTOR('',#1902,1.);
#1902 = DIRECTION('',(-2.22044604925E-16,-2.22044604925E-16,-1.));
#1903 = PLANE('',#1904);
#1904 = AXIS2_PLACEMENT_3D('',#1905,#1906,#1907);
#1905 = CARTESIAN_POINT('',(177.5,90.468633411781,8.1));
#1906 = DIRECTION('',(0.5,0.866025403784,-3.033185711009E-16));
#1907 = DIRECTION('',(-0.866025403784,0.5,8.127396617584E-17));
#1908 = ADVANCED_FACE('',(#1909),#1927,.T.);
#1909 = FACE_BOUND('',#1910,.T.);
#1910 = EDGE_LOOP('',(#1911,#1912,#1913,#1921));
#1911 = ORIENTED_EDGE('',*,*,#706,.T.);
#1912 = ORIENTED_EDGE('',*,*,#1898,.T.);
#1913 = ORIENTED_EDGE('',*,*,#1914,.T.);
#1914 = EDGE_CURVE('',#1891,#1915,#1917,.T.);
#1915 = VERTEX_POINT('',#1916);
#1916 = CARTESIAN_POINT('',(174.55,95.578183294109,1.8));
#1917 = LINE('',#1918,#1919);
#1918 = CARTESIAN_POINT('',(174.55,92.171816705891,1.8));
#1919 = VECTOR('',#1920,1.);
#1920 = DIRECTION('',(2.22044604925E-16,1.,-2.22044604925E-16));
#1921 = ORIENTED_EDGE('',*,*,#1922,.F.);
#1922 = EDGE_CURVE('',#699,#1915,#1923,.T.);
#1923 = LINE('',#1924,#1925);
#1924 = CARTESIAN_POINT('',(174.55,95.578183294109,8.1));
#1925 = VECTOR('',#1926,1.);
#1926 = DIRECTION('',(-2.22044604925E-16,-2.22044604925E-16,-1.));
#1927 = PLANE('',#1928);
#1928 = AXIS2_PLACEMENT_3D('',#1929,#1930,#1931);
#1929 = CARTESIAN_POINT('',(174.55,92.171816705891,8.1));
#1930 = DIRECTION('',(1.,-2.22044604925E-16,-2.22044604925E-16));
#1931 = DIRECTION('',(2.22044604925E-16,1.,-2.22044604925E-16));
#1932 = ADVANCED_FACE('',(#1933),#1951,.T.);
#1933 = FACE_BOUND('',#1934,.T.);
#1934 = EDGE_LOOP('',(#1935,#1936,#1944,#1950));
#1935 = ORIENTED_EDGE('',*,*,#674,.T.);
#1936 = ORIENTED_EDGE('',*,*,#1937,.T.);
#1937 = EDGE_CURVE('',#675,#1938,#1940,.T.);
#1938 = VERTEX_POINT('',#1939);
#1939 = CARTESIAN_POINT('',(180.45,92.171816705891,1.8));
#1940 = LINE('',#1941,#1942);
#1941 = CARTESIAN_POINT('',(180.45,92.171816705891,8.1));
#1942 = VECTOR('',#1943,1.);
#1943 = DIRECTION('',(-2.22044604925E-16,-2.22044604925E-16,-1.));
#1944 = ORIENTED_EDGE('',*,*,#1945,.T.);
#1945 = EDGE_CURVE('',#1938,#1883,#1946,.T.);
#1946 = LINE('',#1947,#1948);
#1947 = CARTESIAN_POINT('',(180.45,92.171816705891,1.8));
#1948 = VECTOR('',#1949,1.);
#1949 = DIRECTION('',(-0.866025403784,-0.5,3.033185711009E-16));
#1950 = ORIENTED_EDGE('',*,*,#1882,.F.);
#1951 = PLANE('',#1952);
#1952 = AXIS2_PLACEMENT_3D('',#1953,#1954,#1955);
#1953 = CARTESIAN_POINT('',(180.45,92.171816705891,8.1));
#1954 = DIRECTION('',(-0.5,0.866025403784,-8.127396617584E-17));
#1955 = DIRECTION('',(-0.866025403784,-0.5,3.033185711009E-16));
#1956 = ADVANCED_FACE('',(#1957),#1975,.T.);
#1957 = FACE_BOUND('',#1958,.T.);
#1958 = EDGE_LOOP('',(#1959,#1960,#1961,#1969));
#1959 = ORIENTED_EDGE('',*,*,#698,.T.);
#1960 = ORIENTED_EDGE('',*,*,#1922,.T.);
#1961 = ORIENTED_EDGE('',*,*,#1962,.T.);
#1962 = EDGE_CURVE('',#1915,#1963,#1965,.T.);
#1963 = VERTEX_POINT('',#1964);
#1964 = CARTESIAN_POINT('',(177.5,97.281366588219,1.8));
#1965 = LINE('',#1966,#1967);
#1966 = CARTESIAN_POINT('',(174.55,95.578183294109,1.8));
#1967 = VECTOR('',#1968,1.);
#1968 = DIRECTION('',(0.866025403784,0.5,-3.033185711009E-16));
#1969 = ORIENTED_EDGE('',*,*,#1970,.F.);
#1970 = EDGE_CURVE('',#691,#1963,#1971,.T.);
#1971 = LINE('',#1972,#1973);
#1972 = CARTESIAN_POINT('',(177.5,97.281366588219,8.1));
#1973 = VECTOR('',#1974,1.);
#1974 = DIRECTION('',(-2.22044604925E-16,-2.22044604925E-16,-1.));
#1975 = PLANE('',#1976);
#1976 = AXIS2_PLACEMENT_3D('',#1977,#1978,#1979);
#1977 = CARTESIAN_POINT('',(174.55,95.578183294109,8.1));
#1978 = DIRECTION('',(0.5,-0.866025403784,8.127396617584E-17));
#1979 = DIRECTION('',(0.866025403784,0.5,-3.033185711009E-16));
#1980 = ADVANCED_FACE('',(#1981),#1999,.T.);
#1981 = FACE_BOUND('',#1982,.T.);
#1982 = EDGE_LOOP('',(#1983,#1984,#1992,#1998));
#1983 = ORIENTED_EDGE('',*,*,#682,.T.);
#1984 = ORIENTED_EDGE('',*,*,#1985,.T.);
#1985 = EDGE_CURVE('',#683,#1986,#1988,.T.);
#1986 = VERTEX_POINT('',#1987);
#1987 = CARTESIAN_POINT('',(180.45,95.578183294109,1.8));
#1988 = LINE('',#1989,#1990);
#1989 = CARTESIAN_POINT('',(180.45,95.578183294109,8.1));
#1990 = VECTOR('',#1991,1.);
#1991 = DIRECTION('',(-2.22044604925E-16,-2.22044604925E-16,-1.));
#1992 = ORIENTED_EDGE('',*,*,#1993,.T.);
#1993 = EDGE_CURVE('',#1986,#1938,#1994,.T.);
#1994 = LINE('',#1995,#1996);
#1995 = CARTESIAN_POINT('',(180.45,95.578183294109,1.8));
#1996 = VECTOR('',#1997,1.);
#1997 = DIRECTION('',(-2.22044604925E-16,-1.,2.22044604925E-16));
#1998 = ORIENTED_EDGE('',*,*,#1937,.F.);
#1999 = PLANE('',#2000);
#2000 = AXIS2_PLACEMENT_3D('',#2001,#2002,#2003);
#2001 = CARTESIAN_POINT('',(180.45,95.578183294109,8.1));
#2002 = DIRECTION('',(-1.,2.22044604925E-16,2.22044604925E-16));
#2003 = DIRECTION('',(-2.22044604925E-16,-1.,2.22044604925E-16));
#2004 = ADVANCED_FACE('',(#2005),#2016,.T.);
#2005 = FACE_BOUND('',#2006,.T.);
#2006 = EDGE_LOOP('',(#2007,#2008,#2009,#2015));
#2007 = ORIENTED_EDGE('',*,*,#690,.T.);
#2008 = ORIENTED_EDGE('',*,*,#1970,.T.);
#2009 = ORIENTED_EDGE('',*,*,#2010,.T.);
#2010 = EDGE_CURVE('',#1963,#1986,#2011,.T.);
#2011 = LINE('',#2012,#2013);
#2012 = CARTESIAN_POINT('',(177.5,97.281366588219,1.8));
#2013 = VECTOR('',#2014,1.);
#2014 = DIRECTION('',(0.866025403784,-0.5,-8.127396617584E-17));
#2015 = ORIENTED_EDGE('',*,*,#1985,.F.);
#2016 = PLANE('',#2017);
#2017 = AXIS2_PLACEMENT_3D('',#2018,#2019,#2020);
#2018 = CARTESIAN_POINT('',(177.5,97.281366588219,8.1));
#2019 = DIRECTION('',(-0.5,-0.866025403784,3.033185711009E-16));
#2020 = DIRECTION('',(0.866025403784,-0.5,-8.127396617584E-17));
#2021 = ADVANCED_FACE('',(#2022),#2047,.T.);
#2022 = FACE_BOUND('',#2023,.T.);
#2023 = EDGE_LOOP('',(#2024,#2025,#2033,#2041));
#2024 = ORIENTED_EDGE('',*,*,#714,.T.);
#2025 = ORIENTED_EDGE('',*,*,#2026,.T.);
#2026 = EDGE_CURVE('',#717,#2027,#2029,.T.);
#2027 = VERTEX_POINT('',#2028);
#2028 = CARTESIAN_POINT('',(14.,6.593633411781,1.8));
#2029 = LINE('',#2030,#2031);
#2030 = CARTESIAN_POINT('',(14.,6.593633411781,8.1));
#2031 = VECTOR('',#2032,1.);
#2032 = DIRECTION('',(-2.22044604925E-16,-2.22044604925E-16,-1.));
#2033 = ORIENTED_EDGE('',*,*,#2034,.T.);
#2034 = EDGE_CURVE('',#2027,#2035,#2037,.T.);
#2035 = VERTEX_POINT('',#2036);
#2036 = CARTESIAN_POINT('',(11.05,8.296816705891,1.8));
#2037 = LINE('',#2038,#2039);
#2038 = CARTESIAN_POINT('',(14.,6.593633411781,1.8));
#2039 = VECTOR('',#2040,1.);
#2040 = DIRECTION('',(-0.866025403784,0.5,8.127396617584E-17));
#2041 = ORIENTED_EDGE('',*,*,#2042,.F.);
#2042 = EDGE_CURVE('',#715,#2035,#2043,.T.);
#2043 = LINE('',#2044,#2045);
#2044 = CARTESIAN_POINT('',(11.05,8.296816705891,8.1));
#2045 = VECTOR('',#2046,1.);
#2046 = DIRECTION('',(-2.22044604925E-16,-2.22044604925E-16,-1.));
#2047 = PLANE('',#2048);
#2048 = AXIS2_PLACEMENT_3D('',#2049,#2050,#2051);
#2049 = CARTESIAN_POINT('',(14.,6.593633411781,8.1));
#2050 = DIRECTION('',(0.5,0.866025403784,-3.033185711009E-16));
#2051 = DIRECTION('',(-0.866025403784,0.5,8.127396617584E-17));
#2052 = ADVANCED_FACE('',(#2053),#2071,.T.);
#2053 = FACE_BOUND('',#2054,.T.);
#2054 = EDGE_LOOP('',(#2055,#2056,#2057,#2065));
#2055 = ORIENTED_EDGE('',*,*,#756,.T.);
#2056 = ORIENTED_EDGE('',*,*,#2042,.T.);
#2057 = ORIENTED_EDGE('',*,*,#2058,.T.);
#2058 = EDGE_CURVE('',#2035,#2059,#2061,.T.);
#2059 = VERTEX_POINT('',#2060);
#2060 = CARTESIAN_POINT('',(11.05,11.703183294109,1.8));
#2061 = LINE('',#2062,#2063);
#2062 = CARTESIAN_POINT('',(11.05,8.296816705891,1.8));
#2063 = VECTOR('',#2064,1.);
#2064 = DIRECTION('',(4.827853081635E-16,1.,-2.22044604925E-16));
#2065 = ORIENTED_EDGE('',*,*,#2066,.F.);
#2066 = EDGE_CURVE('',#749,#2059,#2067,.T.);
#2067 = LINE('',#2068,#2069);
#2068 = CARTESIAN_POINT('',(11.05,11.703183294109,8.1));
#2069 = VECTOR('',#2070,1.);
#2070 = DIRECTION('',(-2.22044604925E-16,-2.22044604925E-16,-1.));
#2071 = PLANE('',#2072);
#2072 = AXIS2_PLACEMENT_3D('',#2073,#2074,#2075);
#2073 = CARTESIAN_POINT('',(11.05,8.296816705891,8.1));
#2074 = DIRECTION('',(1.,-4.827853081635E-16,-2.22044604925E-16));
#2075 = DIRECTION('',(4.827853081635E-16,1.,-2.22044604925E-16));
#2076 = ADVANCED_FACE('',(#2077),#2095,.T.);
#2077 = FACE_BOUND('',#2078,.T.);
#2078 = EDGE_LOOP('',(#2079,#2080,#2088,#2094));
#2079 = ORIENTED_EDGE('',*,*,#724,.T.);
#2080 = ORIENTED_EDGE('',*,*,#2081,.T.);
#2081 = EDGE_CURVE('',#725,#2082,#2084,.T.);
#2082 = VERTEX_POINT('',#2083);
#2083 = CARTESIAN_POINT('',(16.95,8.296816705891,1.8));
#2084 = LINE('',#2085,#2086);
#2085 = CARTESIAN_POINT('',(16.95,8.296816705891,8.1));
#2086 = VECTOR('',#2087,1.);
#2087 = DIRECTION('',(-2.22044604925E-16,-2.22044604925E-16,-1.));
#2088 = ORIENTED_EDGE('',*,*,#2089,.T.);
#2089 = EDGE_CURVE('',#2082,#2027,#2090,.T.);
#2090 = LINE('',#2091,#2092);
#2091 = CARTESIAN_POINT('',(16.95,8.296816705891,1.8));
#2092 = VECTOR('',#2093,1.);
#2093 = DIRECTION('',(-0.866025403784,-0.5,3.033185711009E-16));
#2094 = ORIENTED_EDGE('',*,*,#2026,.F.);
#2095 = PLANE('',#2096);
#2096 = AXIS2_PLACEMENT_3D('',#2097,#2098,#2099);
#2097 = CARTESIAN_POINT('',(16.95,8.296816705891,8.1));
#2098 = DIRECTION('',(-0.5,0.866025403784,-8.127396617584E-17));
#2099 = DIRECTION('',(-0.866025403784,-0.5,3.033185711009E-16));
#2100 = ADVANCED_FACE('',(#2101),#2119,.T.);
#2101 = FACE_BOUND('',#2102,.T.);
#2102 = EDGE_LOOP('',(#2103,#2104,#2105,#2113));
#2103 = ORIENTED_EDGE('',*,*,#748,.T.);
#2104 = ORIENTED_EDGE('',*,*,#2066,.T.);
#2105 = ORIENTED_EDGE('',*,*,#2106,.T.);
#2106 = EDGE_CURVE('',#2059,#2107,#2109,.T.);
#2107 = VERTEX_POINT('',#2108);
#2108 = CARTESIAN_POINT('',(14.,13.406366588219,1.8));
#2109 = LINE('',#2110,#2111);
#2110 = CARTESIAN_POINT('',(11.05,11.703183294109,1.8));
#2111 = VECTOR('',#2112,1.);
#2112 = DIRECTION('',(0.866025403784,0.5,-3.033185711009E-16));
#2113 = ORIENTED_EDGE('',*,*,#2114,.F.);
#2114 = EDGE_CURVE('',#741,#2107,#2115,.T.);
#2115 = LINE('',#2116,#2117);
#2116 = CARTESIAN_POINT('',(14.,13.406366588219,8.1));
#2117 = VECTOR('',#2118,1.);
#2118 = DIRECTION('',(-2.22044604925E-16,-2.22044604925E-16,-1.));
#2119 = PLANE('',#2120);
#2120 = AXIS2_PLACEMENT_3D('',#2121,#2122,#2123);
#2121 = CARTESIAN_POINT('',(11.05,11.703183294109,8.1));
#2122 = DIRECTION('',(0.5,-0.866025403784,8.127396617584E-17));
#2123 = DIRECTION('',(0.866025403784,0.5,-3.033185711009E-16));
#2124 = ADVANCED_FACE('',(#2125),#2143,.T.);
#2125 = FACE_BOUND('',#2126,.T.);
#2126 = EDGE_LOOP('',(#2127,#2128,#2136,#2142));
#2127 = ORIENTED_EDGE('',*,*,#732,.T.);
#2128 = ORIENTED_EDGE('',*,*,#2129,.T.);
#2129 = EDGE_CURVE('',#733,#2130,#2132,.T.);
#2130 = VERTEX_POINT('',#2131);
#2131 = CARTESIAN_POINT('',(16.95,11.703183294109,1.8));
#2132 = LINE('',#2133,#2134);
#2133 = CARTESIAN_POINT('',(16.95,11.703183294109,8.1));
#2134 = VECTOR('',#2135,1.);
#2135 = DIRECTION('',(-2.22044604925E-16,-2.22044604925E-16,-1.));
#2136 = ORIENTED_EDGE('',*,*,#2137,.T.);
#2137 = EDGE_CURVE('',#2130,#2082,#2138,.T.);
#2138 = LINE('',#2139,#2140);
#2139 = CARTESIAN_POINT('',(16.95,11.703183294109,1.8));
#2140 = VECTOR('',#2141,1.);
#2141 = DIRECTION('',(2.994368015519E-16,-1.,2.22044604925E-16));
#2142 = ORIENTED_EDGE('',*,*,#2081,.F.);
#2143 = PLANE('',#2144);
#2144 = AXIS2_PLACEMENT_3D('',#2145,#2146,#2147);
#2145 = CARTESIAN_POINT('',(16.95,11.703183294109,8.1));
#2146 = DIRECTION('',(-1.,-2.994368015519E-16,2.22044604925E-16));
#2147 = DIRECTION('',(2.994368015519E-16,-1.,2.22044604925E-16));
#2148 = ADVANCED_FACE('',(#2149),#2160,.T.);
#2149 = FACE_BOUND('',#2150,.T.);
#2150 = EDGE_LOOP('',(#2151,#2152,#2153,#2159));
#2151 = ORIENTED_EDGE('',*,*,#740,.T.);
#2152 = ORIENTED_EDGE('',*,*,#2114,.T.);
#2153 = ORIENTED_EDGE('',*,*,#2154,.T.);
#2154 = EDGE_CURVE('',#2107,#2130,#2155,.T.);
#2155 = LINE('',#2156,#2157);
#2156 = CARTESIAN_POINT('',(14.,13.406366588219,1.8));
#2157 = VECTOR('',#2158,1.);
#2158 = DIRECTION('',(0.866025403784,-0.5,-8.127396617584E-17));
#2159 = ORIENTED_EDGE('',*,*,#2129,.F.);
#2160 = PLANE('',#2161);
#2161 = AXIS2_PLACEMENT_3D('',#2162,#2163,#2164);
#2162 = CARTESIAN_POINT('',(14.,13.406366588219,8.1));
#2163 = DIRECTION('',(-0.5,-0.866025403784,3.033185711009E-16));
#2164 = DIRECTION('',(0.866025403784,-0.5,-8.127396617584E-17));
#2165 = ADVANCED_FACE('',(#2166),#2191,.T.);
#2166 = FACE_BOUND('',#2167,.T.);
#2167 = EDGE_LOOP('',(#2168,#2169,#2177,#2185));
#2168 = ORIENTED_EDGE('',*,*,#764,.T.);
#2169 = ORIENTED_EDGE('',*,*,#2170,.T.);
#2170 = EDGE_CURVE('',#767,#2171,#2173,.T.);
#2171 = VERTEX_POINT('',#2172);
#2172 = CARTESIAN_POINT('',(95.75,6.593633411781,1.8));
#2173 = LINE('',#2174,#2175);
#2174 = CARTESIAN_POINT('',(95.75,6.593633411781,8.1));
#2175 = VECTOR('',#2176,1.);
#2176 = DIRECTION('',(-2.22044604925E-16,-2.22044604925E-16,-1.));
#2177 = ORIENTED_EDGE('',*,*,#2178,.T.);
#2178 = EDGE_CURVE('',#2171,#2179,#2181,.T.);
#2179 = VERTEX_POINT('',#2180);
#2180 = CARTESIAN_POINT('',(92.8,8.296816705891,1.8));
#2181 = LINE('',#2182,#2183);
#2182 = CARTESIAN_POINT('',(95.75,6.593633411781,1.8));
#2183 = VECTOR('',#2184,1.);
#2184 = DIRECTION('',(-0.866025403784,0.5,8.127396617584E-17));
#2185 = ORIENTED_EDGE('',*,*,#2186,.F.);
#2186 = EDGE_CURVE('',#765,#2179,#2187,.T.);
#2187 = LINE('',#2188,#2189);
#2188 = CARTESIAN_POINT('',(92.8,8.296816705891,8.1));
#2189 = VECTOR('',#2190,1.);
#2190 = DIRECTION('',(-2.22044604925E-16,-2.22044604925E-16,-1.));
#2191 = PLANE('',#2192);
#2192 = AXIS2_PLACEMENT_3D('',#2193,#2194,#2195);
#2193 = CARTESIAN_POINT('',(95.75,6.593633411781,8.1));
#2194 = DIRECTION('',(0.5,0.866025403784,-3.033185711009E-16));
#2195 = DIRECTION('',(-0.866025403784,0.5,8.127396617584E-17));
#2196 = ADVANCED_FACE('',(#2197),#2215,.T.);
#2197 = FACE_BOUND('',#2198,.T.);
#2198 = EDGE_LOOP('',(#2199,#2200,#2201,#2209));
#2199 = ORIENTED_EDGE('',*,*,#806,.T.);
#2200 = ORIENTED_EDGE('',*,*,#2186,.T.);
#2201 = ORIENTED_EDGE('',*,*,#2202,.T.);
#2202 = EDGE_CURVE('',#2179,#2203,#2205,.T.);
#2203 = VERTEX_POINT('',#2204);
#2204 = CARTESIAN_POINT('',(92.8,11.703183294109,1.8));
#2205 = LINE('',#2206,#2207);
#2206 = CARTESIAN_POINT('',(92.8,8.296816705891,1.8));
#2207 = VECTOR('',#2208,1.);
#2208 = DIRECTION('',(2.22044604925E-16,1.,-2.22044604925E-16));
#2209 = ORIENTED_EDGE('',*,*,#2210,.F.);
#2210 = EDGE_CURVE('',#799,#2203,#2211,.T.);
#2211 = LINE('',#2212,#2213);
#2212 = CARTESIAN_POINT('',(92.8,11.703183294109,8.1));
#2213 = VECTOR('',#2214,1.);
#2214 = DIRECTION('',(-2.22044604925E-16,-2.22044604925E-16,-1.));
#2215 = PLANE('',#2216);
#2216 = AXIS2_PLACEMENT_3D('',#2217,#2218,#2219);
#2217 = CARTESIAN_POINT('',(92.8,8.296816705891,8.1));
#2218 = DIRECTION('',(1.,-2.22044604925E-16,-2.22044604925E-16));
#2219 = DIRECTION('',(2.22044604925E-16,1.,-2.22044604925E-16));
#2220 = ADVANCED_FACE('',(#2221),#2239,.T.);
#2221 = FACE_BOUND('',#2222,.T.);
#2222 = EDGE_LOOP('',(#2223,#2224,#2232,#2238));
#2223 = ORIENTED_EDGE('',*,*,#774,.T.);
#2224 = ORIENTED_EDGE('',*,*,#2225,.T.);
#2225 = EDGE_CURVE('',#775,#2226,#2228,.T.);
#2226 = VERTEX_POINT('',#2227);
#2227 = CARTESIAN_POINT('',(98.7,8.296816705891,1.8));
#2228 = LINE('',#2229,#2230);
#2229 = CARTESIAN_POINT('',(98.7,8.296816705891,8.1));
#2230 = VECTOR('',#2231,1.);
#2231 = DIRECTION('',(-2.22044604925E-16,-2.22044604925E-16,-1.));
#2232 = ORIENTED_EDGE('',*,*,#2233,.T.);
#2233 = EDGE_CURVE('',#2226,#2171,#2234,.T.);
#2234 = LINE('',#2235,#2236);
#2235 = CARTESIAN_POINT('',(98.7,8.296816705891,1.8));
#2236 = VECTOR('',#2237,1.);
#2237 = DIRECTION('',(-0.866025403784,-0.5,3.033185711009E-16));
#2238 = ORIENTED_EDGE('',*,*,#2170,.F.);
#2239 = PLANE('',#2240);
#2240 = AXIS2_PLACEMENT_3D('',#2241,#2242,#2243);
#2241 = CARTESIAN_POINT('',(98.7,8.296816705891,8.1));
#2242 = DIRECTION('',(-0.5,0.866025403784,-8.127396617584E-17));
#2243 = DIRECTION('',(-0.866025403784,-0.5,3.033185711009E-16));
#2244 = ADVANCED_FACE('',(#2245),#2263,.T.);
#2245 = FACE_BOUND('',#2246,.T.);
#2246 = EDGE_LOOP('',(#2247,#2248,#2249,#2257));
#2247 = ORIENTED_EDGE('',*,*,#798,.T.);
#2248 = ORIENTED_EDGE('',*,*,#2210,.T.);
#2249 = ORIENTED_EDGE('',*,*,#2250,.T.);
#2250 = EDGE_CURVE('',#2203,#2251,#2253,.T.);
#2251 = VERTEX_POINT('',#2252);
#2252 = CARTESIAN_POINT('',(95.75,13.406366588219,1.8));
#2253 = LINE('',#2254,#2255);
#2254 = CARTESIAN_POINT('',(92.8,11.703183294109,1.8));
#2255 = VECTOR('',#2256,1.);
#2256 = DIRECTION('',(0.866025403784,0.5,-3.033185711009E-16));
#2257 = ORIENTED_EDGE('',*,*,#2258,.F.);
#2258 = EDGE_CURVE('',#791,#2251,#2259,.T.);
#2259 = LINE('',#2260,#2261);
#2260 = CARTESIAN_POINT('',(95.75,13.406366588219,8.1));
#2261 = VECTOR('',#2262,1.);
#2262 = DIRECTION('',(-2.22044604925E-16,-2.22044604925E-16,-1.));
#2263 = PLANE('',#2264);
#2264 = AXIS2_PLACEMENT_3D('',#2265,#2266,#2267);
#2265 = CARTESIAN_POINT('',(92.8,11.703183294109,8.1));
#2266 = DIRECTION('',(0.5,-0.866025403784,8.127396617584E-17));
#2267 = DIRECTION('',(0.866025403784,0.5,-3.033185711009E-16));
#2268 = ADVANCED_FACE('',(#2269),#2287,.T.);
#2269 = FACE_BOUND('',#2270,.T.);
#2270 = EDGE_LOOP('',(#2271,#2272,#2280,#2286));
#2271 = ORIENTED_EDGE('',*,*,#782,.T.);
#2272 = ORIENTED_EDGE('',*,*,#2273,.T.);
#2273 = EDGE_CURVE('',#783,#2274,#2276,.T.);
#2274 = VERTEX_POINT('',#2275);
#2275 = CARTESIAN_POINT('',(98.7,11.703183294109,1.8));
#2276 = LINE('',#2277,#2278);
#2277 = CARTESIAN_POINT('',(98.7,11.703183294109,8.1));
#2278 = VECTOR('',#2279,1.);
#2279 = DIRECTION('',(-2.22044604925E-16,-2.22044604925E-16,-1.));
#2280 = ORIENTED_EDGE('',*,*,#2281,.T.);
#2281 = EDGE_CURVE('',#2274,#2226,#2282,.T.);
#2282 = LINE('',#2283,#2284);
#2283 = CARTESIAN_POINT('',(98.7,11.703183294109,1.8));
#2284 = VECTOR('',#2285,1.);
#2285 = DIRECTION('',(-2.22044604925E-16,-1.,2.22044604925E-16));
#2286 = ORIENTED_EDGE('',*,*,#2225,.F.);
#2287 = PLANE('',#2288);
#2288 = AXIS2_PLACEMENT_3D('',#2289,#2290,#2291);
#2289 = CARTESIAN_POINT('',(98.7,11.703183294109,8.1));
#2290 = DIRECTION('',(-1.,2.22044604925E-16,2.22044604925E-16));
#2291 = DIRECTION('',(-2.22044604925E-16,-1.,2.22044604925E-16));
#2292 = ADVANCED_FACE('',(#2293),#2304,.T.);
#2293 = FACE_BOUND('',#2294,.T.);
#2294 = EDGE_LOOP('',(#2295,#2296,#2297,#2303));
#2295 = ORIENTED_EDGE('',*,*,#790,.T.);
#2296 = ORIENTED_EDGE('',*,*,#2258,.T.);
#2297 = ORIENTED_EDGE('',*,*,#2298,.T.);
#2298 = EDGE_CURVE('',#2251,#2274,#2299,.T.);
#2299 = LINE('',#2300,#2301);
#2300 = CARTESIAN_POINT('',(95.75,13.406366588219,1.8));
#2301 = VECTOR('',#2302,1.);
#2302 = DIRECTION('',(0.866025403784,-0.5,-8.127396617584E-17));
#2303 = ORIENTED_EDGE('',*,*,#2273,.F.);
#2304 = PLANE('',#2305);
#2305 = AXIS2_PLACEMENT_3D('',#2306,#2307,#2308);
#2306 = CARTESIAN_POINT('',(95.75,13.406366588219,8.1));
#2307 = DIRECTION('',(-0.5,-0.866025403784,3.033185711009E-16));
#2308 = DIRECTION('',(0.866025403784,-0.5,-8.127396617584E-17));
#2309 = ADVANCED_FACE('',(#2310),#2335,.T.);
#2310 = FACE_BOUND('',#2311,.T.);
#2311 = EDGE_LOOP('',(#2312,#2313,#2321,#2329));
#2312 = ORIENTED_EDGE('',*,*,#814,.T.);
#2313 = ORIENTED_EDGE('',*,*,#2314,.T.);
#2314 = EDGE_CURVE('',#817,#2315,#2317,.T.);
#2315 = VERTEX_POINT('',#2316);
#2316 = CARTESIAN_POINT('',(177.5,6.593633411781,1.8));
#2317 = LINE('',#2318,#2319);
#2318 = CARTESIAN_POINT('',(177.5,6.593633411781,8.1));
#2319 = VECTOR('',#2320,1.);
#2320 = DIRECTION('',(-2.22044604925E-16,-2.22044604925E-16,-1.));
#2321 = ORIENTED_EDGE('',*,*,#2322,.T.);
#2322 = EDGE_CURVE('',#2315,#2323,#2325,.T.);
#2323 = VERTEX_POINT('',#2324);
#2324 = CARTESIAN_POINT('',(174.55,8.296816705891,1.8));
#2325 = LINE('',#2326,#2327);
#2326 = CARTESIAN_POINT('',(177.5,6.593633411781,1.8));
#2327 = VECTOR('',#2328,1.);
#2328 = DIRECTION('',(-0.866025403784,0.5,8.127396617584E-17));
#2329 = ORIENTED_EDGE('',*,*,#2330,.F.);
#2330 = EDGE_CURVE('',#815,#2323,#2331,.T.);
#2331 = LINE('',#2332,#2333);
#2332 = CARTESIAN_POINT('',(174.55,8.296816705891,8.1));
#2333 = VECTOR('',#2334,1.);
#2334 = DIRECTION('',(-2.22044604925E-16,-2.22044604925E-16,-1.));
#2335 = PLANE('',#2336);
#2336 = AXIS2_PLACEMENT_3D('',#2337,#2338,#2339);
#2337 = CARTESIAN_POINT('',(177.5,6.593633411781,8.1));
#2338 = DIRECTION('',(0.5,0.866025403784,-3.033185711009E-16));
#2339 = DIRECTION('',(-0.866025403784,0.5,8.127396617584E-17));
#2340 = ADVANCED_FACE('',(#2341),#2359,.T.);
#2341 = FACE_BOUND('',#2342,.T.);
#2342 = EDGE_LOOP('',(#2343,#2344,#2345,#2353));
#2343 = ORIENTED_EDGE('',*,*,#856,.T.);
#2344 = ORIENTED_EDGE('',*,*,#2330,.T.);
#2345 = ORIENTED_EDGE('',*,*,#2346,.T.);
#2346 = EDGE_CURVE('',#2323,#2347,#2349,.T.);
#2347 = VERTEX_POINT('',#2348);
#2348 = CARTESIAN_POINT('',(174.55,11.703183294109,1.8));
#2349 = LINE('',#2350,#2351);
#2350 = CARTESIAN_POINT('',(174.55,8.296816705891,1.8));
#2351 = VECTOR('',#2352,1.);
#2352 = DIRECTION('',(2.22044604925E-16,1.,-2.22044604925E-16));
#2353 = ORIENTED_EDGE('',*,*,#2354,.F.);
#2354 = EDGE_CURVE('',#849,#2347,#2355,.T.);
#2355 = LINE('',#2356,#2357);
#2356 = CARTESIAN_POINT('',(174.55,11.703183294109,8.1));
#2357 = VECTOR('',#2358,1.);
#2358 = DIRECTION('',(-2.22044604925E-16,-2.22044604925E-16,-1.));
#2359 = PLANE('',#2360);
#2360 = AXIS2_PLACEMENT_3D('',#2361,#2362,#2363);
#2361 = CARTESIAN_POINT('',(174.55,8.296816705891,8.1));
#2362 = DIRECTION('',(1.,-2.22044604925E-16,-2.22044604925E-16));
#2363 = DIRECTION('',(2.22044604925E-16,1.,-2.22044604925E-16));
#2364 = ADVANCED_FACE('',(#2365),#2383,.T.);
#2365 = FACE_BOUND('',#2366,.T.);
#2366 = EDGE_LOOP('',(#2367,#2368,#2369,#2377));
#2367 = ORIENTED_EDGE('',*,*,#848,.T.);
#2368 = ORIENTED_EDGE('',*,*,#2354,.T.);
#2369 = ORIENTED_EDGE('',*,*,#2370,.T.);
#2370 = EDGE_CURVE('',#2347,#2371,#2373,.T.);
#2371 = VERTEX_POINT('',#2372);
#2372 = CARTESIAN_POINT('',(177.5,13.406366588219,1.8));
#2373 = LINE('',#2374,#2375);
#2374 = CARTESIAN_POINT('',(174.55,11.703183294109,1.8));
#2375 = VECTOR('',#2376,1.);
#2376 = DIRECTION('',(0.866025403784,0.5,-3.033185711009E-16));
#2377 = ORIENTED_EDGE('',*,*,#2378,.F.);
#2378 = EDGE_CURVE('',#841,#2371,#2379,.T.);
#2379 = LINE('',#2380,#2381);
#2380 = CARTESIAN_POINT('',(177.5,13.406366588219,8.1));
#2381 = VECTOR('',#2382,1.);
#2382 = DIRECTION('',(-2.22044604925E-16,-2.22044604925E-16,-1.));
#2383 = PLANE('',#2384);
#2384 = AXIS2_PLACEMENT_3D('',#2385,#2386,#2387);
#2385 = CARTESIAN_POINT('',(174.55,11.703183294109,8.1));
#2386 = DIRECTION('',(0.5,-0.866025403784,8.127396617584E-17));
#2387 = DIRECTION('',(0.866025403784,0.5,-3.033185711009E-16));
#2388 = ADVANCED_FACE('',(#2389),#2407,.T.);
#2389 = FACE_BOUND('',#2390,.T.);
#2390 = EDGE_LOOP('',(#2391,#2392,#2393,#2401));
#2391 = ORIENTED_EDGE('',*,*,#840,.T.);
#2392 = ORIENTED_EDGE('',*,*,#2378,.T.);
#2393 = ORIENTED_EDGE('',*,*,#2394,.T.);
#2394 = EDGE_CURVE('',#2371,#2395,#2397,.T.);
#2395 = VERTEX_POINT('',#2396);
#2396 = CARTESIAN_POINT('',(180.45,11.703183294109,1.8));
#2397 = LINE('',#2398,#2399);
#2398 = CARTESIAN_POINT('',(177.5,13.406366588219,1.8));
#2399 = VECTOR('',#2400,1.);
#2400 = DIRECTION('',(0.866025403784,-0.5,-8.127396617584E-17));
#2401 = ORIENTED_EDGE('',*,*,#2402,.F.);
#2402 = EDGE_CURVE('',#833,#2395,#2403,.T.);
#2403 = LINE('',#2404,#2405);
#2404 = CARTESIAN_POINT('',(180.45,11.703183294109,8.1));
#2405 = VECTOR('',#2406,1.);
#2406 = DIRECTION('',(-2.22044604925E-16,-2.22044604925E-16,-1.));
#2407 = PLANE('',#2408);
#2408 = AXIS2_PLACEMENT_3D('',#2409,#2410,#2411);
#2409 = CARTESIAN_POINT('',(177.5,13.406366588219,8.1));
#2410 = DIRECTION('',(-0.5,-0.866025403784,3.033185711009E-16));
#2411 = DIRECTION('',(0.866025403784,-0.5,-8.127396617584E-17));
#2412 = ADVANCED_FACE('',(#2413),#2431,.T.);
#2413 = FACE_BOUND('',#2414,.T.);
#2414 = EDGE_LOOP('',(#2415,#2416,#2417,#2425));
#2415 = ORIENTED_EDGE('',*,*,#832,.T.);
#2416 = ORIENTED_EDGE('',*,*,#2402,.T.);
#2417 = ORIENTED_EDGE('',*,*,#2418,.T.);
#2418 = EDGE_CURVE('',#2395,#2419,#2421,.T.);
#2419 = VERTEX_POINT('',#2420);
#2420 = CARTESIAN_POINT('',(180.45,8.296816705891,1.8));
#2421 = LINE('',#2422,#2423);
#2422 = CARTESIAN_POINT('',(180.45,11.703183294109,1.8));
#2423 = VECTOR('',#2424,1.);
#2424 = DIRECTION('',(-2.22044604925E-16,-1.,2.22044604925E-16));
#2425 = ORIENTED_EDGE('',*,*,#2426,.F.);
#2426 = EDGE_CURVE('',#825,#2419,#2427,.T.);
#2427 = LINE('',#2428,#2429);
#2428 = CARTESIAN_POINT('',(180.45,8.296816705891,8.1));
#2429 = VECTOR('',#2430,1.);
#2430 = DIRECTION('',(-2.22044604925E-16,-2.22044604925E-16,-1.));
#2431 = PLANE('',#2432);
#2432 = AXIS2_PLACEMENT_3D('',#2433,#2434,#2435);
#2433 = CARTESIAN_POINT('',(180.45,11.703183294109,8.1));
#2434 = DIRECTION('',(-1.,2.22044604925E-16,2.22044604925E-16));
#2435 = DIRECTION('',(-2.22044604925E-16,-1.,2.22044604925E-16));
#2436 = ADVANCED_FACE('',(#2437),#2448,.T.);
#2437 = FACE_BOUND('',#2438,.T.);
#2438 = EDGE_LOOP('',(#2439,#2440,#2441,#2447));
#2439 = ORIENTED_EDGE('',*,*,#824,.T.);
#2440 = ORIENTED_EDGE('',*,*,#2426,.T.);
#2441 = ORIENTED_EDGE('',*,*,#2442,.T.);
#2442 = EDGE_CURVE('',#2419,#2315,#2443,.T.);
#2443 = LINE('',#2444,#2445);
#2444 = CARTESIAN_POINT('',(180.45,8.296816705891,1.8));
#2445 = VECTOR('',#2446,1.);
#2446 = DIRECTION('',(-0.866025403784,-0.5,3.033185711009E-16));
#2447 = ORIENTED_EDGE('',*,*,#2314,.F.);
#2448 = PLANE('',#2449);
#2449 = AXIS2_PLACEMENT_3D('',#2450,#2451,#2452);
#2450 = CARTESIAN_POINT('',(180.45,8.296816705891,8.1));
#2451 = DIRECTION('',(-0.5,0.866025403784,-8.127396617584E-17));
#2452 = DIRECTION('',(-0.866025403784,-0.5,3.033185711009E-16));
#2453 = ADVANCED_FACE('',(#2454),#2479,.T.);
#2454 = FACE_BOUND('',#2455,.T.);
#2455 = EDGE_LOOP('',(#2456,#2464,#2472,#2478));
#2456 = ORIENTED_EDGE('',*,*,#2457,.F.);
#2457 = EDGE_CURVE('',#2458,#882,#2460,.T.);
#2458 = VERTEX_POINT('',#2459);
#2459 = CARTESIAN_POINT('',(32.,190.35,2.));
#2460 = LINE('',#2461,#2462);
#2461 = CARTESIAN_POINT('',(32.,190.75,2.));
#2462 = VECTOR('',#2463,1.);
#2463 = DIRECTION('',(-2.22044604925E-16,-1.,2.22044604925E-16));
#2464 = ORIENTED_EDGE('',*,*,#2465,.T.);
#2465 = EDGE_CURVE('',#2458,#2466,#2468,.T.);
#2466 = VERTEX_POINT('',#2467);
#2467 = CARTESIAN_POINT('',(159.5,190.35,2.));
#2468 = LINE('',#2469,#2470);
#2469 = CARTESIAN_POINT('',(32.,190.35,2.));
#2470 = VECTOR('',#2471,1.);
#2471 = DIRECTION('',(1.,-2.22044604925E-16,-2.22044604925E-16));
#2472 = ORIENTED_EDGE('',*,*,#2473,.T.);
#2473 = EDGE_CURVE('',#2466,#884,#2474,.T.);
#2474 = LINE('',#2475,#2476);
#2475 = CARTESIAN_POINT('',(159.5,190.75,2.));
#2476 = VECTOR('',#2477,1.);
#2477 = DIRECTION('',(-2.22044604925E-16,-1.,2.22044604925E-16));
#2478 = ORIENTED_EDGE('',*,*,#881,.F.);
#2479 = PLANE('',#2480);
#2480 = AXIS2_PLACEMENT_3D('',#2481,#2482,#2483);
#2481 = CARTESIAN_POINT('',(32.,190.75,2.));
#2482 = DIRECTION('',(-2.22044604925E-16,-2.22044604925E-16,-1.));
#2483 = DIRECTION('',(1.,-2.22044604925E-16,-2.22044604925E-16));
#2484 = ADVANCED_FACE('',(#2485),#2503,.T.);
#2485 = FACE_BOUND('',#2486,.T.);
#2486 = EDGE_LOOP('',(#2487,#2488,#2496,#2502));
#2487 = ORIENTED_EDGE('',*,*,#2473,.F.);
#2488 = ORIENTED_EDGE('',*,*,#2489,.F.);
#2489 = EDGE_CURVE('',#2490,#2466,#2492,.T.);
#2490 = VERTEX_POINT('',#2491);
#2491 = CARTESIAN_POINT('',(159.5,190.35,6.));
#2492 = LINE('',#2493,#2494);
#2493 = CARTESIAN_POINT('',(159.5,190.35,6.));
#2494 = VECTOR('',#2495,1.);
#2495 = DIRECTION('',(-2.22044604925E-16,-2.22044604925E-16,-1.));
#2496 = ORIENTED_EDGE('',*,*,#2497,.T.);
#2497 = EDGE_CURVE('',#2490,#900,#2498,.T.);
#2498 = LINE('',#2499,#2500);
#2499 = CARTESIAN_POINT('',(159.5,190.75,6.));
#2500 = VECTOR('',#2501,1.);
#2501 = DIRECTION('',(-2.22044604925E-16,-1.,2.22044604925E-16));
#2502 = ORIENTED_EDGE('',*,*,#907,.F.);
#2503 = PLANE('',#2504);
#2504 = AXIS2_PLACEMENT_3D('',#2505,#2506,#2507);
#2505 = CARTESIAN_POINT('',(159.5,190.75,6.));
#2506 = DIRECTION('',(1.,-2.22044604925E-16,-2.22044604925E-16));
#2507 = DIRECTION('',(-2.22044604925E-16,-2.22044604925E-16,-1.));
#2508 = ADVANCED_FACE('',(#2509),#2527,.F.);
#2509 = FACE_BOUND('',#2510,.F.);
#2510 = EDGE_LOOP('',(#2511,#2519,#2525,#2526));
#2511 = ORIENTED_EDGE('',*,*,#2512,.F.);
#2512 = EDGE_CURVE('',#2513,#892,#2515,.T.);
#2513 = VERTEX_POINT('',#2514);
#2514 = CARTESIAN_POINT('',(32.,190.35,6.));
#2515 = LINE('',#2516,#2517);
#2516 = CARTESIAN_POINT('',(32.,190.75,6.));
#2517 = VECTOR('',#2518,1.);
#2518 = DIRECTION('',(-2.22044604925E-16,-1.,2.22044604925E-16));
#2519 = ORIENTED_EDGE('',*,*,#2520,.T.);
#2520 = EDGE_CURVE('',#2513,#2490,#2521,.T.);
#2521 = LINE('',#2522,#2523);
#2522 = CARTESIAN_POINT('',(32.,190.35,6.));
#2523 = VECTOR('',#2524,1.);
#2524 = DIRECTION('',(1.,-2.22044604925E-16,-2.22044604925E-16));
#2525 = ORIENTED_EDGE('',*,*,#2497,.T.);
#2526 = ORIENTED_EDGE('',*,*,#899,.F.);
#2527 = PLANE('',#2528);
#2528 = AXIS2_PLACEMENT_3D('',#2529,#2530,#2531);
#2529 = CARTESIAN_POINT('',(32.,190.75,6.));
#2530 = DIRECTION('',(-2.22044604925E-16,-2.22044604925E-16,-1.));
#2531 = DIRECTION('',(1.,-2.22044604925E-16,-2.22044604925E-16));
#2532 = ADVANCED_FACE('',(#2533),#2544,.F.);
#2533 = FACE_BOUND('',#2534,.F.);
#2534 = EDGE_LOOP('',(#2535,#2536,#2542,#2543));
#2535 = ORIENTED_EDGE('',*,*,#2457,.F.);
#2536 = ORIENTED_EDGE('',*,*,#2537,.F.);
#2537 = EDGE_CURVE('',#2513,#2458,#2538,.T.);
#2538 = LINE('',#2539,#2540);
#2539 = CARTESIAN_POINT('',(32.,190.35,6.));
#2540 = VECTOR('',#2541,1.);
#2541 = DIRECTION('',(-2.22044604925E-16,-2.22044604925E-16,-1.));
#2542 = ORIENTED_EDGE('',*,*,#2512,.T.);
#2543 = ORIENTED_EDGE('',*,*,#891,.F.);
#2544 = PLANE('',#2545);
#2545 = AXIS2_PLACEMENT_3D('',#2546,#2547,#2548);
#2546 = CARTESIAN_POINT('',(32.,190.75,6.));
#2547 = DIRECTION('',(1.,-2.22044604925E-16,-2.22044604925E-16));
#2548 = DIRECTION('',(-2.22044604925E-16,-2.22044604925E-16,-1.));
#2549 = ADVANCED_FACE('',(#2550),#2575,.T.);
#2550 = FACE_BOUND('',#2551,.T.);
#2551 = EDGE_LOOP('',(#2552,#2553,#2561,#2569));
#2552 = ORIENTED_EDGE('',*,*,#964,.T.);
#2553 = ORIENTED_EDGE('',*,*,#2554,.T.);
#2554 = EDGE_CURVE('',#957,#2555,#2557,.T.);
#2555 = VERTEX_POINT('',#2556);
#2556 = CARTESIAN_POINT('',(191.5,171.1,2.));
#2557 = LINE('',#2558,#2559);
#2558 = CARTESIAN_POINT('',(187.25,171.1,2.));
#2559 = VECTOR('',#2560,1.);
#2560 = DIRECTION('',(1.,-2.22044604925E-16,-2.22044604925E-16));
#2561 = ORIENTED_EDGE('',*,*,#2562,.T.);
#2562 = EDGE_CURVE('',#2555,#2563,#2565,.T.);
#2563 = VERTEX_POINT('',#2564);
#2564 = CARTESIAN_POINT('',(191.5,0.,2.));
#2565 = LINE('',#2566,#2567);
#2566 = CARTESIAN_POINT('',(191.5,171.5,2.));
#2567 = VECTOR('',#2568,1.);
#2568 = DIRECTION('',(-2.22044604925E-16,-1.,2.22044604925E-16));
#2569 = ORIENTED_EDGE('',*,*,#2570,.F.);
#2570 = EDGE_CURVE('',#965,#2563,#2571,.T.);
#2571 = LINE('',#2572,#2573);
#2572 = CARTESIAN_POINT('',(187.25,0.,2.));
#2573 = VECTOR('',#2574,1.);
#2574 = DIRECTION('',(1.,-2.22044604925E-16,-2.22044604925E-16));
#2575 = PLANE('',#2576);
#2576 = AXIS2_PLACEMENT_3D('',#2577,#2578,#2579);
#2577 = CARTESIAN_POINT('',(187.25,171.5,2.));
#2578 = DIRECTION('',(-2.22044604925E-16,-2.22044604925E-16,-1.));
#2579 = DIRECTION('',(-2.22044604925E-16,-1.,2.22044604925E-16));
#2580 = ADVANCED_FACE('',(#2581),#2607,.F.);
#2581 = FACE_BOUND('',#2582,.F.);
#2582 = EDGE_LOOP('',(#2583,#2591,#2592,#2593,#2601));
#2583 = ORIENTED_EDGE('',*,*,#2584,.F.);
#2584 = EDGE_CURVE('',#949,#2585,#2587,.T.);
#2585 = VERTEX_POINT('',#2586);
#2586 = CARTESIAN_POINT('',(187.65,171.5,2.4));
#2587 = LINE('',#2588,#2589);
#2588 = CARTESIAN_POINT('',(188.05,171.9,2.8));
#2589 = VECTOR('',#2590,1.);
#2590 = DIRECTION('',(0.57735026919,0.57735026919,0.57735026919));
#2591 = ORIENTED_EDGE('',*,*,#956,.T.);
#2592 = ORIENTED_EDGE('',*,*,#2554,.T.);
#2593 = ORIENTED_EDGE('',*,*,#2594,.T.);
#2594 = EDGE_CURVE('',#2555,#2595,#2597,.T.);
#2595 = VERTEX_POINT('',#2596);
#2596 = CARTESIAN_POINT('',(191.1,171.5,2.4));
#2597 = LINE('',#2598,#2599);
#2598 = CARTESIAN_POINT('',(189.99166666666,172.60833333333,
    3.508333333333));
#2599 = VECTOR('',#2600,1.);
#2600 = DIRECTION('',(-0.57735026919,0.57735026919,0.57735026919));
#2601 = ORIENTED_EDGE('',*,*,#2602,.F.);
#2602 = EDGE_CURVE('',#2585,#2595,#2603,.T.);
#2603 = LINE('',#2604,#2605);
#2604 = CARTESIAN_POINT('',(187.25,171.5,2.4));
#2605 = VECTOR('',#2606,1.);
#2606 = DIRECTION('',(1.,-2.22044604925E-16,-2.22044604925E-16));
#2607 = PLANE('',#2608);
#2608 = AXIS2_PLACEMENT_3D('',#2609,#2610,#2611);
#2609 = CARTESIAN_POINT('',(187.25,171.3,2.2));
#2610 = DIRECTION('',(-3.474993633279E-18,-0.707106781187,0.707106781187
    ));
#2611 = DIRECTION('',(1.,-2.245017964877E-16,-2.195874133624E-16));
#2612 = ADVANCED_FACE('',(#2613),#2631,.T.);
#2613 = FACE_BOUND('',#2614,.F.);
#2614 = EDGE_LOOP('',(#2615,#2623,#2624,#2625));
#2615 = ORIENTED_EDGE('',*,*,#2616,.F.);
#2616 = EDGE_CURVE('',#941,#2617,#2619,.T.);
#2617 = VERTEX_POINT('',#2618);
#2618 = CARTESIAN_POINT('',(187.65,171.5,5.6));
#2619 = LINE('',#2620,#2621);
#2620 = CARTESIAN_POINT('',(187.38333333333,171.23333333333,
    5.866666666667));
#2621 = VECTOR('',#2622,1.);
#2622 = DIRECTION('',(0.57735026919,0.57735026919,-0.57735026919));
#2623 = ORIENTED_EDGE('',*,*,#948,.T.);
#2624 = ORIENTED_EDGE('',*,*,#2584,.T.);
#2625 = ORIENTED_EDGE('',*,*,#2626,.F.);
#2626 = EDGE_CURVE('',#2617,#2585,#2627,.T.);
#2627 = LINE('',#2628,#2629);
#2628 = CARTESIAN_POINT('',(187.65,171.5,6.));
#2629 = VECTOR('',#2630,1.);
#2630 = DIRECTION('',(-2.22044604925E-16,-2.22044604925E-16,-1.));
#2631 = PLANE('',#2632);
#2632 = AXIS2_PLACEMENT_3D('',#2633,#2634,#2635);
#2633 = CARTESIAN_POINT('',(187.45,171.3,6.));
#2634 = DIRECTION('',(-0.707106781187,0.707106781187,3.474993633273E-18)
  );
#2635 = DIRECTION('',(2.245017964877E-16,2.195874133624E-16,1.));
#2636 = ADVANCED_FACE('',(#2637),#2663,.T.);
#2637 = FACE_BOUND('',#2638,.T.);
#2638 = EDGE_LOOP('',(#2639,#2640,#2641,#2649,#2657));
#2639 = ORIENTED_EDGE('',*,*,#2616,.F.);
#2640 = ORIENTED_EDGE('',*,*,#940,.T.);
#2641 = ORIENTED_EDGE('',*,*,#2642,.T.);
#2642 = EDGE_CURVE('',#933,#2643,#2645,.T.);
#2643 = VERTEX_POINT('',#2644);
#2644 = CARTESIAN_POINT('',(191.5,171.1,6.));
#2645 = LINE('',#2646,#2647);
#2646 = CARTESIAN_POINT('',(187.25,171.1,6.));
#2647 = VECTOR('',#2648,1.);
#2648 = DIRECTION('',(1.,-2.22044604925E-16,-2.22044604925E-16));
#2649 = ORIENTED_EDGE('',*,*,#2650,.T.);
#2650 = EDGE_CURVE('',#2643,#2651,#2653,.T.);
#2651 = VERTEX_POINT('',#2652);
#2652 = CARTESIAN_POINT('',(191.1,171.5,5.6));
#2653 = LINE('',#2654,#2655);
#2654 = CARTESIAN_POINT('',(190.65833333333,171.94166666666,
    5.158333333333));
#2655 = VECTOR('',#2656,1.);
#2656 = DIRECTION('',(-0.57735026919,0.57735026919,-0.57735026919));
#2657 = ORIENTED_EDGE('',*,*,#2658,.F.);
#2658 = EDGE_CURVE('',#2617,#2651,#2659,.T.);
#2659 = LINE('',#2660,#2661);
#2660 = CARTESIAN_POINT('',(187.25,171.5,5.6));
#2661 = VECTOR('',#2662,1.);
#2662 = DIRECTION('',(1.,-2.22044604925E-16,-2.22044604925E-16));
#2663 = PLANE('',#2664);
#2664 = AXIS2_PLACEMENT_3D('',#2665,#2666,#2667);
#2665 = CARTESIAN_POINT('',(187.25,171.3,5.8));
#2666 = DIRECTION('',(3.1749348537E-16,0.707106781187,0.707106781187));
#2667 = DIRECTION('',(1.,-2.245017964877E-16,-2.245017964877E-16));
#2668 = ADVANCED_FACE('',(#2669),#2687,.F.);
#2669 = FACE_BOUND('',#2670,.F.);
#2670 = EDGE_LOOP('',(#2671,#2672,#2673,#2681));
#2671 = ORIENTED_EDGE('',*,*,#932,.T.);
#2672 = ORIENTED_EDGE('',*,*,#2642,.T.);
#2673 = ORIENTED_EDGE('',*,*,#2674,.T.);
#2674 = EDGE_CURVE('',#2643,#2675,#2677,.T.);
#2675 = VERTEX_POINT('',#2676);
#2676 = CARTESIAN_POINT('',(191.5,0.,6.));
#2677 = LINE('',#2678,#2679);
#2678 = CARTESIAN_POINT('',(191.5,171.5,6.));
#2679 = VECTOR('',#2680,1.);
#2680 = DIRECTION('',(-2.22044604925E-16,-1.,2.22044604925E-16));
#2681 = ORIENTED_EDGE('',*,*,#2682,.F.);
#2682 = EDGE_CURVE('',#925,#2675,#2683,.T.);
#2683 = LINE('',#2684,#2685);
#2684 = CARTESIAN_POINT('',(187.25,0.,6.));
#2685 = VECTOR('',#2686,1.);
#2686 = DIRECTION('',(1.,-2.22044604925E-16,-2.22044604925E-16));
#2687 = PLANE('',#2688);
#2688 = AXIS2_PLACEMENT_3D('',#2689,#2690,#2691);
#2689 = CARTESIAN_POINT('',(187.25,171.5,6.));
#2690 = DIRECTION('',(-2.22044604925E-16,-2.22044604925E-16,-1.));
#2691 = DIRECTION('',(-2.22044604925E-16,-1.,2.22044604925E-16));
#2692 = ADVANCED_FACE('',(#2693,#2701),#2704,.F.);
#2693 = FACE_BOUND('',#2694,.F.);
#2694 = EDGE_LOOP('',(#2695,#2696,#2697,#2698,#2699,#2700));
#2695 = ORIENTED_EDGE('',*,*,#1369,.T.);
#2696 = ORIENTED_EDGE('',*,*,#1314,.T.);
#2697 = ORIENTED_EDGE('',*,*,#1338,.T.);
#2698 = ORIENTED_EDGE('',*,*,#1386,.T.);
#2699 = ORIENTED_EDGE('',*,*,#1434,.T.);
#2700 = ORIENTED_EDGE('',*,*,#1417,.T.);
#2701 = FACE_BOUND('',#2702,.F.);
#2702 = EDGE_LOOP('',(#2703));
#2703 = ORIENTED_EDGE('',*,*,#996,.F.);
#2704 = PLANE('',#2705);
#2705 = AXIS2_PLACEMENT_3D('',#2706,#2707,#2708);
#2706 = CARTESIAN_POINT('',(14.,177.75,1.8));
#2707 = DIRECTION('',(-2.22044604925E-16,-2.22044604925E-16,-1.));
#2708 = DIRECTION('',(1.,-2.22044604925E-16,-2.22044604925E-16));
#2709 = ADVANCED_FACE('',(#2710,#2718),#2721,.F.);
#2710 = FACE_BOUND('',#2711,.F.);
#2711 = EDGE_LOOP('',(#2712,#2713,#2714,#2715,#2716,#2717));
#2712 = ORIENTED_EDGE('',*,*,#1657,.T.);
#2713 = ORIENTED_EDGE('',*,*,#1602,.T.);
#2714 = ORIENTED_EDGE('',*,*,#1626,.T.);
#2715 = ORIENTED_EDGE('',*,*,#1674,.T.);
#2716 = ORIENTED_EDGE('',*,*,#1722,.T.);
#2717 = ORIENTED_EDGE('',*,*,#1705,.T.);
#2718 = FACE_BOUND('',#2719,.F.);
#2719 = EDGE_LOOP('',(#2720));
#2720 = ORIENTED_EDGE('',*,*,#1021,.F.);
#2721 = PLANE('',#2722);
#2722 = AXIS2_PLACEMENT_3D('',#2723,#2724,#2725);
#2723 = CARTESIAN_POINT('',(95.75,177.75,1.8));
#2724 = DIRECTION('',(-2.22044604925E-16,-2.22044604925E-16,-1.));
#2725 = DIRECTION('',(1.,-2.22044604925E-16,-2.22044604925E-16));
#2726 = ADVANCED_FACE('',(#2727,#2735),#2738,.F.);
#2727 = FACE_BOUND('',#2728,.F.);
#2728 = EDGE_LOOP('',(#2729,#2730,#2731,#2732,#2733,#2734));
#2729 = ORIENTED_EDGE('',*,*,#1513,.T.);
#2730 = ORIENTED_EDGE('',*,*,#1458,.T.);
#2731 = ORIENTED_EDGE('',*,*,#1482,.T.);
#2732 = ORIENTED_EDGE('',*,*,#1530,.T.);
#2733 = ORIENTED_EDGE('',*,*,#1578,.T.);
#2734 = ORIENTED_EDGE('',*,*,#1561,.T.);
#2735 = FACE_BOUND('',#2736,.F.);
#2736 = EDGE_LOOP('',(#2737));
#2737 = ORIENTED_EDGE('',*,*,#1046,.F.);
#2738 = PLANE('',#2739);
#2739 = AXIS2_PLACEMENT_3D('',#2740,#2741,#2742);
#2740 = CARTESIAN_POINT('',(14.,93.875,1.8));
#2741 = DIRECTION('',(-2.22044604925E-16,-2.22044604925E-16,-1.));
#2742 = DIRECTION('',(1.,-2.22044604925E-16,-2.22044604925E-16));
#2743 = ADVANCED_FACE('',(#2744,#2752),#2755,.F.);
#2744 = FACE_BOUND('',#2745,.F.);
#2745 = EDGE_LOOP('',(#2746,#2747,#2748,#2749,#2750,#2751));
#2746 = ORIENTED_EDGE('',*,*,#1801,.T.);
#2747 = ORIENTED_EDGE('',*,*,#1746,.T.);
#2748 = ORIENTED_EDGE('',*,*,#1770,.T.);
#2749 = ORIENTED_EDGE('',*,*,#1818,.T.);
#2750 = ORIENTED_EDGE('',*,*,#1866,.T.);
#2751 = ORIENTED_EDGE('',*,*,#1849,.T.);
#2752 = FACE_BOUND('',#2753,.F.);
#2753 = EDGE_LOOP('',(#2754));
#2754 = ORIENTED_EDGE('',*,*,#1139,.F.);
#2755 = PLANE('',#2756);
#2756 = AXIS2_PLACEMENT_3D('',#2757,#2758,#2759);
#2757 = CARTESIAN_POINT('',(177.5,177.75,1.8));
#2758 = DIRECTION('',(-2.22044604925E-16,-2.22044604925E-16,-1.));
#2759 = DIRECTION('',(1.,-2.22044604925E-16,-2.22044604925E-16));
#2760 = ADVANCED_FACE('',(#2761,#2769),#2772,.F.);
#2761 = FACE_BOUND('',#2762,.F.);
#2762 = EDGE_LOOP('',(#2763,#2764,#2765,#2766,#2767,#2768));
#2763 = ORIENTED_EDGE('',*,*,#1945,.T.);
#2764 = ORIENTED_EDGE('',*,*,#1890,.T.);
#2765 = ORIENTED_EDGE('',*,*,#1914,.T.);
#2766 = ORIENTED_EDGE('',*,*,#1962,.T.);
#2767 = ORIENTED_EDGE('',*,*,#2010,.T.);
#2768 = ORIENTED_EDGE('',*,*,#1993,.T.);
#2769 = FACE_BOUND('',#2770,.F.);
#2770 = EDGE_LOOP('',(#2771));
#2771 = ORIENTED_EDGE('',*,*,#1164,.F.);
#2772 = PLANE('',#2773);
#2773 = AXIS2_PLACEMENT_3D('',#2774,#2775,#2776);
#2774 = CARTESIAN_POINT('',(177.5,93.875,1.8));
#2775 = DIRECTION('',(-2.22044604925E-16,-2.22044604925E-16,-1.));
#2776 = DIRECTION('',(1.,-2.22044604925E-16,-2.22044604925E-16));
#2777 = ADVANCED_FACE('',(#2778,#2786),#2789,.F.);
#2778 = FACE_BOUND('',#2779,.F.);
#2779 = EDGE_LOOP('',(#2780,#2781,#2782,#2783,#2784,#2785));
#2780 = ORIENTED_EDGE('',*,*,#2089,.T.);
#2781 = ORIENTED_EDGE('',*,*,#2034,.T.);
#2782 = ORIENTED_EDGE('',*,*,#2058,.T.);
#2783 = ORIENTED_EDGE('',*,*,#2106,.T.);
#2784 = ORIENTED_EDGE('',*,*,#2154,.T.);
#2785 = ORIENTED_EDGE('',*,*,#2137,.T.);
#2786 = FACE_BOUND('',#2787,.F.);
#2787 = EDGE_LOOP('',(#2788));
#2788 = ORIENTED_EDGE('',*,*,#1189,.F.);
#2789 = PLANE('',#2790);
#2790 = AXIS2_PLACEMENT_3D('',#2791,#2792,#2793);
#2791 = CARTESIAN_POINT('',(14.,10.,1.8));
#2792 = DIRECTION('',(-2.22044604925E-16,-2.22044604925E-16,-1.));
#2793 = DIRECTION('',(1.,-2.22044604925E-16,-2.22044604925E-16));
#2794 = ADVANCED_FACE('',(#2795,#2803),#2806,.F.);
#2795 = FACE_BOUND('',#2796,.F.);
#2796 = EDGE_LOOP('',(#2797,#2798,#2799,#2800,#2801,#2802));
#2797 = ORIENTED_EDGE('',*,*,#2233,.T.);
#2798 = ORIENTED_EDGE('',*,*,#2178,.T.);
#2799 = ORIENTED_EDGE('',*,*,#2202,.T.);
#2800 = ORIENTED_EDGE('',*,*,#2250,.T.);
#2801 = ORIENTED_EDGE('',*,*,#2298,.T.);
#2802 = ORIENTED_EDGE('',*,*,#2281,.T.);
#2803 = FACE_BOUND('',#2804,.F.);
#2804 = EDGE_LOOP('',(#2805));
#2805 = ORIENTED_EDGE('',*,*,#1214,.F.);
#2806 = PLANE('',#2807);
#2807 = AXIS2_PLACEMENT_3D('',#2808,#2809,#2810);
#2808 = CARTESIAN_POINT('',(95.75,10.,1.8));
#2809 = DIRECTION('',(-2.22044604925E-16,-2.22044604925E-16,-1.));
#2810 = DIRECTION('',(1.,-2.22044604925E-16,-2.22044604925E-16));
#2811 = ADVANCED_FACE('',(#2812,#2820),#2823,.F.);
#2812 = FACE_BOUND('',#2813,.F.);
#2813 = EDGE_LOOP('',(#2814,#2815,#2816,#2817,#2818,#2819));
#2814 = ORIENTED_EDGE('',*,*,#2442,.T.);
#2815 = ORIENTED_EDGE('',*,*,#2322,.T.);
#2816 = ORIENTED_EDGE('',*,*,#2346,.T.);
#2817 = ORIENTED_EDGE('',*,*,#2370,.T.);
#2818 = ORIENTED_EDGE('',*,*,#2394,.T.);
#2819 = ORIENTED_EDGE('',*,*,#2418,.T.);
#2820 = FACE_BOUND('',#2821,.F.);
#2821 = EDGE_LOOP('',(#2822));
#2822 = ORIENTED_EDGE('',*,*,#1239,.F.);
#2823 = PLANE('',#2824);
#2824 = AXIS2_PLACEMENT_3D('',#2825,#2826,#2827);
#2825 = CARTESIAN_POINT('',(177.5,10.,1.8));
#2826 = DIRECTION('',(-2.22044604925E-16,-2.22044604925E-16,-1.));
#2827 = DIRECTION('',(1.,-2.22044604925E-16,-2.22044604925E-16));
#2828 = ADVANCED_FACE('',(#2829),#2854,.F.);
#2829 = FACE_BOUND('',#2830,.T.);
#2830 = EDGE_LOOP('',(#2831,#2839,#2847,#2853));
#2831 = ORIENTED_EDGE('',*,*,#2832,.T.);
#2832 = EDGE_CURVE('',#2458,#2833,#2835,.T.);
#2833 = VERTEX_POINT('',#2834);
#2834 = CARTESIAN_POINT('',(32.4,190.75,2.4));
#2835 = LINE('',#2836,#2837);
#2836 = CARTESIAN_POINT('',(32.8,191.15,2.8));
#2837 = VECTOR('',#2838,1.);
#2838 = DIRECTION('',(0.57735026919,0.57735026919,0.57735026919));
#2839 = ORIENTED_EDGE('',*,*,#2840,.T.);
#2840 = EDGE_CURVE('',#2833,#2841,#2843,.T.);
#2841 = VERTEX_POINT('',#2842);
#2842 = CARTESIAN_POINT('',(159.1,190.75,2.4));
#2843 = LINE('',#2844,#2845);
#2844 = CARTESIAN_POINT('',(32.,190.75,2.4));
#2845 = VECTOR('',#2846,1.);
#2846 = DIRECTION('',(1.,-2.22044604925E-16,-2.22044604925E-16));
#2847 = ORIENTED_EDGE('',*,*,#2848,.F.);
#2848 = EDGE_CURVE('',#2466,#2841,#2849,.T.);
#2849 = LINE('',#2850,#2851);
#2850 = CARTESIAN_POINT('',(137.45,212.4,24.05));
#2851 = VECTOR('',#2852,1.);
#2852 = DIRECTION('',(-0.57735026919,0.57735026919,0.57735026919));
#2853 = ORIENTED_EDGE('',*,*,#2465,.F.);
#2854 = PLANE('',#2855);
#2855 = AXIS2_PLACEMENT_3D('',#2856,#2857,#2858);
#2856 = CARTESIAN_POINT('',(32.,190.55,2.2));
#2857 = DIRECTION('',(-1.725633230171E-31,-0.707106781187,0.707106781187
    ));
#2858 = DIRECTION('',(-1.,2.22044604925E-16,2.22044604925E-16));
#2859 = ADVANCED_FACE('',(#2860),#2878,.F.);
#2860 = FACE_BOUND('',#2861,.T.);
#2861 = EDGE_LOOP('',(#2862,#2870,#2871,#2872));
#2862 = ORIENTED_EDGE('',*,*,#2863,.F.);
#2863 = EDGE_CURVE('',#2490,#2864,#2866,.T.);
#2864 = VERTEX_POINT('',#2865);
#2865 = CARTESIAN_POINT('',(159.1,190.75,5.6));
#2866 = LINE('',#2867,#2868);
#2867 = CARTESIAN_POINT('',(138.11666666666,211.73333333333,
    -15.38333333333));
#2868 = VECTOR('',#2869,1.);
#2869 = DIRECTION('',(-0.57735026919,0.57735026919,-0.57735026919));
#2870 = ORIENTED_EDGE('',*,*,#2489,.T.);
#2871 = ORIENTED_EDGE('',*,*,#2848,.T.);
#2872 = ORIENTED_EDGE('',*,*,#2873,.F.);
#2873 = EDGE_CURVE('',#2864,#2841,#2874,.T.);
#2874 = LINE('',#2875,#2876);
#2875 = CARTESIAN_POINT('',(159.1,190.75,6.));
#2876 = VECTOR('',#2877,1.);
#2877 = DIRECTION('',(-2.22044604925E-16,-2.22044604925E-16,-1.));
#2878 = PLANE('',#2879);
#2879 = AXIS2_PLACEMENT_3D('',#2880,#2881,#2882);
#2880 = CARTESIAN_POINT('',(159.3,190.55,6.));
#2881 = DIRECTION('',(-0.707106781187,-0.707106781187,3.140184917368E-16
    ));
#2882 = DIRECTION('',(2.22044604925E-16,2.22044604925E-16,1.));
#2883 = ADVANCED_FACE('',(#2884),#2902,.T.);
#2884 = FACE_BOUND('',#2885,.F.);
#2885 = EDGE_LOOP('',(#2886,#2894,#2900,#2901));
#2886 = ORIENTED_EDGE('',*,*,#2887,.T.);
#2887 = EDGE_CURVE('',#2513,#2888,#2890,.T.);
#2888 = VERTEX_POINT('',#2889);
#2889 = CARTESIAN_POINT('',(32.4,190.75,5.6));
#2890 = LINE('',#2891,#2892);
#2891 = CARTESIAN_POINT('',(32.133333333333,190.48333333333,
    5.866666666667));
#2892 = VECTOR('',#2893,1.);
#2893 = DIRECTION('',(0.57735026919,0.57735026919,-0.57735026919));
#2894 = ORIENTED_EDGE('',*,*,#2895,.T.);
#2895 = EDGE_CURVE('',#2888,#2864,#2896,.T.);
#2896 = LINE('',#2897,#2898);
#2897 = CARTESIAN_POINT('',(32.,190.75,5.6));
#2898 = VECTOR('',#2899,1.);
#2899 = DIRECTION('',(1.,-2.22044604925E-16,-2.22044604925E-16));
#2900 = ORIENTED_EDGE('',*,*,#2863,.F.);
#2901 = ORIENTED_EDGE('',*,*,#2520,.F.);
#2902 = PLANE('',#2903);
#2903 = AXIS2_PLACEMENT_3D('',#2904,#2905,#2906);
#2904 = CARTESIAN_POINT('',(32.,190.55,5.8));
#2905 = DIRECTION('',(3.140184917368E-16,0.707106781187,0.707106781187)
  );
#2906 = DIRECTION('',(-1.,2.22044604925E-16,2.22044604925E-16));
#2907 = ADVANCED_FACE('',(#2908),#2919,.T.);
#2908 = FACE_BOUND('',#2909,.F.);
#2909 = EDGE_LOOP('',(#2910,#2911,#2912,#2913));
#2910 = ORIENTED_EDGE('',*,*,#2887,.F.);
#2911 = ORIENTED_EDGE('',*,*,#2537,.T.);
#2912 = ORIENTED_EDGE('',*,*,#2832,.T.);
#2913 = ORIENTED_EDGE('',*,*,#2914,.F.);
#2914 = EDGE_CURVE('',#2888,#2833,#2915,.T.);
#2915 = LINE('',#2916,#2917);
#2916 = CARTESIAN_POINT('',(32.4,190.75,6.));
#2917 = VECTOR('',#2918,1.);
#2918 = DIRECTION('',(-2.22044604925E-16,-2.22044604925E-16,-1.));
#2919 = PLANE('',#2920);
#2920 = AXIS2_PLACEMENT_3D('',#2921,#2922,#2923);
#2921 = CARTESIAN_POINT('',(32.2,190.55,6.));
#2922 = DIRECTION('',(-0.707106781187,0.707106781187,4.437342591868E-31)
  );
#2923 = DIRECTION('',(2.22044604925E-16,2.22044604925E-16,1.));
#2924 = ADVANCED_FACE('',(#2925),#2941,.T.);
#2925 = FACE_BOUND('',#2926,.T.);
#2926 = EDGE_LOOP('',(#2927,#2928,#2934,#2935));
#2927 = ORIENTED_EDGE('',*,*,#2562,.F.);
#2928 = ORIENTED_EDGE('',*,*,#2929,.F.);
#2929 = EDGE_CURVE('',#2643,#2555,#2930,.T.);
#2930 = LINE('',#2931,#2932);
#2931 = CARTESIAN_POINT('',(191.5,171.1,6.));
#2932 = VECTOR('',#2933,1.);
#2933 = DIRECTION('',(-2.22044604925E-16,-2.22044604925E-16,-1.));
#2934 = ORIENTED_EDGE('',*,*,#2674,.T.);
#2935 = ORIENTED_EDGE('',*,*,#2936,.T.);
#2936 = EDGE_CURVE('',#2675,#2563,#2937,.T.);
#2937 = LINE('',#2938,#2939);
#2938 = CARTESIAN_POINT('',(191.5,0.,6.));
#2939 = VECTOR('',#2940,1.);
#2940 = DIRECTION('',(-2.22044604925E-16,-2.22044604925E-16,-1.));
#2941 = PLANE('',#2942);
#2942 = AXIS2_PLACEMENT_3D('',#2943,#2944,#2945);
#2943 = CARTESIAN_POINT('',(191.5,171.5,6.));
#2944 = DIRECTION('',(1.,-2.22044604925E-16,-2.22044604925E-16));
#2945 = DIRECTION('',(-2.22044604925E-16,-1.,2.22044604925E-16));
#2946 = ADVANCED_FACE('',(#2947),#2958,.F.);
#2947 = FACE_BOUND('',#2948,.F.);
#2948 = EDGE_LOOP('',(#2949,#2950,#2951,#2952));
#2949 = ORIENTED_EDGE('',*,*,#2658,.F.);
#2950 = ORIENTED_EDGE('',*,*,#2626,.T.);
#2951 = ORIENTED_EDGE('',*,*,#2602,.T.);
#2952 = ORIENTED_EDGE('',*,*,#2953,.F.);
#2953 = EDGE_CURVE('',#2651,#2595,#2954,.T.);
#2954 = LINE('',#2955,#2956);
#2955 = CARTESIAN_POINT('',(191.1,171.5,6.));
#2956 = VECTOR('',#2957,1.);
#2957 = DIRECTION('',(-2.22044604925E-16,-2.22044604925E-16,-1.));
#2958 = PLANE('',#2959);
#2959 = AXIS2_PLACEMENT_3D('',#2960,#2961,#2962);
#2960 = CARTESIAN_POINT('',(187.25,171.5,6.));
#2961 = DIRECTION('',(-2.22044604925E-16,-1.,2.22044604925E-16));
#2962 = DIRECTION('',(-2.22044604925E-16,-2.22044604925E-16,-1.));
#2963 = ADVANCED_FACE('',(#2964),#2970,.F.);
#2964 = FACE_BOUND('',#2965,.T.);
#2965 = EDGE_LOOP('',(#2966,#2967,#2968,#2969));
#2966 = ORIENTED_EDGE('',*,*,#2650,.F.);
#2967 = ORIENTED_EDGE('',*,*,#2929,.T.);
#2968 = ORIENTED_EDGE('',*,*,#2594,.T.);
#2969 = ORIENTED_EDGE('',*,*,#2953,.F.);
#2970 = PLANE('',#2971);
#2971 = AXIS2_PLACEMENT_3D('',#2972,#2973,#2974);
#2972 = CARTESIAN_POINT('',(191.3,171.3,6.));
#2973 = DIRECTION('',(-0.707106781187,-0.707106781187,3.105434981035E-16
    ));
#2974 = DIRECTION('',(2.195874133624E-16,2.195874133624E-16,1.));
#2975 = ADVANCED_FACE('',(#2976),#2982,.F.);
#2976 = FACE_BOUND('',#2977,.F.);
#2977 = EDGE_LOOP('',(#2978,#2979,#2980,#2981));
#2978 = ORIENTED_EDGE('',*,*,#2914,.T.);
#2979 = ORIENTED_EDGE('',*,*,#2840,.T.);
#2980 = ORIENTED_EDGE('',*,*,#2873,.F.);
#2981 = ORIENTED_EDGE('',*,*,#2895,.F.);
#2982 = PLANE('',#2983);
#2983 = AXIS2_PLACEMENT_3D('',#2984,#2985,#2986);
#2984 = CARTESIAN_POINT('',(32.,190.75,6.));
#2985 = DIRECTION('',(-2.22044604925E-16,-1.,2.22044604925E-16));
#2986 = DIRECTION('',(-2.22044604925E-16,-2.22044604925E-16,-1.));
#2987 = ADVANCED_FACE('',(#2988),#3002,.T.);
#2988 = FACE_BOUND('',#2989,.T.);
#2989 = EDGE_LOOP('',(#2990,#2991,#2992,#2993,#2994,#2995,#2996,#2997,
    #2998,#2999,#3000,#3001));
#2990 = ORIENTED_EDGE('',*,*,#924,.F.);
#2991 = ORIENTED_EDGE('',*,*,#422,.F.);
#2992 = ORIENTED_EDGE('',*,*,#47,.T.);
#2993 = ORIENTED_EDGE('',*,*,#391,.F.);
#2994 = ORIENTED_EDGE('',*,*,#1262,.T.);
#2995 = ORIENTED_EDGE('',*,*,#279,.T.);
#2996 = ORIENTED_EDGE('',*,*,#95,.T.);
#2997 = ORIENTED_EDGE('',*,*,#126,.T.);
#2998 = ORIENTED_EDGE('',*,*,#972,.F.);
#2999 = ORIENTED_EDGE('',*,*,#2570,.T.);
#3000 = ORIENTED_EDGE('',*,*,#2936,.F.);
#3001 = ORIENTED_EDGE('',*,*,#2682,.F.);
#3002 = PLANE('',#3003);
#3003 = AXIS2_PLACEMENT_3D('',#3004,#3005,#3006);
#3004 = CARTESIAN_POINT('',(95.75,2.84217094304E-14,4.));
#3005 = DIRECTION('',(-2.22044604925E-16,-1.,2.22044604925E-16));
#3006 = DIRECTION('',(-2.22044604925E-16,-2.22044604925E-16,-1.));
#3007 = ( GEOMETRIC_REPRESENTATION_CONTEXT(3) 
GLOBAL_UNCERTAINTY_ASSIGNED_CONTEXT((#3011)) 
GLOBAL_UNIT_ASSIGNED_CONTEXT((#3008,#3009,#3010)) REPRESENTATION_CONTEXT
('Context #1','3D Context with UNIT and UNCERTAINTY') );
#3008 = ( LENGTH_UNIT() NAMED_UNIT(*) SI_UNIT(.MILLI.,.METRE.) );
#3009 = ( NAMED_UNIT(*) PLANE_ANGLE_UNIT() SI_UNIT($,.RADIAN.) );
#3010 = ( NAMED_UNIT(*) SI_UNIT($,.STERADIAN.) SOLID_ANGLE_UNIT() );
#3011 = UNCERTAINTY_MEASURE_WITH_UNIT(LENGTH_MEASURE(1.E-07),#3008,
  'distance_accuracy_value','confusion accuracy');
#3012 = PRODUCT_RELATED_PRODUCT_CATEGORY('part',$,(#7));
ENDSEC;
END-ISO-10303-21;
