ISO-10303-21;
HEADER;
FILE_DESCRIPTION(('FreeCAD Model'),'2;1');
FILE_NAME('Open CASCADE Shape Model','2026-10-09T08:39:35',('FreeCAD'),(
    'FreeCAD'),'Open CASCADE STEP processor 7.8','FreeCAD','Unknown');
FILE_SCHEMA(('AUTOMOTIVE_DESIGN { 1 0 10303 214 1 1 1 1 }'));
ENDSEC;
DATA;
#1 = APPLICATION_PROTOCOL_DEFINITION('international standard',
  'automotive_design',2000,#2);
#2 = APPLICATION_CONTEXT(
  'core data for automotive mechanical design processes');
#3 = SHAPE_DEFINITION_REPRESENTATION(#4,#10);
#4 = PRODUCT_DEFINITION_SHAPE('','',#5);
#5 = PRODUCT_DEFINITION('design','',#6,#9);
#6 = PRODUCT_DEFINITION_FORMATION('','',#7);
#7 = PRODUCT('Open CASCADE STEP translator 7.8 11',
  'Open CASCADE STEP translator 7.8 11','',(#8));
#8 = PRODUCT_CONTEXT('',#2,'mechanical');
#9 = PRODUCT_DEFINITION_CONTEXT('part definition',#2,'design');
#10 = ADVANCED_BREP_SHAPE_REPRESENTATION('',(#11,#15),#3069);
#11 = AXIS2_PLACEMENT_3D('',#12,#13,#14);
#12 = CARTESIAN_POINT('',(0.,0.,0.));
#13 = DIRECTION('',(0.,0.,1.));
#14 = DIRECTION('',(1.,0.,-0.));
#15 = MANIFOLD_SOLID_BREP('',#16);
#16 = CLOSED_SHELL('',(#17,#57,#88,#234,#258,#897,#909,#934,#959,#984,
    #1006,#1023,#1040,#1052,#1077,#1102,#1127,#1152,#1177,#1208,#1232,
    #1256,#1280,#1304,#1321,#1352,#1377,#1401,#1435,#1459,#1483,#1507,
    #1541,#1565,#1589,#1607,#1638,#1663,#1687,#1711,#1745,#1769,#1794,
    #1818,#1842,#1866,#1884,#1915,#1939,#1963,#1987,#2011,#2028,#2059,
    #2083,#2107,#2131,#2155,#2172,#2203,#2227,#2251,#2275,#2299,#2316,
    #2347,#2371,#2395,#2419,#2443,#2460,#2491,#2515,#2539,#2563,#2587,
    #2604,#2635,#2659,#2683,#2707,#2731,#2748,#2779,#2803,#2827,#2851,
    #2875,#2892,#2909,#2926,#2943,#2960,#2977,#2994,#3011,#3028,#3049));
#17 = ADVANCED_FACE('',(#18),#52,.F.);
#18 = FACE_BOUND('',#19,.F.);
#19 = EDGE_LOOP('',(#20,#30,#38,#46));
#20 = ORIENTED_EDGE('',*,*,#21,.F.);
#21 = EDGE_CURVE('',#22,#24,#26,.T.);
#22 = VERTEX_POINT('',#23);
#23 = CARTESIAN_POINT('',(0.,0.,5.551115123126E-17));
#24 = VERTEX_POINT('',#25);
#25 = CARTESIAN_POINT('',(0.,-1.7763568394E-15,8.));
#26 = LINE('',#27,#28);
#27 = CARTESIAN_POINT('',(0.,0.,5.551115123126E-17));
#28 = VECTOR('',#29,1.);
#29 = DIRECTION('',(0.,0.,1.));
#30 = ORIENTED_EDGE('',*,*,#31,.T.);
#31 = EDGE_CURVE('',#22,#32,#34,.T.);
#32 = VERTEX_POINT('',#33);
#33 = CARTESIAN_POINT('',(0.,170.,5.551115123126E-17));
#34 = LINE('',#35,#36);
#35 = CARTESIAN_POINT('',(0.,0.,5.551115123126E-17));
#36 = VECTOR('',#37,1.);
#37 = DIRECTION('',(0.,1.,0.));
#38 = ORIENTED_EDGE('',*,*,#39,.T.);
#39 = EDGE_CURVE('',#32,#40,#42,.T.);
#40 = VERTEX_POINT('',#41);
#41 = CARTESIAN_POINT('',(0.,170.,8.));
#42 = LINE('',#43,#44);
#43 = CARTESIAN_POINT('',(0.,170.,5.551115123126E-17));
#44 = VECTOR('',#45,1.);
#45 = DIRECTION('',(0.,0.,1.));
#46 = ORIENTED_EDGE('',*,*,#47,.F.);
#47 = EDGE_CURVE('',#24,#40,#48,.T.);
#48 = LINE('',#49,#50);
#49 = CARTESIAN_POINT('',(0.,0.,8.));
#50 = VECTOR('',#51,1.);
#51 = DIRECTION('',(0.,1.,0.));
#52 = PLANE('',#53);
#53 = AXIS2_PLACEMENT_3D('',#54,#55,#56);
#54 = CARTESIAN_POINT('',(0.,0.,5.551115123126E-17));
#55 = DIRECTION('',(1.,0.,0.));
#56 = DIRECTION('',(0.,0.,1.));
#57 = ADVANCED_FACE('',(#58),#83,.F.);
#58 = FACE_BOUND('',#59,.F.);
#59 = EDGE_LOOP('',(#60,#68,#69,#77));
#60 = ORIENTED_EDGE('',*,*,#61,.F.);
#61 = EDGE_CURVE('',#22,#62,#64,.T.);
#62 = VERTEX_POINT('',#63);
#63 = CARTESIAN_POINT('',(164.,0.,5.551115123126E-17));
#64 = LINE('',#65,#66);
#65 = CARTESIAN_POINT('',(0.,0.,5.551115123126E-17));
#66 = VECTOR('',#67,1.);
#67 = DIRECTION('',(1.,0.,0.));
#68 = ORIENTED_EDGE('',*,*,#21,.T.);
#69 = ORIENTED_EDGE('',*,*,#70,.T.);
#70 = EDGE_CURVE('',#24,#71,#73,.T.);
#71 = VERTEX_POINT('',#72);
#72 = CARTESIAN_POINT('',(164.,-1.7763568394E-15,8.));
#73 = LINE('',#74,#75);
#74 = CARTESIAN_POINT('',(0.,0.,8.));
#75 = VECTOR('',#76,1.);
#76 = DIRECTION('',(1.,0.,0.));
#77 = ORIENTED_EDGE('',*,*,#78,.F.);
#78 = EDGE_CURVE('',#62,#71,#79,.T.);
#79 = LINE('',#80,#81);
#80 = CARTESIAN_POINT('',(164.,0.,5.551115123126E-17));
#81 = VECTOR('',#82,1.);
#82 = DIRECTION('',(0.,0.,1.));
#83 = PLANE('',#84);
#84 = AXIS2_PLACEMENT_3D('',#85,#86,#87);
#85 = CARTESIAN_POINT('',(0.,0.,5.551115123126E-17));
#86 = DIRECTION('',(0.,1.,0.));
#87 = DIRECTION('',(0.,0.,1.));
#88 = ADVANCED_FACE('',(#89,#107,#118,#129,#140,#174,#185,#196,#207,#218
    ),#229,.T.);
#89 = FACE_BOUND('',#90,.T.);
#90 = EDGE_LOOP('',(#91,#92,#93,#101));
#91 = ORIENTED_EDGE('',*,*,#47,.F.);
#92 = ORIENTED_EDGE('',*,*,#70,.T.);
#93 = ORIENTED_EDGE('',*,*,#94,.T.);
#94 = EDGE_CURVE('',#71,#95,#97,.T.);
#95 = VERTEX_POINT('',#96);
#96 = CARTESIAN_POINT('',(164.,170.,8.));
#97 = LINE('',#98,#99);
#98 = CARTESIAN_POINT('',(164.,0.,8.));
#99 = VECTOR('',#100,1.);
#100 = DIRECTION('',(0.,1.,0.));
#101 = ORIENTED_EDGE('',*,*,#102,.F.);
#102 = EDGE_CURVE('',#40,#95,#103,.T.);
#103 = LINE('',#104,#105);
#104 = CARTESIAN_POINT('',(0.,170.,8.));
#105 = VECTOR('',#106,1.);
#106 = DIRECTION('',(1.,0.,0.));
#107 = FACE_BOUND('',#108,.T.);
#108 = EDGE_LOOP('',(#109));
#109 = ORIENTED_EDGE('',*,*,#110,.F.);
#110 = EDGE_CURVE('',#111,#111,#113,.T.);
#111 = VERTEX_POINT('',#112);
#112 = CARTESIAN_POINT('',(11.8,10.,8.));
#113 = CIRCLE('',#114,1.8);
#114 = AXIS2_PLACEMENT_3D('',#115,#116,#117);
#115 = CARTESIAN_POINT('',(10.,10.,8.));
#116 = DIRECTION('',(0.,0.,1.));
#117 = DIRECTION('',(1.,0.,0.));
#118 = FACE_BOUND('',#119,.T.);
#119 = EDGE_LOOP('',(#120));
#120 = ORIENTED_EDGE('',*,*,#121,.F.);
#121 = EDGE_CURVE('',#122,#122,#124,.T.);
#122 = VERTEX_POINT('',#123);
#123 = CARTESIAN_POINT('',(83.8,10.,8.));
#124 = CIRCLE('',#125,1.8);
#125 = AXIS2_PLACEMENT_3D('',#126,#127,#128);
#126 = CARTESIAN_POINT('',(82.,10.,8.));
#127 = DIRECTION('',(0.,0.,1.));
#128 = DIRECTION('',(1.,0.,0.));
#129 = FACE_BOUND('',#130,.T.);
#130 = EDGE_LOOP('',(#131));
#131 = ORIENTED_EDGE('',*,*,#132,.F.);
#132 = EDGE_CURVE('',#133,#133,#135,.T.);
#133 = VERTEX_POINT('',#134);
#134 = CARTESIAN_POINT('',(11.8,85.,8.));
#135 = CIRCLE('',#136,1.8);
#136 = AXIS2_PLACEMENT_3D('',#137,#138,#139);
#137 = CARTESIAN_POINT('',(10.,85.,8.));
#138 = DIRECTION('',(0.,0.,1.));
#139 = DIRECTION('',(1.,0.,0.));
#140 = FACE_BOUND('',#141,.T.);
#141 = EDGE_LOOP('',(#142,#152,#160,#168));
#142 = ORIENTED_EDGE('',*,*,#143,.T.);
#143 = EDGE_CURVE('',#144,#146,#148,.T.);
#144 = VERTEX_POINT('',#145);
#145 = CARTESIAN_POINT('',(144.,20.,8.));
#146 = VERTEX_POINT('',#147);
#147 = CARTESIAN_POINT('',(20.,20.,8.));
#148 = LINE('',#149,#150);
#149 = CARTESIAN_POINT('',(10.,20.,8.));
#150 = VECTOR('',#151,1.);
#151 = DIRECTION('',(-1.,0.,0.));
#152 = ORIENTED_EDGE('',*,*,#153,.T.);
#153 = EDGE_CURVE('',#146,#154,#156,.T.);
#154 = VERTEX_POINT('',#155);
#155 = CARTESIAN_POINT('',(20.,150.,8.));
#156 = LINE('',#157,#158);
#157 = CARTESIAN_POINT('',(20.,10.,8.));
#158 = VECTOR('',#159,1.);
#159 = DIRECTION('',(0.,1.,0.));
#160 = ORIENTED_EDGE('',*,*,#161,.F.);
#161 = EDGE_CURVE('',#162,#154,#164,.T.);
#162 = VERTEX_POINT('',#163);
#163 = CARTESIAN_POINT('',(144.,150.,8.));
#164 = LINE('',#165,#166);
#165 = CARTESIAN_POINT('',(10.,150.,8.));
#166 = VECTOR('',#167,1.);
#167 = DIRECTION('',(-1.,0.,0.));
#168 = ORIENTED_EDGE('',*,*,#169,.F.);
#169 = EDGE_CURVE('',#144,#162,#170,.T.);
#170 = LINE('',#171,#172);
#171 = CARTESIAN_POINT('',(144.,10.,8.));
#172 = VECTOR('',#173,1.);
#173 = DIRECTION('',(0.,1.,0.));
#174 = FACE_BOUND('',#175,.T.);
#175 = EDGE_LOOP('',(#176));
#176 = ORIENTED_EDGE('',*,*,#177,.F.);
#177 = EDGE_CURVE('',#178,#178,#180,.T.);
#178 = VERTEX_POINT('',#179);
#179 = CARTESIAN_POINT('',(155.8,10.,8.));
#180 = CIRCLE('',#181,1.8);
#181 = AXIS2_PLACEMENT_3D('',#182,#183,#184);
#182 = CARTESIAN_POINT('',(154.,10.,8.));
#183 = DIRECTION('',(0.,0.,1.));
#184 = DIRECTION('',(1.,0.,0.));
#185 = FACE_BOUND('',#186,.T.);
#186 = EDGE_LOOP('',(#187));
#187 = ORIENTED_EDGE('',*,*,#188,.F.);
#188 = EDGE_CURVE('',#189,#189,#191,.T.);
#189 = VERTEX_POINT('',#190);
#190 = CARTESIAN_POINT('',(155.8,85.,8.));
#191 = CIRCLE('',#192,1.8);
#192 = AXIS2_PLACEMENT_3D('',#193,#194,#195);
#193 = CARTESIAN_POINT('',(154.,85.,8.));
#194 = DIRECTION('',(0.,0.,1.));
#195 = DIRECTION('',(1.,0.,0.));
#196 = FACE_BOUND('',#197,.T.);
#197 = EDGE_LOOP('',(#198));
#198 = ORIENTED_EDGE('',*,*,#199,.F.);
#199 = EDGE_CURVE('',#200,#200,#202,.T.);
#200 = VERTEX_POINT('',#201);
#201 = CARTESIAN_POINT('',(11.8,160.,8.));
#202 = CIRCLE('',#203,1.8);
#203 = AXIS2_PLACEMENT_3D('',#204,#205,#206);
#204 = CARTESIAN_POINT('',(10.,160.,8.));
#205 = DIRECTION('',(0.,0.,1.));
#206 = DIRECTION('',(1.,0.,0.));
#207 = FACE_BOUND('',#208,.T.);
#208 = EDGE_LOOP('',(#209));
#209 = ORIENTED_EDGE('',*,*,#210,.F.);
#210 = EDGE_CURVE('',#211,#211,#213,.T.);
#211 = VERTEX_POINT('',#212);
#212 = CARTESIAN_POINT('',(83.8,160.,8.));
#213 = CIRCLE('',#214,1.8);
#214 = AXIS2_PLACEMENT_3D('',#215,#216,#217);
#215 = CARTESIAN_POINT('',(82.,160.,8.));
#216 = DIRECTION('',(0.,0.,1.));
#217 = DIRECTION('',(1.,0.,0.));
#218 = FACE_BOUND('',#219,.T.);
#219 = EDGE_LOOP('',(#220));
#220 = ORIENTED_EDGE('',*,*,#221,.F.);
#221 = EDGE_CURVE('',#222,#222,#224,.T.);
#222 = VERTEX_POINT('',#223);
#223 = CARTESIAN_POINT('',(155.8,160.,8.));
#224 = CIRCLE('',#225,1.8);
#225 = AXIS2_PLACEMENT_3D('',#226,#227,#228);
#226 = CARTESIAN_POINT('',(154.,160.,8.));
#227 = DIRECTION('',(0.,0.,1.));
#228 = DIRECTION('',(1.,0.,0.));
#229 = PLANE('',#230);
#230 = AXIS2_PLACEMENT_3D('',#231,#232,#233);
#231 = CARTESIAN_POINT('',(0.,0.,8.));
#232 = DIRECTION('',(0.,0.,1.));
#233 = DIRECTION('',(1.,0.,0.));
#234 = ADVANCED_FACE('',(#235),#253,.T.);
#235 = FACE_BOUND('',#236,.T.);
#236 = EDGE_LOOP('',(#237,#245,#246,#247));
#237 = ORIENTED_EDGE('',*,*,#238,.F.);
#238 = EDGE_CURVE('',#32,#239,#241,.T.);
#239 = VERTEX_POINT('',#240);
#240 = CARTESIAN_POINT('',(164.,170.,5.551115123126E-17));
#241 = LINE('',#242,#243);
#242 = CARTESIAN_POINT('',(0.,170.,5.551115123126E-17));
#243 = VECTOR('',#244,1.);
#244 = DIRECTION('',(1.,0.,0.));
#245 = ORIENTED_EDGE('',*,*,#39,.T.);
#246 = ORIENTED_EDGE('',*,*,#102,.T.);
#247 = ORIENTED_EDGE('',*,*,#248,.F.);
#248 = EDGE_CURVE('',#239,#95,#249,.T.);
#249 = LINE('',#250,#251);
#250 = CARTESIAN_POINT('',(164.,170.,5.551115123126E-17));
#251 = VECTOR('',#252,1.);
#252 = DIRECTION('',(0.,0.,1.));
#253 = PLANE('',#254);
#254 = AXIS2_PLACEMENT_3D('',#255,#256,#257);
#255 = CARTESIAN_POINT('',(0.,170.,5.551115123126E-17));
#256 = DIRECTION('',(0.,1.,0.));
#257 = DIRECTION('',(0.,0.,1.));
#258 = ADVANCED_FACE('',(#259,#270,#320,#414,#508,#558,#608,#658,#708,
    #742,#792,#842),#892,.F.);
#259 = FACE_BOUND('',#260,.F.);
#260 = EDGE_LOOP('',(#261,#262,#263,#269));
#261 = ORIENTED_EDGE('',*,*,#31,.F.);
#262 = ORIENTED_EDGE('',*,*,#61,.T.);
#263 = ORIENTED_EDGE('',*,*,#264,.T.);
#264 = EDGE_CURVE('',#62,#239,#265,.T.);
#265 = LINE('',#266,#267);
#266 = CARTESIAN_POINT('',(164.,0.,5.551115123126E-17));
#267 = VECTOR('',#268,1.);
#268 = DIRECTION('',(0.,1.,0.));
#269 = ORIENTED_EDGE('',*,*,#238,.F.);
#270 = FACE_BOUND('',#271,.F.);
#271 = EDGE_LOOP('',(#272,#282,#290,#298,#306,#314));
#272 = ORIENTED_EDGE('',*,*,#273,.T.);
#273 = EDGE_CURVE('',#274,#276,#278,.T.);
#274 = VERTEX_POINT('',#275);
#275 = CARTESIAN_POINT('',(7.05,11.703183294109,5.551115123126E-17));
#276 = VERTEX_POINT('',#277);
#277 = CARTESIAN_POINT('',(10.,13.406366588219,5.551115123126E-17));
#278 = LINE('',#279,#280);
#279 = CARTESIAN_POINT('',(3.347436490539,9.56550725523,
    5.551115123126E-17));
#280 = VECTOR('',#281,1.);
#281 = DIRECTION('',(0.866025403784,0.5,0.));
#282 = ORIENTED_EDGE('',*,*,#283,.T.);
#283 = EDGE_CURVE('',#276,#284,#286,.T.);
#284 = VERTEX_POINT('',#285);
#285 = CARTESIAN_POINT('',(12.95,11.703183294109,5.551115123126E-17));
#286 = LINE('',#287,#288);
#287 = CARTESIAN_POINT('',(10.627563509461,13.044042627098,
    5.551115123126E-17));
#288 = VECTOR('',#289,1.);
#289 = DIRECTION('',(0.866025403784,-0.5,0.));
#290 = ORIENTED_EDGE('',*,*,#291,.T.);
#291 = EDGE_CURVE('',#284,#292,#294,.T.);
#292 = VERTEX_POINT('',#293);
#293 = CARTESIAN_POINT('',(12.95,8.296816705891,5.551115123126E-17));
#294 = LINE('',#295,#296);
#295 = CARTESIAN_POINT('',(12.95,4.148408352945,5.551115123126E-17));
#296 = VECTOR('',#297,1.);
#297 = DIRECTION('',(-5.214814064769E-16,-1.,0.));
#298 = ORIENTED_EDGE('',*,*,#299,.T.);
#299 = EDGE_CURVE('',#292,#300,#302,.T.);
#300 = VERTEX_POINT('',#301);
#301 = CARTESIAN_POINT('',(10.,6.593633411781,5.551115123126E-17));
#302 = LINE('',#303,#304);
#303 = CARTESIAN_POINT('',(4.822436490539,3.604365725847,
    6.938893903907E-17));
#304 = VECTOR('',#305,1.);
#305 = DIRECTION('',(-0.866025403784,-0.5,0.));
#306 = ORIENTED_EDGE('',*,*,#307,.T.);
#307 = EDGE_CURVE('',#300,#308,#310,.T.);
#308 = VERTEX_POINT('',#309);
#309 = CARTESIAN_POINT('',(7.05,8.296816705891,5.551115123126E-17));
#310 = LINE('',#311,#312);
#311 = CARTESIAN_POINT('',(6.202563509461,8.786084391824,
    6.938893903907E-17));
#312 = VECTOR('',#313,1.);
#313 = DIRECTION('',(-0.866025403784,0.5,0.));
#314 = ORIENTED_EDGE('',*,*,#315,.T.);
#315 = EDGE_CURVE('',#308,#274,#316,.T.);
#316 = LINE('',#317,#318);
#317 = CARTESIAN_POINT('',(7.05,5.851591647055,5.551115123126E-17));
#318 = VECTOR('',#319,1.);
#319 = DIRECTION('',(-2.607407032384E-16,1.,0.));
#320 = FACE_BOUND('',#321,.F.);
#321 = EDGE_LOOP('',(#322,#332,#341,#349,#357,#366,#374,#382,#390,#399,
    #407));
#322 = ORIENTED_EDGE('',*,*,#323,.F.);
#323 = EDGE_CURVE('',#324,#326,#328,.T.);
#324 = VERTEX_POINT('',#325);
#325 = CARTESIAN_POINT('',(54.6,8.,5.551115123126E-17));
#326 = VERTEX_POINT('',#327);
#327 = CARTESIAN_POINT('',(54.6,4.,5.551115123126E-17));
#328 = LINE('',#329,#330);
#329 = CARTESIAN_POINT('',(54.6,4.,5.551115123126E-17));
#330 = VECTOR('',#331,1.);
#331 = DIRECTION('',(1.110223024625E-16,-1.,0.));
#332 = ORIENTED_EDGE('',*,*,#333,.T.);
#333 = EDGE_CURVE('',#324,#334,#336,.T.);
#334 = VERTEX_POINT('',#335);
#335 = CARTESIAN_POINT('',(55.4,8.,5.551115123126E-17));
#336 = CIRCLE('',#337,0.4);
#337 = AXIS2_PLACEMENT_3D('',#338,#339,#340);
#338 = CARTESIAN_POINT('',(55.,8.,5.551115123126E-17));
#339 = DIRECTION('',(0.,0.,-1.));
#340 = DIRECTION('',(1.,0.,0.));
#341 = ORIENTED_EDGE('',*,*,#342,.T.);
#342 = EDGE_CURVE('',#334,#343,#345,.T.);
#343 = VERTEX_POINT('',#344);
#344 = CARTESIAN_POINT('',(55.4,6.4,5.551115123126E-17));
#345 = LINE('',#346,#347);
#346 = CARTESIAN_POINT('',(55.4,4.,5.551115123126E-17));
#347 = VECTOR('',#348,1.);
#348 = DIRECTION('',(1.110223024625E-16,-1.,0.));
#349 = ORIENTED_EDGE('',*,*,#350,.T.);
#350 = EDGE_CURVE('',#343,#351,#353,.T.);
#351 = VERTEX_POINT('',#352);
#352 = CARTESIAN_POINT('',(57.,6.4,5.551115123126E-17));
#353 = LINE('',#354,#355);
#354 = CARTESIAN_POINT('',(27.5,6.4,5.551115123126E-17));
#355 = VECTOR('',#356,1.);
#356 = DIRECTION('',(1.,0.,0.));
#357 = ORIENTED_EDGE('',*,*,#358,.T.);
#358 = EDGE_CURVE('',#351,#359,#361,.T.);
#359 = VERTEX_POINT('',#360);
#360 = CARTESIAN_POINT('',(57.,5.6,5.551115123126E-17));
#361 = CIRCLE('',#362,0.4);
#362 = AXIS2_PLACEMENT_3D('',#363,#364,#365);
#363 = CARTESIAN_POINT('',(57.,6.,5.551115123126E-17));
#364 = DIRECTION('',(0.,0.,-1.));
#365 = DIRECTION('',(1.,0.,0.));
#366 = ORIENTED_EDGE('',*,*,#367,.F.);
#367 = EDGE_CURVE('',#368,#359,#370,.T.);
#368 = VERTEX_POINT('',#369);
#369 = CARTESIAN_POINT('',(55.4,5.6,5.551115123126E-17));
#370 = LINE('',#371,#372);
#371 = CARTESIAN_POINT('',(27.5,5.6,5.551115123126E-17));
#372 = VECTOR('',#373,1.);
#373 = DIRECTION('',(1.,0.,0.));
#374 = ORIENTED_EDGE('',*,*,#375,.T.);
#375 = EDGE_CURVE('',#368,#376,#378,.T.);
#376 = VERTEX_POINT('',#377);
#377 = CARTESIAN_POINT('',(55.4,4.4,5.551115123126E-17));
#378 = LINE('',#379,#380);
#379 = CARTESIAN_POINT('',(55.4,4.,5.551115123126E-17));
#380 = VECTOR('',#381,1.);
#381 = DIRECTION('',(1.110223024625E-16,-1.,0.));
#382 = ORIENTED_EDGE('',*,*,#383,.T.);
#383 = EDGE_CURVE('',#376,#384,#386,.T.);
#384 = VERTEX_POINT('',#385);
#385 = CARTESIAN_POINT('',(57.4,4.4,5.551115123126E-17));
#386 = LINE('',#387,#388);
#387 = CARTESIAN_POINT('',(27.5,4.4,5.551115123126E-17));
#388 = VECTOR('',#389,1.);
#389 = DIRECTION('',(1.,0.,0.));
#390 = ORIENTED_EDGE('',*,*,#391,.T.);
#391 = EDGE_CURVE('',#384,#392,#394,.T.);
#392 = VERTEX_POINT('',#393);
#393 = CARTESIAN_POINT('',(57.4,3.6,5.551115123126E-17));
#394 = CIRCLE('',#395,0.4);
#395 = AXIS2_PLACEMENT_3D('',#396,#397,#398);
#396 = CARTESIAN_POINT('',(57.4,4.,5.551115123126E-17));
#397 = DIRECTION('',(0.,0.,-1.));
#398 = DIRECTION('',(1.,0.,0.));
#399 = ORIENTED_EDGE('',*,*,#400,.F.);
#400 = EDGE_CURVE('',#401,#392,#403,.T.);
#401 = VERTEX_POINT('',#402);
#402 = CARTESIAN_POINT('',(55.,3.6,5.551115123126E-17));
#403 = LINE('',#404,#405);
#404 = CARTESIAN_POINT('',(27.5,3.6,5.551115123126E-17));
#405 = VECTOR('',#406,1.);
#406 = DIRECTION('',(1.,0.,0.));
#407 = ORIENTED_EDGE('',*,*,#408,.T.);
#408 = EDGE_CURVE('',#401,#326,#409,.T.);
#409 = CIRCLE('',#410,0.4);
#410 = AXIS2_PLACEMENT_3D('',#411,#412,#413);
#411 = CARTESIAN_POINT('',(55.,4.,5.551115123126E-17));
#412 = DIRECTION('',(0.,0.,-1.));
#413 = DIRECTION('',(1.,0.,0.));
#414 = FACE_BOUND('',#415,.F.);
#415 = EDGE_LOOP('',(#416,#426,#435,#443,#451,#459,#468,#476,#485,#493,
    #501));
#416 = ORIENTED_EDGE('',*,*,#417,.F.);
#417 = EDGE_CURVE('',#418,#420,#422,.T.);
#418 = VERTEX_POINT('',#419);
#419 = CARTESIAN_POINT('',(58.887652476223,4.750121980978,
    5.551115123126E-17));
#420 = VERTEX_POINT('',#421);
#421 = CARTESIAN_POINT('',(59.687652476223,3.750121980978,
    5.551115123126E-17));
#422 = LINE('',#423,#424);
#423 = CARTESIAN_POINT('',(48.55594515915,17.66475612732,
    5.551115123126E-17));
#424 = VECTOR('',#425,1.);
#425 = DIRECTION('',(0.624695047554,-0.780868809443,0.));
#426 = ORIENTED_EDGE('',*,*,#427,.T.);
#427 = EDGE_CURVE('',#418,#428,#430,.T.);
#428 = VERTEX_POINT('',#429);
#429 = CARTESIAN_POINT('',(59.512347523777,5.249878019022,
    5.551115123126E-17));
#430 = CIRCLE('',#431,0.4);
#431 = AXIS2_PLACEMENT_3D('',#432,#433,#434);
#432 = CARTESIAN_POINT('',(59.2,5.,5.551115123126E-17));
#433 = DIRECTION('',(0.,0.,-1.));
#434 = DIRECTION('',(1.,0.,0.));
#435 = ORIENTED_EDGE('',*,*,#436,.T.);
#436 = EDGE_CURVE('',#428,#437,#439,.T.);
#437 = VERTEX_POINT('',#438);
#438 = CARTESIAN_POINT('',(59.6,5.140312423743,5.551115123126E-17));
#439 = LINE('',#440,#441);
#440 = CARTESIAN_POINT('',(49.180640206704,18.164512165363,
    5.551115123126E-17));
#441 = VECTOR('',#442,1.);
#442 = DIRECTION('',(0.624695047554,-0.780868809443,0.));
#443 = ORIENTED_EDGE('',*,*,#444,.T.);
#444 = EDGE_CURVE('',#437,#445,#447,.T.);
#445 = VERTEX_POINT('',#446);
#446 = CARTESIAN_POINT('',(59.6,7.6,5.551115123126E-17));
#447 = LINE('',#448,#449);
#448 = CARTESIAN_POINT('',(59.6,2.,5.551115123126E-17));
#449 = VECTOR('',#450,1.);
#450 = DIRECTION('',(1.110223024625E-16,1.,0.));
#451 = ORIENTED_EDGE('',*,*,#452,.F.);
#452 = EDGE_CURVE('',#453,#445,#455,.T.);
#453 = VERTEX_POINT('',#454);
#454 = CARTESIAN_POINT('',(58.8,7.6,5.551115123126E-17));
#455 = LINE('',#456,#457);
#456 = CARTESIAN_POINT('',(29.4,7.6,5.551115123126E-17));
#457 = VECTOR('',#458,1.);
#458 = DIRECTION('',(1.,0.,0.));
#459 = ORIENTED_EDGE('',*,*,#460,.T.);
#460 = EDGE_CURVE('',#453,#461,#463,.T.);
#461 = VERTEX_POINT('',#462);
#462 = CARTESIAN_POINT('',(58.8,8.4,5.551115123126E-17));
#463 = CIRCLE('',#464,0.4);
#464 = AXIS2_PLACEMENT_3D('',#465,#466,#467);
#465 = CARTESIAN_POINT('',(58.8,8.,5.551115123126E-17));
#466 = DIRECTION('',(0.,0.,-1.));
#467 = DIRECTION('',(1.,0.,0.));
#468 = ORIENTED_EDGE('',*,*,#469,.T.);
#469 = EDGE_CURVE('',#461,#470,#472,.T.);
#470 = VERTEX_POINT('',#471);
#471 = CARTESIAN_POINT('',(61.2,8.4,5.551115123126E-17));
#472 = LINE('',#473,#474);
#473 = CARTESIAN_POINT('',(29.4,8.4,5.551115123126E-17));
#474 = VECTOR('',#475,1.);
#475 = DIRECTION('',(1.,0.,0.));
#476 = ORIENTED_EDGE('',*,*,#477,.T.);
#477 = EDGE_CURVE('',#470,#478,#480,.T.);
#478 = VERTEX_POINT('',#479);
#479 = CARTESIAN_POINT('',(61.2,7.6,5.551115123126E-17));
#480 = CIRCLE('',#481,0.4);
#481 = AXIS2_PLACEMENT_3D('',#482,#483,#484);
#482 = CARTESIAN_POINT('',(61.2,8.,5.551115123126E-17));
#483 = DIRECTION('',(0.,0.,-1.));
#484 = DIRECTION('',(1.,0.,0.));
#485 = ORIENTED_EDGE('',*,*,#486,.F.);
#486 = EDGE_CURVE('',#487,#478,#489,.T.);
#487 = VERTEX_POINT('',#488);
#488 = CARTESIAN_POINT('',(60.4,7.6,5.551115123126E-17));
#489 = LINE('',#490,#491);
#490 = CARTESIAN_POINT('',(29.4,7.6,5.551115123126E-17));
#491 = VECTOR('',#492,1.);
#492 = DIRECTION('',(1.,0.,0.));
#493 = ORIENTED_EDGE('',*,*,#494,.F.);
#494 = EDGE_CURVE('',#495,#487,#497,.T.);
#495 = VERTEX_POINT('',#496);
#496 = CARTESIAN_POINT('',(60.4,4.,5.551115123126E-17));
#497 = LINE('',#498,#499);
#498 = CARTESIAN_POINT('',(60.4,2.,5.551115123126E-17));
#499 = VECTOR('',#500,1.);
#500 = DIRECTION('',(1.110223024625E-16,1.,0.));
#501 = ORIENTED_EDGE('',*,*,#502,.T.);
#502 = EDGE_CURVE('',#495,#420,#503,.T.);
#503 = CIRCLE('',#504,0.4);
#504 = AXIS2_PLACEMENT_3D('',#505,#506,#507);
#505 = CARTESIAN_POINT('',(60.,4.,5.551115123126E-17));
#506 = DIRECTION('',(0.,0.,-1.));
#507 = DIRECTION('',(1.,0.,0.));
#508 = FACE_BOUND('',#509,.F.);
#509 = EDGE_LOOP('',(#510,#520,#528,#536,#544,#552));
#510 = ORIENTED_EDGE('',*,*,#511,.T.);
#511 = EDGE_CURVE('',#512,#514,#516,.T.);
#512 = VERTEX_POINT('',#513);
#513 = CARTESIAN_POINT('',(79.05,11.703183294109,5.551115123126E-17));
#514 = VERTEX_POINT('',#515);
#515 = CARTESIAN_POINT('',(82.,13.406366588219,5.551115123126E-17));
#516 = LINE('',#517,#518);
#517 = CARTESIAN_POINT('',(48.347436490539,-6.02295001289,
    5.551115123126E-17));
#518 = VECTOR('',#519,1.);
#519 = DIRECTION('',(0.866025403784,0.5,0.));
#520 = ORIENTED_EDGE('',*,*,#521,.T.);
#521 = EDGE_CURVE('',#514,#522,#524,.T.);
#522 = VERTEX_POINT('',#523);
#523 = CARTESIAN_POINT('',(84.95,11.703183294109,5.551115123126E-17));
#524 = LINE('',#525,#526);
#525 = CARTESIAN_POINT('',(55.627563509461,28.632499895218,
    5.551115123126E-17));
#526 = VECTOR('',#527,1.);
#527 = DIRECTION('',(0.866025403784,-0.5,0.));
#528 = ORIENTED_EDGE('',*,*,#529,.T.);
#529 = EDGE_CURVE('',#522,#530,#532,.T.);
#530 = VERTEX_POINT('',#531);
#531 = CARTESIAN_POINT('',(84.95,8.296816705891,5.551115123126E-17));
#532 = LINE('',#533,#534);
#533 = CARTESIAN_POINT('',(84.95,4.148408352945,5.551115123126E-17));
#534 = VECTOR('',#535,1.);
#535 = DIRECTION('',(0.,-1.,0.));
#536 = ORIENTED_EDGE('',*,*,#537,.T.);
#537 = EDGE_CURVE('',#530,#538,#540,.T.);
#538 = VERTEX_POINT('',#539);
#539 = CARTESIAN_POINT('',(82.,6.593633411781,5.551115123126E-17));
#540 = LINE('',#541,#542);
#541 = CARTESIAN_POINT('',(49.822436490539,-11.98409154227,
    5.551115123126E-17));
#542 = VECTOR('',#543,1.);
#543 = DIRECTION('',(-0.866025403784,-0.5,0.));
#544 = ORIENTED_EDGE('',*,*,#545,.T.);
#545 = EDGE_CURVE('',#538,#546,#548,.T.);
#546 = VERTEX_POINT('',#547);
#547 = CARTESIAN_POINT('',(79.05,8.296816705891,5.551115123126E-17));
#548 = LINE('',#549,#550);
#549 = CARTESIAN_POINT('',(51.202563509461,24.374541659944,
    5.551115123126E-17));
#550 = VECTOR('',#551,1.);
#551 = DIRECTION('',(-0.866025403784,0.5,0.));
#552 = ORIENTED_EDGE('',*,*,#553,.T.);
#553 = EDGE_CURVE('',#546,#512,#554,.T.);
#554 = LINE('',#555,#556);
#555 = CARTESIAN_POINT('',(79.05,5.851591647055,5.551115123126E-17));
#556 = VECTOR('',#557,1.);
#557 = DIRECTION('',(0.,1.,0.));
#558 = FACE_BOUND('',#559,.F.);
#559 = EDGE_LOOP('',(#560,#570,#578,#586,#594,#602));
#560 = ORIENTED_EDGE('',*,*,#561,.T.);
#561 = EDGE_CURVE('',#562,#564,#566,.T.);
#562 = VERTEX_POINT('',#563);
#563 = CARTESIAN_POINT('',(151.05,11.703183294109,5.551115123126E-17));
#564 = VERTEX_POINT('',#565);
#565 = CARTESIAN_POINT('',(154.,13.406366588219,5.551115123126E-17));
#566 = LINE('',#567,#568);
#567 = CARTESIAN_POINT('',(93.347436490539,-21.61140728101,
    5.551115123126E-17));
#568 = VECTOR('',#569,1.);
#569 = DIRECTION('',(0.866025403784,0.5,0.));
#570 = ORIENTED_EDGE('',*,*,#571,.T.);
#571 = EDGE_CURVE('',#564,#572,#574,.T.);
#572 = VERTEX_POINT('',#573);
#573 = CARTESIAN_POINT('',(156.95,11.703183294109,5.551115123126E-17));
#574 = LINE('',#575,#576);
#575 = CARTESIAN_POINT('',(100.62756350946,44.220957163338,
    5.551115123126E-17));
#576 = VECTOR('',#577,1.);
#577 = DIRECTION('',(0.866025403784,-0.5,0.));
#578 = ORIENTED_EDGE('',*,*,#579,.T.);
#579 = EDGE_CURVE('',#572,#580,#582,.T.);
#580 = VERTEX_POINT('',#581);
#581 = CARTESIAN_POINT('',(156.95,8.296816705891,5.551115123126E-17));
#582 = LINE('',#583,#584);
#583 = CARTESIAN_POINT('',(156.95,4.148408352945,5.551115123126E-17));
#584 = VECTOR('',#585,1.);
#585 = DIRECTION('',(0.,-1.,0.));
#586 = ORIENTED_EDGE('',*,*,#587,.T.);
#587 = EDGE_CURVE('',#580,#588,#590,.T.);
#588 = VERTEX_POINT('',#589);
#589 = CARTESIAN_POINT('',(154.,6.593633411781,5.551115123126E-17));
#590 = LINE('',#591,#592);
#591 = CARTESIAN_POINT('',(94.822436490539,-27.57254881039,
    5.551115123126E-17));
#592 = VECTOR('',#593,1.);
#593 = DIRECTION('',(-0.866025403784,-0.5,0.));
#594 = ORIENTED_EDGE('',*,*,#595,.T.);
#595 = EDGE_CURVE('',#588,#596,#598,.T.);
#596 = VERTEX_POINT('',#597);
#597 = CARTESIAN_POINT('',(151.05,8.296816705891,5.551115123126E-17));
#598 = LINE('',#599,#600);
#599 = CARTESIAN_POINT('',(96.202563509461,39.962998928064,
    5.551115123126E-17));
#600 = VECTOR('',#601,1.);
#601 = DIRECTION('',(-0.866025403784,0.5,0.));
#602 = ORIENTED_EDGE('',*,*,#603,.T.);
#603 = EDGE_CURVE('',#596,#562,#604,.T.);
#604 = LINE('',#605,#606);
#605 = CARTESIAN_POINT('',(151.05,5.851591647055,5.551115123126E-17));
#606 = VECTOR('',#607,1.);
#607 = DIRECTION('',(0.,1.,0.));
#608 = FACE_BOUND('',#609,.F.);
#609 = EDGE_LOOP('',(#610,#620,#628,#636,#644,#652));
#610 = ORIENTED_EDGE('',*,*,#611,.T.);
#611 = EDGE_CURVE('',#612,#614,#616,.T.);
#612 = VERTEX_POINT('',#613);
#613 = CARTESIAN_POINT('',(7.05,86.703183294109,5.551115123126E-17));
#614 = VERTEX_POINT('',#615);
#615 = CARTESIAN_POINT('',(10.,88.406366588219,5.551115123126E-17));
#616 = LINE('',#617,#618);
#617 = CARTESIAN_POINT('',(-12.89053983041,75.19050725523,
    5.551115123126E-17));
#618 = VECTOR('',#619,1.);
#619 = DIRECTION('',(0.866025403784,0.5,0.));
#620 = ORIENTED_EDGE('',*,*,#621,.T.);
#621 = EDGE_CURVE('',#614,#622,#624,.T.);
#622 = VERTEX_POINT('',#623);
#623 = CARTESIAN_POINT('',(12.95,86.703183294109,5.551115123126E-17));
#624 = LINE('',#625,#626);
#625 = CARTESIAN_POINT('',(26.865539830419,78.669042627098,
    5.551115123126E-17));
#626 = VECTOR('',#627,1.);
#627 = DIRECTION('',(0.866025403784,-0.5,0.));
#628 = ORIENTED_EDGE('',*,*,#629,.T.);
#629 = EDGE_CURVE('',#622,#630,#632,.T.);
#630 = VERTEX_POINT('',#631);
#631 = CARTESIAN_POINT('',(12.95,83.296816705891,5.551115123126E-17));
#632 = LINE('',#633,#634);
#633 = CARTESIAN_POINT('',(12.95,41.648408352945,5.551115123126E-17));
#634 = VECTOR('',#635,1.);
#635 = DIRECTION('',(-5.214814064769E-16,-1.,0.));
#636 = ORIENTED_EDGE('',*,*,#637,.T.);
#637 = EDGE_CURVE('',#630,#638,#640,.T.);
#638 = VERTEX_POINT('',#639);
#639 = CARTESIAN_POINT('',(10.,81.593633411781,5.551115123126E-17));
#640 = LINE('',#641,#642);
#641 = CARTESIAN_POINT('',(-11.41553983041,69.229365725847,
    5.551115123126E-17));
#642 = VECTOR('',#643,1.);
#643 = DIRECTION('',(-0.866025403784,-0.5,0.));
#644 = ORIENTED_EDGE('',*,*,#645,.T.);
#645 = EDGE_CURVE('',#638,#646,#648,.T.);
#646 = VERTEX_POINT('',#647);
#647 = CARTESIAN_POINT('',(7.05,83.296816705891,5.551115123126E-17));
#648 = LINE('',#649,#650);
#649 = CARTESIAN_POINT('',(22.440539830419,74.411084391824,
    6.938893903907E-17));
#650 = VECTOR('',#651,1.);
#651 = DIRECTION('',(-0.866025403784,0.5,0.));
#652 = ORIENTED_EDGE('',*,*,#653,.T.);
#653 = EDGE_CURVE('',#646,#612,#654,.T.);
#654 = LINE('',#655,#656);
#655 = CARTESIAN_POINT('',(7.05,43.351591647055,5.551115123126E-17));
#656 = VECTOR('',#657,1.);
#657 = DIRECTION('',(-2.607407032384E-16,1.,0.));
#658 = FACE_BOUND('',#659,.F.);
#659 = EDGE_LOOP('',(#660,#670,#678,#686,#694,#702));
#660 = ORIENTED_EDGE('',*,*,#661,.T.);
#661 = EDGE_CURVE('',#662,#664,#666,.T.);
#662 = VERTEX_POINT('',#663);
#663 = CARTESIAN_POINT('',(7.05,161.7031832941,5.551115123126E-17));
#664 = VERTEX_POINT('',#665);
#665 = CARTESIAN_POINT('',(10.,163.40636658821,5.551115123126E-17));
#666 = LINE('',#667,#668);
#667 = CARTESIAN_POINT('',(-29.12851615137,140.81550725523,
    5.551115123126E-17));
#668 = VECTOR('',#669,1.);
#669 = DIRECTION('',(0.866025403784,0.5,0.));
#670 = ORIENTED_EDGE('',*,*,#671,.T.);
#671 = EDGE_CURVE('',#664,#672,#674,.T.);
#672 = VERTEX_POINT('',#673);
#673 = CARTESIAN_POINT('',(12.95,161.7031832941,5.551115123126E-17));
#674 = LINE('',#675,#676);
#675 = CARTESIAN_POINT('',(43.103516151377,144.29404262709,
    5.551115123126E-17));
#676 = VECTOR('',#677,1.);
#677 = DIRECTION('',(0.866025403784,-0.5,0.));
#678 = ORIENTED_EDGE('',*,*,#679,.T.);
#679 = EDGE_CURVE('',#672,#680,#682,.T.);
#680 = VERTEX_POINT('',#681);
#681 = CARTESIAN_POINT('',(12.95,158.29681670589,5.551115123126E-17));
#682 = LINE('',#683,#684);
#683 = CARTESIAN_POINT('',(12.95,79.148408352945,5.551115123126E-17));
#684 = VECTOR('',#685,1.);
#685 = DIRECTION('',(-5.214814064769E-16,-1.,0.));
#686 = ORIENTED_EDGE('',*,*,#687,.T.);
#687 = EDGE_CURVE('',#680,#688,#690,.T.);
#688 = VERTEX_POINT('',#689);
#689 = CARTESIAN_POINT('',(10.,156.59363341178,5.551115123126E-17));
#690 = LINE('',#691,#692);
#691 = CARTESIAN_POINT('',(-27.65351615137,134.85436572584,
    5.551115123126E-17));
#692 = VECTOR('',#693,1.);
#693 = DIRECTION('',(-0.866025403784,-0.5,0.));
#694 = ORIENTED_EDGE('',*,*,#695,.T.);
#695 = EDGE_CURVE('',#688,#696,#698,.T.);
#696 = VERTEX_POINT('',#697);
#697 = CARTESIAN_POINT('',(7.05,158.29681670589,5.551115123126E-17));
#698 = LINE('',#699,#700);
#699 = CARTESIAN_POINT('',(38.678516151377,140.03608439182,
    6.938893903907E-17));
#700 = VECTOR('',#701,1.);
#701 = DIRECTION('',(-0.866025403784,0.5,0.));
#702 = ORIENTED_EDGE('',*,*,#703,.T.);
#703 = EDGE_CURVE('',#696,#662,#704,.T.);
#704 = LINE('',#705,#706);
#705 = CARTESIAN_POINT('',(7.05,80.851591647055,5.551115123126E-17));
#706 = VECTOR('',#707,1.);
#707 = DIRECTION('',(-2.607407032384E-16,1.,0.));
#708 = FACE_BOUND('',#709,.F.);
#709 = EDGE_LOOP('',(#710,#720,#728,#736));
#710 = ORIENTED_EDGE('',*,*,#711,.T.);
#711 = EDGE_CURVE('',#712,#714,#716,.T.);
#712 = VERTEX_POINT('',#713);
#713 = CARTESIAN_POINT('',(144.,20.,5.551115123126E-17));
#714 = VERTEX_POINT('',#715);
#715 = CARTESIAN_POINT('',(20.,20.,5.551115123126E-17));
#716 = LINE('',#717,#718);
#717 = CARTESIAN_POINT('',(10.,20.,5.551115123126E-17));
#718 = VECTOR('',#719,1.);
#719 = DIRECTION('',(-1.,0.,0.));
#720 = ORIENTED_EDGE('',*,*,#721,.T.);
#721 = EDGE_CURVE('',#714,#722,#724,.T.);
#722 = VERTEX_POINT('',#723);
#723 = CARTESIAN_POINT('',(20.,150.,5.551115123126E-17));
#724 = LINE('',#725,#726);
#725 = CARTESIAN_POINT('',(20.,10.,5.551115123126E-17));
#726 = VECTOR('',#727,1.);
#727 = DIRECTION('',(0.,1.,0.));
#728 = ORIENTED_EDGE('',*,*,#729,.F.);
#729 = EDGE_CURVE('',#730,#722,#732,.T.);
#730 = VERTEX_POINT('',#731);
#731 = CARTESIAN_POINT('',(144.,150.,5.551115123126E-17));
#732 = LINE('',#733,#734);
#733 = CARTESIAN_POINT('',(10.,150.,5.551115123126E-17));
#734 = VECTOR('',#735,1.);
#735 = DIRECTION('',(-1.,0.,0.));
#736 = ORIENTED_EDGE('',*,*,#737,.F.);
#737 = EDGE_CURVE('',#712,#730,#738,.T.);
#738 = LINE('',#739,#740);
#739 = CARTESIAN_POINT('',(144.,10.,5.551115123126E-17));
#740 = VECTOR('',#741,1.);
#741 = DIRECTION('',(0.,1.,0.));
#742 = FACE_BOUND('',#743,.F.);
#743 = EDGE_LOOP('',(#744,#754,#762,#770,#778,#786));
#744 = ORIENTED_EDGE('',*,*,#745,.T.);
#745 = EDGE_CURVE('',#746,#748,#750,.T.);
#746 = VERTEX_POINT('',#747);
#747 = CARTESIAN_POINT('',(151.05,86.703183294109,5.551115123126E-17));
#748 = VERTEX_POINT('',#749);
#749 = CARTESIAN_POINT('',(154.,88.406366588219,5.551115123126E-17));
#750 = LINE('',#751,#752);
#751 = CARTESIAN_POINT('',(77.109460169581,44.01359271899,
    5.551115123126E-17));
#752 = VECTOR('',#753,1.);
#753 = DIRECTION('',(0.866025403784,0.5,0.));
#754 = ORIENTED_EDGE('',*,*,#755,.T.);
#755 = EDGE_CURVE('',#748,#756,#758,.T.);
#756 = VERTEX_POINT('',#757);
#757 = CARTESIAN_POINT('',(156.95,86.703183294109,5.551115123126E-17));
#758 = LINE('',#759,#760);
#759 = CARTESIAN_POINT('',(116.86553983041,109.84595716333,
    5.551115123126E-17));
#760 = VECTOR('',#761,1.);
#761 = DIRECTION('',(0.866025403784,-0.5,0.));
#762 = ORIENTED_EDGE('',*,*,#763,.T.);
#763 = EDGE_CURVE('',#756,#764,#766,.T.);
#764 = VERTEX_POINT('',#765);
#765 = CARTESIAN_POINT('',(156.95,83.296816705891,5.551115123126E-17));
#766 = LINE('',#767,#768);
#767 = CARTESIAN_POINT('',(156.95,41.648408352945,5.551115123126E-17));
#768 = VECTOR('',#769,1.);
#769 = DIRECTION('',(0.,-1.,0.));
#770 = ORIENTED_EDGE('',*,*,#771,.T.);
#771 = EDGE_CURVE('',#764,#772,#774,.T.);
#772 = VERTEX_POINT('',#773);
#773 = CARTESIAN_POINT('',(154.,81.593633411781,5.551115123126E-17));
#774 = LINE('',#775,#776);
#775 = CARTESIAN_POINT('',(78.584460169581,38.052451189608,
    5.551115123126E-17));
#776 = VECTOR('',#777,1.);
#777 = DIRECTION('',(-0.866025403784,-0.5,0.));
#778 = ORIENTED_EDGE('',*,*,#779,.T.);
#779 = EDGE_CURVE('',#772,#780,#782,.T.);
#780 = VERTEX_POINT('',#781);
#781 = CARTESIAN_POINT('',(151.05,83.296816705891,5.551115123126E-17));
#782 = LINE('',#783,#784);
#783 = CARTESIAN_POINT('',(112.44053983041,105.58799892806,
    5.551115123126E-17));
#784 = VECTOR('',#785,1.);
#785 = DIRECTION('',(-0.866025403784,0.5,0.));
#786 = ORIENTED_EDGE('',*,*,#787,.T.);
#787 = EDGE_CURVE('',#780,#746,#788,.T.);
#788 = LINE('',#789,#790);
#789 = CARTESIAN_POINT('',(151.05,43.351591647055,5.551115123126E-17));
#790 = VECTOR('',#791,1.);
#791 = DIRECTION('',(0.,1.,0.));
#792 = FACE_BOUND('',#793,.F.);
#793 = EDGE_LOOP('',(#794,#804,#812,#820,#828,#836));
#794 = ORIENTED_EDGE('',*,*,#795,.T.);
#795 = EDGE_CURVE('',#796,#798,#800,.T.);
#796 = VERTEX_POINT('',#797);
#797 = CARTESIAN_POINT('',(79.05,161.7031832941,5.551115123126E-17));
#798 = VERTEX_POINT('',#799);
#799 = CARTESIAN_POINT('',(82.,163.40636658821,5.551115123126E-17));
#800 = LINE('',#801,#802);
#801 = CARTESIAN_POINT('',(15.871483848622,125.22704998711,
    5.551115123126E-17));
#802 = VECTOR('',#803,1.);
#803 = DIRECTION('',(0.866025403784,0.5,0.));
#804 = ORIENTED_EDGE('',*,*,#805,.T.);
#805 = EDGE_CURVE('',#798,#806,#808,.T.);
#806 = VERTEX_POINT('',#807);
#807 = CARTESIAN_POINT('',(84.95,161.7031832941,5.551115123126E-17));
#808 = LINE('',#809,#810);
#809 = CARTESIAN_POINT('',(88.103516151377,159.88249989521,
    5.551115123126E-17));
#810 = VECTOR('',#811,1.);
#811 = DIRECTION('',(0.866025403784,-0.5,0.));
#812 = ORIENTED_EDGE('',*,*,#813,.T.);
#813 = EDGE_CURVE('',#806,#814,#816,.T.);
#814 = VERTEX_POINT('',#815);
#815 = CARTESIAN_POINT('',(84.95,158.29681670589,5.551115123126E-17));
#816 = LINE('',#817,#818);
#817 = CARTESIAN_POINT('',(84.95,79.148408352945,5.551115123126E-17));
#818 = VECTOR('',#819,1.);
#819 = DIRECTION('',(0.,-1.,0.));
#820 = ORIENTED_EDGE('',*,*,#821,.T.);
#821 = EDGE_CURVE('',#814,#822,#824,.T.);
#822 = VERTEX_POINT('',#823);
#823 = CARTESIAN_POINT('',(82.,156.59363341178,5.551115123126E-17));
#824 = LINE('',#825,#826);
#825 = CARTESIAN_POINT('',(17.346483848622,119.26590845772,
    5.551115123126E-17));
#826 = VECTOR('',#827,1.);
#827 = DIRECTION('',(-0.866025403784,-0.5,0.));
#828 = ORIENTED_EDGE('',*,*,#829,.T.);
#829 = EDGE_CURVE('',#822,#830,#832,.T.);
#830 = VERTEX_POINT('',#831);
#831 = CARTESIAN_POINT('',(79.05,158.29681670589,5.551115123126E-17));
#832 = LINE('',#833,#834);
#833 = CARTESIAN_POINT('',(83.678516151377,155.62454165994,
    5.551115123126E-17));
#834 = VECTOR('',#835,1.);
#835 = DIRECTION('',(-0.866025403784,0.5,0.));
#836 = ORIENTED_EDGE('',*,*,#837,.T.);
#837 = EDGE_CURVE('',#830,#796,#838,.T.);
#838 = LINE('',#839,#840);
#839 = CARTESIAN_POINT('',(79.05,80.851591647055,5.551115123126E-17));
#840 = VECTOR('',#841,1.);
#841 = DIRECTION('',(0.,1.,0.));
#842 = FACE_BOUND('',#843,.F.);
#843 = EDGE_LOOP('',(#844,#854,#862,#870,#878,#886));
#844 = ORIENTED_EDGE('',*,*,#845,.T.);
#845 = EDGE_CURVE('',#846,#848,#850,.T.);
#846 = VERTEX_POINT('',#847);
#847 = CARTESIAN_POINT('',(151.05,161.7031832941,5.551115123126E-17));
#848 = VERTEX_POINT('',#849);
#849 = CARTESIAN_POINT('',(154.,163.40636658821,5.551115123126E-17));
#850 = LINE('',#851,#852);
#851 = CARTESIAN_POINT('',(60.871483848622,109.63859271899,
    5.551115123126E-17));
#852 = VECTOR('',#853,1.);
#853 = DIRECTION('',(0.866025403784,0.5,0.));
#854 = ORIENTED_EDGE('',*,*,#855,.T.);
#855 = EDGE_CURVE('',#848,#856,#858,.T.);
#856 = VERTEX_POINT('',#857);
#857 = CARTESIAN_POINT('',(156.95,161.7031832941,5.551115123126E-17));
#858 = LINE('',#859,#860);
#859 = CARTESIAN_POINT('',(133.10351615137,175.47095716333,
    5.551115123126E-17));
#860 = VECTOR('',#861,1.);
#861 = DIRECTION('',(0.866025403784,-0.5,0.));
#862 = ORIENTED_EDGE('',*,*,#863,.T.);
#863 = EDGE_CURVE('',#856,#864,#866,.T.);
#864 = VERTEX_POINT('',#865);
#865 = CARTESIAN_POINT('',(156.95,158.29681670589,5.551115123126E-17));
#866 = LINE('',#867,#868);
#867 = CARTESIAN_POINT('',(156.95,79.148408352945,5.551115123126E-17));
#868 = VECTOR('',#869,1.);
#869 = DIRECTION('',(0.,-1.,0.));
#870 = ORIENTED_EDGE('',*,*,#871,.T.);
#871 = EDGE_CURVE('',#864,#872,#874,.T.);
#872 = VERTEX_POINT('',#873);
#873 = CARTESIAN_POINT('',(154.,156.59363341178,5.551115123126E-17));
#874 = LINE('',#875,#876);
#875 = CARTESIAN_POINT('',(62.346483848622,103.6774511896,
    5.551115123126E-17));
#876 = VECTOR('',#877,1.);
#877 = DIRECTION('',(-0.866025403784,-0.5,0.));
#878 = ORIENTED_EDGE('',*,*,#879,.T.);
#879 = EDGE_CURVE('',#872,#880,#882,.T.);
#880 = VERTEX_POINT('',#881);
#881 = CARTESIAN_POINT('',(151.05,158.29681670589,5.551115123126E-17));
#882 = LINE('',#883,#884);
#883 = CARTESIAN_POINT('',(128.67851615137,171.21299892806,
    5.551115123126E-17));
#884 = VECTOR('',#885,1.);
#885 = DIRECTION('',(-0.866025403784,0.5,0.));
#886 = ORIENTED_EDGE('',*,*,#887,.T.);
#887 = EDGE_CURVE('',#880,#846,#888,.T.);
#888 = LINE('',#889,#890);
#889 = CARTESIAN_POINT('',(151.05,80.851591647055,5.551115123126E-17));
#890 = VECTOR('',#891,1.);
#891 = DIRECTION('',(0.,1.,0.));
#892 = PLANE('',#893);
#893 = AXIS2_PLACEMENT_3D('',#894,#895,#896);
#894 = CARTESIAN_POINT('',(0.,0.,5.551115123126E-17));
#895 = DIRECTION('',(0.,0.,1.));
#896 = DIRECTION('',(1.,0.,0.));
#897 = ADVANCED_FACE('',(#898),#904,.T.);
#898 = FACE_BOUND('',#899,.T.);
#899 = EDGE_LOOP('',(#900,#901,#902,#903));
#900 = ORIENTED_EDGE('',*,*,#78,.F.);
#901 = ORIENTED_EDGE('',*,*,#264,.T.);
#902 = ORIENTED_EDGE('',*,*,#248,.T.);
#903 = ORIENTED_EDGE('',*,*,#94,.F.);
#904 = PLANE('',#905);
#905 = AXIS2_PLACEMENT_3D('',#906,#907,#908);
#906 = CARTESIAN_POINT('',(164.,0.,5.551115123126E-17));
#907 = DIRECTION('',(1.,0.,0.));
#908 = DIRECTION('',(0.,0.,1.));
#909 = ADVANCED_FACE('',(#910),#929,.F.);
#910 = FACE_BOUND('',#911,.F.);
#911 = EDGE_LOOP('',(#912,#920,#921,#922));
#912 = ORIENTED_EDGE('',*,*,#913,.T.);
#913 = EDGE_CURVE('',#914,#111,#916,.T.);
#914 = VERTEX_POINT('',#915);
#915 = CARTESIAN_POINT('',(11.8,10.,6.2));
#916 = LINE('',#917,#918);
#917 = CARTESIAN_POINT('',(11.8,10.,-1.));
#918 = VECTOR('',#919,1.);
#919 = DIRECTION('',(0.,0.,1.));
#920 = ORIENTED_EDGE('',*,*,#110,.F.);
#921 = ORIENTED_EDGE('',*,*,#913,.F.);
#922 = ORIENTED_EDGE('',*,*,#923,.T.);
#923 = EDGE_CURVE('',#914,#914,#924,.T.);
#924 = CIRCLE('',#925,1.8);
#925 = AXIS2_PLACEMENT_3D('',#926,#927,#928);
#926 = CARTESIAN_POINT('',(10.,10.,6.2));
#927 = DIRECTION('',(0.,0.,1.));
#928 = DIRECTION('',(1.,0.,0.));
#929 = CYLINDRICAL_SURFACE('',#930,1.8);
#930 = AXIS2_PLACEMENT_3D('',#931,#932,#933);
#931 = CARTESIAN_POINT('',(10.,10.,-1.));
#932 = DIRECTION('',(0.,0.,1.));
#933 = DIRECTION('',(1.,0.,0.));
#934 = ADVANCED_FACE('',(#935),#954,.F.);
#935 = FACE_BOUND('',#936,.F.);
#936 = EDGE_LOOP('',(#937,#945,#946,#947));
#937 = ORIENTED_EDGE('',*,*,#938,.T.);
#938 = EDGE_CURVE('',#939,#122,#941,.T.);
#939 = VERTEX_POINT('',#940);
#940 = CARTESIAN_POINT('',(83.8,10.,6.2));
#941 = LINE('',#942,#943);
#942 = CARTESIAN_POINT('',(83.8,10.,-1.));
#943 = VECTOR('',#944,1.);
#944 = DIRECTION('',(0.,0.,1.));
#945 = ORIENTED_EDGE('',*,*,#121,.F.);
#946 = ORIENTED_EDGE('',*,*,#938,.F.);
#947 = ORIENTED_EDGE('',*,*,#948,.T.);
#948 = EDGE_CURVE('',#939,#939,#949,.T.);
#949 = CIRCLE('',#950,1.8);
#950 = AXIS2_PLACEMENT_3D('',#951,#952,#953);
#951 = CARTESIAN_POINT('',(82.,10.,6.2));
#952 = DIRECTION('',(0.,0.,1.));
#953 = DIRECTION('',(1.,0.,0.));
#954 = CYLINDRICAL_SURFACE('',#955,1.8);
#955 = AXIS2_PLACEMENT_3D('',#956,#957,#958);
#956 = CARTESIAN_POINT('',(82.,10.,-1.));
#957 = DIRECTION('',(0.,0.,1.));
#958 = DIRECTION('',(1.,0.,0.));
#959 = ADVANCED_FACE('',(#960),#979,.F.);
#960 = FACE_BOUND('',#961,.F.);
#961 = EDGE_LOOP('',(#962,#970,#971,#972));
#962 = ORIENTED_EDGE('',*,*,#963,.T.);
#963 = EDGE_CURVE('',#964,#133,#966,.T.);
#964 = VERTEX_POINT('',#965);
#965 = CARTESIAN_POINT('',(11.8,85.,6.2));
#966 = LINE('',#967,#968);
#967 = CARTESIAN_POINT('',(11.8,85.,-1.));
#968 = VECTOR('',#969,1.);
#969 = DIRECTION('',(0.,0.,1.));
#970 = ORIENTED_EDGE('',*,*,#132,.F.);
#971 = ORIENTED_EDGE('',*,*,#963,.F.);
#972 = ORIENTED_EDGE('',*,*,#973,.T.);
#973 = EDGE_CURVE('',#964,#964,#974,.T.);
#974 = CIRCLE('',#975,1.8);
#975 = AXIS2_PLACEMENT_3D('',#976,#977,#978);
#976 = CARTESIAN_POINT('',(10.,85.,6.2));
#977 = DIRECTION('',(0.,0.,1.));
#978 = DIRECTION('',(1.,0.,0.));
#979 = CYLINDRICAL_SURFACE('',#980,1.8);
#980 = AXIS2_PLACEMENT_3D('',#981,#982,#983);
#981 = CARTESIAN_POINT('',(10.,85.,-1.));
#982 = DIRECTION('',(0.,0.,1.));
#983 = DIRECTION('',(1.,0.,0.));
#984 = ADVANCED_FACE('',(#985),#1001,.T.);
#985 = FACE_BOUND('',#986,.T.);
#986 = EDGE_LOOP('',(#987,#993,#994,#1000));
#987 = ORIENTED_EDGE('',*,*,#988,.F.);
#988 = EDGE_CURVE('',#712,#144,#989,.T.);
#989 = LINE('',#990,#991);
#990 = CARTESIAN_POINT('',(144.,20.,-1.));
#991 = VECTOR('',#992,1.);
#992 = DIRECTION('',(0.,0.,1.));
#993 = ORIENTED_EDGE('',*,*,#711,.T.);
#994 = ORIENTED_EDGE('',*,*,#995,.T.);
#995 = EDGE_CURVE('',#714,#146,#996,.T.);
#996 = LINE('',#997,#998);
#997 = CARTESIAN_POINT('',(20.,20.,-1.));
#998 = VECTOR('',#999,1.);
#999 = DIRECTION('',(0.,0.,1.));
#1000 = ORIENTED_EDGE('',*,*,#143,.F.);
#1001 = PLANE('',#1002);
#1002 = AXIS2_PLACEMENT_3D('',#1003,#1004,#1005);
#1003 = CARTESIAN_POINT('',(20.,20.,-1.));
#1004 = DIRECTION('',(0.,1.,0.));
#1005 = DIRECTION('',(0.,0.,1.));
#1006 = ADVANCED_FACE('',(#1007),#1018,.F.);
#1007 = FACE_BOUND('',#1008,.F.);
#1008 = EDGE_LOOP('',(#1009,#1010,#1011,#1017));
#1009 = ORIENTED_EDGE('',*,*,#988,.F.);
#1010 = ORIENTED_EDGE('',*,*,#737,.T.);
#1011 = ORIENTED_EDGE('',*,*,#1012,.T.);
#1012 = EDGE_CURVE('',#730,#162,#1013,.T.);
#1013 = LINE('',#1014,#1015);
#1014 = CARTESIAN_POINT('',(144.,150.,-1.));
#1015 = VECTOR('',#1016,1.);
#1016 = DIRECTION('',(0.,0.,1.));
#1017 = ORIENTED_EDGE('',*,*,#169,.F.);
#1018 = PLANE('',#1019);
#1019 = AXIS2_PLACEMENT_3D('',#1020,#1021,#1022);
#1020 = CARTESIAN_POINT('',(144.,20.,-1.));
#1021 = DIRECTION('',(1.,0.,0.));
#1022 = DIRECTION('',(0.,0.,1.));
#1023 = ADVANCED_FACE('',(#1024),#1035,.T.);
#1024 = FACE_BOUND('',#1025,.T.);
#1025 = EDGE_LOOP('',(#1026,#1027,#1028,#1034));
#1026 = ORIENTED_EDGE('',*,*,#995,.F.);
#1027 = ORIENTED_EDGE('',*,*,#721,.T.);
#1028 = ORIENTED_EDGE('',*,*,#1029,.T.);
#1029 = EDGE_CURVE('',#722,#154,#1030,.T.);
#1030 = LINE('',#1031,#1032);
#1031 = CARTESIAN_POINT('',(20.,150.,-1.));
#1032 = VECTOR('',#1033,1.);
#1033 = DIRECTION('',(0.,0.,1.));
#1034 = ORIENTED_EDGE('',*,*,#153,.F.);
#1035 = PLANE('',#1036);
#1036 = AXIS2_PLACEMENT_3D('',#1037,#1038,#1039);
#1037 = CARTESIAN_POINT('',(20.,20.,-1.));
#1038 = DIRECTION('',(1.,0.,0.));
#1039 = DIRECTION('',(0.,0.,1.));
#1040 = ADVANCED_FACE('',(#1041),#1047,.F.);
#1041 = FACE_BOUND('',#1042,.F.);
#1042 = EDGE_LOOP('',(#1043,#1044,#1045,#1046));
#1043 = ORIENTED_EDGE('',*,*,#1012,.F.);
#1044 = ORIENTED_EDGE('',*,*,#729,.T.);
#1045 = ORIENTED_EDGE('',*,*,#1029,.T.);
#1046 = ORIENTED_EDGE('',*,*,#161,.F.);
#1047 = PLANE('',#1048);
#1048 = AXIS2_PLACEMENT_3D('',#1049,#1050,#1051);
#1049 = CARTESIAN_POINT('',(20.,150.,-1.));
#1050 = DIRECTION('',(0.,1.,0.));
#1051 = DIRECTION('',(0.,0.,1.));
#1052 = ADVANCED_FACE('',(#1053),#1072,.F.);
#1053 = FACE_BOUND('',#1054,.F.);
#1054 = EDGE_LOOP('',(#1055,#1063,#1064,#1065));
#1055 = ORIENTED_EDGE('',*,*,#1056,.T.);
#1056 = EDGE_CURVE('',#1057,#178,#1059,.T.);
#1057 = VERTEX_POINT('',#1058);
#1058 = CARTESIAN_POINT('',(155.8,10.,6.2));
#1059 = LINE('',#1060,#1061);
#1060 = CARTESIAN_POINT('',(155.8,10.,-1.));
#1061 = VECTOR('',#1062,1.);
#1062 = DIRECTION('',(0.,0.,1.));
#1063 = ORIENTED_EDGE('',*,*,#177,.F.);
#1064 = ORIENTED_EDGE('',*,*,#1056,.F.);
#1065 = ORIENTED_EDGE('',*,*,#1066,.T.);
#1066 = EDGE_CURVE('',#1057,#1057,#1067,.T.);
#1067 = CIRCLE('',#1068,1.8);
#1068 = AXIS2_PLACEMENT_3D('',#1069,#1070,#1071);
#1069 = CARTESIAN_POINT('',(154.,10.,6.2));
#1070 = DIRECTION('',(0.,0.,1.));
#1071 = DIRECTION('',(1.,0.,0.));
#1072 = CYLINDRICAL_SURFACE('',#1073,1.8);
#1073 = AXIS2_PLACEMENT_3D('',#1074,#1075,#1076);
#1074 = CARTESIAN_POINT('',(154.,10.,-1.));
#1075 = DIRECTION('',(0.,0.,1.));
#1076 = DIRECTION('',(1.,0.,0.));
#1077 = ADVANCED_FACE('',(#1078),#1097,.F.);
#1078 = FACE_BOUND('',#1079,.F.);
#1079 = EDGE_LOOP('',(#1080,#1088,#1089,#1090));
#1080 = ORIENTED_EDGE('',*,*,#1081,.T.);
#1081 = EDGE_CURVE('',#1082,#189,#1084,.T.);
#1082 = VERTEX_POINT('',#1083);
#1083 = CARTESIAN_POINT('',(155.8,85.,6.2));
#1084 = LINE('',#1085,#1086);
#1085 = CARTESIAN_POINT('',(155.8,85.,-1.));
#1086 = VECTOR('',#1087,1.);
#1087 = DIRECTION('',(0.,0.,1.));
#1088 = ORIENTED_EDGE('',*,*,#188,.F.);
#1089 = ORIENTED_EDGE('',*,*,#1081,.F.);
#1090 = ORIENTED_EDGE('',*,*,#1091,.T.);
#1091 = EDGE_CURVE('',#1082,#1082,#1092,.T.);
#1092 = CIRCLE('',#1093,1.8);
#1093 = AXIS2_PLACEMENT_3D('',#1094,#1095,#1096);
#1094 = CARTESIAN_POINT('',(154.,85.,6.2));
#1095 = DIRECTION('',(0.,0.,1.));
#1096 = DIRECTION('',(1.,0.,0.));
#1097 = CYLINDRICAL_SURFACE('',#1098,1.8);
#1098 = AXIS2_PLACEMENT_3D('',#1099,#1100,#1101);
#1099 = CARTESIAN_POINT('',(154.,85.,-1.));
#1100 = DIRECTION('',(0.,0.,1.));
#1101 = DIRECTION('',(1.,0.,0.));
#1102 = ADVANCED_FACE('',(#1103),#1122,.F.);
#1103 = FACE_BOUND('',#1104,.F.);
#1104 = EDGE_LOOP('',(#1105,#1113,#1114,#1115));
#1105 = ORIENTED_EDGE('',*,*,#1106,.T.);
#1106 = EDGE_CURVE('',#1107,#200,#1109,.T.);
#1107 = VERTEX_POINT('',#1108);
#1108 = CARTESIAN_POINT('',(11.8,160.,6.2));
#1109 = LINE('',#1110,#1111);
#1110 = CARTESIAN_POINT('',(11.8,160.,-1.));
#1111 = VECTOR('',#1112,1.);
#1112 = DIRECTION('',(0.,0.,1.));
#1113 = ORIENTED_EDGE('',*,*,#199,.F.);
#1114 = ORIENTED_EDGE('',*,*,#1106,.F.);
#1115 = ORIENTED_EDGE('',*,*,#1116,.T.);
#1116 = EDGE_CURVE('',#1107,#1107,#1117,.T.);
#1117 = CIRCLE('',#1118,1.8);
#1118 = AXIS2_PLACEMENT_3D('',#1119,#1120,#1121);
#1119 = CARTESIAN_POINT('',(10.,160.,6.2));
#1120 = DIRECTION('',(0.,0.,1.));
#1121 = DIRECTION('',(1.,0.,0.));
#1122 = CYLINDRICAL_SURFACE('',#1123,1.8);
#1123 = AXIS2_PLACEMENT_3D('',#1124,#1125,#1126);
#1124 = CARTESIAN_POINT('',(10.,160.,-1.));
#1125 = DIRECTION('',(0.,0.,1.));
#1126 = DIRECTION('',(1.,0.,0.));
#1127 = ADVANCED_FACE('',(#1128),#1147,.F.);
#1128 = FACE_BOUND('',#1129,.F.);
#1129 = EDGE_LOOP('',(#1130,#1138,#1139,#1140));
#1130 = ORIENTED_EDGE('',*,*,#1131,.T.);
#1131 = EDGE_CURVE('',#1132,#211,#1134,.T.);
#1132 = VERTEX_POINT('',#1133);
#1133 = CARTESIAN_POINT('',(83.8,160.,6.2));
#1134 = LINE('',#1135,#1136);
#1135 = CARTESIAN_POINT('',(83.8,160.,-1.));
#1136 = VECTOR('',#1137,1.);
#1137 = DIRECTION('',(0.,0.,1.));
#1138 = ORIENTED_EDGE('',*,*,#210,.F.);
#1139 = ORIENTED_EDGE('',*,*,#1131,.F.);
#1140 = ORIENTED_EDGE('',*,*,#1141,.T.);
#1141 = EDGE_CURVE('',#1132,#1132,#1142,.T.);
#1142 = CIRCLE('',#1143,1.8);
#1143 = AXIS2_PLACEMENT_3D('',#1144,#1145,#1146);
#1144 = CARTESIAN_POINT('',(82.,160.,6.2));
#1145 = DIRECTION('',(0.,0.,1.));
#1146 = DIRECTION('',(1.,0.,0.));
#1147 = CYLINDRICAL_SURFACE('',#1148,1.8);
#1148 = AXIS2_PLACEMENT_3D('',#1149,#1150,#1151);
#1149 = CARTESIAN_POINT('',(82.,160.,-1.));
#1150 = DIRECTION('',(0.,0.,1.));
#1151 = DIRECTION('',(1.,0.,0.));
#1152 = ADVANCED_FACE('',(#1153),#1172,.F.);
#1153 = FACE_BOUND('',#1154,.F.);
#1154 = EDGE_LOOP('',(#1155,#1163,#1164,#1165));
#1155 = ORIENTED_EDGE('',*,*,#1156,.T.);
#1156 = EDGE_CURVE('',#1157,#222,#1159,.T.);
#1157 = VERTEX_POINT('',#1158);
#1158 = CARTESIAN_POINT('',(155.8,160.,6.2));
#1159 = LINE('',#1160,#1161);
#1160 = CARTESIAN_POINT('',(155.8,160.,-1.));
#1161 = VECTOR('',#1162,1.);
#1162 = DIRECTION('',(0.,0.,1.));
#1163 = ORIENTED_EDGE('',*,*,#221,.F.);
#1164 = ORIENTED_EDGE('',*,*,#1156,.F.);
#1165 = ORIENTED_EDGE('',*,*,#1166,.T.);
#1166 = EDGE_CURVE('',#1157,#1157,#1167,.T.);
#1167 = CIRCLE('',#1168,1.8);
#1168 = AXIS2_PLACEMENT_3D('',#1169,#1170,#1171);
#1169 = CARTESIAN_POINT('',(154.,160.,6.2));
#1170 = DIRECTION('',(0.,0.,1.));
#1171 = DIRECTION('',(1.,0.,0.));
#1172 = CYLINDRICAL_SURFACE('',#1173,1.8);
#1173 = AXIS2_PLACEMENT_3D('',#1174,#1175,#1176);
#1174 = CARTESIAN_POINT('',(154.,160.,-1.));
#1175 = DIRECTION('',(0.,0.,1.));
#1176 = DIRECTION('',(1.,0.,0.));
#1177 = ADVANCED_FACE('',(#1178),#1203,.T.);
#1178 = FACE_BOUND('',#1179,.T.);
#1179 = EDGE_LOOP('',(#1180,#1181,#1189,#1197));
#1180 = ORIENTED_EDGE('',*,*,#273,.T.);
#1181 = ORIENTED_EDGE('',*,*,#1182,.T.);
#1182 = EDGE_CURVE('',#276,#1183,#1185,.T.);
#1183 = VERTEX_POINT('',#1184);
#1184 = CARTESIAN_POINT('',(10.,13.406366588219,6.2));
#1185 = LINE('',#1186,#1187);
#1186 = CARTESIAN_POINT('',(10.,13.406366588219,-1.E-01));
#1187 = VECTOR('',#1188,1.);
#1188 = DIRECTION('',(0.,0.,1.));
#1189 = ORIENTED_EDGE('',*,*,#1190,.T.);
#1190 = EDGE_CURVE('',#1183,#1191,#1193,.T.);
#1191 = VERTEX_POINT('',#1192);
#1192 = CARTESIAN_POINT('',(7.05,11.703183294109,6.2));
#1193 = LINE('',#1194,#1195);
#1194 = CARTESIAN_POINT('',(10.,13.406366588219,6.2));
#1195 = VECTOR('',#1196,1.);
#1196 = DIRECTION('',(-0.866025403784,-0.5,0.));
#1197 = ORIENTED_EDGE('',*,*,#1198,.F.);
#1198 = EDGE_CURVE('',#274,#1191,#1199,.T.);
#1199 = LINE('',#1200,#1201);
#1200 = CARTESIAN_POINT('',(7.05,11.703183294109,-1.E-01));
#1201 = VECTOR('',#1202,1.);
#1202 = DIRECTION('',(0.,0.,1.));
#1203 = PLANE('',#1204);
#1204 = AXIS2_PLACEMENT_3D('',#1205,#1206,#1207);
#1205 = CARTESIAN_POINT('',(10.,13.406366588219,-1.E-01));
#1206 = DIRECTION('',(0.5,-0.866025403784,0.));
#1207 = DIRECTION('',(-0.866025403784,-0.5,0.));
#1208 = ADVANCED_FACE('',(#1209),#1227,.T.);
#1209 = FACE_BOUND('',#1210,.T.);
#1210 = EDGE_LOOP('',(#1211,#1212,#1213,#1221));
#1211 = ORIENTED_EDGE('',*,*,#315,.T.);
#1212 = ORIENTED_EDGE('',*,*,#1198,.T.);
#1213 = ORIENTED_EDGE('',*,*,#1214,.T.);
#1214 = EDGE_CURVE('',#1191,#1215,#1217,.T.);
#1215 = VERTEX_POINT('',#1216);
#1216 = CARTESIAN_POINT('',(7.05,8.296816705891,6.2));
#1217 = LINE('',#1218,#1219);
#1218 = CARTESIAN_POINT('',(7.05,11.703183294109,6.2));
#1219 = VECTOR('',#1220,1.);
#1220 = DIRECTION('',(2.607407032384E-16,-1.,0.));
#1221 = ORIENTED_EDGE('',*,*,#1222,.F.);
#1222 = EDGE_CURVE('',#308,#1215,#1223,.T.);
#1223 = LINE('',#1224,#1225);
#1224 = CARTESIAN_POINT('',(7.05,8.296816705891,-1.E-01));
#1225 = VECTOR('',#1226,1.);
#1226 = DIRECTION('',(0.,0.,1.));
#1227 = PLANE('',#1228);
#1228 = AXIS2_PLACEMENT_3D('',#1229,#1230,#1231);
#1229 = CARTESIAN_POINT('',(7.05,11.703183294109,-1.E-01));
#1230 = DIRECTION('',(1.,2.607407032384E-16,0.));
#1231 = DIRECTION('',(2.607407032384E-16,-1.,0.));
#1232 = ADVANCED_FACE('',(#1233),#1251,.T.);
#1233 = FACE_BOUND('',#1234,.T.);
#1234 = EDGE_LOOP('',(#1235,#1236,#1244,#1250));
#1235 = ORIENTED_EDGE('',*,*,#283,.T.);
#1236 = ORIENTED_EDGE('',*,*,#1237,.T.);
#1237 = EDGE_CURVE('',#284,#1238,#1240,.T.);
#1238 = VERTEX_POINT('',#1239);
#1239 = CARTESIAN_POINT('',(12.95,11.703183294109,6.2));
#1240 = LINE('',#1241,#1242);
#1241 = CARTESIAN_POINT('',(12.95,11.703183294109,-1.E-01));
#1242 = VECTOR('',#1243,1.);
#1243 = DIRECTION('',(0.,0.,1.));
#1244 = ORIENTED_EDGE('',*,*,#1245,.T.);
#1245 = EDGE_CURVE('',#1238,#1183,#1246,.T.);
#1246 = LINE('',#1247,#1248);
#1247 = CARTESIAN_POINT('',(12.95,11.703183294109,6.2));
#1248 = VECTOR('',#1249,1.);
#1249 = DIRECTION('',(-0.866025403784,0.5,0.));
#1250 = ORIENTED_EDGE('',*,*,#1182,.F.);
#1251 = PLANE('',#1252);
#1252 = AXIS2_PLACEMENT_3D('',#1253,#1254,#1255);
#1253 = CARTESIAN_POINT('',(12.95,11.703183294109,-1.E-01));
#1254 = DIRECTION('',(-0.5,-0.866025403784,0.));
#1255 = DIRECTION('',(-0.866025403784,0.5,0.));
#1256 = ADVANCED_FACE('',(#1257),#1275,.T.);
#1257 = FACE_BOUND('',#1258,.T.);
#1258 = EDGE_LOOP('',(#1259,#1260,#1261,#1269));
#1259 = ORIENTED_EDGE('',*,*,#307,.T.);
#1260 = ORIENTED_EDGE('',*,*,#1222,.T.);
#1261 = ORIENTED_EDGE('',*,*,#1262,.T.);
#1262 = EDGE_CURVE('',#1215,#1263,#1265,.T.);
#1263 = VERTEX_POINT('',#1264);
#1264 = CARTESIAN_POINT('',(10.,6.593633411781,6.2));
#1265 = LINE('',#1266,#1267);
#1266 = CARTESIAN_POINT('',(7.05,8.296816705891,6.2));
#1267 = VECTOR('',#1268,1.);
#1268 = DIRECTION('',(0.866025403784,-0.5,0.));
#1269 = ORIENTED_EDGE('',*,*,#1270,.F.);
#1270 = EDGE_CURVE('',#300,#1263,#1271,.T.);
#1271 = LINE('',#1272,#1273);
#1272 = CARTESIAN_POINT('',(10.,6.593633411781,-1.E-01));
#1273 = VECTOR('',#1274,1.);
#1274 = DIRECTION('',(0.,0.,1.));
#1275 = PLANE('',#1276);
#1276 = AXIS2_PLACEMENT_3D('',#1277,#1278,#1279);
#1277 = CARTESIAN_POINT('',(7.05,8.296816705891,-1.E-01));
#1278 = DIRECTION('',(0.5,0.866025403784,0.));
#1279 = DIRECTION('',(0.866025403784,-0.5,0.));
#1280 = ADVANCED_FACE('',(#1281),#1299,.T.);
#1281 = FACE_BOUND('',#1282,.T.);
#1282 = EDGE_LOOP('',(#1283,#1284,#1292,#1298));
#1283 = ORIENTED_EDGE('',*,*,#291,.T.);
#1284 = ORIENTED_EDGE('',*,*,#1285,.T.);
#1285 = EDGE_CURVE('',#292,#1286,#1288,.T.);
#1286 = VERTEX_POINT('',#1287);
#1287 = CARTESIAN_POINT('',(12.95,8.296816705891,6.2));
#1288 = LINE('',#1289,#1290);
#1289 = CARTESIAN_POINT('',(12.95,8.296816705891,-1.E-01));
#1290 = VECTOR('',#1291,1.);
#1291 = DIRECTION('',(0.,0.,1.));
#1292 = ORIENTED_EDGE('',*,*,#1293,.T.);
#1293 = EDGE_CURVE('',#1286,#1238,#1294,.T.);
#1294 = LINE('',#1295,#1296);
#1295 = CARTESIAN_POINT('',(12.95,8.296816705891,6.2));
#1296 = VECTOR('',#1297,1.);
#1297 = DIRECTION('',(5.214814064769E-16,1.,0.));
#1298 = ORIENTED_EDGE('',*,*,#1237,.F.);
#1299 = PLANE('',#1300);
#1300 = AXIS2_PLACEMENT_3D('',#1301,#1302,#1303);
#1301 = CARTESIAN_POINT('',(12.95,8.296816705891,-1.E-01));
#1302 = DIRECTION('',(-1.,5.214814064769E-16,0.));
#1303 = DIRECTION('',(5.214814064769E-16,1.,0.));
#1304 = ADVANCED_FACE('',(#1305),#1316,.T.);
#1305 = FACE_BOUND('',#1306,.T.);
#1306 = EDGE_LOOP('',(#1307,#1308,#1309,#1315));
#1307 = ORIENTED_EDGE('',*,*,#299,.T.);
#1308 = ORIENTED_EDGE('',*,*,#1270,.T.);
#1309 = ORIENTED_EDGE('',*,*,#1310,.T.);
#1310 = EDGE_CURVE('',#1263,#1286,#1311,.T.);
#1311 = LINE('',#1312,#1313);
#1312 = CARTESIAN_POINT('',(10.,6.593633411781,6.2));
#1313 = VECTOR('',#1314,1.);
#1314 = DIRECTION('',(0.866025403784,0.5,0.));
#1315 = ORIENTED_EDGE('',*,*,#1285,.F.);
#1316 = PLANE('',#1317);
#1317 = AXIS2_PLACEMENT_3D('',#1318,#1319,#1320);
#1318 = CARTESIAN_POINT('',(10.,6.593633411781,-1.E-01));
#1319 = DIRECTION('',(-0.5,0.866025403784,0.));
#1320 = DIRECTION('',(0.866025403784,0.5,0.));
#1321 = ADVANCED_FACE('',(#1322),#1347,.F.);
#1322 = FACE_BOUND('',#1323,.F.);
#1323 = EDGE_LOOP('',(#1324,#1334,#1340,#1341));
#1324 = ORIENTED_EDGE('',*,*,#1325,.F.);
#1325 = EDGE_CURVE('',#1326,#1328,#1330,.T.);
#1326 = VERTEX_POINT('',#1327);
#1327 = CARTESIAN_POINT('',(54.6,8.,0.4));
#1328 = VERTEX_POINT('',#1329);
#1329 = CARTESIAN_POINT('',(54.6,4.,0.4));
#1330 = LINE('',#1331,#1332);
#1331 = CARTESIAN_POINT('',(54.6,8.,0.4));
#1332 = VECTOR('',#1333,1.);
#1333 = DIRECTION('',(1.110223024625E-16,-1.,0.));
#1334 = ORIENTED_EDGE('',*,*,#1335,.T.);
#1335 = EDGE_CURVE('',#1326,#324,#1336,.T.);
#1336 = LINE('',#1337,#1338);
#1337 = CARTESIAN_POINT('',(54.6,8.,0.4));
#1338 = VECTOR('',#1339,1.);
#1339 = DIRECTION('',(0.,0.,-1.));
#1340 = ORIENTED_EDGE('',*,*,#323,.T.);
#1341 = ORIENTED_EDGE('',*,*,#1342,.F.);
#1342 = EDGE_CURVE('',#1328,#326,#1343,.T.);
#1343 = LINE('',#1344,#1345);
#1344 = CARTESIAN_POINT('',(54.6,4.,0.4));
#1345 = VECTOR('',#1346,1.);
#1346 = DIRECTION('',(0.,0.,-1.));
#1347 = PLANE('',#1348);
#1348 = AXIS2_PLACEMENT_3D('',#1349,#1350,#1351);
#1349 = CARTESIAN_POINT('',(54.6,8.,0.4));
#1350 = DIRECTION('',(-1.,-1.110223024625E-16,0.));
#1351 = DIRECTION('',(0.,0.,-1.));
#1352 = ADVANCED_FACE('',(#1353),#1372,.F.);
#1353 = FACE_BOUND('',#1354,.F.);
#1354 = EDGE_LOOP('',(#1355,#1356,#1364,#1371));
#1355 = ORIENTED_EDGE('',*,*,#408,.F.);
#1356 = ORIENTED_EDGE('',*,*,#1357,.F.);
#1357 = EDGE_CURVE('',#1358,#401,#1360,.T.);
#1358 = VERTEX_POINT('',#1359);
#1359 = CARTESIAN_POINT('',(55.,3.6,0.4));
#1360 = LINE('',#1361,#1362);
#1361 = CARTESIAN_POINT('',(55.,3.6,0.4));
#1362 = VECTOR('',#1363,1.);
#1363 = DIRECTION('',(0.,0.,-1.));
#1364 = ORIENTED_EDGE('',*,*,#1365,.T.);
#1365 = EDGE_CURVE('',#1358,#1328,#1366,.T.);
#1366 = CIRCLE('',#1367,0.4);
#1367 = AXIS2_PLACEMENT_3D('',#1368,#1369,#1370);
#1368 = CARTESIAN_POINT('',(55.,4.,0.4));
#1369 = DIRECTION('',(0.,0.,-1.));
#1370 = DIRECTION('',(1.,0.,0.));
#1371 = ORIENTED_EDGE('',*,*,#1342,.T.);
#1372 = CYLINDRICAL_SURFACE('',#1373,0.4);
#1373 = AXIS2_PLACEMENT_3D('',#1374,#1375,#1376);
#1374 = CARTESIAN_POINT('',(55.,4.,0.4));
#1375 = DIRECTION('',(0.,0.,-1.));
#1376 = DIRECTION('',(1.,0.,0.));
#1377 = ADVANCED_FACE('',(#1378),#1396,.F.);
#1378 = FACE_BOUND('',#1379,.F.);
#1379 = EDGE_LOOP('',(#1380,#1388,#1389,#1390));
#1380 = ORIENTED_EDGE('',*,*,#1381,.F.);
#1381 = EDGE_CURVE('',#1358,#1382,#1384,.T.);
#1382 = VERTEX_POINT('',#1383);
#1383 = CARTESIAN_POINT('',(57.4,3.6,0.4));
#1384 = LINE('',#1385,#1386);
#1385 = CARTESIAN_POINT('',(55.,3.6,0.4));
#1386 = VECTOR('',#1387,1.);
#1387 = DIRECTION('',(1.,0.,0.));
#1388 = ORIENTED_EDGE('',*,*,#1357,.T.);
#1389 = ORIENTED_EDGE('',*,*,#400,.T.);
#1390 = ORIENTED_EDGE('',*,*,#1391,.F.);
#1391 = EDGE_CURVE('',#1382,#392,#1392,.T.);
#1392 = LINE('',#1393,#1394);
#1393 = CARTESIAN_POINT('',(57.4,3.6,0.4));
#1394 = VECTOR('',#1395,1.);
#1395 = DIRECTION('',(0.,0.,-1.));
#1396 = PLANE('',#1397);
#1397 = AXIS2_PLACEMENT_3D('',#1398,#1399,#1400);
#1398 = CARTESIAN_POINT('',(55.,3.6,0.4));
#1399 = DIRECTION('',(0.,-1.,0.));
#1400 = DIRECTION('',(0.,0.,-1.));
#1401 = ADVANCED_FACE('',(#1402),#1430,.F.);
#1402 = FACE_BOUND('',#1403,.F.);
#1403 = EDGE_LOOP('',(#1404,#1405,#1413,#1422,#1429));
#1404 = ORIENTED_EDGE('',*,*,#391,.F.);
#1405 = ORIENTED_EDGE('',*,*,#1406,.F.);
#1406 = EDGE_CURVE('',#1407,#384,#1409,.T.);
#1407 = VERTEX_POINT('',#1408);
#1408 = CARTESIAN_POINT('',(57.4,4.4,0.4));
#1409 = LINE('',#1410,#1411);
#1410 = CARTESIAN_POINT('',(57.4,4.4,0.4));
#1411 = VECTOR('',#1412,1.);
#1412 = DIRECTION('',(0.,0.,-1.));
#1413 = ORIENTED_EDGE('',*,*,#1414,.T.);
#1414 = EDGE_CURVE('',#1407,#1415,#1417,.T.);
#1415 = VERTEX_POINT('',#1416);
#1416 = CARTESIAN_POINT('',(57.8,4.,0.4));
#1417 = CIRCLE('',#1418,0.4);
#1418 = AXIS2_PLACEMENT_3D('',#1419,#1420,#1421);
#1419 = CARTESIAN_POINT('',(57.4,4.,0.4));
#1420 = DIRECTION('',(0.,0.,-1.));
#1421 = DIRECTION('',(1.,0.,0.));
#1422 = ORIENTED_EDGE('',*,*,#1423,.T.);
#1423 = EDGE_CURVE('',#1415,#1382,#1424,.T.);
#1424 = CIRCLE('',#1425,0.4);
#1425 = AXIS2_PLACEMENT_3D('',#1426,#1427,#1428);
#1426 = CARTESIAN_POINT('',(57.4,4.,0.4));
#1427 = DIRECTION('',(0.,0.,-1.));
#1428 = DIRECTION('',(1.,0.,0.));
#1429 = ORIENTED_EDGE('',*,*,#1391,.T.);
#1430 = CYLINDRICAL_SURFACE('',#1431,0.4);
#1431 = AXIS2_PLACEMENT_3D('',#1432,#1433,#1434);
#1432 = CARTESIAN_POINT('',(57.4,4.,0.4));
#1433 = DIRECTION('',(0.,0.,-1.));
#1434 = DIRECTION('',(1.,0.,0.));
#1435 = ADVANCED_FACE('',(#1436),#1454,.T.);
#1436 = FACE_BOUND('',#1437,.T.);
#1437 = EDGE_LOOP('',(#1438,#1446,#1452,#1453));
#1438 = ORIENTED_EDGE('',*,*,#1439,.F.);
#1439 = EDGE_CURVE('',#1440,#1407,#1442,.T.);
#1440 = VERTEX_POINT('',#1441);
#1441 = CARTESIAN_POINT('',(55.4,4.4,0.4));
#1442 = LINE('',#1443,#1444);
#1443 = CARTESIAN_POINT('',(55.,4.4,0.4));
#1444 = VECTOR('',#1445,1.);
#1445 = DIRECTION('',(1.,0.,0.));
#1446 = ORIENTED_EDGE('',*,*,#1447,.F.);
#1447 = EDGE_CURVE('',#376,#1440,#1448,.T.);
#1448 = LINE('',#1449,#1450);
#1449 = CARTESIAN_POINT('',(55.4,4.4,0.4));
#1450 = VECTOR('',#1451,1.);
#1451 = DIRECTION('',(0.,0.,1.));
#1452 = ORIENTED_EDGE('',*,*,#383,.T.);
#1453 = ORIENTED_EDGE('',*,*,#1406,.F.);
#1454 = PLANE('',#1455);
#1455 = AXIS2_PLACEMENT_3D('',#1456,#1457,#1458);
#1456 = CARTESIAN_POINT('',(55.,4.4,0.4));
#1457 = DIRECTION('',(0.,-1.,0.));
#1458 = DIRECTION('',(0.,0.,-1.));
#1459 = ADVANCED_FACE('',(#1460),#1478,.T.);
#1460 = FACE_BOUND('',#1461,.T.);
#1461 = EDGE_LOOP('',(#1462,#1470,#1476,#1477));
#1462 = ORIENTED_EDGE('',*,*,#1463,.F.);
#1463 = EDGE_CURVE('',#1464,#1440,#1466,.T.);
#1464 = VERTEX_POINT('',#1465);
#1465 = CARTESIAN_POINT('',(55.4,5.6,0.4));
#1466 = LINE('',#1467,#1468);
#1467 = CARTESIAN_POINT('',(55.4,8.,0.4));
#1468 = VECTOR('',#1469,1.);
#1469 = DIRECTION('',(1.110223024625E-16,-1.,0.));
#1470 = ORIENTED_EDGE('',*,*,#1471,.F.);
#1471 = EDGE_CURVE('',#368,#1464,#1472,.T.);
#1472 = LINE('',#1473,#1474);
#1473 = CARTESIAN_POINT('',(55.4,5.6,0.4));
#1474 = VECTOR('',#1475,1.);
#1475 = DIRECTION('',(0.,0.,1.));
#1476 = ORIENTED_EDGE('',*,*,#375,.T.);
#1477 = ORIENTED_EDGE('',*,*,#1447,.T.);
#1478 = PLANE('',#1479);
#1479 = AXIS2_PLACEMENT_3D('',#1480,#1481,#1482);
#1480 = CARTESIAN_POINT('',(55.4,8.,0.4));
#1481 = DIRECTION('',(-1.,-1.110223024625E-16,0.));
#1482 = DIRECTION('',(0.,0.,-1.));
#1483 = ADVANCED_FACE('',(#1484),#1502,.F.);
#1484 = FACE_BOUND('',#1485,.F.);
#1485 = EDGE_LOOP('',(#1486,#1494,#1495,#1496));
#1486 = ORIENTED_EDGE('',*,*,#1487,.F.);
#1487 = EDGE_CURVE('',#1464,#1488,#1490,.T.);
#1488 = VERTEX_POINT('',#1489);
#1489 = CARTESIAN_POINT('',(57.,5.6,0.4));
#1490 = LINE('',#1491,#1492);
#1491 = CARTESIAN_POINT('',(55.,5.6,0.4));
#1492 = VECTOR('',#1493,1.);
#1493 = DIRECTION('',(1.,0.,0.));
#1494 = ORIENTED_EDGE('',*,*,#1471,.F.);
#1495 = ORIENTED_EDGE('',*,*,#367,.T.);
#1496 = ORIENTED_EDGE('',*,*,#1497,.F.);
#1497 = EDGE_CURVE('',#1488,#359,#1498,.T.);
#1498 = LINE('',#1499,#1500);
#1499 = CARTESIAN_POINT('',(57.,5.6,0.4));
#1500 = VECTOR('',#1501,1.);
#1501 = DIRECTION('',(0.,0.,-1.));
#1502 = PLANE('',#1503);
#1503 = AXIS2_PLACEMENT_3D('',#1504,#1505,#1506);
#1504 = CARTESIAN_POINT('',(55.,5.6,0.4));
#1505 = DIRECTION('',(0.,-1.,0.));
#1506 = DIRECTION('',(0.,0.,-1.));
#1507 = ADVANCED_FACE('',(#1508),#1536,.F.);
#1508 = FACE_BOUND('',#1509,.F.);
#1509 = EDGE_LOOP('',(#1510,#1521,#1528,#1529,#1530));
#1510 = ORIENTED_EDGE('',*,*,#1511,.T.);
#1511 = EDGE_CURVE('',#1512,#1514,#1516,.T.);
#1512 = VERTEX_POINT('',#1513);
#1513 = CARTESIAN_POINT('',(57.,6.4,0.4));
#1514 = VERTEX_POINT('',#1515);
#1515 = CARTESIAN_POINT('',(57.4,6.,0.4));
#1516 = CIRCLE('',#1517,0.4);
#1517 = AXIS2_PLACEMENT_3D('',#1518,#1519,#1520);
#1518 = CARTESIAN_POINT('',(57.,6.,0.4));
#1519 = DIRECTION('',(0.,0.,-1.));
#1520 = DIRECTION('',(1.,0.,0.));
#1521 = ORIENTED_EDGE('',*,*,#1522,.T.);
#1522 = EDGE_CURVE('',#1514,#1488,#1523,.T.);
#1523 = CIRCLE('',#1524,0.4);
#1524 = AXIS2_PLACEMENT_3D('',#1525,#1526,#1527);
#1525 = CARTESIAN_POINT('',(57.,6.,0.4));
#1526 = DIRECTION('',(0.,0.,-1.));
#1527 = DIRECTION('',(1.,0.,0.));
#1528 = ORIENTED_EDGE('',*,*,#1497,.T.);
#1529 = ORIENTED_EDGE('',*,*,#358,.F.);
#1530 = ORIENTED_EDGE('',*,*,#1531,.F.);
#1531 = EDGE_CURVE('',#1512,#351,#1532,.T.);
#1532 = LINE('',#1533,#1534);
#1533 = CARTESIAN_POINT('',(57.,6.4,0.4));
#1534 = VECTOR('',#1535,1.);
#1535 = DIRECTION('',(0.,0.,-1.));
#1536 = CYLINDRICAL_SURFACE('',#1537,0.4);
#1537 = AXIS2_PLACEMENT_3D('',#1538,#1539,#1540);
#1538 = CARTESIAN_POINT('',(57.,6.,0.4));
#1539 = DIRECTION('',(0.,0.,-1.));
#1540 = DIRECTION('',(1.,0.,0.));
#1541 = ADVANCED_FACE('',(#1542),#1560,.T.);
#1542 = FACE_BOUND('',#1543,.T.);
#1543 = EDGE_LOOP('',(#1544,#1552,#1558,#1559));
#1544 = ORIENTED_EDGE('',*,*,#1545,.F.);
#1545 = EDGE_CURVE('',#1546,#1512,#1548,.T.);
#1546 = VERTEX_POINT('',#1547);
#1547 = CARTESIAN_POINT('',(55.4,6.4,0.4));
#1548 = LINE('',#1549,#1550);
#1549 = CARTESIAN_POINT('',(55.,6.4,0.4));
#1550 = VECTOR('',#1551,1.);
#1551 = DIRECTION('',(1.,0.,0.));
#1552 = ORIENTED_EDGE('',*,*,#1553,.F.);
#1553 = EDGE_CURVE('',#343,#1546,#1554,.T.);
#1554 = LINE('',#1555,#1556);
#1555 = CARTESIAN_POINT('',(55.4,6.4,0.4));
#1556 = VECTOR('',#1557,1.);
#1557 = DIRECTION('',(0.,0.,1.));
#1558 = ORIENTED_EDGE('',*,*,#350,.T.);
#1559 = ORIENTED_EDGE('',*,*,#1531,.F.);
#1560 = PLANE('',#1561);
#1561 = AXIS2_PLACEMENT_3D('',#1562,#1563,#1564);
#1562 = CARTESIAN_POINT('',(55.,6.4,0.4));
#1563 = DIRECTION('',(0.,-1.,0.));
#1564 = DIRECTION('',(0.,0.,-1.));
#1565 = ADVANCED_FACE('',(#1566),#1584,.T.);
#1566 = FACE_BOUND('',#1567,.T.);
#1567 = EDGE_LOOP('',(#1568,#1576,#1582,#1583));
#1568 = ORIENTED_EDGE('',*,*,#1569,.F.);
#1569 = EDGE_CURVE('',#1570,#1546,#1572,.T.);
#1570 = VERTEX_POINT('',#1571);
#1571 = CARTESIAN_POINT('',(55.4,8.,0.4));
#1572 = LINE('',#1573,#1574);
#1573 = CARTESIAN_POINT('',(55.4,8.,0.4));
#1574 = VECTOR('',#1575,1.);
#1575 = DIRECTION('',(1.110223024625E-16,-1.,0.));
#1576 = ORIENTED_EDGE('',*,*,#1577,.T.);
#1577 = EDGE_CURVE('',#1570,#334,#1578,.T.);
#1578 = LINE('',#1579,#1580);
#1579 = CARTESIAN_POINT('',(55.4,8.,0.4));
#1580 = VECTOR('',#1581,1.);
#1581 = DIRECTION('',(0.,0.,-1.));
#1582 = ORIENTED_EDGE('',*,*,#342,.T.);
#1583 = ORIENTED_EDGE('',*,*,#1553,.T.);
#1584 = PLANE('',#1585);
#1585 = AXIS2_PLACEMENT_3D('',#1586,#1587,#1588);
#1586 = CARTESIAN_POINT('',(55.4,8.,0.4));
#1587 = DIRECTION('',(-1.,-1.110223024625E-16,0.));
#1588 = DIRECTION('',(0.,0.,-1.));
#1589 = ADVANCED_FACE('',(#1590),#1602,.F.);
#1590 = FACE_BOUND('',#1591,.F.);
#1591 = EDGE_LOOP('',(#1592,#1599,#1600,#1601));
#1592 = ORIENTED_EDGE('',*,*,#1593,.T.);
#1593 = EDGE_CURVE('',#1326,#1570,#1594,.T.);
#1594 = CIRCLE('',#1595,0.4);
#1595 = AXIS2_PLACEMENT_3D('',#1596,#1597,#1598);
#1596 = CARTESIAN_POINT('',(55.,8.,0.4));
#1597 = DIRECTION('',(0.,0.,-1.));
#1598 = DIRECTION('',(1.,0.,0.));
#1599 = ORIENTED_EDGE('',*,*,#1577,.T.);
#1600 = ORIENTED_EDGE('',*,*,#333,.F.);
#1601 = ORIENTED_EDGE('',*,*,#1335,.F.);
#1602 = CYLINDRICAL_SURFACE('',#1603,0.4);
#1603 = AXIS2_PLACEMENT_3D('',#1604,#1605,#1606);
#1604 = CARTESIAN_POINT('',(55.,8.,0.4));
#1605 = DIRECTION('',(0.,0.,-1.));
#1606 = DIRECTION('',(1.,0.,0.));
#1607 = ADVANCED_FACE('',(#1608),#1633,.F.);
#1608 = FACE_BOUND('',#1609,.F.);
#1609 = EDGE_LOOP('',(#1610,#1620,#1626,#1627));
#1610 = ORIENTED_EDGE('',*,*,#1611,.F.);
#1611 = EDGE_CURVE('',#1612,#1614,#1616,.T.);
#1612 = VERTEX_POINT('',#1613);
#1613 = CARTESIAN_POINT('',(58.887652476223,4.750121980978,0.4));
#1614 = VERTEX_POINT('',#1615);
#1615 = CARTESIAN_POINT('',(59.687652476223,3.750121980978,0.4));
#1616 = LINE('',#1617,#1618);
#1617 = CARTESIAN_POINT('',(58.887652476223,4.750121980978,0.4));
#1618 = VECTOR('',#1619,1.);
#1619 = DIRECTION('',(0.624695047554,-0.780868809443,0.));
#1620 = ORIENTED_EDGE('',*,*,#1621,.T.);
#1621 = EDGE_CURVE('',#1612,#418,#1622,.T.);
#1622 = LINE('',#1623,#1624);
#1623 = CARTESIAN_POINT('',(58.887652476223,4.750121980978,0.4));
#1624 = VECTOR('',#1625,1.);
#1625 = DIRECTION('',(0.,0.,-1.));
#1626 = ORIENTED_EDGE('',*,*,#417,.T.);
#1627 = ORIENTED_EDGE('',*,*,#1628,.F.);
#1628 = EDGE_CURVE('',#1614,#420,#1629,.T.);
#1629 = LINE('',#1630,#1631);
#1630 = CARTESIAN_POINT('',(59.687652476223,3.750121980978,0.4));
#1631 = VECTOR('',#1632,1.);
#1632 = DIRECTION('',(0.,0.,-1.));
#1633 = PLANE('',#1634);
#1634 = AXIS2_PLACEMENT_3D('',#1635,#1636,#1637);
#1635 = CARTESIAN_POINT('',(58.887652476223,4.750121980978,0.4));
#1636 = DIRECTION('',(-0.780868809443,-0.624695047554,0.));
#1637 = DIRECTION('',(0.,0.,-1.));
#1638 = ADVANCED_FACE('',(#1639),#1658,.F.);
#1639 = FACE_BOUND('',#1640,.F.);
#1640 = EDGE_LOOP('',(#1641,#1642,#1650,#1657));
#1641 = ORIENTED_EDGE('',*,*,#502,.F.);
#1642 = ORIENTED_EDGE('',*,*,#1643,.F.);
#1643 = EDGE_CURVE('',#1644,#495,#1646,.T.);
#1644 = VERTEX_POINT('',#1645);
#1645 = CARTESIAN_POINT('',(60.4,4.,0.4));
#1646 = LINE('',#1647,#1648);
#1647 = CARTESIAN_POINT('',(60.4,4.,0.4));
#1648 = VECTOR('',#1649,1.);
#1649 = DIRECTION('',(0.,0.,-1.));
#1650 = ORIENTED_EDGE('',*,*,#1651,.T.);
#1651 = EDGE_CURVE('',#1644,#1614,#1652,.T.);
#1652 = CIRCLE('',#1653,0.4);
#1653 = AXIS2_PLACEMENT_3D('',#1654,#1655,#1656);
#1654 = CARTESIAN_POINT('',(60.,4.,0.4));
#1655 = DIRECTION('',(0.,0.,-1.));
#1656 = DIRECTION('',(1.,0.,0.));
#1657 = ORIENTED_EDGE('',*,*,#1628,.T.);
#1658 = CYLINDRICAL_SURFACE('',#1659,0.4);
#1659 = AXIS2_PLACEMENT_3D('',#1660,#1661,#1662);
#1660 = CARTESIAN_POINT('',(60.,4.,0.4));
#1661 = DIRECTION('',(0.,0.,-1.));
#1662 = DIRECTION('',(1.,0.,0.));
#1663 = ADVANCED_FACE('',(#1664),#1682,.F.);
#1664 = FACE_BOUND('',#1665,.F.);
#1665 = EDGE_LOOP('',(#1666,#1674,#1675,#1676));
#1666 = ORIENTED_EDGE('',*,*,#1667,.F.);
#1667 = EDGE_CURVE('',#1644,#1668,#1670,.T.);
#1668 = VERTEX_POINT('',#1669);
#1669 = CARTESIAN_POINT('',(60.4,7.6,0.4));
#1670 = LINE('',#1671,#1672);
#1671 = CARTESIAN_POINT('',(60.4,4.,0.4));
#1672 = VECTOR('',#1673,1.);
#1673 = DIRECTION('',(1.110223024625E-16,1.,0.));
#1674 = ORIENTED_EDGE('',*,*,#1643,.T.);
#1675 = ORIENTED_EDGE('',*,*,#494,.T.);
#1676 = ORIENTED_EDGE('',*,*,#1677,.F.);
#1677 = EDGE_CURVE('',#1668,#487,#1678,.T.);
#1678 = LINE('',#1679,#1680);
#1679 = CARTESIAN_POINT('',(60.4,7.6,0.4));
#1680 = VECTOR('',#1681,1.);
#1681 = DIRECTION('',(0.,0.,-1.));
#1682 = PLANE('',#1683);
#1683 = AXIS2_PLACEMENT_3D('',#1684,#1685,#1686);
#1684 = CARTESIAN_POINT('',(60.4,4.,0.4));
#1685 = DIRECTION('',(1.,-1.110223024625E-16,0.));
#1686 = DIRECTION('',(0.,0.,-1.));
#1687 = ADVANCED_FACE('',(#1688),#1706,.F.);
#1688 = FACE_BOUND('',#1689,.F.);
#1689 = EDGE_LOOP('',(#1690,#1698,#1699,#1700));
#1690 = ORIENTED_EDGE('',*,*,#1691,.F.);
#1691 = EDGE_CURVE('',#1668,#1692,#1694,.T.);
#1692 = VERTEX_POINT('',#1693);
#1693 = CARTESIAN_POINT('',(61.2,7.6,0.4));
#1694 = LINE('',#1695,#1696);
#1695 = CARTESIAN_POINT('',(58.8,7.6,0.4));
#1696 = VECTOR('',#1697,1.);
#1697 = DIRECTION('',(1.,0.,0.));
#1698 = ORIENTED_EDGE('',*,*,#1677,.T.);
#1699 = ORIENTED_EDGE('',*,*,#486,.T.);
#1700 = ORIENTED_EDGE('',*,*,#1701,.F.);
#1701 = EDGE_CURVE('',#1692,#478,#1702,.T.);
#1702 = LINE('',#1703,#1704);
#1703 = CARTESIAN_POINT('',(61.2,7.6,0.4));
#1704 = VECTOR('',#1705,1.);
#1705 = DIRECTION('',(0.,0.,-1.));
#1706 = PLANE('',#1707);
#1707 = AXIS2_PLACEMENT_3D('',#1708,#1709,#1710);
#1708 = CARTESIAN_POINT('',(58.8,7.6,0.4));
#1709 = DIRECTION('',(0.,-1.,0.));
#1710 = DIRECTION('',(0.,0.,-1.));
#1711 = ADVANCED_FACE('',(#1712),#1740,.F.);
#1712 = FACE_BOUND('',#1713,.F.);
#1713 = EDGE_LOOP('',(#1714,#1715,#1723,#1732,#1739));
#1714 = ORIENTED_EDGE('',*,*,#477,.F.);
#1715 = ORIENTED_EDGE('',*,*,#1716,.F.);
#1716 = EDGE_CURVE('',#1717,#470,#1719,.T.);
#1717 = VERTEX_POINT('',#1718);
#1718 = CARTESIAN_POINT('',(61.2,8.4,0.4));
#1719 = LINE('',#1720,#1721);
#1720 = CARTESIAN_POINT('',(61.2,8.4,0.4));
#1721 = VECTOR('',#1722,1.);
#1722 = DIRECTION('',(0.,0.,-1.));
#1723 = ORIENTED_EDGE('',*,*,#1724,.T.);
#1724 = EDGE_CURVE('',#1717,#1725,#1727,.T.);
#1725 = VERTEX_POINT('',#1726);
#1726 = CARTESIAN_POINT('',(61.6,8.,0.4));
#1727 = CIRCLE('',#1728,0.4);
#1728 = AXIS2_PLACEMENT_3D('',#1729,#1730,#1731);
#1729 = CARTESIAN_POINT('',(61.2,8.,0.4));
#1730 = DIRECTION('',(0.,0.,-1.));
#1731 = DIRECTION('',(1.,0.,0.));
#1732 = ORIENTED_EDGE('',*,*,#1733,.T.);
#1733 = EDGE_CURVE('',#1725,#1692,#1734,.T.);
#1734 = CIRCLE('',#1735,0.4);
#1735 = AXIS2_PLACEMENT_3D('',#1736,#1737,#1738);
#1736 = CARTESIAN_POINT('',(61.2,8.,0.4));
#1737 = DIRECTION('',(0.,0.,-1.));
#1738 = DIRECTION('',(1.,0.,0.));
#1739 = ORIENTED_EDGE('',*,*,#1701,.T.);
#1740 = CYLINDRICAL_SURFACE('',#1741,0.4);
#1741 = AXIS2_PLACEMENT_3D('',#1742,#1743,#1744);
#1742 = CARTESIAN_POINT('',(61.2,8.,0.4));
#1743 = DIRECTION('',(0.,0.,-1.));
#1744 = DIRECTION('',(1.,0.,0.));
#1745 = ADVANCED_FACE('',(#1746),#1764,.T.);
#1746 = FACE_BOUND('',#1747,.T.);
#1747 = EDGE_LOOP('',(#1748,#1756,#1762,#1763));
#1748 = ORIENTED_EDGE('',*,*,#1749,.F.);
#1749 = EDGE_CURVE('',#1750,#1717,#1752,.T.);
#1750 = VERTEX_POINT('',#1751);
#1751 = CARTESIAN_POINT('',(58.8,8.4,0.4));
#1752 = LINE('',#1753,#1754);
#1753 = CARTESIAN_POINT('',(58.8,8.4,0.4));
#1754 = VECTOR('',#1755,1.);
#1755 = DIRECTION('',(1.,0.,0.));
#1756 = ORIENTED_EDGE('',*,*,#1757,.T.);
#1757 = EDGE_CURVE('',#1750,#461,#1758,.T.);
#1758 = LINE('',#1759,#1760);
#1759 = CARTESIAN_POINT('',(58.8,8.4,0.4));
#1760 = VECTOR('',#1761,1.);
#1761 = DIRECTION('',(0.,0.,-1.));
#1762 = ORIENTED_EDGE('',*,*,#469,.T.);
#1763 = ORIENTED_EDGE('',*,*,#1716,.F.);
#1764 = PLANE('',#1765);
#1765 = AXIS2_PLACEMENT_3D('',#1766,#1767,#1768);
#1766 = CARTESIAN_POINT('',(58.8,8.4,0.4));
#1767 = DIRECTION('',(0.,-1.,0.));
#1768 = DIRECTION('',(0.,0.,-1.));
#1769 = ADVANCED_FACE('',(#1770),#1789,.F.);
#1770 = FACE_BOUND('',#1771,.F.);
#1771 = EDGE_LOOP('',(#1772,#1773,#1781,#1788));
#1772 = ORIENTED_EDGE('',*,*,#460,.F.);
#1773 = ORIENTED_EDGE('',*,*,#1774,.F.);
#1774 = EDGE_CURVE('',#1775,#453,#1777,.T.);
#1775 = VERTEX_POINT('',#1776);
#1776 = CARTESIAN_POINT('',(58.8,7.6,0.4));
#1777 = LINE('',#1778,#1779);
#1778 = CARTESIAN_POINT('',(58.8,7.6,0.4));
#1779 = VECTOR('',#1780,1.);
#1780 = DIRECTION('',(0.,0.,-1.));
#1781 = ORIENTED_EDGE('',*,*,#1782,.T.);
#1782 = EDGE_CURVE('',#1775,#1750,#1783,.T.);
#1783 = CIRCLE('',#1784,0.4);
#1784 = AXIS2_PLACEMENT_3D('',#1785,#1786,#1787);
#1785 = CARTESIAN_POINT('',(58.8,8.,0.4));
#1786 = DIRECTION('',(0.,0.,-1.));
#1787 = DIRECTION('',(1.,0.,0.));
#1788 = ORIENTED_EDGE('',*,*,#1757,.T.);
#1789 = CYLINDRICAL_SURFACE('',#1790,0.4);
#1790 = AXIS2_PLACEMENT_3D('',#1791,#1792,#1793);
#1791 = CARTESIAN_POINT('',(58.8,8.,0.4));
#1792 = DIRECTION('',(0.,0.,-1.));
#1793 = DIRECTION('',(1.,0.,0.));
#1794 = ADVANCED_FACE('',(#1795),#1813,.F.);
#1795 = FACE_BOUND('',#1796,.F.);
#1796 = EDGE_LOOP('',(#1797,#1805,#1806,#1807));
#1797 = ORIENTED_EDGE('',*,*,#1798,.F.);
#1798 = EDGE_CURVE('',#1775,#1799,#1801,.T.);
#1799 = VERTEX_POINT('',#1800);
#1800 = CARTESIAN_POINT('',(59.6,7.6,0.4));
#1801 = LINE('',#1802,#1803);
#1802 = CARTESIAN_POINT('',(58.8,7.6,0.4));
#1803 = VECTOR('',#1804,1.);
#1804 = DIRECTION('',(1.,0.,0.));
#1805 = ORIENTED_EDGE('',*,*,#1774,.T.);
#1806 = ORIENTED_EDGE('',*,*,#452,.T.);
#1807 = ORIENTED_EDGE('',*,*,#1808,.F.);
#1808 = EDGE_CURVE('',#1799,#445,#1809,.T.);
#1809 = LINE('',#1810,#1811);
#1810 = CARTESIAN_POINT('',(59.6,7.6,0.4));
#1811 = VECTOR('',#1812,1.);
#1812 = DIRECTION('',(0.,0.,-1.));
#1813 = PLANE('',#1814);
#1814 = AXIS2_PLACEMENT_3D('',#1815,#1816,#1817);
#1815 = CARTESIAN_POINT('',(58.8,7.6,0.4));
#1816 = DIRECTION('',(0.,-1.,0.));
#1817 = DIRECTION('',(0.,0.,-1.));
#1818 = ADVANCED_FACE('',(#1819),#1837,.T.);
#1819 = FACE_BOUND('',#1820,.T.);
#1820 = EDGE_LOOP('',(#1821,#1829,#1835,#1836));
#1821 = ORIENTED_EDGE('',*,*,#1822,.F.);
#1822 = EDGE_CURVE('',#1823,#1799,#1825,.T.);
#1823 = VERTEX_POINT('',#1824);
#1824 = CARTESIAN_POINT('',(59.6,5.140312423743,0.4));
#1825 = LINE('',#1826,#1827);
#1826 = CARTESIAN_POINT('',(59.6,4.,0.4));
#1827 = VECTOR('',#1828,1.);
#1828 = DIRECTION('',(1.110223024625E-16,1.,0.));
#1829 = ORIENTED_EDGE('',*,*,#1830,.F.);
#1830 = EDGE_CURVE('',#437,#1823,#1831,.T.);
#1831 = LINE('',#1832,#1833);
#1832 = CARTESIAN_POINT('',(59.6,5.140312423743,0.4));
#1833 = VECTOR('',#1834,1.);
#1834 = DIRECTION('',(0.,0.,1.));
#1835 = ORIENTED_EDGE('',*,*,#444,.T.);
#1836 = ORIENTED_EDGE('',*,*,#1808,.F.);
#1837 = PLANE('',#1838);
#1838 = AXIS2_PLACEMENT_3D('',#1839,#1840,#1841);
#1839 = CARTESIAN_POINT('',(59.6,4.,0.4));
#1840 = DIRECTION('',(1.,-1.110223024625E-16,0.));
#1841 = DIRECTION('',(0.,0.,-1.));
#1842 = ADVANCED_FACE('',(#1843),#1861,.T.);
#1843 = FACE_BOUND('',#1844,.T.);
#1844 = EDGE_LOOP('',(#1845,#1853,#1859,#1860));
#1845 = ORIENTED_EDGE('',*,*,#1846,.F.);
#1846 = EDGE_CURVE('',#1847,#1823,#1849,.T.);
#1847 = VERTEX_POINT('',#1848);
#1848 = CARTESIAN_POINT('',(59.512347523777,5.249878019022,0.4));
#1849 = LINE('',#1850,#1851);
#1850 = CARTESIAN_POINT('',(59.512347523777,5.249878019022,0.4));
#1851 = VECTOR('',#1852,1.);
#1852 = DIRECTION('',(0.624695047554,-0.780868809443,0.));
#1853 = ORIENTED_EDGE('',*,*,#1854,.T.);
#1854 = EDGE_CURVE('',#1847,#428,#1855,.T.);
#1855 = LINE('',#1856,#1857);
#1856 = CARTESIAN_POINT('',(59.512347523777,5.249878019022,0.4));
#1857 = VECTOR('',#1858,1.);
#1858 = DIRECTION('',(0.,0.,-1.));
#1859 = ORIENTED_EDGE('',*,*,#436,.T.);
#1860 = ORIENTED_EDGE('',*,*,#1830,.T.);
#1861 = PLANE('',#1862);
#1862 = AXIS2_PLACEMENT_3D('',#1863,#1864,#1865);
#1863 = CARTESIAN_POINT('',(59.512347523777,5.249878019022,0.4));
#1864 = DIRECTION('',(-0.780868809443,-0.624695047554,0.));
#1865 = DIRECTION('',(0.,0.,-1.));
#1866 = ADVANCED_FACE('',(#1867),#1879,.F.);
#1867 = FACE_BOUND('',#1868,.F.);
#1868 = EDGE_LOOP('',(#1869,#1870,#1871,#1878));
#1869 = ORIENTED_EDGE('',*,*,#427,.F.);
#1870 = ORIENTED_EDGE('',*,*,#1621,.F.);
#1871 = ORIENTED_EDGE('',*,*,#1872,.T.);
#1872 = EDGE_CURVE('',#1612,#1847,#1873,.T.);
#1873 = CIRCLE('',#1874,0.4);
#1874 = AXIS2_PLACEMENT_3D('',#1875,#1876,#1877);
#1875 = CARTESIAN_POINT('',(59.2,5.,0.4));
#1876 = DIRECTION('',(0.,0.,-1.));
#1877 = DIRECTION('',(1.,0.,0.));
#1878 = ORIENTED_EDGE('',*,*,#1854,.T.);
#1879 = CYLINDRICAL_SURFACE('',#1880,0.4);
#1880 = AXIS2_PLACEMENT_3D('',#1881,#1882,#1883);
#1881 = CARTESIAN_POINT('',(59.2,5.,0.4));
#1882 = DIRECTION('',(0.,0.,-1.));
#1883 = DIRECTION('',(1.,0.,0.));
#1884 = ADVANCED_FACE('',(#1885),#1910,.T.);
#1885 = FACE_BOUND('',#1886,.T.);
#1886 = EDGE_LOOP('',(#1887,#1888,#1896,#1904));
#1887 = ORIENTED_EDGE('',*,*,#511,.T.);
#1888 = ORIENTED_EDGE('',*,*,#1889,.T.);
#1889 = EDGE_CURVE('',#514,#1890,#1892,.T.);
#1890 = VERTEX_POINT('',#1891);
#1891 = CARTESIAN_POINT('',(82.,13.406366588219,6.2));
#1892 = LINE('',#1893,#1894);
#1893 = CARTESIAN_POINT('',(82.,13.406366588219,-1.E-01));
#1894 = VECTOR('',#1895,1.);
#1895 = DIRECTION('',(0.,0.,1.));
#1896 = ORIENTED_EDGE('',*,*,#1897,.T.);
#1897 = EDGE_CURVE('',#1890,#1898,#1900,.T.);
#1898 = VERTEX_POINT('',#1899);
#1899 = CARTESIAN_POINT('',(79.05,11.703183294109,6.2));
#1900 = LINE('',#1901,#1902);
#1901 = CARTESIAN_POINT('',(82.,13.406366588219,6.2));
#1902 = VECTOR('',#1903,1.);
#1903 = DIRECTION('',(-0.866025403784,-0.5,0.));
#1904 = ORIENTED_EDGE('',*,*,#1905,.F.);
#1905 = EDGE_CURVE('',#512,#1898,#1906,.T.);
#1906 = LINE('',#1907,#1908);
#1907 = CARTESIAN_POINT('',(79.05,11.703183294109,-1.E-01));
#1908 = VECTOR('',#1909,1.);
#1909 = DIRECTION('',(0.,0.,1.));
#1910 = PLANE('',#1911);
#1911 = AXIS2_PLACEMENT_3D('',#1912,#1913,#1914);
#1912 = CARTESIAN_POINT('',(82.,13.406366588219,-1.E-01));
#1913 = DIRECTION('',(0.5,-0.866025403784,0.));
#1914 = DIRECTION('',(-0.866025403784,-0.5,0.));
#1915 = ADVANCED_FACE('',(#1916),#1934,.T.);
#1916 = FACE_BOUND('',#1917,.T.);
#1917 = EDGE_LOOP('',(#1918,#1919,#1920,#1928));
#1918 = ORIENTED_EDGE('',*,*,#553,.T.);
#1919 = ORIENTED_EDGE('',*,*,#1905,.T.);
#1920 = ORIENTED_EDGE('',*,*,#1921,.T.);
#1921 = EDGE_CURVE('',#1898,#1922,#1924,.T.);
#1922 = VERTEX_POINT('',#1923);
#1923 = CARTESIAN_POINT('',(79.05,8.296816705891,6.2));
#1924 = LINE('',#1925,#1926);
#1925 = CARTESIAN_POINT('',(79.05,11.703183294109,6.2));
#1926 = VECTOR('',#1927,1.);
#1927 = DIRECTION('',(0.,-1.,0.));
#1928 = ORIENTED_EDGE('',*,*,#1929,.F.);
#1929 = EDGE_CURVE('',#546,#1922,#1930,.T.);
#1930 = LINE('',#1931,#1932);
#1931 = CARTESIAN_POINT('',(79.05,8.296816705891,-1.E-01));
#1932 = VECTOR('',#1933,1.);
#1933 = DIRECTION('',(0.,0.,1.));
#1934 = PLANE('',#1935);
#1935 = AXIS2_PLACEMENT_3D('',#1936,#1937,#1938);
#1936 = CARTESIAN_POINT('',(79.05,11.703183294109,-1.E-01));
#1937 = DIRECTION('',(1.,0.,0.));
#1938 = DIRECTION('',(0.,-1.,0.));
#1939 = ADVANCED_FACE('',(#1940),#1958,.T.);
#1940 = FACE_BOUND('',#1941,.T.);
#1941 = EDGE_LOOP('',(#1942,#1943,#1951,#1957));
#1942 = ORIENTED_EDGE('',*,*,#521,.T.);
#1943 = ORIENTED_EDGE('',*,*,#1944,.T.);
#1944 = EDGE_CURVE('',#522,#1945,#1947,.T.);
#1945 = VERTEX_POINT('',#1946);
#1946 = CARTESIAN_POINT('',(84.95,11.703183294109,6.2));
#1947 = LINE('',#1948,#1949);
#1948 = CARTESIAN_POINT('',(84.95,11.703183294109,-1.E-01));
#1949 = VECTOR('',#1950,1.);
#1950 = DIRECTION('',(0.,0.,1.));
#1951 = ORIENTED_EDGE('',*,*,#1952,.T.);
#1952 = EDGE_CURVE('',#1945,#1890,#1953,.T.);
#1953 = LINE('',#1954,#1955);
#1954 = CARTESIAN_POINT('',(84.95,11.703183294109,6.2));
#1955 = VECTOR('',#1956,1.);
#1956 = DIRECTION('',(-0.866025403784,0.5,0.));
#1957 = ORIENTED_EDGE('',*,*,#1889,.F.);
#1958 = PLANE('',#1959);
#1959 = AXIS2_PLACEMENT_3D('',#1960,#1961,#1962);
#1960 = CARTESIAN_POINT('',(84.95,11.703183294109,-1.E-01));
#1961 = DIRECTION('',(-0.5,-0.866025403784,0.));
#1962 = DIRECTION('',(-0.866025403784,0.5,0.));
#1963 = ADVANCED_FACE('',(#1964),#1982,.T.);
#1964 = FACE_BOUND('',#1965,.T.);
#1965 = EDGE_LOOP('',(#1966,#1967,#1968,#1976));
#1966 = ORIENTED_EDGE('',*,*,#545,.T.);
#1967 = ORIENTED_EDGE('',*,*,#1929,.T.);
#1968 = ORIENTED_EDGE('',*,*,#1969,.T.);
#1969 = EDGE_CURVE('',#1922,#1970,#1972,.T.);
#1970 = VERTEX_POINT('',#1971);
#1971 = CARTESIAN_POINT('',(82.,6.593633411781,6.2));
#1972 = LINE('',#1973,#1974);
#1973 = CARTESIAN_POINT('',(79.05,8.296816705891,6.2));
#1974 = VECTOR('',#1975,1.);
#1975 = DIRECTION('',(0.866025403784,-0.5,0.));
#1976 = ORIENTED_EDGE('',*,*,#1977,.F.);
#1977 = EDGE_CURVE('',#538,#1970,#1978,.T.);
#1978 = LINE('',#1979,#1980);
#1979 = CARTESIAN_POINT('',(82.,6.593633411781,-1.E-01));
#1980 = VECTOR('',#1981,1.);
#1981 = DIRECTION('',(0.,0.,1.));
#1982 = PLANE('',#1983);
#1983 = AXIS2_PLACEMENT_3D('',#1984,#1985,#1986);
#1984 = CARTESIAN_POINT('',(79.05,8.296816705891,-1.E-01));
#1985 = DIRECTION('',(0.5,0.866025403784,0.));
#1986 = DIRECTION('',(0.866025403784,-0.5,0.));
#1987 = ADVANCED_FACE('',(#1988),#2006,.T.);
#1988 = FACE_BOUND('',#1989,.T.);
#1989 = EDGE_LOOP('',(#1990,#1991,#1999,#2005));
#1990 = ORIENTED_EDGE('',*,*,#529,.T.);
#1991 = ORIENTED_EDGE('',*,*,#1992,.T.);
#1992 = EDGE_CURVE('',#530,#1993,#1995,.T.);
#1993 = VERTEX_POINT('',#1994);
#1994 = CARTESIAN_POINT('',(84.95,8.296816705891,6.2));
#1995 = LINE('',#1996,#1997);
#1996 = CARTESIAN_POINT('',(84.95,8.296816705891,-1.E-01));
#1997 = VECTOR('',#1998,1.);
#1998 = DIRECTION('',(0.,0.,1.));
#1999 = ORIENTED_EDGE('',*,*,#2000,.T.);
#2000 = EDGE_CURVE('',#1993,#1945,#2001,.T.);
#2001 = LINE('',#2002,#2003);
#2002 = CARTESIAN_POINT('',(84.95,8.296816705891,6.2));
#2003 = VECTOR('',#2004,1.);
#2004 = DIRECTION('',(0.,1.,0.));
#2005 = ORIENTED_EDGE('',*,*,#1944,.F.);
#2006 = PLANE('',#2007);
#2007 = AXIS2_PLACEMENT_3D('',#2008,#2009,#2010);
#2008 = CARTESIAN_POINT('',(84.95,8.296816705891,-1.E-01));
#2009 = DIRECTION('',(-1.,0.,0.));
#2010 = DIRECTION('',(0.,1.,0.));
#2011 = ADVANCED_FACE('',(#2012),#2023,.T.);
#2012 = FACE_BOUND('',#2013,.T.);
#2013 = EDGE_LOOP('',(#2014,#2015,#2016,#2022));
#2014 = ORIENTED_EDGE('',*,*,#537,.T.);
#2015 = ORIENTED_EDGE('',*,*,#1977,.T.);
#2016 = ORIENTED_EDGE('',*,*,#2017,.T.);
#2017 = EDGE_CURVE('',#1970,#1993,#2018,.T.);
#2018 = LINE('',#2019,#2020);
#2019 = CARTESIAN_POINT('',(82.,6.593633411781,6.2));
#2020 = VECTOR('',#2021,1.);
#2021 = DIRECTION('',(0.866025403784,0.5,0.));
#2022 = ORIENTED_EDGE('',*,*,#1992,.F.);
#2023 = PLANE('',#2024);
#2024 = AXIS2_PLACEMENT_3D('',#2025,#2026,#2027);
#2025 = CARTESIAN_POINT('',(82.,6.593633411781,-1.E-01));
#2026 = DIRECTION('',(-0.5,0.866025403784,0.));
#2027 = DIRECTION('',(0.866025403784,0.5,0.));
#2028 = ADVANCED_FACE('',(#2029),#2054,.T.);
#2029 = FACE_BOUND('',#2030,.T.);
#2030 = EDGE_LOOP('',(#2031,#2032,#2040,#2048));
#2031 = ORIENTED_EDGE('',*,*,#561,.T.);
#2032 = ORIENTED_EDGE('',*,*,#2033,.T.);
#2033 = EDGE_CURVE('',#564,#2034,#2036,.T.);
#2034 = VERTEX_POINT('',#2035);
#2035 = CARTESIAN_POINT('',(154.,13.406366588219,6.2));
#2036 = LINE('',#2037,#2038);
#2037 = CARTESIAN_POINT('',(154.,13.406366588219,-1.E-01));
#2038 = VECTOR('',#2039,1.);
#2039 = DIRECTION('',(0.,0.,1.));
#2040 = ORIENTED_EDGE('',*,*,#2041,.T.);
#2041 = EDGE_CURVE('',#2034,#2042,#2044,.T.);
#2042 = VERTEX_POINT('',#2043);
#2043 = CARTESIAN_POINT('',(151.05,11.703183294109,6.2));
#2044 = LINE('',#2045,#2046);
#2045 = CARTESIAN_POINT('',(154.,13.406366588219,6.2));
#2046 = VECTOR('',#2047,1.);
#2047 = DIRECTION('',(-0.866025403784,-0.5,0.));
#2048 = ORIENTED_EDGE('',*,*,#2049,.F.);
#2049 = EDGE_CURVE('',#562,#2042,#2050,.T.);
#2050 = LINE('',#2051,#2052);
#2051 = CARTESIAN_POINT('',(151.05,11.703183294109,-1.E-01));
#2052 = VECTOR('',#2053,1.);
#2053 = DIRECTION('',(0.,0.,1.));
#2054 = PLANE('',#2055);
#2055 = AXIS2_PLACEMENT_3D('',#2056,#2057,#2058);
#2056 = CARTESIAN_POINT('',(154.,13.406366588219,-1.E-01));
#2057 = DIRECTION('',(0.5,-0.866025403784,0.));
#2058 = DIRECTION('',(-0.866025403784,-0.5,0.));
#2059 = ADVANCED_FACE('',(#2060),#2078,.T.);
#2060 = FACE_BOUND('',#2061,.T.);
#2061 = EDGE_LOOP('',(#2062,#2063,#2064,#2072));
#2062 = ORIENTED_EDGE('',*,*,#603,.T.);
#2063 = ORIENTED_EDGE('',*,*,#2049,.T.);
#2064 = ORIENTED_EDGE('',*,*,#2065,.T.);
#2065 = EDGE_CURVE('',#2042,#2066,#2068,.T.);
#2066 = VERTEX_POINT('',#2067);
#2067 = CARTESIAN_POINT('',(151.05,8.296816705891,6.2));
#2068 = LINE('',#2069,#2070);
#2069 = CARTESIAN_POINT('',(151.05,11.703183294109,6.2));
#2070 = VECTOR('',#2071,1.);
#2071 = DIRECTION('',(0.,-1.,0.));
#2072 = ORIENTED_EDGE('',*,*,#2073,.F.);
#2073 = EDGE_CURVE('',#596,#2066,#2074,.T.);
#2074 = LINE('',#2075,#2076);
#2075 = CARTESIAN_POINT('',(151.05,8.296816705891,-1.E-01));
#2076 = VECTOR('',#2077,1.);
#2077 = DIRECTION('',(0.,0.,1.));
#2078 = PLANE('',#2079);
#2079 = AXIS2_PLACEMENT_3D('',#2080,#2081,#2082);
#2080 = CARTESIAN_POINT('',(151.05,11.703183294109,-1.E-01));
#2081 = DIRECTION('',(1.,0.,0.));
#2082 = DIRECTION('',(0.,-1.,0.));
#2083 = ADVANCED_FACE('',(#2084),#2102,.T.);
#2084 = FACE_BOUND('',#2085,.T.);
#2085 = EDGE_LOOP('',(#2086,#2087,#2095,#2101));
#2086 = ORIENTED_EDGE('',*,*,#571,.T.);
#2087 = ORIENTED_EDGE('',*,*,#2088,.T.);
#2088 = EDGE_CURVE('',#572,#2089,#2091,.T.);
#2089 = VERTEX_POINT('',#2090);
#2090 = CARTESIAN_POINT('',(156.95,11.703183294109,6.2));
#2091 = LINE('',#2092,#2093);
#2092 = CARTESIAN_POINT('',(156.95,11.703183294109,-1.E-01));
#2093 = VECTOR('',#2094,1.);
#2094 = DIRECTION('',(0.,0.,1.));
#2095 = ORIENTED_EDGE('',*,*,#2096,.T.);
#2096 = EDGE_CURVE('',#2089,#2034,#2097,.T.);
#2097 = LINE('',#2098,#2099);
#2098 = CARTESIAN_POINT('',(156.95,11.703183294109,6.2));
#2099 = VECTOR('',#2100,1.);
#2100 = DIRECTION('',(-0.866025403784,0.5,0.));
#2101 = ORIENTED_EDGE('',*,*,#2033,.F.);
#2102 = PLANE('',#2103);
#2103 = AXIS2_PLACEMENT_3D('',#2104,#2105,#2106);
#2104 = CARTESIAN_POINT('',(156.95,11.703183294109,-1.E-01));
#2105 = DIRECTION('',(-0.5,-0.866025403784,0.));
#2106 = DIRECTION('',(-0.866025403784,0.5,0.));
#2107 = ADVANCED_FACE('',(#2108),#2126,.T.);
#2108 = FACE_BOUND('',#2109,.T.);
#2109 = EDGE_LOOP('',(#2110,#2111,#2112,#2120));
#2110 = ORIENTED_EDGE('',*,*,#595,.T.);
#2111 = ORIENTED_EDGE('',*,*,#2073,.T.);
#2112 = ORIENTED_EDGE('',*,*,#2113,.T.);
#2113 = EDGE_CURVE('',#2066,#2114,#2116,.T.);
#2114 = VERTEX_POINT('',#2115);
#2115 = CARTESIAN_POINT('',(154.,6.593633411781,6.2));
#2116 = LINE('',#2117,#2118);
#2117 = CARTESIAN_POINT('',(151.05,8.296816705891,6.2));
#2118 = VECTOR('',#2119,1.);
#2119 = DIRECTION('',(0.866025403784,-0.5,0.));
#2120 = ORIENTED_EDGE('',*,*,#2121,.F.);
#2121 = EDGE_CURVE('',#588,#2114,#2122,.T.);
#2122 = LINE('',#2123,#2124);
#2123 = CARTESIAN_POINT('',(154.,6.593633411781,-1.E-01));
#2124 = VECTOR('',#2125,1.);
#2125 = DIRECTION('',(0.,0.,1.));
#2126 = PLANE('',#2127);
#2127 = AXIS2_PLACEMENT_3D('',#2128,#2129,#2130);
#2128 = CARTESIAN_POINT('',(151.05,8.296816705891,-1.E-01));
#2129 = DIRECTION('',(0.5,0.866025403784,0.));
#2130 = DIRECTION('',(0.866025403784,-0.5,0.));
#2131 = ADVANCED_FACE('',(#2132),#2150,.T.);
#2132 = FACE_BOUND('',#2133,.T.);
#2133 = EDGE_LOOP('',(#2134,#2135,#2143,#2149));
#2134 = ORIENTED_EDGE('',*,*,#579,.T.);
#2135 = ORIENTED_EDGE('',*,*,#2136,.T.);
#2136 = EDGE_CURVE('',#580,#2137,#2139,.T.);
#2137 = VERTEX_POINT('',#2138);
#2138 = CARTESIAN_POINT('',(156.95,8.296816705891,6.2));
#2139 = LINE('',#2140,#2141);
#2140 = CARTESIAN_POINT('',(156.95,8.296816705891,-1.E-01));
#2141 = VECTOR('',#2142,1.);
#2142 = DIRECTION('',(0.,0.,1.));
#2143 = ORIENTED_EDGE('',*,*,#2144,.T.);
#2144 = EDGE_CURVE('',#2137,#2089,#2145,.T.);
#2145 = LINE('',#2146,#2147);
#2146 = CARTESIAN_POINT('',(156.95,8.296816705891,6.2));
#2147 = VECTOR('',#2148,1.);
#2148 = DIRECTION('',(0.,1.,0.));
#2149 = ORIENTED_EDGE('',*,*,#2088,.F.);
#2150 = PLANE('',#2151);
#2151 = AXIS2_PLACEMENT_3D('',#2152,#2153,#2154);
#2152 = CARTESIAN_POINT('',(156.95,8.296816705891,-1.E-01));
#2153 = DIRECTION('',(-1.,0.,0.));
#2154 = DIRECTION('',(0.,1.,0.));
#2155 = ADVANCED_FACE('',(#2156),#2167,.T.);
#2156 = FACE_BOUND('',#2157,.T.);
#2157 = EDGE_LOOP('',(#2158,#2159,#2160,#2166));
#2158 = ORIENTED_EDGE('',*,*,#587,.T.);
#2159 = ORIENTED_EDGE('',*,*,#2121,.T.);
#2160 = ORIENTED_EDGE('',*,*,#2161,.T.);
#2161 = EDGE_CURVE('',#2114,#2137,#2162,.T.);
#2162 = LINE('',#2163,#2164);
#2163 = CARTESIAN_POINT('',(154.,6.593633411781,6.2));
#2164 = VECTOR('',#2165,1.);
#2165 = DIRECTION('',(0.866025403784,0.5,0.));
#2166 = ORIENTED_EDGE('',*,*,#2136,.F.);
#2167 = PLANE('',#2168);
#2168 = AXIS2_PLACEMENT_3D('',#2169,#2170,#2171);
#2169 = CARTESIAN_POINT('',(154.,6.593633411781,-1.E-01));
#2170 = DIRECTION('',(-0.5,0.866025403784,0.));
#2171 = DIRECTION('',(0.866025403784,0.5,0.));
#2172 = ADVANCED_FACE('',(#2173),#2198,.T.);
#2173 = FACE_BOUND('',#2174,.T.);
#2174 = EDGE_LOOP('',(#2175,#2176,#2184,#2192));
#2175 = ORIENTED_EDGE('',*,*,#611,.T.);
#2176 = ORIENTED_EDGE('',*,*,#2177,.T.);
#2177 = EDGE_CURVE('',#614,#2178,#2180,.T.);
#2178 = VERTEX_POINT('',#2179);
#2179 = CARTESIAN_POINT('',(10.,88.406366588219,6.2));
#2180 = LINE('',#2181,#2182);
#2181 = CARTESIAN_POINT('',(10.,88.406366588219,-1.E-01));
#2182 = VECTOR('',#2183,1.);
#2183 = DIRECTION('',(0.,0.,1.));
#2184 = ORIENTED_EDGE('',*,*,#2185,.T.);
#2185 = EDGE_CURVE('',#2178,#2186,#2188,.T.);
#2186 = VERTEX_POINT('',#2187);
#2187 = CARTESIAN_POINT('',(7.05,86.703183294109,6.2));
#2188 = LINE('',#2189,#2190);
#2189 = CARTESIAN_POINT('',(10.,88.406366588219,6.2));
#2190 = VECTOR('',#2191,1.);
#2191 = DIRECTION('',(-0.866025403784,-0.5,0.));
#2192 = ORIENTED_EDGE('',*,*,#2193,.F.);
#2193 = EDGE_CURVE('',#612,#2186,#2194,.T.);
#2194 = LINE('',#2195,#2196);
#2195 = CARTESIAN_POINT('',(7.05,86.703183294109,-1.E-01));
#2196 = VECTOR('',#2197,1.);
#2197 = DIRECTION('',(0.,0.,1.));
#2198 = PLANE('',#2199);
#2199 = AXIS2_PLACEMENT_3D('',#2200,#2201,#2202);
#2200 = CARTESIAN_POINT('',(10.,88.406366588219,-1.E-01));
#2201 = DIRECTION('',(0.5,-0.866025403784,0.));
#2202 = DIRECTION('',(-0.866025403784,-0.5,0.));
#2203 = ADVANCED_FACE('',(#2204),#2222,.T.);
#2204 = FACE_BOUND('',#2205,.T.);
#2205 = EDGE_LOOP('',(#2206,#2207,#2208,#2216));
#2206 = ORIENTED_EDGE('',*,*,#653,.T.);
#2207 = ORIENTED_EDGE('',*,*,#2193,.T.);
#2208 = ORIENTED_EDGE('',*,*,#2209,.T.);
#2209 = EDGE_CURVE('',#2186,#2210,#2212,.T.);
#2210 = VERTEX_POINT('',#2211);
#2211 = CARTESIAN_POINT('',(7.05,83.296816705891,6.2));
#2212 = LINE('',#2213,#2214);
#2213 = CARTESIAN_POINT('',(7.05,86.703183294109,6.2));
#2214 = VECTOR('',#2215,1.);
#2215 = DIRECTION('',(2.607407032384E-16,-1.,0.));
#2216 = ORIENTED_EDGE('',*,*,#2217,.F.);
#2217 = EDGE_CURVE('',#646,#2210,#2218,.T.);
#2218 = LINE('',#2219,#2220);
#2219 = CARTESIAN_POINT('',(7.05,83.296816705891,-1.E-01));
#2220 = VECTOR('',#2221,1.);
#2221 = DIRECTION('',(0.,0.,1.));
#2222 = PLANE('',#2223);
#2223 = AXIS2_PLACEMENT_3D('',#2224,#2225,#2226);
#2224 = CARTESIAN_POINT('',(7.05,86.703183294109,-1.E-01));
#2225 = DIRECTION('',(1.,2.607407032384E-16,0.));
#2226 = DIRECTION('',(2.607407032384E-16,-1.,0.));
#2227 = ADVANCED_FACE('',(#2228),#2246,.T.);
#2228 = FACE_BOUND('',#2229,.T.);
#2229 = EDGE_LOOP('',(#2230,#2231,#2239,#2245));
#2230 = ORIENTED_EDGE('',*,*,#621,.T.);
#2231 = ORIENTED_EDGE('',*,*,#2232,.T.);
#2232 = EDGE_CURVE('',#622,#2233,#2235,.T.);
#2233 = VERTEX_POINT('',#2234);
#2234 = CARTESIAN_POINT('',(12.95,86.703183294109,6.2));
#2235 = LINE('',#2236,#2237);
#2236 = CARTESIAN_POINT('',(12.95,86.703183294109,-1.E-01));
#2237 = VECTOR('',#2238,1.);
#2238 = DIRECTION('',(0.,0.,1.));
#2239 = ORIENTED_EDGE('',*,*,#2240,.T.);
#2240 = EDGE_CURVE('',#2233,#2178,#2241,.T.);
#2241 = LINE('',#2242,#2243);
#2242 = CARTESIAN_POINT('',(12.95,86.703183294109,6.2));
#2243 = VECTOR('',#2244,1.);
#2244 = DIRECTION('',(-0.866025403784,0.5,0.));
#2245 = ORIENTED_EDGE('',*,*,#2177,.F.);
#2246 = PLANE('',#2247);
#2247 = AXIS2_PLACEMENT_3D('',#2248,#2249,#2250);
#2248 = CARTESIAN_POINT('',(12.95,86.703183294109,-1.E-01));
#2249 = DIRECTION('',(-0.5,-0.866025403784,0.));
#2250 = DIRECTION('',(-0.866025403784,0.5,0.));
#2251 = ADVANCED_FACE('',(#2252),#2270,.T.);
#2252 = FACE_BOUND('',#2253,.T.);
#2253 = EDGE_LOOP('',(#2254,#2255,#2256,#2264));
#2254 = ORIENTED_EDGE('',*,*,#645,.T.);
#2255 = ORIENTED_EDGE('',*,*,#2217,.T.);
#2256 = ORIENTED_EDGE('',*,*,#2257,.T.);
#2257 = EDGE_CURVE('',#2210,#2258,#2260,.T.);
#2258 = VERTEX_POINT('',#2259);
#2259 = CARTESIAN_POINT('',(10.,81.593633411781,6.2));
#2260 = LINE('',#2261,#2262);
#2261 = CARTESIAN_POINT('',(7.05,83.296816705891,6.2));
#2262 = VECTOR('',#2263,1.);
#2263 = DIRECTION('',(0.866025403784,-0.5,0.));
#2264 = ORIENTED_EDGE('',*,*,#2265,.F.);
#2265 = EDGE_CURVE('',#638,#2258,#2266,.T.);
#2266 = LINE('',#2267,#2268);
#2267 = CARTESIAN_POINT('',(10.,81.593633411781,-1.E-01));
#2268 = VECTOR('',#2269,1.);
#2269 = DIRECTION('',(0.,0.,1.));
#2270 = PLANE('',#2271);
#2271 = AXIS2_PLACEMENT_3D('',#2272,#2273,#2274);
#2272 = CARTESIAN_POINT('',(7.05,83.296816705891,-1.E-01));
#2273 = DIRECTION('',(0.5,0.866025403784,0.));
#2274 = DIRECTION('',(0.866025403784,-0.5,0.));
#2275 = ADVANCED_FACE('',(#2276),#2294,.T.);
#2276 = FACE_BOUND('',#2277,.T.);
#2277 = EDGE_LOOP('',(#2278,#2279,#2287,#2293));
#2278 = ORIENTED_EDGE('',*,*,#629,.T.);
#2279 = ORIENTED_EDGE('',*,*,#2280,.T.);
#2280 = EDGE_CURVE('',#630,#2281,#2283,.T.);
#2281 = VERTEX_POINT('',#2282);
#2282 = CARTESIAN_POINT('',(12.95,83.296816705891,6.2));
#2283 = LINE('',#2284,#2285);
#2284 = CARTESIAN_POINT('',(12.95,83.296816705891,-1.E-01));
#2285 = VECTOR('',#2286,1.);
#2286 = DIRECTION('',(0.,0.,1.));
#2287 = ORIENTED_EDGE('',*,*,#2288,.T.);
#2288 = EDGE_CURVE('',#2281,#2233,#2289,.T.);
#2289 = LINE('',#2290,#2291);
#2290 = CARTESIAN_POINT('',(12.95,83.296816705891,6.2));
#2291 = VECTOR('',#2292,1.);
#2292 = DIRECTION('',(5.214814064769E-16,1.,0.));
#2293 = ORIENTED_EDGE('',*,*,#2232,.F.);
#2294 = PLANE('',#2295);
#2295 = AXIS2_PLACEMENT_3D('',#2296,#2297,#2298);
#2296 = CARTESIAN_POINT('',(12.95,83.296816705891,-1.E-01));
#2297 = DIRECTION('',(-1.,5.214814064769E-16,0.));
#2298 = DIRECTION('',(5.214814064769E-16,1.,0.));
#2299 = ADVANCED_FACE('',(#2300),#2311,.T.);
#2300 = FACE_BOUND('',#2301,.T.);
#2301 = EDGE_LOOP('',(#2302,#2303,#2304,#2310));
#2302 = ORIENTED_EDGE('',*,*,#637,.T.);
#2303 = ORIENTED_EDGE('',*,*,#2265,.T.);
#2304 = ORIENTED_EDGE('',*,*,#2305,.T.);
#2305 = EDGE_CURVE('',#2258,#2281,#2306,.T.);
#2306 = LINE('',#2307,#2308);
#2307 = CARTESIAN_POINT('',(10.,81.593633411781,6.2));
#2308 = VECTOR('',#2309,1.);
#2309 = DIRECTION('',(0.866025403784,0.5,0.));
#2310 = ORIENTED_EDGE('',*,*,#2280,.F.);
#2311 = PLANE('',#2312);
#2312 = AXIS2_PLACEMENT_3D('',#2313,#2314,#2315);
#2313 = CARTESIAN_POINT('',(10.,81.593633411781,-1.E-01));
#2314 = DIRECTION('',(-0.5,0.866025403784,0.));
#2315 = DIRECTION('',(0.866025403784,0.5,0.));
#2316 = ADVANCED_FACE('',(#2317),#2342,.T.);
#2317 = FACE_BOUND('',#2318,.T.);
#2318 = EDGE_LOOP('',(#2319,#2320,#2328,#2336));
#2319 = ORIENTED_EDGE('',*,*,#661,.T.);
#2320 = ORIENTED_EDGE('',*,*,#2321,.T.);
#2321 = EDGE_CURVE('',#664,#2322,#2324,.T.);
#2322 = VERTEX_POINT('',#2323);
#2323 = CARTESIAN_POINT('',(10.,163.40636658821,6.2));
#2324 = LINE('',#2325,#2326);
#2325 = CARTESIAN_POINT('',(10.,163.40636658821,-1.E-01));
#2326 = VECTOR('',#2327,1.);
#2327 = DIRECTION('',(0.,0.,1.));
#2328 = ORIENTED_EDGE('',*,*,#2329,.T.);
#2329 = EDGE_CURVE('',#2322,#2330,#2332,.T.);
#2330 = VERTEX_POINT('',#2331);
#2331 = CARTESIAN_POINT('',(7.05,161.7031832941,6.2));
#2332 = LINE('',#2333,#2334);
#2333 = CARTESIAN_POINT('',(10.,163.40636658821,6.2));
#2334 = VECTOR('',#2335,1.);
#2335 = DIRECTION('',(-0.866025403784,-0.5,0.));
#2336 = ORIENTED_EDGE('',*,*,#2337,.F.);
#2337 = EDGE_CURVE('',#662,#2330,#2338,.T.);
#2338 = LINE('',#2339,#2340);
#2339 = CARTESIAN_POINT('',(7.05,161.7031832941,-1.E-01));
#2340 = VECTOR('',#2341,1.);
#2341 = DIRECTION('',(0.,0.,1.));
#2342 = PLANE('',#2343);
#2343 = AXIS2_PLACEMENT_3D('',#2344,#2345,#2346);
#2344 = CARTESIAN_POINT('',(10.,163.40636658821,-1.E-01));
#2345 = DIRECTION('',(0.5,-0.866025403784,0.));
#2346 = DIRECTION('',(-0.866025403784,-0.5,0.));
#2347 = ADVANCED_FACE('',(#2348),#2366,.T.);
#2348 = FACE_BOUND('',#2349,.T.);
#2349 = EDGE_LOOP('',(#2350,#2351,#2352,#2360));
#2350 = ORIENTED_EDGE('',*,*,#703,.T.);
#2351 = ORIENTED_EDGE('',*,*,#2337,.T.);
#2352 = ORIENTED_EDGE('',*,*,#2353,.T.);
#2353 = EDGE_CURVE('',#2330,#2354,#2356,.T.);
#2354 = VERTEX_POINT('',#2355);
#2355 = CARTESIAN_POINT('',(7.05,158.29681670589,6.2));
#2356 = LINE('',#2357,#2358);
#2357 = CARTESIAN_POINT('',(7.05,161.7031832941,6.2));
#2358 = VECTOR('',#2359,1.);
#2359 = DIRECTION('',(2.607407032384E-16,-1.,0.));
#2360 = ORIENTED_EDGE('',*,*,#2361,.F.);
#2361 = EDGE_CURVE('',#696,#2354,#2362,.T.);
#2362 = LINE('',#2363,#2364);
#2363 = CARTESIAN_POINT('',(7.05,158.29681670589,-1.E-01));
#2364 = VECTOR('',#2365,1.);
#2365 = DIRECTION('',(0.,0.,1.));
#2366 = PLANE('',#2367);
#2367 = AXIS2_PLACEMENT_3D('',#2368,#2369,#2370);
#2368 = CARTESIAN_POINT('',(7.05,161.7031832941,-1.E-01));
#2369 = DIRECTION('',(1.,2.607407032384E-16,0.));
#2370 = DIRECTION('',(2.607407032384E-16,-1.,0.));
#2371 = ADVANCED_FACE('',(#2372),#2390,.T.);
#2372 = FACE_BOUND('',#2373,.T.);
#2373 = EDGE_LOOP('',(#2374,#2375,#2383,#2389));
#2374 = ORIENTED_EDGE('',*,*,#671,.T.);
#2375 = ORIENTED_EDGE('',*,*,#2376,.T.);
#2376 = EDGE_CURVE('',#672,#2377,#2379,.T.);
#2377 = VERTEX_POINT('',#2378);
#2378 = CARTESIAN_POINT('',(12.95,161.7031832941,6.2));
#2379 = LINE('',#2380,#2381);
#2380 = CARTESIAN_POINT('',(12.95,161.7031832941,-1.E-01));
#2381 = VECTOR('',#2382,1.);
#2382 = DIRECTION('',(0.,0.,1.));
#2383 = ORIENTED_EDGE('',*,*,#2384,.T.);
#2384 = EDGE_CURVE('',#2377,#2322,#2385,.T.);
#2385 = LINE('',#2386,#2387);
#2386 = CARTESIAN_POINT('',(12.95,161.7031832941,6.2));
#2387 = VECTOR('',#2388,1.);
#2388 = DIRECTION('',(-0.866025403784,0.5,0.));
#2389 = ORIENTED_EDGE('',*,*,#2321,.F.);
#2390 = PLANE('',#2391);
#2391 = AXIS2_PLACEMENT_3D('',#2392,#2393,#2394);
#2392 = CARTESIAN_POINT('',(12.95,161.7031832941,-1.E-01));
#2393 = DIRECTION('',(-0.5,-0.866025403784,0.));
#2394 = DIRECTION('',(-0.866025403784,0.5,0.));
#2395 = ADVANCED_FACE('',(#2396),#2414,.T.);
#2396 = FACE_BOUND('',#2397,.T.);
#2397 = EDGE_LOOP('',(#2398,#2399,#2400,#2408));
#2398 = ORIENTED_EDGE('',*,*,#695,.T.);
#2399 = ORIENTED_EDGE('',*,*,#2361,.T.);
#2400 = ORIENTED_EDGE('',*,*,#2401,.T.);
#2401 = EDGE_CURVE('',#2354,#2402,#2404,.T.);
#2402 = VERTEX_POINT('',#2403);
#2403 = CARTESIAN_POINT('',(10.,156.59363341178,6.2));
#2404 = LINE('',#2405,#2406);
#2405 = CARTESIAN_POINT('',(7.05,158.29681670589,6.2));
#2406 = VECTOR('',#2407,1.);
#2407 = DIRECTION('',(0.866025403784,-0.5,0.));
#2408 = ORIENTED_EDGE('',*,*,#2409,.F.);
#2409 = EDGE_CURVE('',#688,#2402,#2410,.T.);
#2410 = LINE('',#2411,#2412);
#2411 = CARTESIAN_POINT('',(10.,156.59363341178,-1.E-01));
#2412 = VECTOR('',#2413,1.);
#2413 = DIRECTION('',(0.,0.,1.));
#2414 = PLANE('',#2415);
#2415 = AXIS2_PLACEMENT_3D('',#2416,#2417,#2418);
#2416 = CARTESIAN_POINT('',(7.05,158.29681670589,-1.E-01));
#2417 = DIRECTION('',(0.5,0.866025403784,0.));
#2418 = DIRECTION('',(0.866025403784,-0.5,0.));
#2419 = ADVANCED_FACE('',(#2420),#2438,.T.);
#2420 = FACE_BOUND('',#2421,.T.);
#2421 = EDGE_LOOP('',(#2422,#2423,#2431,#2437));
#2422 = ORIENTED_EDGE('',*,*,#679,.T.);
#2423 = ORIENTED_EDGE('',*,*,#2424,.T.);
#2424 = EDGE_CURVE('',#680,#2425,#2427,.T.);
#2425 = VERTEX_POINT('',#2426);
#2426 = CARTESIAN_POINT('',(12.95,158.29681670589,6.2));
#2427 = LINE('',#2428,#2429);
#2428 = CARTESIAN_POINT('',(12.95,158.29681670589,-1.E-01));
#2429 = VECTOR('',#2430,1.);
#2430 = DIRECTION('',(0.,0.,1.));
#2431 = ORIENTED_EDGE('',*,*,#2432,.T.);
#2432 = EDGE_CURVE('',#2425,#2377,#2433,.T.);
#2433 = LINE('',#2434,#2435);
#2434 = CARTESIAN_POINT('',(12.95,158.29681670589,6.2));
#2435 = VECTOR('',#2436,1.);
#2436 = DIRECTION('',(5.214814064769E-16,1.,0.));
#2437 = ORIENTED_EDGE('',*,*,#2376,.F.);
#2438 = PLANE('',#2439);
#2439 = AXIS2_PLACEMENT_3D('',#2440,#2441,#2442);
#2440 = CARTESIAN_POINT('',(12.95,158.29681670589,-1.E-01));
#2441 = DIRECTION('',(-1.,5.214814064769E-16,0.));
#2442 = DIRECTION('',(5.214814064769E-16,1.,0.));
#2443 = ADVANCED_FACE('',(#2444),#2455,.T.);
#2444 = FACE_BOUND('',#2445,.T.);
#2445 = EDGE_LOOP('',(#2446,#2447,#2448,#2454));
#2446 = ORIENTED_EDGE('',*,*,#687,.T.);
#2447 = ORIENTED_EDGE('',*,*,#2409,.T.);
#2448 = ORIENTED_EDGE('',*,*,#2449,.T.);
#2449 = EDGE_CURVE('',#2402,#2425,#2450,.T.);
#2450 = LINE('',#2451,#2452);
#2451 = CARTESIAN_POINT('',(10.,156.59363341178,6.2));
#2452 = VECTOR('',#2453,1.);
#2453 = DIRECTION('',(0.866025403784,0.5,0.));
#2454 = ORIENTED_EDGE('',*,*,#2424,.F.);
#2455 = PLANE('',#2456);
#2456 = AXIS2_PLACEMENT_3D('',#2457,#2458,#2459);
#2457 = CARTESIAN_POINT('',(10.,156.59363341178,-1.E-01));
#2458 = DIRECTION('',(-0.5,0.866025403784,0.));
#2459 = DIRECTION('',(0.866025403784,0.5,0.));
#2460 = ADVANCED_FACE('',(#2461),#2486,.T.);
#2461 = FACE_BOUND('',#2462,.T.);
#2462 = EDGE_LOOP('',(#2463,#2464,#2472,#2480));
#2463 = ORIENTED_EDGE('',*,*,#745,.T.);
#2464 = ORIENTED_EDGE('',*,*,#2465,.T.);
#2465 = EDGE_CURVE('',#748,#2466,#2468,.T.);
#2466 = VERTEX_POINT('',#2467);
#2467 = CARTESIAN_POINT('',(154.,88.406366588219,6.2));
#2468 = LINE('',#2469,#2470);
#2469 = CARTESIAN_POINT('',(154.,88.406366588219,-1.E-01));
#2470 = VECTOR('',#2471,1.);
#2471 = DIRECTION('',(0.,0.,1.));
#2472 = ORIENTED_EDGE('',*,*,#2473,.T.);
#2473 = EDGE_CURVE('',#2466,#2474,#2476,.T.);
#2474 = VERTEX_POINT('',#2475);
#2475 = CARTESIAN_POINT('',(151.05,86.703183294109,6.2));
#2476 = LINE('',#2477,#2478);
#2477 = CARTESIAN_POINT('',(154.,88.406366588219,6.2));
#2478 = VECTOR('',#2479,1.);
#2479 = DIRECTION('',(-0.866025403784,-0.5,0.));
#2480 = ORIENTED_EDGE('',*,*,#2481,.F.);
#2481 = EDGE_CURVE('',#746,#2474,#2482,.T.);
#2482 = LINE('',#2483,#2484);
#2483 = CARTESIAN_POINT('',(151.05,86.703183294109,-1.E-01));
#2484 = VECTOR('',#2485,1.);
#2485 = DIRECTION('',(0.,0.,1.));
#2486 = PLANE('',#2487);
#2487 = AXIS2_PLACEMENT_3D('',#2488,#2489,#2490);
#2488 = CARTESIAN_POINT('',(154.,88.406366588219,-1.E-01));
#2489 = DIRECTION('',(0.5,-0.866025403784,0.));
#2490 = DIRECTION('',(-0.866025403784,-0.5,0.));
#2491 = ADVANCED_FACE('',(#2492),#2510,.T.);
#2492 = FACE_BOUND('',#2493,.T.);
#2493 = EDGE_LOOP('',(#2494,#2495,#2496,#2504));
#2494 = ORIENTED_EDGE('',*,*,#787,.T.);
#2495 = ORIENTED_EDGE('',*,*,#2481,.T.);
#2496 = ORIENTED_EDGE('',*,*,#2497,.T.);
#2497 = EDGE_CURVE('',#2474,#2498,#2500,.T.);
#2498 = VERTEX_POINT('',#2499);
#2499 = CARTESIAN_POINT('',(151.05,83.296816705891,6.2));
#2500 = LINE('',#2501,#2502);
#2501 = CARTESIAN_POINT('',(151.05,86.703183294109,6.2));
#2502 = VECTOR('',#2503,1.);
#2503 = DIRECTION('',(0.,-1.,0.));
#2504 = ORIENTED_EDGE('',*,*,#2505,.F.);
#2505 = EDGE_CURVE('',#780,#2498,#2506,.T.);
#2506 = LINE('',#2507,#2508);
#2507 = CARTESIAN_POINT('',(151.05,83.296816705891,-1.E-01));
#2508 = VECTOR('',#2509,1.);
#2509 = DIRECTION('',(0.,0.,1.));
#2510 = PLANE('',#2511);
#2511 = AXIS2_PLACEMENT_3D('',#2512,#2513,#2514);
#2512 = CARTESIAN_POINT('',(151.05,86.703183294109,-1.E-01));
#2513 = DIRECTION('',(1.,0.,0.));
#2514 = DIRECTION('',(0.,-1.,0.));
#2515 = ADVANCED_FACE('',(#2516),#2534,.T.);
#2516 = FACE_BOUND('',#2517,.T.);
#2517 = EDGE_LOOP('',(#2518,#2519,#2527,#2533));
#2518 = ORIENTED_EDGE('',*,*,#755,.T.);
#2519 = ORIENTED_EDGE('',*,*,#2520,.T.);
#2520 = EDGE_CURVE('',#756,#2521,#2523,.T.);
#2521 = VERTEX_POINT('',#2522);
#2522 = CARTESIAN_POINT('',(156.95,86.703183294109,6.2));
#2523 = LINE('',#2524,#2525);
#2524 = CARTESIAN_POINT('',(156.95,86.703183294109,-1.E-01));
#2525 = VECTOR('',#2526,1.);
#2526 = DIRECTION('',(0.,0.,1.));
#2527 = ORIENTED_EDGE('',*,*,#2528,.T.);
#2528 = EDGE_CURVE('',#2521,#2466,#2529,.T.);
#2529 = LINE('',#2530,#2531);
#2530 = CARTESIAN_POINT('',(156.95,86.703183294109,6.2));
#2531 = VECTOR('',#2532,1.);
#2532 = DIRECTION('',(-0.866025403784,0.5,0.));
#2533 = ORIENTED_EDGE('',*,*,#2465,.F.);
#2534 = PLANE('',#2535);
#2535 = AXIS2_PLACEMENT_3D('',#2536,#2537,#2538);
#2536 = CARTESIAN_POINT('',(156.95,86.703183294109,-1.E-01));
#2537 = DIRECTION('',(-0.5,-0.866025403784,0.));
#2538 = DIRECTION('',(-0.866025403784,0.5,0.));
#2539 = ADVANCED_FACE('',(#2540),#2558,.T.);
#2540 = FACE_BOUND('',#2541,.T.);
#2541 = EDGE_LOOP('',(#2542,#2543,#2544,#2552));
#2542 = ORIENTED_EDGE('',*,*,#779,.T.);
#2543 = ORIENTED_EDGE('',*,*,#2505,.T.);
#2544 = ORIENTED_EDGE('',*,*,#2545,.T.);
#2545 = EDGE_CURVE('',#2498,#2546,#2548,.T.);
#2546 = VERTEX_POINT('',#2547);
#2547 = CARTESIAN_POINT('',(154.,81.593633411781,6.2));
#2548 = LINE('',#2549,#2550);
#2549 = CARTESIAN_POINT('',(151.05,83.296816705891,6.2));
#2550 = VECTOR('',#2551,1.);
#2551 = DIRECTION('',(0.866025403784,-0.5,0.));
#2552 = ORIENTED_EDGE('',*,*,#2553,.F.);
#2553 = EDGE_CURVE('',#772,#2546,#2554,.T.);
#2554 = LINE('',#2555,#2556);
#2555 = CARTESIAN_POINT('',(154.,81.593633411781,-1.E-01));
#2556 = VECTOR('',#2557,1.);
#2557 = DIRECTION('',(0.,0.,1.));
#2558 = PLANE('',#2559);
#2559 = AXIS2_PLACEMENT_3D('',#2560,#2561,#2562);
#2560 = CARTESIAN_POINT('',(151.05,83.296816705891,-1.E-01));
#2561 = DIRECTION('',(0.5,0.866025403784,0.));
#2562 = DIRECTION('',(0.866025403784,-0.5,0.));
#2563 = ADVANCED_FACE('',(#2564),#2582,.T.);
#2564 = FACE_BOUND('',#2565,.T.);
#2565 = EDGE_LOOP('',(#2566,#2567,#2575,#2581));
#2566 = ORIENTED_EDGE('',*,*,#763,.T.);
#2567 = ORIENTED_EDGE('',*,*,#2568,.T.);
#2568 = EDGE_CURVE('',#764,#2569,#2571,.T.);
#2569 = VERTEX_POINT('',#2570);
#2570 = CARTESIAN_POINT('',(156.95,83.296816705891,6.2));
#2571 = LINE('',#2572,#2573);
#2572 = CARTESIAN_POINT('',(156.95,83.296816705891,-1.E-01));
#2573 = VECTOR('',#2574,1.);
#2574 = DIRECTION('',(0.,0.,1.));
#2575 = ORIENTED_EDGE('',*,*,#2576,.T.);
#2576 = EDGE_CURVE('',#2569,#2521,#2577,.T.);
#2577 = LINE('',#2578,#2579);
#2578 = CARTESIAN_POINT('',(156.95,83.296816705891,6.2));
#2579 = VECTOR('',#2580,1.);
#2580 = DIRECTION('',(0.,1.,0.));
#2581 = ORIENTED_EDGE('',*,*,#2520,.F.);
#2582 = PLANE('',#2583);
#2583 = AXIS2_PLACEMENT_3D('',#2584,#2585,#2586);
#2584 = CARTESIAN_POINT('',(156.95,83.296816705891,-1.E-01));
#2585 = DIRECTION('',(-1.,0.,0.));
#2586 = DIRECTION('',(0.,1.,0.));
#2587 = ADVANCED_FACE('',(#2588),#2599,.T.);
#2588 = FACE_BOUND('',#2589,.T.);
#2589 = EDGE_LOOP('',(#2590,#2591,#2592,#2598));
#2590 = ORIENTED_EDGE('',*,*,#771,.T.);
#2591 = ORIENTED_EDGE('',*,*,#2553,.T.);
#2592 = ORIENTED_EDGE('',*,*,#2593,.T.);
#2593 = EDGE_CURVE('',#2546,#2569,#2594,.T.);
#2594 = LINE('',#2595,#2596);
#2595 = CARTESIAN_POINT('',(154.,81.593633411781,6.2));
#2596 = VECTOR('',#2597,1.);
#2597 = DIRECTION('',(0.866025403784,0.5,0.));
#2598 = ORIENTED_EDGE('',*,*,#2568,.F.);
#2599 = PLANE('',#2600);
#2600 = AXIS2_PLACEMENT_3D('',#2601,#2602,#2603);
#2601 = CARTESIAN_POINT('',(154.,81.593633411781,-1.E-01));
#2602 = DIRECTION('',(-0.5,0.866025403784,0.));
#2603 = DIRECTION('',(0.866025403784,0.5,0.));
#2604 = ADVANCED_FACE('',(#2605),#2630,.T.);
#2605 = FACE_BOUND('',#2606,.T.);
#2606 = EDGE_LOOP('',(#2607,#2608,#2616,#2624));
#2607 = ORIENTED_EDGE('',*,*,#795,.T.);
#2608 = ORIENTED_EDGE('',*,*,#2609,.T.);
#2609 = EDGE_CURVE('',#798,#2610,#2612,.T.);
#2610 = VERTEX_POINT('',#2611);
#2611 = CARTESIAN_POINT('',(82.,163.40636658821,6.2));
#2612 = LINE('',#2613,#2614);
#2613 = CARTESIAN_POINT('',(82.,163.40636658821,-1.E-01));
#2614 = VECTOR('',#2615,1.);
#2615 = DIRECTION('',(0.,0.,1.));
#2616 = ORIENTED_EDGE('',*,*,#2617,.T.);
#2617 = EDGE_CURVE('',#2610,#2618,#2620,.T.);
#2618 = VERTEX_POINT('',#2619);
#2619 = CARTESIAN_POINT('',(79.05,161.7031832941,6.2));
#2620 = LINE('',#2621,#2622);
#2621 = CARTESIAN_POINT('',(82.,163.40636658821,6.2));
#2622 = VECTOR('',#2623,1.);
#2623 = DIRECTION('',(-0.866025403784,-0.5,0.));
#2624 = ORIENTED_EDGE('',*,*,#2625,.F.);
#2625 = EDGE_CURVE('',#796,#2618,#2626,.T.);
#2626 = LINE('',#2627,#2628);
#2627 = CARTESIAN_POINT('',(79.05,161.7031832941,-1.E-01));
#2628 = VECTOR('',#2629,1.);
#2629 = DIRECTION('',(0.,0.,1.));
#2630 = PLANE('',#2631);
#2631 = AXIS2_PLACEMENT_3D('',#2632,#2633,#2634);
#2632 = CARTESIAN_POINT('',(82.,163.40636658821,-1.E-01));
#2633 = DIRECTION('',(0.5,-0.866025403784,0.));
#2634 = DIRECTION('',(-0.866025403784,-0.5,0.));
#2635 = ADVANCED_FACE('',(#2636),#2654,.T.);
#2636 = FACE_BOUND('',#2637,.T.);
#2637 = EDGE_LOOP('',(#2638,#2639,#2640,#2648));
#2638 = ORIENTED_EDGE('',*,*,#837,.T.);
#2639 = ORIENTED_EDGE('',*,*,#2625,.T.);
#2640 = ORIENTED_EDGE('',*,*,#2641,.T.);
#2641 = EDGE_CURVE('',#2618,#2642,#2644,.T.);
#2642 = VERTEX_POINT('',#2643);
#2643 = CARTESIAN_POINT('',(79.05,158.29681670589,6.2));
#2644 = LINE('',#2645,#2646);
#2645 = CARTESIAN_POINT('',(79.05,161.7031832941,6.2));
#2646 = VECTOR('',#2647,1.);
#2647 = DIRECTION('',(0.,-1.,0.));
#2648 = ORIENTED_EDGE('',*,*,#2649,.F.);
#2649 = EDGE_CURVE('',#830,#2642,#2650,.T.);
#2650 = LINE('',#2651,#2652);
#2651 = CARTESIAN_POINT('',(79.05,158.29681670589,-1.E-01));
#2652 = VECTOR('',#2653,1.);
#2653 = DIRECTION('',(0.,0.,1.));
#2654 = PLANE('',#2655);
#2655 = AXIS2_PLACEMENT_3D('',#2656,#2657,#2658);
#2656 = CARTESIAN_POINT('',(79.05,161.7031832941,-1.E-01));
#2657 = DIRECTION('',(1.,0.,0.));
#2658 = DIRECTION('',(0.,-1.,0.));
#2659 = ADVANCED_FACE('',(#2660),#2678,.T.);
#2660 = FACE_BOUND('',#2661,.T.);
#2661 = EDGE_LOOP('',(#2662,#2663,#2671,#2677));
#2662 = ORIENTED_EDGE('',*,*,#805,.T.);
#2663 = ORIENTED_EDGE('',*,*,#2664,.T.);
#2664 = EDGE_CURVE('',#806,#2665,#2667,.T.);
#2665 = VERTEX_POINT('',#2666);
#2666 = CARTESIAN_POINT('',(84.95,161.7031832941,6.2));
#2667 = LINE('',#2668,#2669);
#2668 = CARTESIAN_POINT('',(84.95,161.7031832941,-1.E-01));
#2669 = VECTOR('',#2670,1.);
#2670 = DIRECTION('',(0.,0.,1.));
#2671 = ORIENTED_EDGE('',*,*,#2672,.T.);
#2672 = EDGE_CURVE('',#2665,#2610,#2673,.T.);
#2673 = LINE('',#2674,#2675);
#2674 = CARTESIAN_POINT('',(84.95,161.7031832941,6.2));
#2675 = VECTOR('',#2676,1.);
#2676 = DIRECTION('',(-0.866025403784,0.5,0.));
#2677 = ORIENTED_EDGE('',*,*,#2609,.F.);
#2678 = PLANE('',#2679);
#2679 = AXIS2_PLACEMENT_3D('',#2680,#2681,#2682);
#2680 = CARTESIAN_POINT('',(84.95,161.7031832941,-1.E-01));
#2681 = DIRECTION('',(-0.5,-0.866025403784,0.));
#2682 = DIRECTION('',(-0.866025403784,0.5,0.));
#2683 = ADVANCED_FACE('',(#2684),#2702,.T.);
#2684 = FACE_BOUND('',#2685,.T.);
#2685 = EDGE_LOOP('',(#2686,#2687,#2688,#2696));
#2686 = ORIENTED_EDGE('',*,*,#829,.T.);
#2687 = ORIENTED_EDGE('',*,*,#2649,.T.);
#2688 = ORIENTED_EDGE('',*,*,#2689,.T.);
#2689 = EDGE_CURVE('',#2642,#2690,#2692,.T.);
#2690 = VERTEX_POINT('',#2691);
#2691 = CARTESIAN_POINT('',(82.,156.59363341178,6.2));
#2692 = LINE('',#2693,#2694);
#2693 = CARTESIAN_POINT('',(79.05,158.29681670589,6.2));
#2694 = VECTOR('',#2695,1.);
#2695 = DIRECTION('',(0.866025403784,-0.5,0.));
#2696 = ORIENTED_EDGE('',*,*,#2697,.F.);
#2697 = EDGE_CURVE('',#822,#2690,#2698,.T.);
#2698 = LINE('',#2699,#2700);
#2699 = CARTESIAN_POINT('',(82.,156.59363341178,-1.E-01));
#2700 = VECTOR('',#2701,1.);
#2701 = DIRECTION('',(0.,0.,1.));
#2702 = PLANE('',#2703);
#2703 = AXIS2_PLACEMENT_3D('',#2704,#2705,#2706);
#2704 = CARTESIAN_POINT('',(79.05,158.29681670589,-1.E-01));
#2705 = DIRECTION('',(0.5,0.866025403784,0.));
#2706 = DIRECTION('',(0.866025403784,-0.5,0.));
#2707 = ADVANCED_FACE('',(#2708),#2726,.T.);
#2708 = FACE_BOUND('',#2709,.T.);
#2709 = EDGE_LOOP('',(#2710,#2711,#2719,#2725));
#2710 = ORIENTED_EDGE('',*,*,#813,.T.);
#2711 = ORIENTED_EDGE('',*,*,#2712,.T.);
#2712 = EDGE_CURVE('',#814,#2713,#2715,.T.);
#2713 = VERTEX_POINT('',#2714);
#2714 = CARTESIAN_POINT('',(84.95,158.29681670589,6.2));
#2715 = LINE('',#2716,#2717);
#2716 = CARTESIAN_POINT('',(84.95,158.29681670589,-1.E-01));
#2717 = VECTOR('',#2718,1.);
#2718 = DIRECTION('',(0.,0.,1.));
#2719 = ORIENTED_EDGE('',*,*,#2720,.T.);
#2720 = EDGE_CURVE('',#2713,#2665,#2721,.T.);
#2721 = LINE('',#2722,#2723);
#2722 = CARTESIAN_POINT('',(84.95,158.29681670589,6.2));
#2723 = VECTOR('',#2724,1.);
#2724 = DIRECTION('',(0.,1.,0.));
#2725 = ORIENTED_EDGE('',*,*,#2664,.F.);
#2726 = PLANE('',#2727);
#2727 = AXIS2_PLACEMENT_3D('',#2728,#2729,#2730);
#2728 = CARTESIAN_POINT('',(84.95,158.29681670589,-1.E-01));
#2729 = DIRECTION('',(-1.,0.,0.));
#2730 = DIRECTION('',(0.,1.,0.));
#2731 = ADVANCED_FACE('',(#2732),#2743,.T.);
#2732 = FACE_BOUND('',#2733,.T.);
#2733 = EDGE_LOOP('',(#2734,#2735,#2736,#2742));
#2734 = ORIENTED_EDGE('',*,*,#821,.T.);
#2735 = ORIENTED_EDGE('',*,*,#2697,.T.);
#2736 = ORIENTED_EDGE('',*,*,#2737,.T.);
#2737 = EDGE_CURVE('',#2690,#2713,#2738,.T.);
#2738 = LINE('',#2739,#2740);
#2739 = CARTESIAN_POINT('',(82.,156.59363341178,6.2));
#2740 = VECTOR('',#2741,1.);
#2741 = DIRECTION('',(0.866025403784,0.5,0.));
#2742 = ORIENTED_EDGE('',*,*,#2712,.F.);
#2743 = PLANE('',#2744);
#2744 = AXIS2_PLACEMENT_3D('',#2745,#2746,#2747);
#2745 = CARTESIAN_POINT('',(82.,156.59363341178,-1.E-01));
#2746 = DIRECTION('',(-0.5,0.866025403784,0.));
#2747 = DIRECTION('',(0.866025403784,0.5,0.));
#2748 = ADVANCED_FACE('',(#2749),#2774,.T.);
#2749 = FACE_BOUND('',#2750,.T.);
#2750 = EDGE_LOOP('',(#2751,#2752,#2760,#2768));
#2751 = ORIENTED_EDGE('',*,*,#845,.T.);
#2752 = ORIENTED_EDGE('',*,*,#2753,.T.);
#2753 = EDGE_CURVE('',#848,#2754,#2756,.T.);
#2754 = VERTEX_POINT('',#2755);
#2755 = CARTESIAN_POINT('',(154.,163.40636658821,6.2));
#2756 = LINE('',#2757,#2758);
#2757 = CARTESIAN_POINT('',(154.,163.40636658821,-1.E-01));
#2758 = VECTOR('',#2759,1.);
#2759 = DIRECTION('',(0.,0.,1.));
#2760 = ORIENTED_EDGE('',*,*,#2761,.T.);
#2761 = EDGE_CURVE('',#2754,#2762,#2764,.T.);
#2762 = VERTEX_POINT('',#2763);
#2763 = CARTESIAN_POINT('',(151.05,161.7031832941,6.2));
#2764 = LINE('',#2765,#2766);
#2765 = CARTESIAN_POINT('',(154.,163.40636658821,6.2));
#2766 = VECTOR('',#2767,1.);
#2767 = DIRECTION('',(-0.866025403784,-0.5,0.));
#2768 = ORIENTED_EDGE('',*,*,#2769,.F.);
#2769 = EDGE_CURVE('',#846,#2762,#2770,.T.);
#2770 = LINE('',#2771,#2772);
#2771 = CARTESIAN_POINT('',(151.05,161.7031832941,-1.E-01));
#2772 = VECTOR('',#2773,1.);
#2773 = DIRECTION('',(0.,0.,1.));
#2774 = PLANE('',#2775);
#2775 = AXIS2_PLACEMENT_3D('',#2776,#2777,#2778);
#2776 = CARTESIAN_POINT('',(154.,163.40636658821,-1.E-01));
#2777 = DIRECTION('',(0.5,-0.866025403784,0.));
#2778 = DIRECTION('',(-0.866025403784,-0.5,0.));
#2779 = ADVANCED_FACE('',(#2780),#2798,.T.);
#2780 = FACE_BOUND('',#2781,.T.);
#2781 = EDGE_LOOP('',(#2782,#2783,#2784,#2792));
#2782 = ORIENTED_EDGE('',*,*,#887,.T.);
#2783 = ORIENTED_EDGE('',*,*,#2769,.T.);
#2784 = ORIENTED_EDGE('',*,*,#2785,.T.);
#2785 = EDGE_CURVE('',#2762,#2786,#2788,.T.);
#2786 = VERTEX_POINT('',#2787);
#2787 = CARTESIAN_POINT('',(151.05,158.29681670589,6.2));
#2788 = LINE('',#2789,#2790);
#2789 = CARTESIAN_POINT('',(151.05,161.7031832941,6.2));
#2790 = VECTOR('',#2791,1.);
#2791 = DIRECTION('',(0.,-1.,0.));
#2792 = ORIENTED_EDGE('',*,*,#2793,.F.);
#2793 = EDGE_CURVE('',#880,#2786,#2794,.T.);
#2794 = LINE('',#2795,#2796);
#2795 = CARTESIAN_POINT('',(151.05,158.29681670589,-1.E-01));
#2796 = VECTOR('',#2797,1.);
#2797 = DIRECTION('',(0.,0.,1.));
#2798 = PLANE('',#2799);
#2799 = AXIS2_PLACEMENT_3D('',#2800,#2801,#2802);
#2800 = CARTESIAN_POINT('',(151.05,161.7031832941,-1.E-01));
#2801 = DIRECTION('',(1.,0.,0.));
#2802 = DIRECTION('',(0.,-1.,0.));
#2803 = ADVANCED_FACE('',(#2804),#2822,.T.);
#2804 = FACE_BOUND('',#2805,.T.);
#2805 = EDGE_LOOP('',(#2806,#2807,#2815,#2821));
#2806 = ORIENTED_EDGE('',*,*,#855,.T.);
#2807 = ORIENTED_EDGE('',*,*,#2808,.T.);
#2808 = EDGE_CURVE('',#856,#2809,#2811,.T.);
#2809 = VERTEX_POINT('',#2810);
#2810 = CARTESIAN_POINT('',(156.95,161.7031832941,6.2));
#2811 = LINE('',#2812,#2813);
#2812 = CARTESIAN_POINT('',(156.95,161.7031832941,-1.E-01));
#2813 = VECTOR('',#2814,1.);
#2814 = DIRECTION('',(0.,0.,1.));
#2815 = ORIENTED_EDGE('',*,*,#2816,.T.);
#2816 = EDGE_CURVE('',#2809,#2754,#2817,.T.);
#2817 = LINE('',#2818,#2819);
#2818 = CARTESIAN_POINT('',(156.95,161.7031832941,6.2));
#2819 = VECTOR('',#2820,1.);
#2820 = DIRECTION('',(-0.866025403784,0.5,0.));
#2821 = ORIENTED_EDGE('',*,*,#2753,.F.);
#2822 = PLANE('',#2823);
#2823 = AXIS2_PLACEMENT_3D('',#2824,#2825,#2826);
#2824 = CARTESIAN_POINT('',(156.95,161.7031832941,-1.E-01));
#2825 = DIRECTION('',(-0.5,-0.866025403784,0.));
#2826 = DIRECTION('',(-0.866025403784,0.5,0.));
#2827 = ADVANCED_FACE('',(#2828),#2846,.T.);
#2828 = FACE_BOUND('',#2829,.T.);
#2829 = EDGE_LOOP('',(#2830,#2831,#2832,#2840));
#2830 = ORIENTED_EDGE('',*,*,#879,.T.);
#2831 = ORIENTED_EDGE('',*,*,#2793,.T.);
#2832 = ORIENTED_EDGE('',*,*,#2833,.T.);
#2833 = EDGE_CURVE('',#2786,#2834,#2836,.T.);
#2834 = VERTEX_POINT('',#2835);
#2835 = CARTESIAN_POINT('',(154.,156.59363341178,6.2));
#2836 = LINE('',#2837,#2838);
#2837 = CARTESIAN_POINT('',(151.05,158.29681670589,6.2));
#2838 = VECTOR('',#2839,1.);
#2839 = DIRECTION('',(0.866025403784,-0.5,0.));
#2840 = ORIENTED_EDGE('',*,*,#2841,.F.);
#2841 = EDGE_CURVE('',#872,#2834,#2842,.T.);
#2842 = LINE('',#2843,#2844);
#2843 = CARTESIAN_POINT('',(154.,156.59363341178,-1.E-01));
#2844 = VECTOR('',#2845,1.);
#2845 = DIRECTION('',(0.,0.,1.));
#2846 = PLANE('',#2847);
#2847 = AXIS2_PLACEMENT_3D('',#2848,#2849,#2850);
#2848 = CARTESIAN_POINT('',(151.05,158.29681670589,-1.E-01));
#2849 = DIRECTION('',(0.5,0.866025403784,0.));
#2850 = DIRECTION('',(0.866025403784,-0.5,0.));
#2851 = ADVANCED_FACE('',(#2852),#2870,.T.);
#2852 = FACE_BOUND('',#2853,.T.);
#2853 = EDGE_LOOP('',(#2854,#2855,#2863,#2869));
#2854 = ORIENTED_EDGE('',*,*,#863,.T.);
#2855 = ORIENTED_EDGE('',*,*,#2856,.T.);
#2856 = EDGE_CURVE('',#864,#2857,#2859,.T.);
#2857 = VERTEX_POINT('',#2858);
#2858 = CARTESIAN_POINT('',(156.95,158.29681670589,6.2));
#2859 = LINE('',#2860,#2861);
#2860 = CARTESIAN_POINT('',(156.95,158.29681670589,-1.E-01));
#2861 = VECTOR('',#2862,1.);
#2862 = DIRECTION('',(0.,0.,1.));
#2863 = ORIENTED_EDGE('',*,*,#2864,.T.);
#2864 = EDGE_CURVE('',#2857,#2809,#2865,.T.);
#2865 = LINE('',#2866,#2867);
#2866 = CARTESIAN_POINT('',(156.95,158.29681670589,6.2));
#2867 = VECTOR('',#2868,1.);
#2868 = DIRECTION('',(0.,1.,0.));
#2869 = ORIENTED_EDGE('',*,*,#2808,.F.);
#2870 = PLANE('',#2871);
#2871 = AXIS2_PLACEMENT_3D('',#2872,#2873,#2874);
#2872 = CARTESIAN_POINT('',(156.95,158.29681670589,-1.E-01));
#2873 = DIRECTION('',(-1.,0.,0.));
#2874 = DIRECTION('',(0.,1.,0.));
#2875 = ADVANCED_FACE('',(#2876),#2887,.T.);
#2876 = FACE_BOUND('',#2877,.T.);
#2877 = EDGE_LOOP('',(#2878,#2879,#2880,#2886));
#2878 = ORIENTED_EDGE('',*,*,#871,.T.);
#2879 = ORIENTED_EDGE('',*,*,#2841,.T.);
#2880 = ORIENTED_EDGE('',*,*,#2881,.T.);
#2881 = EDGE_CURVE('',#2834,#2857,#2882,.T.);
#2882 = LINE('',#2883,#2884);
#2883 = CARTESIAN_POINT('',(154.,156.59363341178,6.2));
#2884 = VECTOR('',#2885,1.);
#2885 = DIRECTION('',(0.866025403784,0.5,0.));
#2886 = ORIENTED_EDGE('',*,*,#2856,.F.);
#2887 = PLANE('',#2888);
#2888 = AXIS2_PLACEMENT_3D('',#2889,#2890,#2891);
#2889 = CARTESIAN_POINT('',(154.,156.59363341178,-1.E-01));
#2890 = DIRECTION('',(-0.5,0.866025403784,0.));
#2891 = DIRECTION('',(0.866025403784,0.5,0.));
#2892 = ADVANCED_FACE('',(#2893,#2901),#2904,.F.);
#2893 = FACE_BOUND('',#2894,.F.);
#2894 = EDGE_LOOP('',(#2895,#2896,#2897,#2898,#2899,#2900));
#2895 = ORIENTED_EDGE('',*,*,#1245,.T.);
#2896 = ORIENTED_EDGE('',*,*,#1190,.T.);
#2897 = ORIENTED_EDGE('',*,*,#1214,.T.);
#2898 = ORIENTED_EDGE('',*,*,#1262,.T.);
#2899 = ORIENTED_EDGE('',*,*,#1310,.T.);
#2900 = ORIENTED_EDGE('',*,*,#1293,.T.);
#2901 = FACE_BOUND('',#2902,.F.);
#2902 = EDGE_LOOP('',(#2903));
#2903 = ORIENTED_EDGE('',*,*,#923,.F.);
#2904 = PLANE('',#2905);
#2905 = AXIS2_PLACEMENT_3D('',#2906,#2907,#2908);
#2906 = CARTESIAN_POINT('',(10.,10.,6.2));
#2907 = DIRECTION('',(0.,0.,1.));
#2908 = DIRECTION('',(1.,0.,0.));
#2909 = ADVANCED_FACE('',(#2910,#2918),#2921,.F.);
#2910 = FACE_BOUND('',#2911,.F.);
#2911 = EDGE_LOOP('',(#2912,#2913,#2914,#2915,#2916,#2917));
#2912 = ORIENTED_EDGE('',*,*,#1952,.T.);
#2913 = ORIENTED_EDGE('',*,*,#1897,.T.);
#2914 = ORIENTED_EDGE('',*,*,#1921,.T.);
#2915 = ORIENTED_EDGE('',*,*,#1969,.T.);
#2916 = ORIENTED_EDGE('',*,*,#2017,.T.);
#2917 = ORIENTED_EDGE('',*,*,#2000,.T.);
#2918 = FACE_BOUND('',#2919,.F.);
#2919 = EDGE_LOOP('',(#2920));
#2920 = ORIENTED_EDGE('',*,*,#948,.F.);
#2921 = PLANE('',#2922);
#2922 = AXIS2_PLACEMENT_3D('',#2923,#2924,#2925);
#2923 = CARTESIAN_POINT('',(82.,10.,6.2));
#2924 = DIRECTION('',(0.,0.,1.));
#2925 = DIRECTION('',(1.,0.,0.));
#2926 = ADVANCED_FACE('',(#2927,#2935),#2938,.F.);
#2927 = FACE_BOUND('',#2928,.F.);
#2928 = EDGE_LOOP('',(#2929,#2930,#2931,#2932,#2933,#2934));
#2929 = ORIENTED_EDGE('',*,*,#2240,.T.);
#2930 = ORIENTED_EDGE('',*,*,#2185,.T.);
#2931 = ORIENTED_EDGE('',*,*,#2209,.T.);
#2932 = ORIENTED_EDGE('',*,*,#2257,.T.);
#2933 = ORIENTED_EDGE('',*,*,#2305,.T.);
#2934 = ORIENTED_EDGE('',*,*,#2288,.T.);
#2935 = FACE_BOUND('',#2936,.F.);
#2936 = EDGE_LOOP('',(#2937));
#2937 = ORIENTED_EDGE('',*,*,#973,.F.);
#2938 = PLANE('',#2939);
#2939 = AXIS2_PLACEMENT_3D('',#2940,#2941,#2942);
#2940 = CARTESIAN_POINT('',(10.,85.,6.2));
#2941 = DIRECTION('',(0.,0.,1.));
#2942 = DIRECTION('',(1.,0.,0.));
#2943 = ADVANCED_FACE('',(#2944,#2952),#2955,.F.);
#2944 = FACE_BOUND('',#2945,.F.);
#2945 = EDGE_LOOP('',(#2946,#2947,#2948,#2949,#2950,#2951));
#2946 = ORIENTED_EDGE('',*,*,#2096,.T.);
#2947 = ORIENTED_EDGE('',*,*,#2041,.T.);
#2948 = ORIENTED_EDGE('',*,*,#2065,.T.);
#2949 = ORIENTED_EDGE('',*,*,#2113,.T.);
#2950 = ORIENTED_EDGE('',*,*,#2161,.T.);
#2951 = ORIENTED_EDGE('',*,*,#2144,.T.);
#2952 = FACE_BOUND('',#2953,.F.);
#2953 = EDGE_LOOP('',(#2954));
#2954 = ORIENTED_EDGE('',*,*,#1066,.F.);
#2955 = PLANE('',#2956);
#2956 = AXIS2_PLACEMENT_3D('',#2957,#2958,#2959);
#2957 = CARTESIAN_POINT('',(154.,10.,6.2));
#2958 = DIRECTION('',(0.,0.,1.));
#2959 = DIRECTION('',(1.,0.,0.));
#2960 = ADVANCED_FACE('',(#2961,#2969),#2972,.F.);
#2961 = FACE_BOUND('',#2962,.F.);
#2962 = EDGE_LOOP('',(#2963,#2964,#2965,#2966,#2967,#2968));
#2963 = ORIENTED_EDGE('',*,*,#2528,.T.);
#2964 = ORIENTED_EDGE('',*,*,#2473,.T.);
#2965 = ORIENTED_EDGE('',*,*,#2497,.T.);
#2966 = ORIENTED_EDGE('',*,*,#2545,.T.);
#2967 = ORIENTED_EDGE('',*,*,#2593,.T.);
#2968 = ORIENTED_EDGE('',*,*,#2576,.T.);
#2969 = FACE_BOUND('',#2970,.F.);
#2970 = EDGE_LOOP('',(#2971));
#2971 = ORIENTED_EDGE('',*,*,#1091,.F.);
#2972 = PLANE('',#2973);
#2973 = AXIS2_PLACEMENT_3D('',#2974,#2975,#2976);
#2974 = CARTESIAN_POINT('',(154.,85.,6.2));
#2975 = DIRECTION('',(0.,0.,1.));
#2976 = DIRECTION('',(1.,0.,0.));
#2977 = ADVANCED_FACE('',(#2978,#2986),#2989,.F.);
#2978 = FACE_BOUND('',#2979,.F.);
#2979 = EDGE_LOOP('',(#2980,#2981,#2982,#2983,#2984,#2985));
#2980 = ORIENTED_EDGE('',*,*,#2384,.T.);
#2981 = ORIENTED_EDGE('',*,*,#2329,.T.);
#2982 = ORIENTED_EDGE('',*,*,#2353,.T.);
#2983 = ORIENTED_EDGE('',*,*,#2401,.T.);
#2984 = ORIENTED_EDGE('',*,*,#2449,.T.);
#2985 = ORIENTED_EDGE('',*,*,#2432,.T.);
#2986 = FACE_BOUND('',#2987,.F.);
#2987 = EDGE_LOOP('',(#2988));
#2988 = ORIENTED_EDGE('',*,*,#1116,.F.);
#2989 = PLANE('',#2990);
#2990 = AXIS2_PLACEMENT_3D('',#2991,#2992,#2993);
#2991 = CARTESIAN_POINT('',(10.,160.,6.2));
#2992 = DIRECTION('',(0.,0.,1.));
#2993 = DIRECTION('',(1.,0.,0.));
#2994 = ADVANCED_FACE('',(#2995,#3003),#3006,.F.);
#2995 = FACE_BOUND('',#2996,.F.);
#2996 = EDGE_LOOP('',(#2997,#2998,#2999,#3000,#3001,#3002));
#2997 = ORIENTED_EDGE('',*,*,#2672,.T.);
#2998 = ORIENTED_EDGE('',*,*,#2617,.T.);
#2999 = ORIENTED_EDGE('',*,*,#2641,.T.);
#3000 = ORIENTED_EDGE('',*,*,#2689,.T.);
#3001 = ORIENTED_EDGE('',*,*,#2737,.T.);
#3002 = ORIENTED_EDGE('',*,*,#2720,.T.);
#3003 = FACE_BOUND('',#3004,.F.);
#3004 = EDGE_LOOP('',(#3005));
#3005 = ORIENTED_EDGE('',*,*,#1141,.F.);
#3006 = PLANE('',#3007);
#3007 = AXIS2_PLACEMENT_3D('',#3008,#3009,#3010);
#3008 = CARTESIAN_POINT('',(82.,160.,6.2));
#3009 = DIRECTION('',(0.,0.,1.));
#3010 = DIRECTION('',(1.,0.,0.));
#3011 = ADVANCED_FACE('',(#3012,#3020),#3023,.F.);
#3012 = FACE_BOUND('',#3013,.F.);
#3013 = EDGE_LOOP('',(#3014,#3015,#3016,#3017,#3018,#3019));
#3014 = ORIENTED_EDGE('',*,*,#2816,.T.);
#3015 = ORIENTED_EDGE('',*,*,#2761,.T.);
#3016 = ORIENTED_EDGE('',*,*,#2785,.T.);
#3017 = ORIENTED_EDGE('',*,*,#2833,.T.);
#3018 = ORIENTED_EDGE('',*,*,#2881,.T.);
#3019 = ORIENTED_EDGE('',*,*,#2864,.T.);
#3020 = FACE_BOUND('',#3021,.F.);
#3021 = EDGE_LOOP('',(#3022));
#3022 = ORIENTED_EDGE('',*,*,#1166,.F.);
#3023 = PLANE('',#3024);
#3024 = AXIS2_PLACEMENT_3D('',#3025,#3026,#3027);
#3025 = CARTESIAN_POINT('',(154.,160.,6.2));
#3026 = DIRECTION('',(0.,0.,1.));
#3027 = DIRECTION('',(1.,0.,0.));
#3028 = ADVANCED_FACE('',(#3029),#3044,.F.);
#3029 = FACE_BOUND('',#3030,.F.);
#3030 = EDGE_LOOP('',(#3031,#3032,#3033,#3034,#3035,#3036,#3037,#3038,
    #3039,#3040,#3041,#3042,#3043));
#3031 = ORIENTED_EDGE('',*,*,#1593,.F.);
#3032 = ORIENTED_EDGE('',*,*,#1325,.T.);
#3033 = ORIENTED_EDGE('',*,*,#1365,.F.);
#3034 = ORIENTED_EDGE('',*,*,#1381,.T.);
#3035 = ORIENTED_EDGE('',*,*,#1423,.F.);
#3036 = ORIENTED_EDGE('',*,*,#1414,.F.);
#3037 = ORIENTED_EDGE('',*,*,#1439,.F.);
#3038 = ORIENTED_EDGE('',*,*,#1463,.F.);
#3039 = ORIENTED_EDGE('',*,*,#1487,.T.);
#3040 = ORIENTED_EDGE('',*,*,#1522,.F.);
#3041 = ORIENTED_EDGE('',*,*,#1511,.F.);
#3042 = ORIENTED_EDGE('',*,*,#1545,.F.);
#3043 = ORIENTED_EDGE('',*,*,#1569,.F.);
#3044 = PLANE('',#3045);
#3045 = AXIS2_PLACEMENT_3D('',#3046,#3047,#3048);
#3046 = CARTESIAN_POINT('',(55.800280115697,5.495108477464,0.4));
#3047 = DIRECTION('',(-0.,0.,1.));
#3048 = DIRECTION('',(-1.,0.,0.));
#3049 = ADVANCED_FACE('',(#3050),#3064,.F.);
#3050 = FACE_BOUND('',#3051,.F.);
#3051 = EDGE_LOOP('',(#3052,#3053,#3054,#3055,#3056,#3057,#3058,#3059,
    #3060,#3061,#3062,#3063));
#3052 = ORIENTED_EDGE('',*,*,#1872,.F.);
#3053 = ORIENTED_EDGE('',*,*,#1611,.T.);
#3054 = ORIENTED_EDGE('',*,*,#1651,.F.);
#3055 = ORIENTED_EDGE('',*,*,#1667,.T.);
#3056 = ORIENTED_EDGE('',*,*,#1691,.T.);
#3057 = ORIENTED_EDGE('',*,*,#1733,.F.);
#3058 = ORIENTED_EDGE('',*,*,#1724,.F.);
#3059 = ORIENTED_EDGE('',*,*,#1749,.F.);
#3060 = ORIENTED_EDGE('',*,*,#1782,.F.);
#3061 = ORIENTED_EDGE('',*,*,#1798,.T.);
#3062 = ORIENTED_EDGE('',*,*,#1822,.F.);
#3063 = ORIENTED_EDGE('',*,*,#1846,.F.);
#3064 = PLANE('',#3065);
#3065 = AXIS2_PLACEMENT_3D('',#3066,#3067,#3068);
#3066 = CARTESIAN_POINT('',(59.908150716429,6.489867435008,0.4));
#3067 = DIRECTION('',(-0.,0.,1.));
#3068 = DIRECTION('',(-1.,0.,0.));
#3069 = ( GEOMETRIC_REPRESENTATION_CONTEXT(3)
GLOBAL_UNCERTAINTY_ASSIGNED_CONTEXT((#3073))
GLOBAL_UNIT_ASSIGNED_CONTEXT((#3070,#3071,#3072)) REPRESENTATION_CONTEXT
('Context #1','3D Context with UNIT and UNCERTAINTY') );
#3070 = ( LENGTH_UNIT() NAMED_UNIT(*) SI_UNIT(.MILLI.,.METRE.) );
#3071 = ( NAMED_UNIT(*) PLANE_ANGLE_UNIT() SI_UNIT($,.RADIAN.) );
#3072 = ( NAMED_UNIT(*) SI_UNIT($,.STERADIAN.) SOLID_ANGLE_UNIT() );
#3073 = UNCERTAINTY_MEASURE_WITH_UNIT(LENGTH_MEASURE(1.E-07),#3070,
  'distance_accuracy_value','confusion accuracy');
#3074 = PRODUCT_RELATED_PRODUCT_CATEGORY('part',$,(#7));
ENDSEC;
END-ISO-10303-21;
