ISO-10303-21;
HEADER;
FILE_DESCRIPTION(('FreeCAD Model'),'2;1');
FILE_NAME('Open CASCADE Shape Model','2026-10-09T08:39:34',('FreeCAD'),(
    'FreeCAD'),'Open CASCADE STEP processor 7.8','FreeCAD','Unknown');
FILE_SCHEMA(('AUTOMOTIVE_DESIGN { 1 0 10303 214 1 1 1 1 }'));
ENDSEC;
DATA;
#1 = APPLICATION_PROTOCOL_DEFINITION('international standard',
  'automotive_design',2000,#2);
#2 = APPLICATION_CONTEXT(
  'core data for automotive mechanical design processes');
#3 = SHAPE_DEFINITION_REPRESENTATION(#4,#10);
#4 = PRODUCT_DEFINITION_SHAPE('','',#5);
#5 = PRODUCT_DEFINITION('design','',#6,#9);
#6 = PRODUCT_DEFINITION_FORMATION('','',#7);
#7 = PRODUCT('Open CASCADE STEP translator 7.8 5',
  'Open CASCADE STEP translator 7.8 5','',(#8));
#8 = PRODUCT_CONTEXT('',#2,'mechanical');
#9 = PRODUCT_DEFINITION_CONTEXT('part definition',#2,'design');
#10 = ADVANCED_BREP_SHAPE_REPRESENTATION('',(#11,#15),#3910);
#11 = AXIS2_PLACEMENT_3D('',#12,#13,#14);
#12 = CARTESIAN_POINT('',(0.,0.,0.));
#13 = DIRECTION('',(0.,0.,1.));
#14 = DIRECTION('',(1.,0.,-0.));
#15 = MANIFOLD_SOLID_BREP('',#16);
#16 = CLOSED_SHELL('',(#17,#105,#258,#337,#361,#393,#417,#449,#466,#1137
    ,#1188,#1239,#1264,#1289,#1314,#1336,#1353,#1370,#1382,#1407,#1432,
    #1457,#1482,#1507,#1524,#1548,#1572,#1589,#1606,#1618,#1649,#1673,
    #1697,#1721,#1745,#1762,#1793,#1817,#1841,#1865,#1889,#1906,#1937,
    #1961,#1985,#2009,#2033,#2050,#2081,#2105,#2129,#2153,#2177,#2194,
    #2225,#2249,#2273,#2297,#2321,#2338,#2369,#2393,#2417,#2441,#2465,
    #2482,#2523,#2547,#2571,#2595,#2629,#2653,#2677,#2701,#2735,#2759,
    #2784,#2808,#2833,#2850,#2881,#2906,#2930,#2954,#2988,#3012,#3037,
    #3061,#3085,#3109,#3127,#3158,#3182,#3206,#3230,#3254,#3271,#3302,
    #3326,#3350,#3374,#3398,#3415,#3446,#3470,#3494,#3511,#3543,#3567,
    #3592,#3609,#3626,#3643,#3660,#3677,#3694,#3711,#3728,#3745,#3770,
    #3790,#3821,#3845,#3869,#3886,#3898));
#17 = ADVANCED_FACE('',(#18),#100,.F.);
#18 = FACE_BOUND('',#19,.F.);
#19 = EDGE_LOOP('',(#20,#30,#38,#46,#54,#62,#70,#78,#86,#94));
#20 = ORIENTED_EDGE('',*,*,#21,.F.);
#21 = EDGE_CURVE('',#22,#24,#26,.T.);
#22 = VERTEX_POINT('',#23);
#23 = CARTESIAN_POINT('',(4.,187.75,2.84217094304E-14));
#24 = VERTEX_POINT('',#25);
#25 = CARTESIAN_POINT('',(4.,5.684341886081E-14,1.42108547152E-13));
#26 = LINE('',#27,#28);
#27 = CARTESIAN_POINT('',(4.,187.75,5.506706202141E-14));
#28 = VECTOR('',#29,1.);
#29 = DIRECTION('',(-2.22044604925E-16,-1.,4.440892098501E-16));
#30 = ORIENTED_EDGE('',*,*,#31,.F.);
#31 = EDGE_CURVE('',#32,#22,#34,.T.);
#32 = VERTEX_POINT('',#33);
#33 = CARTESIAN_POINT('',(4.,187.75,8.));
#34 = LINE('',#35,#36);
#35 = CARTESIAN_POINT('',(4.,187.75,8.));
#36 = VECTOR('',#37,1.);
#37 = DIRECTION('',(-3.330669073875E-16,-4.440892098501E-16,-1.));
#38 = ORIENTED_EDGE('',*,*,#39,.T.);
#39 = EDGE_CURVE('',#32,#40,#42,.T.);
#40 = VERTEX_POINT('',#41);
#41 = CARTESIAN_POINT('',(4.,5.684341886081E-14,8.));
#42 = LINE('',#43,#44);
#43 = CARTESIAN_POINT('',(4.,187.75,8.));
#44 = VECTOR('',#45,1.);
#45 = DIRECTION('',(-2.22044604925E-16,-1.,4.440892098501E-16));
#46 = ORIENTED_EDGE('',*,*,#47,.T.);
#47 = EDGE_CURVE('',#40,#48,#50,.T.);
#48 = VERTEX_POINT('',#49);
#49 = CARTESIAN_POINT('',(4.,5.684341886081E-14,6.));
#50 = LINE('',#51,#52);
#51 = CARTESIAN_POINT('',(4.,8.526512829121E-14,8.));
#52 = VECTOR('',#53,1.);
#53 = DIRECTION('',(-3.330669073875E-16,-4.440892098501E-16,-1.));
#54 = ORIENTED_EDGE('',*,*,#55,.T.);
#55 = EDGE_CURVE('',#48,#56,#58,.T.);
#56 = VERTEX_POINT('',#57);
#57 = CARTESIAN_POINT('',(4.,171.1,6.));
#58 = LINE('',#59,#60);
#59 = CARTESIAN_POINT('',(4.,179.625,6.));
#60 = VECTOR('',#61,1.);
#61 = DIRECTION('',(2.22044604925E-16,1.,-4.440892098501E-16));
#62 = ORIENTED_EDGE('',*,*,#63,.F.);
#63 = EDGE_CURVE('',#64,#56,#66,.T.);
#64 = VERTEX_POINT('',#65);
#65 = CARTESIAN_POINT('',(4.,171.35,5.75));
#66 = LINE('',#67,#68);
#67 = CARTESIAN_POINT('',(4.,174.8625,2.2375));
#68 = VECTOR('',#69,1.);
#69 = DIRECTION('',(7.850462293419E-17,-0.707106781187,0.707106781187));
#70 = ORIENTED_EDGE('',*,*,#71,.F.);
#71 = EDGE_CURVE('',#72,#64,#74,.T.);
#72 = VERTEX_POINT('',#73);
#73 = CARTESIAN_POINT('',(4.,171.35,2.25));
#74 = LINE('',#75,#76);
#75 = CARTESIAN_POINT('',(4.,171.35,7.));
#76 = VECTOR('',#77,1.);
#77 = DIRECTION('',(3.330669073875E-16,4.440892098501E-16,1.));
#78 = ORIENTED_EDGE('',*,*,#79,.T.);
#79 = EDGE_CURVE('',#72,#80,#82,.T.);
#80 = VERTEX_POINT('',#81);
#81 = CARTESIAN_POINT('',(4.,171.1,2.));
#82 = LINE('',#83,#84);
#83 = CARTESIAN_POINT('',(4.,176.8625,7.7625));
#84 = VECTOR('',#85,1.);
#85 = DIRECTION('',(-3.925231146709E-16,-0.707106781187,-0.707106781187)
  );
#86 = ORIENTED_EDGE('',*,*,#87,.F.);
#87 = EDGE_CURVE('',#88,#80,#90,.T.);
#88 = VERTEX_POINT('',#89);
#89 = CARTESIAN_POINT('',(4.,5.684341886081E-14,2.));
#90 = LINE('',#91,#92);
#91 = CARTESIAN_POINT('',(4.,179.625,2.));
#92 = VECTOR('',#93,1.);
#93 = DIRECTION('',(2.22044604925E-16,1.,-4.440892098501E-16));
#94 = ORIENTED_EDGE('',*,*,#95,.T.);
#95 = EDGE_CURVE('',#88,#24,#96,.T.);
#96 = LINE('',#97,#98);
#97 = CARTESIAN_POINT('',(4.,8.526512829121E-14,8.));
#98 = VECTOR('',#99,1.);
#99 = DIRECTION('',(-3.330669073875E-16,-4.440892098501E-16,-1.));
#100 = PLANE('',#101);
#101 = AXIS2_PLACEMENT_3D('',#102,#103,#104);
#102 = CARTESIAN_POINT('',(4.,187.75,8.));
#103 = DIRECTION('',(1.,-2.22044604925E-16,-3.330669073875E-16));
#104 = DIRECTION('',(-3.330669073875E-16,-4.440892098501E-16,-1.));
#105 = ADVANCED_FACE('',(#106,#131,#142,#153,#164,#198,#209,#220,#231,
    #242),#253,.T.);
#106 = FACE_BOUND('',#107,.T.);
#107 = EDGE_LOOP('',(#108,#109,#117,#125));
#108 = ORIENTED_EDGE('',*,*,#21,.F.);
#109 = ORIENTED_EDGE('',*,*,#110,.T.);
#110 = EDGE_CURVE('',#22,#111,#113,.T.);
#111 = VERTEX_POINT('',#112);
#112 = CARTESIAN_POINT('',(187.5,187.75,0.));
#113 = LINE('',#114,#115);
#114 = CARTESIAN_POINT('',(4.,187.75,5.506706202141E-14));
#115 = VECTOR('',#116,1.);
#116 = DIRECTION('',(1.,-2.22044604925E-16,-3.330669073875E-16));
#117 = ORIENTED_EDGE('',*,*,#118,.T.);
#118 = EDGE_CURVE('',#111,#119,#121,.T.);
#119 = VERTEX_POINT('',#120);
#120 = CARTESIAN_POINT('',(187.5,2.84217094304E-14,8.526512829121E-14));
#121 = LINE('',#122,#123);
#122 = CARTESIAN_POINT('',(187.5,187.75,-5.329070518201E-15));
#123 = VECTOR('',#124,1.);
#124 = DIRECTION('',(-2.22044604925E-16,-1.,4.440892098501E-16));
#125 = ORIENTED_EDGE('',*,*,#126,.F.);
#126 = EDGE_CURVE('',#24,#119,#127,.T.);
#127 = LINE('',#128,#129);
#128 = CARTESIAN_POINT('',(4.,8.526512829121E-14,1.385558334732E-13));
#129 = VECTOR('',#130,1.);
#130 = DIRECTION('',(1.,-2.22044604925E-16,-3.330669073875E-16));
#131 = FACE_BOUND('',#132,.T.);
#132 = EDGE_LOOP('',(#133));
#133 = ORIENTED_EDGE('',*,*,#134,.F.);
#134 = EDGE_CURVE('',#135,#135,#137,.T.);
#135 = VERTEX_POINT('',#136);
#136 = CARTESIAN_POINT('',(15.8,177.75,5.684341886081E-14));
#137 = CIRCLE('',#138,1.8);
#138 = AXIS2_PLACEMENT_3D('',#139,#140,#141);
#139 = CARTESIAN_POINT('',(14.,177.75,5.684341886081E-14));
#140 = DIRECTION('',(-3.330669073875E-16,-4.440892098501E-16,-1.));
#141 = DIRECTION('',(1.,-2.22044604925E-16,-3.330669073875E-16));
#142 = FACE_BOUND('',#143,.T.);
#143 = EDGE_LOOP('',(#144));
#144 = ORIENTED_EDGE('',*,*,#145,.F.);
#145 = EDGE_CURVE('',#146,#146,#148,.T.);
#146 = VERTEX_POINT('',#147);
#147 = CARTESIAN_POINT('',(97.55,177.75,0.));
#148 = CIRCLE('',#149,1.8);
#149 = AXIS2_PLACEMENT_3D('',#150,#151,#152);
#150 = CARTESIAN_POINT('',(95.75,177.75,2.84217094304E-14));
#151 = DIRECTION('',(-3.330669073875E-16,-4.440892098501E-16,-1.));
#152 = DIRECTION('',(1.,-2.22044604925E-16,-3.330669073875E-16));
#153 = FACE_BOUND('',#154,.T.);
#154 = EDGE_LOOP('',(#155));
#155 = ORIENTED_EDGE('',*,*,#156,.F.);
#156 = EDGE_CURVE('',#157,#157,#159,.T.);
#157 = VERTEX_POINT('',#158);
#158 = CARTESIAN_POINT('',(15.8,93.875,1.136868377216E-13));
#159 = CIRCLE('',#160,1.8);
#160 = AXIS2_PLACEMENT_3D('',#161,#162,#163);
#161 = CARTESIAN_POINT('',(14.,93.875,9.325873406851E-14));
#162 = DIRECTION('',(-3.330669073875E-16,-4.440892098501E-16,-1.));
#163 = DIRECTION('',(1.,-2.22044604925E-16,-3.330669073875E-16));
#164 = FACE_BOUND('',#165,.T.);
#165 = EDGE_LOOP('',(#166,#176,#184,#192));
#166 = ORIENTED_EDGE('',*,*,#167,.T.);
#167 = EDGE_CURVE('',#168,#170,#172,.T.);
#168 = VERTEX_POINT('',#169);
#169 = CARTESIAN_POINT('',(167.5,167.75,0.));
#170 = VERTEX_POINT('',#171);
#171 = CARTESIAN_POINT('',(24.,167.75,2.84217094304E-14));
#172 = LINE('',#173,#174);
#173 = CARTESIAN_POINT('',(14.,167.75,6.039613253961E-14));
#174 = VECTOR('',#175,1.);
#175 = DIRECTION('',(-1.,2.22044604925E-16,3.330669073875E-16));
#176 = ORIENTED_EDGE('',*,*,#177,.T.);
#177 = EDGE_CURVE('',#170,#178,#180,.T.);
#178 = VERTEX_POINT('',#179);
#179 = CARTESIAN_POINT('',(24.,20.,1.136868377216E-13));
#180 = LINE('',#181,#182);
#181 = CARTESIAN_POINT('',(24.,177.75,5.329070518201E-14));
#182 = VECTOR('',#183,1.);
#183 = DIRECTION('',(-2.22044604925E-16,-1.,4.440892098501E-16));
#184 = ORIENTED_EDGE('',*,*,#185,.F.);
#185 = EDGE_CURVE('',#186,#178,#188,.T.);
#186 = VERTEX_POINT('',#187);
#187 = CARTESIAN_POINT('',(167.5,20.,5.684341886081E-14));
#188 = LINE('',#189,#190);
#189 = CARTESIAN_POINT('',(14.,20.,1.261213355974E-13));
#190 = VECTOR('',#191,1.);
#191 = DIRECTION('',(-1.,2.22044604925E-16,3.330669073875E-16));
#192 = ORIENTED_EDGE('',*,*,#193,.F.);
#193 = EDGE_CURVE('',#168,#186,#194,.T.);
#194 = LINE('',#195,#196);
#195 = CARTESIAN_POINT('',(167.5,177.75,5.329070518201E-15));
#196 = VECTOR('',#197,1.);
#197 = DIRECTION('',(-2.22044604925E-16,-1.,4.440892098501E-16));
#198 = FACE_BOUND('',#199,.T.);
#199 = EDGE_LOOP('',(#200));
#200 = ORIENTED_EDGE('',*,*,#201,.F.);
#201 = EDGE_CURVE('',#202,#202,#204,.T.);
#202 = VERTEX_POINT('',#203);
#203 = CARTESIAN_POINT('',(179.3,177.75,0.));
#204 = CIRCLE('',#205,1.8);
#205 = AXIS2_PLACEMENT_3D('',#206,#207,#208);
#206 = CARTESIAN_POINT('',(177.5,177.75,1.7763568394E-15));
#207 = DIRECTION('',(-3.330669073875E-16,-4.440892098501E-16,-1.));
#208 = DIRECTION('',(1.,-2.22044604925E-16,-3.330669073875E-16));
#209 = FACE_BOUND('',#210,.T.);
#210 = EDGE_LOOP('',(#211));
#211 = ORIENTED_EDGE('',*,*,#212,.F.);
#212 = EDGE_CURVE('',#213,#213,#215,.T.);
#213 = VERTEX_POINT('',#214);
#214 = CARTESIAN_POINT('',(179.3,93.875,5.684341886081E-14));
#215 = CIRCLE('',#216,1.8);
#216 = AXIS2_PLACEMENT_3D('',#217,#218,#219);
#217 = CARTESIAN_POINT('',(177.5,93.875,3.907985046681E-14));
#218 = DIRECTION('',(-3.330669073875E-16,-4.440892098501E-16,-1.));
#219 = DIRECTION('',(1.,-2.22044604925E-16,-3.330669073875E-16));
#220 = FACE_BOUND('',#221,.T.);
#221 = EDGE_LOOP('',(#222));
#222 = ORIENTED_EDGE('',*,*,#223,.F.);
#223 = EDGE_CURVE('',#224,#224,#226,.T.);
#224 = VERTEX_POINT('',#225);
#225 = CARTESIAN_POINT('',(15.8,10.,1.136868377216E-13));
#226 = CIRCLE('',#227,1.8);
#227 = AXIS2_PLACEMENT_3D('',#228,#229,#230);
#228 = CARTESIAN_POINT('',(14.,10.,1.305622276959E-13));
#229 = DIRECTION('',(-3.330669073875E-16,-4.440892098501E-16,-1.));
#230 = DIRECTION('',(1.,-2.22044604925E-16,-3.330669073875E-16));
#231 = FACE_BOUND('',#232,.T.);
#232 = EDGE_LOOP('',(#233));
#233 = ORIENTED_EDGE('',*,*,#234,.F.);
#234 = EDGE_CURVE('',#235,#235,#237,.T.);
#235 = VERTEX_POINT('',#236);
#236 = CARTESIAN_POINT('',(97.55,10.,8.526512829121E-14));
#237 = CIRCLE('',#238,1.8);
#238 = AXIS2_PLACEMENT_3D('',#239,#240,#241);
#239 = CARTESIAN_POINT('',(95.75,10.,1.030286966852E-13));
#240 = DIRECTION('',(-3.330669073875E-16,-4.440892098501E-16,-1.));
#241 = DIRECTION('',(1.,-2.22044604925E-16,-3.330669073875E-16));
#242 = FACE_BOUND('',#243,.T.);
#243 = EDGE_LOOP('',(#244));
#244 = ORIENTED_EDGE('',*,*,#245,.F.);
#245 = EDGE_CURVE('',#246,#246,#248,.T.);
#246 = VERTEX_POINT('',#247);
#247 = CARTESIAN_POINT('',(179.3,10.,5.684341886081E-14));
#248 = CIRCLE('',#249,1.8);
#249 = AXIS2_PLACEMENT_3D('',#250,#251,#252);
#250 = CARTESIAN_POINT('',(177.5,10.,7.638334409421E-14));
#251 = DIRECTION('',(-3.330669073875E-16,-4.440892098501E-16,-1.));
#252 = DIRECTION('',(1.,-2.22044604925E-16,-3.330669073875E-16));
#253 = PLANE('',#254);
#254 = AXIS2_PLACEMENT_3D('',#255,#256,#257);
#255 = CARTESIAN_POINT('',(4.,187.75,5.506706202141E-14));
#256 = DIRECTION('',(-3.330669073875E-16,-4.440892098501E-16,-1.));
#257 = DIRECTION('',(1.,-2.22044604925E-16,-3.330669073875E-16));
#258 = ADVANCED_FACE('',(#259),#332,.T.);
#259 = FACE_BOUND('',#260,.T.);
#260 = EDGE_LOOP('',(#261,#271,#277,#278,#286,#294,#300,#301,#302,#310,
    #318,#326));
#261 = ORIENTED_EDGE('',*,*,#262,.F.);
#262 = EDGE_CURVE('',#263,#265,#267,.T.);
#263 = VERTEX_POINT('',#264);
#264 = CARTESIAN_POINT('',(187.5,2.84217094304E-14,8.));
#265 = VERTEX_POINT('',#266);
#266 = CARTESIAN_POINT('',(187.5,2.84217094304E-14,6.));
#267 = LINE('',#268,#269);
#268 = CARTESIAN_POINT('',(187.5,5.684341886081E-14,8.));
#269 = VECTOR('',#270,1.);
#270 = DIRECTION('',(-3.330669073875E-16,-4.440892098501E-16,-1.));
#271 = ORIENTED_EDGE('',*,*,#272,.F.);
#272 = EDGE_CURVE('',#40,#263,#273,.T.);
#273 = LINE('',#274,#275);
#274 = CARTESIAN_POINT('',(4.,8.526512829121E-14,8.));
#275 = VECTOR('',#276,1.);
#276 = DIRECTION('',(1.,-2.22044604925E-16,-3.330669073875E-16));
#277 = ORIENTED_EDGE('',*,*,#47,.T.);
#278 = ORIENTED_EDGE('',*,*,#279,.F.);
#279 = EDGE_CURVE('',#280,#48,#282,.T.);
#280 = VERTEX_POINT('',#281);
#281 = CARTESIAN_POINT('',(8.881784197001E-16,5.684341886081E-14,6.));
#282 = LINE('',#283,#284);
#283 = CARTESIAN_POINT('',(8.881784197001E-16,5.684341886081E-14,6.));
#284 = VECTOR('',#285,1.);
#285 = DIRECTION('',(1.,-2.22044604925E-16,-3.330669073875E-16));
#286 = ORIENTED_EDGE('',*,*,#287,.T.);
#287 = EDGE_CURVE('',#280,#288,#290,.T.);
#288 = VERTEX_POINT('',#289);
#289 = CARTESIAN_POINT('',(0.,5.684341886081E-14,2.));
#290 = LINE('',#291,#292);
#291 = CARTESIAN_POINT('',(8.881784197001E-16,5.684341886081E-14,6.));
#292 = VECTOR('',#293,1.);
#293 = DIRECTION('',(-3.330669073875E-16,-4.440892098501E-16,-1.));
#294 = ORIENTED_EDGE('',*,*,#295,.T.);
#295 = EDGE_CURVE('',#288,#88,#296,.T.);
#296 = LINE('',#297,#298);
#297 = CARTESIAN_POINT('',(0.,5.684341886081E-14,2.));
#298 = VECTOR('',#299,1.);
#299 = DIRECTION('',(1.,-2.22044604925E-16,-3.330669073875E-16));
#300 = ORIENTED_EDGE('',*,*,#95,.T.);
#301 = ORIENTED_EDGE('',*,*,#126,.T.);
#302 = ORIENTED_EDGE('',*,*,#303,.F.);
#303 = EDGE_CURVE('',#304,#119,#306,.T.);
#304 = VERTEX_POINT('',#305);
#305 = CARTESIAN_POINT('',(187.5,2.84217094304E-14,2.));
#306 = LINE('',#307,#308);
#307 = CARTESIAN_POINT('',(187.5,5.684341886081E-14,8.));
#308 = VECTOR('',#309,1.);
#309 = DIRECTION('',(-3.330669073875E-16,-4.440892098501E-16,-1.));
#310 = ORIENTED_EDGE('',*,*,#311,.T.);
#311 = EDGE_CURVE('',#304,#312,#314,.T.);
#312 = VERTEX_POINT('',#313);
#313 = CARTESIAN_POINT('',(191.5,2.84217094304E-14,2.));
#314 = LINE('',#315,#316);
#315 = CARTESIAN_POINT('',(187.25,0.,2.));
#316 = VECTOR('',#317,1.);
#317 = DIRECTION('',(1.,-2.22044604925E-16,-3.330669073875E-16));
#318 = ORIENTED_EDGE('',*,*,#319,.F.);
#319 = EDGE_CURVE('',#320,#312,#322,.T.);
#320 = VERTEX_POINT('',#321);
#321 = CARTESIAN_POINT('',(191.5,2.84217094304E-14,6.));
#322 = LINE('',#323,#324);
#323 = CARTESIAN_POINT('',(191.5,0.,6.));
#324 = VECTOR('',#325,1.);
#325 = DIRECTION('',(-3.330669073875E-16,-4.440892098501E-16,-1.));
#326 = ORIENTED_EDGE('',*,*,#327,.F.);
#327 = EDGE_CURVE('',#265,#320,#328,.T.);
#328 = LINE('',#329,#330);
#329 = CARTESIAN_POINT('',(187.25,0.,6.));
#330 = VECTOR('',#331,1.);
#331 = DIRECTION('',(1.,-2.22044604925E-16,-3.330669073875E-16));
#332 = PLANE('',#333);
#333 = AXIS2_PLACEMENT_3D('',#334,#335,#336);
#334 = CARTESIAN_POINT('',(95.75,2.84217094304E-14,4.));
#335 = DIRECTION('',(-2.22044604925E-16,-1.,4.440892098501E-16));
#336 = DIRECTION('',(-3.330669073875E-16,-4.440892098501E-16,-1.));
#337 = ADVANCED_FACE('',(#338),#356,.T.);
#338 = FACE_BOUND('',#339,.T.);
#339 = EDGE_LOOP('',(#340,#348,#354,#355));
#340 = ORIENTED_EDGE('',*,*,#341,.F.);
#341 = EDGE_CURVE('',#342,#288,#344,.T.);
#342 = VERTEX_POINT('',#343);
#343 = CARTESIAN_POINT('',(3.819167204711E-14,171.1,2.));
#344 = LINE('',#345,#346);
#345 = CARTESIAN_POINT('',(3.819167204711E-14,171.5,2.));
#346 = VECTOR('',#347,1.);
#347 = DIRECTION('',(-2.22044604925E-16,-1.,4.440892098501E-16));
#348 = ORIENTED_EDGE('',*,*,#349,.T.);
#349 = EDGE_CURVE('',#342,#80,#350,.T.);
#350 = LINE('',#351,#352);
#351 = CARTESIAN_POINT('',(3.819167204711E-14,171.1,2.));
#352 = VECTOR('',#353,1.);
#353 = DIRECTION('',(1.,-2.22044604925E-16,-3.330669073875E-16));
#354 = ORIENTED_EDGE('',*,*,#87,.F.);
#355 = ORIENTED_EDGE('',*,*,#295,.F.);
#356 = PLANE('',#357);
#357 = AXIS2_PLACEMENT_3D('',#358,#359,#360);
#358 = CARTESIAN_POINT('',(3.819167204711E-14,171.5,2.));
#359 = DIRECTION('',(-3.330669073875E-16,-4.440892098501E-16,-1.));
#360 = DIRECTION('',(-2.22044604925E-16,-1.,4.440892098501E-16));
#361 = ADVANCED_FACE('',(#362),#388,.F.);
#362 = FACE_BOUND('',#363,.F.);
#363 = EDGE_LOOP('',(#364,#372,#373,#374,#382));
#364 = ORIENTED_EDGE('',*,*,#365,.F.);
#365 = EDGE_CURVE('',#342,#366,#368,.T.);
#366 = VERTEX_POINT('',#367);
#367 = CARTESIAN_POINT('',(0.4,171.5,2.4));
#368 = LINE('',#369,#370);
#369 = CARTESIAN_POINT('',(0.8,171.9,2.8));
#370 = VECTOR('',#371,1.);
#371 = DIRECTION('',(0.57735026919,0.57735026919,0.57735026919));
#372 = ORIENTED_EDGE('',*,*,#349,.T.);
#373 = ORIENTED_EDGE('',*,*,#79,.F.);
#374 = ORIENTED_EDGE('',*,*,#375,.T.);
#375 = EDGE_CURVE('',#72,#376,#378,.T.);
#376 = VERTEX_POINT('',#377);
#377 = CARTESIAN_POINT('',(3.85,171.5,2.4));
#378 = LINE('',#379,#380);
#379 = CARTESIAN_POINT('',(2.741666666667,172.60833333333,3.508333333333
    ));
#380 = VECTOR('',#381,1.);
#381 = DIRECTION('',(-0.57735026919,0.57735026919,0.57735026919));
#382 = ORIENTED_EDGE('',*,*,#383,.F.);
#383 = EDGE_CURVE('',#366,#376,#384,.T.);
#384 = LINE('',#385,#386);
#385 = CARTESIAN_POINT('',(3.819167204711E-14,171.5,2.4));
#386 = VECTOR('',#387,1.);
#387 = DIRECTION('',(1.,-2.22044604925E-16,-3.330669073875E-16));
#388 = PLANE('',#389);
#389 = AXIS2_PLACEMENT_3D('',#390,#391,#392);
#390 = CARTESIAN_POINT('',(3.819167204711E-14,171.3,2.2));
#391 = DIRECTION('',(7.502962930091E-17,-0.707106781187,0.707106781187)
  );
#392 = DIRECTION('',(1.,-2.245017964877E-16,-3.306097158249E-16));
#393 = ADVANCED_FACE('',(#394),#412,.F.);
#394 = FACE_BOUND('',#395,.T.);
#395 = EDGE_LOOP('',(#396,#404,#405,#406));
#396 = ORIENTED_EDGE('',*,*,#397,.F.);
#397 = EDGE_CURVE('',#64,#398,#400,.T.);
#398 = VERTEX_POINT('',#399);
#399 = CARTESIAN_POINT('',(3.85,171.5,5.6));
#400 = LINE('',#401,#402);
#401 = CARTESIAN_POINT('',(3.408333333333,171.94166666666,5.158333333333
    ));
#402 = VECTOR('',#403,1.);
#403 = DIRECTION('',(-0.57735026919,0.57735026919,-0.57735026919));
#404 = ORIENTED_EDGE('',*,*,#71,.F.);
#405 = ORIENTED_EDGE('',*,*,#375,.T.);
#406 = ORIENTED_EDGE('',*,*,#407,.F.);
#407 = EDGE_CURVE('',#398,#376,#408,.T.);
#408 = LINE('',#409,#410);
#409 = CARTESIAN_POINT('',(3.85,171.5,6.));
#410 = VECTOR('',#411,1.);
#411 = DIRECTION('',(-3.330669073875E-16,-4.440892098501E-16,-1.));
#412 = PLANE('',#413);
#413 = AXIS2_PLACEMENT_3D('',#414,#415,#416);
#414 = CARTESIAN_POINT('',(4.05,171.3,6.));
#415 = DIRECTION('',(-0.707106781187,-0.707106781187,5.495323605393E-16)
  );
#416 = DIRECTION('',(3.330669073875E-16,4.440892098501E-16,1.));
#417 = ADVANCED_FACE('',(#418),#444,.T.);
#418 = FACE_BOUND('',#419,.T.);
#419 = EDGE_LOOP('',(#420,#430,#436,#437,#438));
#420 = ORIENTED_EDGE('',*,*,#421,.F.);
#421 = EDGE_CURVE('',#422,#424,#426,.T.);
#422 = VERTEX_POINT('',#423);
#423 = CARTESIAN_POINT('',(3.907985046681E-14,171.1,6.));
#424 = VERTEX_POINT('',#425);
#425 = CARTESIAN_POINT('',(0.4,171.5,5.6));
#426 = LINE('',#427,#428);
#427 = CARTESIAN_POINT('',(0.133333333333,171.23333333333,5.866666666667
    ));
#428 = VECTOR('',#429,1.);
#429 = DIRECTION('',(0.57735026919,0.57735026919,-0.57735026919));
#430 = ORIENTED_EDGE('',*,*,#431,.T.);
#431 = EDGE_CURVE('',#422,#56,#432,.T.);
#432 = LINE('',#433,#434);
#433 = CARTESIAN_POINT('',(3.907985046681E-14,171.1,6.));
#434 = VECTOR('',#435,1.);
#435 = DIRECTION('',(1.,-2.22044604925E-16,-3.330669073875E-16));
#436 = ORIENTED_EDGE('',*,*,#63,.F.);
#437 = ORIENTED_EDGE('',*,*,#397,.T.);
#438 = ORIENTED_EDGE('',*,*,#439,.F.);
#439 = EDGE_CURVE('',#424,#398,#440,.T.);
#440 = LINE('',#441,#442);
#441 = CARTESIAN_POINT('',(3.907985046681E-14,171.5,5.6));
#442 = VECTOR('',#443,1.);
#443 = DIRECTION('',(1.,-2.22044604925E-16,-3.330669073875E-16));
#444 = PLANE('',#445);
#445 = AXIS2_PLACEMENT_3D('',#446,#447,#448);
#446 = CARTESIAN_POINT('',(3.907985046681E-14,171.3,5.8));
#447 = DIRECTION('',(3.959981083042E-16,0.707106781187,0.707106781187));
#448 = DIRECTION('',(1.,-2.245017964877E-16,-3.355240989502E-16));
#449 = ADVANCED_FACE('',(#450),#461,.F.);
#450 = FACE_BOUND('',#451,.F.);
#451 = EDGE_LOOP('',(#452,#458,#459,#460));
#452 = ORIENTED_EDGE('',*,*,#453,.F.);
#453 = EDGE_CURVE('',#422,#280,#454,.T.);
#454 = LINE('',#455,#456);
#455 = CARTESIAN_POINT('',(3.907985046681E-14,171.5,6.));
#456 = VECTOR('',#457,1.);
#457 = DIRECTION('',(-2.22044604925E-16,-1.,4.440892098501E-16));
#458 = ORIENTED_EDGE('',*,*,#431,.T.);
#459 = ORIENTED_EDGE('',*,*,#55,.F.);
#460 = ORIENTED_EDGE('',*,*,#279,.F.);
#461 = PLANE('',#462);
#462 = AXIS2_PLACEMENT_3D('',#463,#464,#465);
#463 = CARTESIAN_POINT('',(3.907985046681E-14,171.5,6.));
#464 = DIRECTION('',(-3.330669073875E-16,-4.440892098501E-16,-1.));
#465 = DIRECTION('',(-2.22044604925E-16,-1.,4.440892098501E-16));
#466 = ADVANCED_FACE('',(#467,#485,#535,#585,#635,#685,#719,#769,#819,
    #938,#1032,#1082),#1132,.F.);
#467 = FACE_BOUND('',#468,.F.);
#468 = EDGE_LOOP('',(#469,#470,#478,#484));
#469 = ORIENTED_EDGE('',*,*,#39,.F.);
#470 = ORIENTED_EDGE('',*,*,#471,.T.);
#471 = EDGE_CURVE('',#32,#472,#474,.T.);
#472 = VERTEX_POINT('',#473);
#473 = CARTESIAN_POINT('',(187.5,187.75,8.));
#474 = LINE('',#475,#476);
#475 = CARTESIAN_POINT('',(4.,187.75,8.));
#476 = VECTOR('',#477,1.);
#477 = DIRECTION('',(1.,-2.22044604925E-16,-3.330669073875E-16));
#478 = ORIENTED_EDGE('',*,*,#479,.T.);
#479 = EDGE_CURVE('',#472,#263,#480,.T.);
#480 = LINE('',#481,#482);
#481 = CARTESIAN_POINT('',(187.5,187.75,8.));
#482 = VECTOR('',#483,1.);
#483 = DIRECTION('',(-2.22044604925E-16,-1.,4.440892098501E-16));
#484 = ORIENTED_EDGE('',*,*,#272,.F.);
#485 = FACE_BOUND('',#486,.F.);
#486 = EDGE_LOOP('',(#487,#497,#505,#513,#521,#529));
#487 = ORIENTED_EDGE('',*,*,#488,.T.);
#488 = EDGE_CURVE('',#489,#491,#493,.T.);
#489 = VERTEX_POINT('',#490);
#490 = CARTESIAN_POINT('',(11.05,176.04681670589,8.));
#491 = VERTEX_POINT('',#492);
#492 = CARTESIAN_POINT('',(14.,174.34363341178,8.));
#493 = LINE('',#494,#495);
#494 = CARTESIAN_POINT('',(7.347436490539,178.18449274477,8.));
#495 = VECTOR('',#496,1.);
#496 = DIRECTION('',(0.866025403784,-0.5,-6.63997980325E-17));
#497 = ORIENTED_EDGE('',*,*,#498,.T.);
#498 = EDGE_CURVE('',#491,#499,#501,.T.);
#499 = VERTEX_POINT('',#500);
#500 = CARTESIAN_POINT('',(16.95,176.04681670589,8.));
#501 = LINE('',#502,#503);
#502 = CARTESIAN_POINT('',(14.627563509461,174.7059573729,8.));
#503 = VECTOR('',#504,1.);
#504 = DIRECTION('',(0.866025403784,0.5,-5.104890078826E-16));
#505 = ORIENTED_EDGE('',*,*,#506,.T.);
#506 = EDGE_CURVE('',#499,#507,#509,.T.);
#507 = VERTEX_POINT('',#508);
#508 = CARTESIAN_POINT('',(16.95,179.4531832941,8.));
#509 = LINE('',#510,#511);
#510 = CARTESIAN_POINT('',(16.95,183.60159164705,8.));
#511 = VECTOR('',#512,1.);
#512 = DIRECTION('',(-2.994368015519E-16,1.,-4.440892098501E-16));
#513 = ORIENTED_EDGE('',*,*,#514,.T.);
#514 = EDGE_CURVE('',#507,#515,#517,.T.);
#515 = VERTEX_POINT('',#516);
#516 = CARTESIAN_POINT('',(14.,181.15636658821,8.));
#517 = LINE('',#518,#519);
#518 = CARTESIAN_POINT('',(8.822436490539,184.14563427415,8.));
#519 = VECTOR('',#520,1.);
#520 = DIRECTION('',(-0.866025403784,0.5,6.63997980325E-17));
#521 = ORIENTED_EDGE('',*,*,#522,.T.);
#522 = EDGE_CURVE('',#515,#523,#525,.T.);
#523 = VERTEX_POINT('',#524);
#524 = CARTESIAN_POINT('',(11.05,179.4531832941,8.));
#525 = LINE('',#526,#527);
#526 = CARTESIAN_POINT('',(10.202563509461,178.96391560817,8.));
#527 = VECTOR('',#528,1.);
#528 = DIRECTION('',(-0.866025403784,-0.5,5.104890078826E-16));
#529 = ORIENTED_EDGE('',*,*,#530,.T.);
#530 = EDGE_CURVE('',#523,#489,#531,.T.);
#531 = LINE('',#532,#533);
#532 = CARTESIAN_POINT('',(11.05,181.89840835294,8.));
#533 = VECTOR('',#534,1.);
#534 = DIRECTION('',(-4.827853081635E-16,-1.,4.440892098501E-16));
#535 = FACE_BOUND('',#536,.F.);
#536 = EDGE_LOOP('',(#537,#547,#555,#563,#571,#579));
#537 = ORIENTED_EDGE('',*,*,#538,.T.);
#538 = EDGE_CURVE('',#539,#541,#543,.T.);
#539 = VERTEX_POINT('',#540);
#540 = CARTESIAN_POINT('',(11.05,92.171816705891,8.));
#541 = VERTEX_POINT('',#542);
#542 = CARTESIAN_POINT('',(14.,90.468633411781,8.));
#543 = LINE('',#544,#545);
#544 = CARTESIAN_POINT('',(-10.81203369506,104.79386774477,8.));
#545 = VECTOR('',#546,1.);
#546 = DIRECTION('',(0.866025403784,-0.5,-6.63997980325E-17));
#547 = ORIENTED_EDGE('',*,*,#548,.T.);
#548 = EDGE_CURVE('',#541,#549,#551,.T.);
#549 = VERTEX_POINT('',#550);
#550 = CARTESIAN_POINT('',(16.95,92.171816705891,8.));
#551 = LINE('',#552,#553);
#552 = CARTESIAN_POINT('',(32.787033695066,101.3153323729,8.));
#553 = VECTOR('',#554,1.);
#554 = DIRECTION('',(0.866025403784,0.5,-5.104890078826E-16));
#555 = ORIENTED_EDGE('',*,*,#556,.T.);
#556 = EDGE_CURVE('',#549,#557,#559,.T.);
#557 = VERTEX_POINT('',#558);
#558 = CARTESIAN_POINT('',(16.95,95.578183294109,8.));
#559 = LINE('',#560,#561);
#560 = CARTESIAN_POINT('',(16.95,141.66409164705,8.));
#561 = VECTOR('',#562,1.);
#562 = DIRECTION('',(-2.994368015519E-16,1.,-4.440892098501E-16));
#563 = ORIENTED_EDGE('',*,*,#564,.T.);
#564 = EDGE_CURVE('',#557,#565,#567,.T.);
#565 = VERTEX_POINT('',#566);
#566 = CARTESIAN_POINT('',(14.,97.281366588219,8.));
#567 = LINE('',#568,#569);
#568 = CARTESIAN_POINT('',(-9.337033695066,110.75500927415,8.));
#569 = VECTOR('',#570,1.);
#570 = DIRECTION('',(-0.866025403784,0.5,6.63997980325E-17));
#571 = ORIENTED_EDGE('',*,*,#572,.T.);
#572 = EDGE_CURVE('',#565,#573,#575,.T.);
#573 = VERTEX_POINT('',#574);
#574 = CARTESIAN_POINT('',(11.05,95.578183294109,8.));
#575 = LINE('',#576,#577);
#576 = CARTESIAN_POINT('',(28.362033695066,105.57329060817,8.));
#577 = VECTOR('',#578,1.);
#578 = DIRECTION('',(-0.866025403784,-0.5,5.104890078826E-16));
#579 = ORIENTED_EDGE('',*,*,#580,.T.);
#580 = EDGE_CURVE('',#573,#539,#581,.T.);
#581 = LINE('',#582,#583);
#582 = CARTESIAN_POINT('',(11.05,139.96090835294,8.));
#583 = VECTOR('',#584,1.);
#584 = DIRECTION('',(-4.827853081635E-16,-1.,4.440892098501E-16));
#585 = FACE_BOUND('',#586,.F.);
#586 = EDGE_LOOP('',(#587,#597,#605,#613,#621,#629));
#587 = ORIENTED_EDGE('',*,*,#588,.T.);
#588 = EDGE_CURVE('',#589,#591,#593,.T.);
#589 = VERTEX_POINT('',#590);
#590 = CARTESIAN_POINT('',(92.8,176.04681670589,8.));
#591 = VERTEX_POINT('',#592);
#592 = CARTESIAN_POINT('',(95.75,174.34363341178,8.));
#593 = LINE('',#594,#595);
#594 = CARTESIAN_POINT('',(58.441186490539,195.88388693461,8.));
#595 = VECTOR('',#596,1.);
#596 = DIRECTION('',(0.866025403784,-0.5,-6.63997980325E-17));
#597 = ORIENTED_EDGE('',*,*,#598,.T.);
#598 = EDGE_CURVE('',#591,#599,#601,.T.);
#599 = VERTEX_POINT('',#600);
#600 = CARTESIAN_POINT('',(98.7,176.04681670589,8.));
#601 = LINE('',#602,#603);
#602 = CARTESIAN_POINT('',(65.721313509461,157.00656318305,8.));
#603 = VECTOR('',#604,1.);
#604 = DIRECTION('',(0.866025403784,0.5,-5.104890078826E-16));
#605 = ORIENTED_EDGE('',*,*,#606,.T.);
#606 = EDGE_CURVE('',#599,#607,#609,.T.);
#607 = VERTEX_POINT('',#608);
#608 = CARTESIAN_POINT('',(98.7,179.4531832941,8.));
#609 = LINE('',#610,#611);
#610 = CARTESIAN_POINT('',(98.7,183.60159164705,8.));
#611 = VECTOR('',#612,1.);
#612 = DIRECTION('',(2.22044604925E-16,1.,-4.440892098501E-16));
#613 = ORIENTED_EDGE('',*,*,#614,.T.);
#614 = EDGE_CURVE('',#607,#615,#617,.T.);
#615 = VERTEX_POINT('',#616);
#616 = CARTESIAN_POINT('',(95.75,181.15636658821,8.));
#617 = LINE('',#618,#619);
#618 = CARTESIAN_POINT('',(59.916186490539,201.84502846399,8.));
#619 = VECTOR('',#620,1.);
#620 = DIRECTION('',(-0.866025403784,0.5,6.63997980325E-17));
#621 = ORIENTED_EDGE('',*,*,#622,.T.);
#622 = EDGE_CURVE('',#615,#623,#625,.T.);
#623 = VERTEX_POINT('',#624);
#624 = CARTESIAN_POINT('',(92.8,179.4531832941,8.));
#625 = LINE('',#626,#627);
#626 = CARTESIAN_POINT('',(61.296313509461,161.26452141833,8.));
#627 = VECTOR('',#628,1.);
#628 = DIRECTION('',(-0.866025403784,-0.5,5.104890078826E-16));
#629 = ORIENTED_EDGE('',*,*,#630,.T.);
#630 = EDGE_CURVE('',#623,#589,#631,.T.);
#631 = LINE('',#632,#633);
#632 = CARTESIAN_POINT('',(92.8,181.89840835294,8.));
#633 = VECTOR('',#634,1.);
#634 = DIRECTION('',(-2.22044604925E-16,-1.,4.440892098501E-16));
#635 = FACE_BOUND('',#636,.F.);
#636 = EDGE_LOOP('',(#637,#647,#655,#663,#671,#679));
#637 = ORIENTED_EDGE('',*,*,#638,.T.);
#638 = EDGE_CURVE('',#639,#641,#643,.T.);
#639 = VERTEX_POINT('',#640);
#640 = CARTESIAN_POINT('',(174.55,176.04681670589,8.));
#641 = VERTEX_POINT('',#642);
#642 = CARTESIAN_POINT('',(177.5,174.34363341178,8.));
#643 = LINE('',#644,#645);
#644 = CARTESIAN_POINT('',(109.53493649053,213.58328112445,8.));
#645 = VECTOR('',#646,1.);
#646 = DIRECTION('',(0.866025403784,-0.5,-6.63997980325E-17));
#647 = ORIENTED_EDGE('',*,*,#648,.T.);
#648 = EDGE_CURVE('',#641,#649,#651,.T.);
#649 = VERTEX_POINT('',#650);
#650 = CARTESIAN_POINT('',(180.45,176.04681670589,8.));
#651 = LINE('',#652,#653);
#652 = CARTESIAN_POINT('',(116.81506350946,139.30716899321,8.));
#653 = VECTOR('',#654,1.);
#654 = DIRECTION('',(0.866025403784,0.5,-5.104890078826E-16));
#655 = ORIENTED_EDGE('',*,*,#656,.T.);
#656 = EDGE_CURVE('',#649,#657,#659,.T.);
#657 = VERTEX_POINT('',#658);
#658 = CARTESIAN_POINT('',(180.45,179.4531832941,8.));
#659 = LINE('',#660,#661);
#660 = CARTESIAN_POINT('',(180.45,183.60159164705,8.));
#661 = VECTOR('',#662,1.);
#662 = DIRECTION('',(2.22044604925E-16,1.,-4.440892098501E-16));
#663 = ORIENTED_EDGE('',*,*,#664,.T.);
#664 = EDGE_CURVE('',#657,#665,#667,.T.);
#665 = VERTEX_POINT('',#666);
#666 = CARTESIAN_POINT('',(177.5,181.15636658821,8.));
#667 = LINE('',#668,#669);
#668 = CARTESIAN_POINT('',(111.00993649053,219.54442265384,8.));
#669 = VECTOR('',#670,1.);
#670 = DIRECTION('',(-0.866025403784,0.5,6.63997980325E-17));
#671 = ORIENTED_EDGE('',*,*,#672,.T.);
#672 = EDGE_CURVE('',#665,#673,#675,.T.);
#673 = VERTEX_POINT('',#674);
#674 = CARTESIAN_POINT('',(174.55,179.4531832941,8.));
#675 = LINE('',#676,#677);
#676 = CARTESIAN_POINT('',(112.39006350946,143.56512722848,8.));
#677 = VECTOR('',#678,1.);
#678 = DIRECTION('',(-0.866025403784,-0.5,5.104890078826E-16));
#679 = ORIENTED_EDGE('',*,*,#680,.T.);
#680 = EDGE_CURVE('',#673,#639,#681,.T.);
#681 = LINE('',#682,#683);
#682 = CARTESIAN_POINT('',(174.55,181.89840835294,8.));
#683 = VECTOR('',#684,1.);
#684 = DIRECTION('',(-2.22044604925E-16,-1.,4.440892098501E-16));
#685 = FACE_BOUND('',#686,.F.);
#686 = EDGE_LOOP('',(#687,#697,#705,#713));
#687 = ORIENTED_EDGE('',*,*,#688,.T.);
#688 = EDGE_CURVE('',#689,#691,#693,.T.);
#689 = VERTEX_POINT('',#690);
#690 = CARTESIAN_POINT('',(167.5,167.75,8.));
#691 = VERTEX_POINT('',#692);
#692 = CARTESIAN_POINT('',(24.,167.75,8.));
#693 = LINE('',#694,#695);
#694 = CARTESIAN_POINT('',(14.,167.75,8.));
#695 = VECTOR('',#696,1.);
#696 = DIRECTION('',(-1.,2.22044604925E-16,3.330669073875E-16));
#697 = ORIENTED_EDGE('',*,*,#698,.T.);
#698 = EDGE_CURVE('',#691,#699,#701,.T.);
#699 = VERTEX_POINT('',#700);
#700 = CARTESIAN_POINT('',(24.,20.,8.));
#701 = LINE('',#702,#703);
#702 = CARTESIAN_POINT('',(24.,177.75,8.));
#703 = VECTOR('',#704,1.);
#704 = DIRECTION('',(-2.22044604925E-16,-1.,4.440892098501E-16));
#705 = ORIENTED_EDGE('',*,*,#706,.F.);
#706 = EDGE_CURVE('',#707,#699,#709,.T.);
#707 = VERTEX_POINT('',#708);
#708 = CARTESIAN_POINT('',(167.5,20.,8.));
#709 = LINE('',#710,#711);
#710 = CARTESIAN_POINT('',(14.,20.,8.));
#711 = VECTOR('',#712,1.);
#712 = DIRECTION('',(-1.,2.22044604925E-16,3.330669073875E-16));
#713 = ORIENTED_EDGE('',*,*,#714,.F.);
#714 = EDGE_CURVE('',#689,#707,#715,.T.);
#715 = LINE('',#716,#717);
#716 = CARTESIAN_POINT('',(167.5,177.75,8.));
#717 = VECTOR('',#718,1.);
#718 = DIRECTION('',(-2.22044604925E-16,-1.,4.440892098501E-16));
#719 = FACE_BOUND('',#720,.F.);
#720 = EDGE_LOOP('',(#721,#731,#739,#747,#755,#763));
#721 = ORIENTED_EDGE('',*,*,#722,.T.);
#722 = EDGE_CURVE('',#723,#725,#727,.T.);
#723 = VERTEX_POINT('',#724);
#724 = CARTESIAN_POINT('',(174.55,92.171816705891,8.));
#725 = VERTEX_POINT('',#726);
#726 = CARTESIAN_POINT('',(177.5,90.468633411781,8.));
#727 = LINE('',#728,#729);
#728 = CARTESIAN_POINT('',(91.375466304934,140.19265612445,8.));
#729 = VECTOR('',#730,1.);
#730 = DIRECTION('',(0.866025403784,-0.5,-6.63997980325E-17));
#731 = ORIENTED_EDGE('',*,*,#732,.T.);
#732 = EDGE_CURVE('',#725,#733,#735,.T.);
#733 = VERTEX_POINT('',#734);
#734 = CARTESIAN_POINT('',(180.45,92.171816705891,8.));
#735 = LINE('',#736,#737);
#736 = CARTESIAN_POINT('',(134.97453369506,65.916543993213,8.));
#737 = VECTOR('',#738,1.);
#738 = DIRECTION('',(0.866025403784,0.5,-5.104890078826E-16));
#739 = ORIENTED_EDGE('',*,*,#740,.T.);
#740 = EDGE_CURVE('',#733,#741,#743,.T.);
#741 = VERTEX_POINT('',#742);
#742 = CARTESIAN_POINT('',(180.45,95.578183294109,8.));
#743 = LINE('',#744,#745);
#744 = CARTESIAN_POINT('',(180.45,141.66409164705,8.));
#745 = VECTOR('',#746,1.);
#746 = DIRECTION('',(2.22044604925E-16,1.,-4.440892098501E-16));
#747 = ORIENTED_EDGE('',*,*,#748,.T.);
#748 = EDGE_CURVE('',#741,#749,#751,.T.);
#749 = VERTEX_POINT('',#750);
#750 = CARTESIAN_POINT('',(177.5,97.281366588219,8.));
#751 = LINE('',#752,#753);
#752 = CARTESIAN_POINT('',(92.850466304934,146.15379765384,8.));
#753 = VECTOR('',#754,1.);
#754 = DIRECTION('',(-0.866025403784,0.5,6.63997980325E-17));
#755 = ORIENTED_EDGE('',*,*,#756,.T.);
#756 = EDGE_CURVE('',#749,#757,#759,.T.);
#757 = VERTEX_POINT('',#758);
#758 = CARTESIAN_POINT('',(174.55,95.578183294109,8.));
#759 = LINE('',#760,#761);
#760 = CARTESIAN_POINT('',(130.54953369506,70.174502228487,8.));
#761 = VECTOR('',#762,1.);
#762 = DIRECTION('',(-0.866025403784,-0.5,5.104890078826E-16));
#763 = ORIENTED_EDGE('',*,*,#764,.T.);
#764 = EDGE_CURVE('',#757,#723,#765,.T.);
#765 = LINE('',#766,#767);
#766 = CARTESIAN_POINT('',(174.55,139.96090835294,8.));
#767 = VECTOR('',#768,1.);
#768 = DIRECTION('',(-2.22044604925E-16,-1.,4.440892098501E-16));
#769 = FACE_BOUND('',#770,.F.);
#770 = EDGE_LOOP('',(#771,#781,#789,#797,#805,#813));
#771 = ORIENTED_EDGE('',*,*,#772,.T.);
#772 = EDGE_CURVE('',#773,#775,#777,.T.);
#773 = VERTEX_POINT('',#774);
#774 = CARTESIAN_POINT('',(11.05,8.296816705891,8.));
#775 = VERTEX_POINT('',#776);
#776 = CARTESIAN_POINT('',(14.,6.593633411781,8.));
#777 = LINE('',#778,#779);
#778 = CARTESIAN_POINT('',(-28.97150388067,31.403242744769,8.));
#779 = VECTOR('',#780,1.);
#780 = DIRECTION('',(0.866025403784,-0.5,-6.639979803251E-17));
#781 = ORIENTED_EDGE('',*,*,#782,.T.);
#782 = EDGE_CURVE('',#775,#783,#785,.T.);
#783 = VERTEX_POINT('',#784);
#784 = CARTESIAN_POINT('',(16.95,8.296816705891,8.));
#785 = LINE('',#786,#787);
#786 = CARTESIAN_POINT('',(50.946503880671,27.924707372902,8.));
#787 = VECTOR('',#788,1.);
#788 = DIRECTION('',(0.866025403784,0.5,-5.104890078826E-16));
#789 = ORIENTED_EDGE('',*,*,#790,.T.);
#790 = EDGE_CURVE('',#783,#791,#793,.T.);
#791 = VERTEX_POINT('',#792);
#792 = CARTESIAN_POINT('',(16.95,11.703183294109,8.));
#793 = LINE('',#794,#795);
#794 = CARTESIAN_POINT('',(16.95,99.726591647055,8.));
#795 = VECTOR('',#796,1.);
#796 = DIRECTION('',(-2.994368015519E-16,1.,-4.440892098501E-16));
#797 = ORIENTED_EDGE('',*,*,#798,.T.);
#798 = EDGE_CURVE('',#791,#799,#801,.T.);
#799 = VERTEX_POINT('',#800);
#800 = CARTESIAN_POINT('',(14.,13.406366588219,8.));
#801 = LINE('',#802,#803);
#802 = CARTESIAN_POINT('',(-27.49650388067,37.364384274152,8.));
#803 = VECTOR('',#804,1.);
#804 = DIRECTION('',(-0.866025403784,0.5,6.639979803251E-17));
#805 = ORIENTED_EDGE('',*,*,#806,.T.);
#806 = EDGE_CURVE('',#799,#807,#809,.T.);
#807 = VERTEX_POINT('',#808);
#808 = CARTESIAN_POINT('',(11.05,11.703183294109,8.));
#809 = LINE('',#810,#811);
#810 = CARTESIAN_POINT('',(46.521503880671,32.182665608175,8.));
#811 = VECTOR('',#812,1.);
#812 = DIRECTION('',(-0.866025403784,-0.5,5.104890078826E-16));
#813 = ORIENTED_EDGE('',*,*,#814,.T.);
#814 = EDGE_CURVE('',#807,#773,#815,.T.);
#815 = LINE('',#816,#817);
#816 = CARTESIAN_POINT('',(11.05,98.023408352945,8.));
#817 = VECTOR('',#818,1.);
#818 = DIRECTION('',(-4.827853081635E-16,-1.,4.440892098501E-16));
#819 = FACE_BOUND('',#820,.F.);
#820 = EDGE_LOOP('',(#821,#832,#840,#849,#857,#866,#874,#883,#891,#899,
    #907,#916,#924,#932));
#821 = ORIENTED_EDGE('',*,*,#822,.T.);
#822 = EDGE_CURVE('',#823,#825,#827,.T.);
#823 = VERTEX_POINT('',#824);
#824 = CARTESIAN_POINT('',(62.4,11.6,8.));
#825 = VERTEX_POINT('',#826);
#826 = CARTESIAN_POINT('',(62.4,12.4,8.));
#827 = CIRCLE('',#828,0.4);
#828 = AXIS2_PLACEMENT_3D('',#829,#830,#831);
#829 = CARTESIAN_POINT('',(62.4,12.,8.));
#830 = DIRECTION('',(1.110223024625E-16,2.22044604925E-16,1.));
#831 = DIRECTION('',(1.,-1.232595164408E-32,-1.110223024625E-16));
#832 = ORIENTED_EDGE('',*,*,#833,.T.);
#833 = EDGE_CURVE('',#825,#834,#836,.T.);
#834 = VERTEX_POINT('',#835);
#835 = CARTESIAN_POINT('',(60.,12.4,8.));
#836 = LINE('',#837,#838);
#837 = CARTESIAN_POINT('',(33.2,12.4,8.));
#838 = VECTOR('',#839,1.);
#839 = DIRECTION('',(-1.,1.224646799147E-16,3.330669073875E-16));
#840 = ORIENTED_EDGE('',*,*,#841,.T.);
#841 = EDGE_CURVE('',#834,#842,#844,.T.);
#842 = VERTEX_POINT('',#843);
#843 = CARTESIAN_POINT('',(59.6,12.,8.));
#844 = CIRCLE('',#845,0.4);
#845 = AXIS2_PLACEMENT_3D('',#846,#847,#848);
#846 = CARTESIAN_POINT('',(60.,12.,8.));
#847 = DIRECTION('',(1.110223024625E-16,2.22044604925E-16,1.));
#848 = DIRECTION('',(1.,-1.232595164408E-32,-1.110223024625E-16));
#849 = ORIENTED_EDGE('',*,*,#850,.T.);
#850 = EDGE_CURVE('',#842,#851,#853,.T.);
#851 = VERTEX_POINT('',#852);
#852 = CARTESIAN_POINT('',(59.6,8.,8.));
#853 = LINE('',#854,#855);
#854 = CARTESIAN_POINT('',(59.6,99.875,8.));
#855 = VECTOR('',#856,1.);
#856 = DIRECTION('',(1.110223024625E-16,-1.,4.440892098501E-16));
#857 = ORIENTED_EDGE('',*,*,#858,.T.);
#858 = EDGE_CURVE('',#851,#859,#861,.T.);
#859 = VERTEX_POINT('',#860);
#860 = CARTESIAN_POINT('',(60.,7.6,8.));
#861 = CIRCLE('',#862,0.4);
#862 = AXIS2_PLACEMENT_3D('',#863,#864,#865);
#863 = CARTESIAN_POINT('',(60.,8.,8.));
#864 = DIRECTION('',(1.110223024625E-16,2.22044604925E-16,1.));
#865 = DIRECTION('',(1.,-1.232595164408E-32,-1.110223024625E-16));
#866 = ORIENTED_EDGE('',*,*,#867,.T.);
#867 = EDGE_CURVE('',#859,#868,#870,.T.);
#868 = VERTEX_POINT('',#869);
#869 = CARTESIAN_POINT('',(62.4,7.6,8.));
#870 = LINE('',#871,#872);
#871 = CARTESIAN_POINT('',(32.,7.6,8.));
#872 = VECTOR('',#873,1.);
#873 = DIRECTION('',(1.,-6.162975822039E-32,-3.330669073875E-16));
#874 = ORIENTED_EDGE('',*,*,#875,.T.);
#875 = EDGE_CURVE('',#868,#876,#878,.T.);
#876 = VERTEX_POINT('',#877);
#877 = CARTESIAN_POINT('',(62.4,8.4,8.));
#878 = CIRCLE('',#879,0.4);
#879 = AXIS2_PLACEMENT_3D('',#880,#881,#882);
#880 = CARTESIAN_POINT('',(62.4,8.,8.));
#881 = DIRECTION('',(1.110223024625E-16,2.22044604925E-16,1.));
#882 = DIRECTION('',(1.,-1.232595164408E-32,-1.110223024625E-16));
#883 = ORIENTED_EDGE('',*,*,#884,.F.);
#884 = EDGE_CURVE('',#885,#876,#887,.T.);
#885 = VERTEX_POINT('',#886);
#886 = CARTESIAN_POINT('',(60.4,8.4,8.));
#887 = LINE('',#888,#889);
#888 = CARTESIAN_POINT('',(32.,8.4,8.));
#889 = VECTOR('',#890,1.);
#890 = DIRECTION('',(1.,-6.162975822039E-32,-3.330669073875E-16));
#891 = ORIENTED_EDGE('',*,*,#892,.F.);
#892 = EDGE_CURVE('',#893,#885,#895,.T.);
#893 = VERTEX_POINT('',#894);
#894 = CARTESIAN_POINT('',(60.4,9.6,8.));
#895 = LINE('',#896,#897);
#896 = CARTESIAN_POINT('',(60.4,99.875,8.));
#897 = VECTOR('',#898,1.);
#898 = DIRECTION('',(1.110223024625E-16,-1.,4.440892098501E-16));
#899 = ORIENTED_EDGE('',*,*,#900,.T.);
#900 = EDGE_CURVE('',#893,#901,#903,.T.);
#901 = VERTEX_POINT('',#902);
#902 = CARTESIAN_POINT('',(62.,9.6,8.));
#903 = LINE('',#904,#905);
#904 = CARTESIAN_POINT('',(32.,9.6,8.));
#905 = VECTOR('',#906,1.);
#906 = DIRECTION('',(1.,-6.162975822039E-32,-3.330669073875E-16));
#907 = ORIENTED_EDGE('',*,*,#908,.T.);
#908 = EDGE_CURVE('',#901,#909,#911,.T.);
#909 = VERTEX_POINT('',#910);
#910 = CARTESIAN_POINT('',(62.,10.4,8.));
#911 = CIRCLE('',#912,0.4);
#912 = AXIS2_PLACEMENT_3D('',#913,#914,#915);
#913 = CARTESIAN_POINT('',(62.,10.,8.));
#914 = DIRECTION('',(1.110223024625E-16,2.22044604925E-16,1.));
#915 = DIRECTION('',(1.,-1.232595164408E-32,-1.110223024625E-16));
#916 = ORIENTED_EDGE('',*,*,#917,.F.);
#917 = EDGE_CURVE('',#918,#909,#920,.T.);
#918 = VERTEX_POINT('',#919);
#919 = CARTESIAN_POINT('',(60.4,10.4,8.));
#920 = LINE('',#921,#922);
#921 = CARTESIAN_POINT('',(32.,10.4,8.));
#922 = VECTOR('',#923,1.);
#923 = DIRECTION('',(1.,-6.162975822039E-32,-3.330669073875E-16));
#924 = ORIENTED_EDGE('',*,*,#925,.F.);
#925 = EDGE_CURVE('',#926,#918,#928,.T.);
#926 = VERTEX_POINT('',#927);
#927 = CARTESIAN_POINT('',(60.4,11.6,8.));
#928 = LINE('',#929,#930);
#929 = CARTESIAN_POINT('',(60.4,99.875,8.));
#930 = VECTOR('',#931,1.);
#931 = DIRECTION('',(1.110223024625E-16,-1.,4.440892098501E-16));
#932 = ORIENTED_EDGE('',*,*,#933,.F.);
#933 = EDGE_CURVE('',#823,#926,#934,.T.);
#934 = LINE('',#935,#936);
#935 = CARTESIAN_POINT('',(33.2,11.6,8.));
#936 = VECTOR('',#937,1.);
#937 = DIRECTION('',(-1.,1.224646799147E-16,3.330669073875E-16));
#938 = FACE_BOUND('',#939,.F.);
#939 = EDGE_LOOP('',(#940,#950,#959,#967,#975,#983,#992,#1000,#1009,
    #1017,#1025));
#940 = ORIENTED_EDGE('',*,*,#941,.F.);
#941 = EDGE_CURVE('',#942,#944,#946,.T.);
#942 = VERTEX_POINT('',#943);
#943 = CARTESIAN_POINT('',(63.887652476223,11.249878019022,8.));
#944 = VERTEX_POINT('',#945);
#945 = CARTESIAN_POINT('',(64.687652476223,12.249878019022,8.));
#946 = LINE('',#947,#948);
#947 = CARTESIAN_POINT('',(95.251067110369,50.454146311705,8.));
#948 = VECTOR('',#949,1.);
#949 = DIRECTION('',(0.624695047554,0.780868809443,-5.548406601314E-16)
  );
#950 = ORIENTED_EDGE('',*,*,#951,.T.);
#951 = EDGE_CURVE('',#942,#952,#954,.T.);
#952 = VERTEX_POINT('',#953);
#953 = CARTESIAN_POINT('',(64.512347523777,10.750121980978,8.));
#954 = CIRCLE('',#955,0.4);
#955 = AXIS2_PLACEMENT_3D('',#956,#957,#958);
#956 = CARTESIAN_POINT('',(64.2,11.,8.));
#957 = DIRECTION('',(1.110223024625E-16,2.22044604925E-16,1.));
#958 = DIRECTION('',(1.,-1.232595164408E-32,-1.110223024625E-16));
#959 = ORIENTED_EDGE('',*,*,#960,.T.);
#960 = EDGE_CURVE('',#952,#961,#963,.T.);
#961 = VERTEX_POINT('',#962);
#962 = CARTESIAN_POINT('',(64.6,10.859687576257,8.));
#963 = LINE('',#964,#965);
#964 = CARTESIAN_POINT('',(95.875762157924,49.954390273661,8.));
#965 = VECTOR('',#966,1.);
#966 = DIRECTION('',(0.624695047554,0.780868809443,-5.548406601314E-16)
  );
#967 = ORIENTED_EDGE('',*,*,#968,.T.);
#968 = EDGE_CURVE('',#961,#969,#971,.T.);
#969 = VERTEX_POINT('',#970);
#970 = CARTESIAN_POINT('',(64.6,8.4,8.));
#971 = LINE('',#972,#973);
#972 = CARTESIAN_POINT('',(64.6,99.875,8.));
#973 = VECTOR('',#974,1.);
#974 = DIRECTION('',(1.110223024625E-16,-1.,4.440892098501E-16));
#975 = ORIENTED_EDGE('',*,*,#976,.F.);
#976 = EDGE_CURVE('',#977,#969,#979,.T.);
#977 = VERTEX_POINT('',#978);
#978 = CARTESIAN_POINT('',(63.8,8.4,8.));
#979 = LINE('',#980,#981);
#980 = CARTESIAN_POINT('',(33.9,8.4,8.));
#981 = VECTOR('',#982,1.);
#982 = DIRECTION('',(1.,-6.162975822039E-32,-3.330669073875E-16));
#983 = ORIENTED_EDGE('',*,*,#984,.T.);
#984 = EDGE_CURVE('',#977,#985,#987,.T.);
#985 = VERTEX_POINT('',#986);
#986 = CARTESIAN_POINT('',(63.8,7.6,8.));
#987 = CIRCLE('',#988,0.4);
#988 = AXIS2_PLACEMENT_3D('',#989,#990,#991);
#989 = CARTESIAN_POINT('',(63.8,8.,8.));
#990 = DIRECTION('',(1.110223024625E-16,2.22044604925E-16,1.));
#991 = DIRECTION('',(1.,-1.232595164408E-32,-1.110223024625E-16));
#992 = ORIENTED_EDGE('',*,*,#993,.T.);
#993 = EDGE_CURVE('',#985,#994,#996,.T.);
#994 = VERTEX_POINT('',#995);
#995 = CARTESIAN_POINT('',(66.2,7.6,8.));
#996 = LINE('',#997,#998);
#997 = CARTESIAN_POINT('',(33.9,7.6,8.));
#998 = VECTOR('',#999,1.);
#999 = DIRECTION('',(1.,-6.162975822039E-32,-3.330669073875E-16));
#1000 = ORIENTED_EDGE('',*,*,#1001,.T.);
#1001 = EDGE_CURVE('',#994,#1002,#1004,.T.);
#1002 = VERTEX_POINT('',#1003);
#1003 = CARTESIAN_POINT('',(66.2,8.4,8.));
#1004 = CIRCLE('',#1005,0.4);
#1005 = AXIS2_PLACEMENT_3D('',#1006,#1007,#1008);
#1006 = CARTESIAN_POINT('',(66.2,8.,8.));
#1007 = DIRECTION('',(1.110223024625E-16,2.22044604925E-16,1.));
#1008 = DIRECTION('',(1.,-1.232595164408E-32,-1.110223024625E-16));
#1009 = ORIENTED_EDGE('',*,*,#1010,.F.);
#1010 = EDGE_CURVE('',#1011,#1002,#1013,.T.);
#1011 = VERTEX_POINT('',#1012);
#1012 = CARTESIAN_POINT('',(65.4,8.4,8.));
#1013 = LINE('',#1014,#1015);
#1014 = CARTESIAN_POINT('',(33.9,8.4,8.));
#1015 = VECTOR('',#1016,1.);
#1016 = DIRECTION('',(1.,-6.162975822039E-32,-3.330669073875E-16));
#1017 = ORIENTED_EDGE('',*,*,#1018,.F.);
#1018 = EDGE_CURVE('',#1019,#1011,#1021,.T.);
#1019 = VERTEX_POINT('',#1020);
#1020 = CARTESIAN_POINT('',(65.4,12.,8.));
#1021 = LINE('',#1022,#1023);
#1022 = CARTESIAN_POINT('',(65.4,99.875,8.));
#1023 = VECTOR('',#1024,1.);
#1024 = DIRECTION('',(1.110223024625E-16,-1.,4.440892098501E-16));
#1025 = ORIENTED_EDGE('',*,*,#1026,.T.);
#1026 = EDGE_CURVE('',#1019,#944,#1027,.T.);
#1027 = CIRCLE('',#1028,0.4);
#1028 = AXIS2_PLACEMENT_3D('',#1029,#1030,#1031);
#1029 = CARTESIAN_POINT('',(65.,12.,8.));
#1030 = DIRECTION('',(1.110223024625E-16,2.22044604925E-16,1.));
#1031 = DIRECTION('',(1.,-1.232595164408E-32,-1.110223024625E-16));
#1032 = FACE_BOUND('',#1033,.F.);
#1033 = EDGE_LOOP('',(#1034,#1044,#1052,#1060,#1068,#1076));
#1034 = ORIENTED_EDGE('',*,*,#1035,.T.);
#1035 = EDGE_CURVE('',#1036,#1038,#1040,.T.);
#1036 = VERTEX_POINT('',#1037);
#1037 = CARTESIAN_POINT('',(92.8,8.296816705891,8.));
#1038 = VERTEX_POINT('',#1039);
#1039 = CARTESIAN_POINT('',(95.75,6.593633411781,8.));
#1040 = LINE('',#1041,#1042);
#1041 = CARTESIAN_POINT('',(22.122246119329,49.102636934614,8.));
#1042 = VECTOR('',#1043,1.);
#1043 = DIRECTION('',(0.866025403784,-0.5,-6.639979803251E-17));
#1044 = ORIENTED_EDGE('',*,*,#1045,.T.);
#1045 = EDGE_CURVE('',#1038,#1046,#1048,.T.);
#1046 = VERTEX_POINT('',#1047);
#1047 = CARTESIAN_POINT('',(98.7,8.296816705891,8.));
#1048 = LINE('',#1049,#1050);
#1049 = CARTESIAN_POINT('',(102.04025388067,10.225313183057,8.));
#1050 = VECTOR('',#1051,1.);
#1051 = DIRECTION('',(0.866025403784,0.5,-5.104890078826E-16));
#1052 = ORIENTED_EDGE('',*,*,#1053,.T.);
#1053 = EDGE_CURVE('',#1046,#1054,#1056,.T.);
#1054 = VERTEX_POINT('',#1055);
#1055 = CARTESIAN_POINT('',(98.7,11.703183294109,8.));
#1056 = LINE('',#1057,#1058);
#1057 = CARTESIAN_POINT('',(98.7,99.726591647055,8.));
#1058 = VECTOR('',#1059,1.);
#1059 = DIRECTION('',(2.22044604925E-16,1.,-4.440892098501E-16));
#1060 = ORIENTED_EDGE('',*,*,#1061,.T.);
#1061 = EDGE_CURVE('',#1054,#1062,#1064,.T.);
#1062 = VERTEX_POINT('',#1063);
#1063 = CARTESIAN_POINT('',(95.75,13.406366588219,8.));
#1064 = LINE('',#1065,#1066);
#1065 = CARTESIAN_POINT('',(23.597246119329,55.063778463997,8.));
#1066 = VECTOR('',#1067,1.);
#1067 = DIRECTION('',(-0.866025403784,0.5,6.639979803251E-17));
#1068 = ORIENTED_EDGE('',*,*,#1069,.T.);
#1069 = EDGE_CURVE('',#1062,#1070,#1072,.T.);
#1070 = VERTEX_POINT('',#1071);
#1071 = CARTESIAN_POINT('',(92.8,11.703183294109,8.));
#1072 = LINE('',#1073,#1074);
#1073 = CARTESIAN_POINT('',(97.615253880671,14.483271418331,8.));
#1074 = VECTOR('',#1075,1.);
#1075 = DIRECTION('',(-0.866025403784,-0.5,5.104890078826E-16));
#1076 = ORIENTED_EDGE('',*,*,#1077,.T.);
#1077 = EDGE_CURVE('',#1070,#1036,#1078,.T.);
#1078 = LINE('',#1079,#1080);
#1079 = CARTESIAN_POINT('',(92.8,98.023408352945,8.));
#1080 = VECTOR('',#1081,1.);
#1081 = DIRECTION('',(-2.22044604925E-16,-1.,4.440892098501E-16));
#1082 = FACE_BOUND('',#1083,.F.);
#1083 = EDGE_LOOP('',(#1084,#1094,#1102,#1110,#1118,#1126));
#1084 = ORIENTED_EDGE('',*,*,#1085,.T.);
#1085 = EDGE_CURVE('',#1086,#1088,#1090,.T.);
#1086 = VERTEX_POINT('',#1087);
#1087 = CARTESIAN_POINT('',(174.55,8.296816705891,8.));
#1088 = VERTEX_POINT('',#1089);
#1089 = CARTESIAN_POINT('',(177.5,6.593633411781,8.));
#1090 = LINE('',#1091,#1092);
#1091 = CARTESIAN_POINT('',(73.215996119329,66.802031124458,8.));
#1092 = VECTOR('',#1093,1.);
#1093 = DIRECTION('',(0.866025403784,-0.5,-6.63997980325E-17));
#1094 = ORIENTED_EDGE('',*,*,#1095,.T.);
#1095 = EDGE_CURVE('',#1088,#1096,#1098,.T.);
#1096 = VERTEX_POINT('',#1097);
#1097 = CARTESIAN_POINT('',(180.45,8.296816705891,8.));
#1098 = LINE('',#1099,#1100);
#1099 = CARTESIAN_POINT('',(153.13400388067,-7.474081006787,8.));
#1100 = VECTOR('',#1101,1.);
#1101 = DIRECTION('',(0.866025403784,0.5,-5.104890078826E-16));
#1102 = ORIENTED_EDGE('',*,*,#1103,.T.);
#1103 = EDGE_CURVE('',#1096,#1104,#1106,.T.);
#1104 = VERTEX_POINT('',#1105);
#1105 = CARTESIAN_POINT('',(180.45,11.703183294109,8.));
#1106 = LINE('',#1107,#1108);
#1107 = CARTESIAN_POINT('',(180.45,99.726591647055,8.));
#1108 = VECTOR('',#1109,1.);
#1109 = DIRECTION('',(2.22044604925E-16,1.,-4.440892098501E-16));
#1110 = ORIENTED_EDGE('',*,*,#1111,.T.);
#1111 = EDGE_CURVE('',#1104,#1112,#1114,.T.);
#1112 = VERTEX_POINT('',#1113);
#1113 = CARTESIAN_POINT('',(177.5,13.406366588219,8.));
#1114 = LINE('',#1115,#1116);
#1115 = CARTESIAN_POINT('',(74.690996119329,72.763172653841,8.));
#1116 = VECTOR('',#1117,1.);
#1117 = DIRECTION('',(-0.866025403784,0.5,6.63997980325E-17));
#1118 = ORIENTED_EDGE('',*,*,#1119,.T.);
#1119 = EDGE_CURVE('',#1112,#1120,#1122,.T.);
#1120 = VERTEX_POINT('',#1121);
#1121 = CARTESIAN_POINT('',(174.55,11.703183294109,8.));
#1122 = LINE('',#1123,#1124);
#1123 = CARTESIAN_POINT('',(148.70900388067,-3.216122771513,8.));
#1124 = VECTOR('',#1125,1.);
#1125 = DIRECTION('',(-0.866025403784,-0.5,5.104890078826E-16));
#1126 = ORIENTED_EDGE('',*,*,#1127,.T.);
#1127 = EDGE_CURVE('',#1120,#1086,#1128,.T.);
#1128 = LINE('',#1129,#1130);
#1129 = CARTESIAN_POINT('',(174.55,98.023408352945,8.));
#1130 = VECTOR('',#1131,1.);
#1131 = DIRECTION('',(-2.22044604925E-16,-1.,4.440892098501E-16));
#1132 = PLANE('',#1133);
#1133 = AXIS2_PLACEMENT_3D('',#1134,#1135,#1136);
#1134 = CARTESIAN_POINT('',(4.,187.75,8.));
#1135 = DIRECTION('',(-3.330669073875E-16,-4.440892098501E-16,-1.));
#1136 = DIRECTION('',(1.,-2.22044604925E-16,-3.330669073875E-16));
#1137 = ADVANCED_FACE('',(#1138,#1149),#1183,.F.);
#1138 = FACE_BOUND('',#1139,.F.);
#1139 = EDGE_LOOP('',(#1140,#1141,#1142,#1143));
#1140 = ORIENTED_EDGE('',*,*,#471,.F.);
#1141 = ORIENTED_EDGE('',*,*,#31,.T.);
#1142 = ORIENTED_EDGE('',*,*,#110,.T.);
#1143 = ORIENTED_EDGE('',*,*,#1144,.F.);
#1144 = EDGE_CURVE('',#472,#111,#1145,.T.);
#1145 = LINE('',#1146,#1147);
#1146 = CARTESIAN_POINT('',(187.5,187.75,8.));
#1147 = VECTOR('',#1148,1.);
#1148 = DIRECTION('',(-3.330669073875E-16,-4.440892098501E-16,-1.));
#1149 = FACE_BOUND('',#1150,.F.);
#1150 = EDGE_LOOP('',(#1151,#1161,#1169,#1177));
#1151 = ORIENTED_EDGE('',*,*,#1152,.F.);
#1152 = EDGE_CURVE('',#1153,#1155,#1157,.T.);
#1153 = VERTEX_POINT('',#1154);
#1154 = CARTESIAN_POINT('',(32.,187.75,2.));
#1155 = VERTEX_POINT('',#1156);
#1156 = CARTESIAN_POINT('',(159.5,187.75,2.));
#1157 = LINE('',#1158,#1159);
#1158 = CARTESIAN_POINT('',(18.,187.75,2.));
#1159 = VECTOR('',#1160,1.);
#1160 = DIRECTION('',(1.,-2.22044604925E-16,-3.330669073875E-16));
#1161 = ORIENTED_EDGE('',*,*,#1162,.T.);
#1162 = EDGE_CURVE('',#1153,#1163,#1165,.T.);
#1163 = VERTEX_POINT('',#1164);
#1164 = CARTESIAN_POINT('',(32.,187.75,6.));
#1165 = LINE('',#1166,#1167);
#1166 = CARTESIAN_POINT('',(32.,187.75,7.));
#1167 = VECTOR('',#1168,1.);
#1168 = DIRECTION('',(3.330669073875E-16,4.440892098501E-16,1.));
#1169 = ORIENTED_EDGE('',*,*,#1170,.T.);
#1170 = EDGE_CURVE('',#1163,#1171,#1173,.T.);
#1171 = VERTEX_POINT('',#1172);
#1172 = CARTESIAN_POINT('',(159.5,187.75,6.));
#1173 = LINE('',#1174,#1175);
#1174 = CARTESIAN_POINT('',(18.,187.75,6.));
#1175 = VECTOR('',#1176,1.);
#1176 = DIRECTION('',(1.,-2.22044604925E-16,-3.330669073875E-16));
#1177 = ORIENTED_EDGE('',*,*,#1178,.F.);
#1178 = EDGE_CURVE('',#1155,#1171,#1179,.T.);
#1179 = LINE('',#1180,#1181);
#1180 = CARTESIAN_POINT('',(159.5,187.75,7.));
#1181 = VECTOR('',#1182,1.);
#1182 = DIRECTION('',(3.330669073875E-16,4.440892098501E-16,1.));
#1183 = PLANE('',#1184);
#1184 = AXIS2_PLACEMENT_3D('',#1185,#1186,#1187);
#1185 = CARTESIAN_POINT('',(4.,187.75,8.));
#1186 = DIRECTION('',(-2.22044604925E-16,-1.,4.440892098501E-16));
#1187 = DIRECTION('',(-3.330669073875E-16,-4.440892098501E-16,-1.));
#1188 = ADVANCED_FACE('',(#1189),#1234,.T.);
#1189 = FACE_BOUND('',#1190,.T.);
#1190 = EDGE_LOOP('',(#1191,#1192,#1193,#1194,#1195,#1203,#1211,#1219,
    #1227,#1233));
#1191 = ORIENTED_EDGE('',*,*,#118,.F.);
#1192 = ORIENTED_EDGE('',*,*,#1144,.F.);
#1193 = ORIENTED_EDGE('',*,*,#479,.T.);
#1194 = ORIENTED_EDGE('',*,*,#262,.T.);
#1195 = ORIENTED_EDGE('',*,*,#1196,.T.);
#1196 = EDGE_CURVE('',#265,#1197,#1199,.T.);
#1197 = VERTEX_POINT('',#1198);
#1198 = CARTESIAN_POINT('',(187.5,171.1,6.));
#1199 = LINE('',#1200,#1201);
#1200 = CARTESIAN_POINT('',(187.5,179.625,6.));
#1201 = VECTOR('',#1202,1.);
#1202 = DIRECTION('',(2.22044604925E-16,1.,-4.440892098501E-16));
#1203 = ORIENTED_EDGE('',*,*,#1204,.F.);
#1204 = EDGE_CURVE('',#1205,#1197,#1207,.T.);
#1205 = VERTEX_POINT('',#1206);
#1206 = CARTESIAN_POINT('',(187.5,171.35,5.75));
#1207 = LINE('',#1208,#1209);
#1208 = CARTESIAN_POINT('',(187.5,174.8625,2.2375));
#1209 = VECTOR('',#1210,1.);
#1210 = DIRECTION('',(7.850462293419E-17,-0.707106781187,0.707106781187)
  );
#1211 = ORIENTED_EDGE('',*,*,#1212,.T.);
#1212 = EDGE_CURVE('',#1205,#1213,#1215,.T.);
#1213 = VERTEX_POINT('',#1214);
#1214 = CARTESIAN_POINT('',(187.5,171.35,2.25));
#1215 = LINE('',#1216,#1217);
#1216 = CARTESIAN_POINT('',(187.5,171.35,7.));
#1217 = VECTOR('',#1218,1.);
#1218 = DIRECTION('',(-3.330669073875E-16,-4.391748267247E-16,-1.));
#1219 = ORIENTED_EDGE('',*,*,#1220,.T.);
#1220 = EDGE_CURVE('',#1213,#1221,#1223,.T.);
#1221 = VERTEX_POINT('',#1222);
#1222 = CARTESIAN_POINT('',(187.5,171.1,2.));
#1223 = LINE('',#1224,#1225);
#1224 = CARTESIAN_POINT('',(187.5,176.8625,7.7625));
#1225 = VECTOR('',#1226,1.);
#1226 = DIRECTION('',(-3.925231146709E-16,-0.707106781187,
    -0.707106781187));
#1227 = ORIENTED_EDGE('',*,*,#1228,.F.);
#1228 = EDGE_CURVE('',#304,#1221,#1229,.T.);
#1229 = LINE('',#1230,#1231);
#1230 = CARTESIAN_POINT('',(187.5,179.625,2.));
#1231 = VECTOR('',#1232,1.);
#1232 = DIRECTION('',(2.22044604925E-16,1.,-4.440892098501E-16));
#1233 = ORIENTED_EDGE('',*,*,#303,.T.);
#1234 = PLANE('',#1235);
#1235 = AXIS2_PLACEMENT_3D('',#1236,#1237,#1238);
#1236 = CARTESIAN_POINT('',(187.5,187.75,8.));
#1237 = DIRECTION('',(1.,-2.22044604925E-16,-3.330669073875E-16));
#1238 = DIRECTION('',(-3.330669073875E-16,-4.440892098501E-16,-1.));
#1239 = ADVANCED_FACE('',(#1240),#1259,.F.);
#1240 = FACE_BOUND('',#1241,.F.);
#1241 = EDGE_LOOP('',(#1242,#1250,#1251,#1252));
#1242 = ORIENTED_EDGE('',*,*,#1243,.T.);
#1243 = EDGE_CURVE('',#1244,#135,#1246,.T.);
#1244 = VERTEX_POINT('',#1245);
#1245 = CARTESIAN_POINT('',(15.8,177.75,1.8));
#1246 = LINE('',#1247,#1248);
#1247 = CARTESIAN_POINT('',(15.8,177.75,9.));
#1248 = VECTOR('',#1249,1.);
#1249 = DIRECTION('',(-3.330669073875E-16,-4.440892098501E-16,-1.));
#1250 = ORIENTED_EDGE('',*,*,#134,.F.);
#1251 = ORIENTED_EDGE('',*,*,#1243,.F.);
#1252 = ORIENTED_EDGE('',*,*,#1253,.T.);
#1253 = EDGE_CURVE('',#1244,#1244,#1254,.T.);
#1254 = CIRCLE('',#1255,1.8);
#1255 = AXIS2_PLACEMENT_3D('',#1256,#1257,#1258);
#1256 = CARTESIAN_POINT('',(14.,177.75,1.8));
#1257 = DIRECTION('',(-3.330669073875E-16,-4.440892098501E-16,-1.));
#1258 = DIRECTION('',(1.,-2.22044604925E-16,-3.330669073875E-16));
#1259 = CYLINDRICAL_SURFACE('',#1260,1.8);
#1260 = AXIS2_PLACEMENT_3D('',#1261,#1262,#1263);
#1261 = CARTESIAN_POINT('',(14.,177.75,9.));
#1262 = DIRECTION('',(-3.330669073875E-16,-4.440892098501E-16,-1.));
#1263 = DIRECTION('',(1.,-2.22044604925E-16,-3.330669073875E-16));
#1264 = ADVANCED_FACE('',(#1265),#1284,.F.);
#1265 = FACE_BOUND('',#1266,.F.);
#1266 = EDGE_LOOP('',(#1267,#1275,#1276,#1277));
#1267 = ORIENTED_EDGE('',*,*,#1268,.T.);
#1268 = EDGE_CURVE('',#1269,#146,#1271,.T.);
#1269 = VERTEX_POINT('',#1270);
#1270 = CARTESIAN_POINT('',(97.55,177.75,1.8));
#1271 = LINE('',#1272,#1273);
#1272 = CARTESIAN_POINT('',(97.55,177.75,9.));
#1273 = VECTOR('',#1274,1.);
#1274 = DIRECTION('',(-3.330669073875E-16,-4.440892098501E-16,-1.));
#1275 = ORIENTED_EDGE('',*,*,#145,.F.);
#1276 = ORIENTED_EDGE('',*,*,#1268,.F.);
#1277 = ORIENTED_EDGE('',*,*,#1278,.T.);
#1278 = EDGE_CURVE('',#1269,#1269,#1279,.T.);
#1279 = CIRCLE('',#1280,1.8);
#1280 = AXIS2_PLACEMENT_3D('',#1281,#1282,#1283);
#1281 = CARTESIAN_POINT('',(95.75,177.75,1.8));
#1282 = DIRECTION('',(-3.330669073875E-16,-4.440892098501E-16,-1.));
#1283 = DIRECTION('',(1.,-2.22044604925E-16,-3.330669073875E-16));
#1284 = CYLINDRICAL_SURFACE('',#1285,1.8);
#1285 = AXIS2_PLACEMENT_3D('',#1286,#1287,#1288);
#1286 = CARTESIAN_POINT('',(95.75,177.75,9.));
#1287 = DIRECTION('',(-3.330669073875E-16,-4.440892098501E-16,-1.));
#1288 = DIRECTION('',(1.,-2.22044604925E-16,-3.330669073875E-16));
#1289 = ADVANCED_FACE('',(#1290),#1309,.F.);
#1290 = FACE_BOUND('',#1291,.F.);
#1291 = EDGE_LOOP('',(#1292,#1300,#1301,#1302));
#1292 = ORIENTED_EDGE('',*,*,#1293,.T.);
#1293 = EDGE_CURVE('',#1294,#157,#1296,.T.);
#1294 = VERTEX_POINT('',#1295);
#1295 = CARTESIAN_POINT('',(15.8,93.875,1.8));
#1296 = LINE('',#1297,#1298);
#1297 = CARTESIAN_POINT('',(15.8,93.875,9.));
#1298 = VECTOR('',#1299,1.);
#1299 = DIRECTION('',(-3.330669073875E-16,-4.440892098501E-16,-1.));
#1300 = ORIENTED_EDGE('',*,*,#156,.F.);
#1301 = ORIENTED_EDGE('',*,*,#1293,.F.);
#1302 = ORIENTED_EDGE('',*,*,#1303,.T.);
#1303 = EDGE_CURVE('',#1294,#1294,#1304,.T.);
#1304 = CIRCLE('',#1305,1.8);
#1305 = AXIS2_PLACEMENT_3D('',#1306,#1307,#1308);
#1306 = CARTESIAN_POINT('',(14.,93.875,1.8));
#1307 = DIRECTION('',(-3.330669073875E-16,-4.440892098501E-16,-1.));
#1308 = DIRECTION('',(1.,-2.22044604925E-16,-3.330669073875E-16));
#1309 = CYLINDRICAL_SURFACE('',#1310,1.8);
#1310 = AXIS2_PLACEMENT_3D('',#1311,#1312,#1313);
#1311 = CARTESIAN_POINT('',(14.,93.875,9.));
#1312 = DIRECTION('',(-3.330669073875E-16,-4.440892098501E-16,-1.));
#1313 = DIRECTION('',(1.,-2.22044604925E-16,-3.330669073875E-16));
#1314 = ADVANCED_FACE('',(#1315),#1331,.T.);
#1315 = FACE_BOUND('',#1316,.T.);
#1316 = EDGE_LOOP('',(#1317,#1323,#1324,#1330));
#1317 = ORIENTED_EDGE('',*,*,#1318,.F.);
#1318 = EDGE_CURVE('',#689,#168,#1319,.T.);
#1319 = LINE('',#1320,#1321);
#1320 = CARTESIAN_POINT('',(167.5,167.75,9.));
#1321 = VECTOR('',#1322,1.);
#1322 = DIRECTION('',(-3.330669073875E-16,-4.440892098501E-16,-1.));
#1323 = ORIENTED_EDGE('',*,*,#688,.T.);
#1324 = ORIENTED_EDGE('',*,*,#1325,.T.);
#1325 = EDGE_CURVE('',#691,#170,#1326,.T.);
#1326 = LINE('',#1327,#1328);
#1327 = CARTESIAN_POINT('',(24.,167.75,9.));
#1328 = VECTOR('',#1329,1.);
#1329 = DIRECTION('',(-3.330669073875E-16,-4.440892098501E-16,-1.));
#1330 = ORIENTED_EDGE('',*,*,#167,.F.);
#1331 = PLANE('',#1332);
#1332 = AXIS2_PLACEMENT_3D('',#1333,#1334,#1335);
#1333 = CARTESIAN_POINT('',(24.,167.75,9.));
#1334 = DIRECTION('',(-2.22044604925E-16,-1.,4.440892098501E-16));
#1335 = DIRECTION('',(-3.330669073875E-16,-4.440892098501E-16,-1.));
#1336 = ADVANCED_FACE('',(#1337),#1348,.F.);
#1337 = FACE_BOUND('',#1338,.F.);
#1338 = EDGE_LOOP('',(#1339,#1340,#1341,#1347));
#1339 = ORIENTED_EDGE('',*,*,#1318,.F.);
#1340 = ORIENTED_EDGE('',*,*,#714,.T.);
#1341 = ORIENTED_EDGE('',*,*,#1342,.T.);
#1342 = EDGE_CURVE('',#707,#186,#1343,.T.);
#1343 = LINE('',#1344,#1345);
#1344 = CARTESIAN_POINT('',(167.5,20.,9.));
#1345 = VECTOR('',#1346,1.);
#1346 = DIRECTION('',(-3.330669073875E-16,-4.440892098501E-16,-1.));
#1347 = ORIENTED_EDGE('',*,*,#193,.F.);
#1348 = PLANE('',#1349);
#1349 = AXIS2_PLACEMENT_3D('',#1350,#1351,#1352);
#1350 = CARTESIAN_POINT('',(167.5,167.75,9.));
#1351 = DIRECTION('',(1.,-2.22044604925E-16,-3.330669073875E-16));
#1352 = DIRECTION('',(-3.330669073875E-16,-4.440892098501E-16,-1.));
#1353 = ADVANCED_FACE('',(#1354),#1365,.T.);
#1354 = FACE_BOUND('',#1355,.T.);
#1355 = EDGE_LOOP('',(#1356,#1357,#1358,#1364));
#1356 = ORIENTED_EDGE('',*,*,#1325,.F.);
#1357 = ORIENTED_EDGE('',*,*,#698,.T.);
#1358 = ORIENTED_EDGE('',*,*,#1359,.T.);
#1359 = EDGE_CURVE('',#699,#178,#1360,.T.);
#1360 = LINE('',#1361,#1362);
#1361 = CARTESIAN_POINT('',(24.,20.,9.));
#1362 = VECTOR('',#1363,1.);
#1363 = DIRECTION('',(-3.330669073875E-16,-4.440892098501E-16,-1.));
#1364 = ORIENTED_EDGE('',*,*,#177,.F.);
#1365 = PLANE('',#1366);
#1366 = AXIS2_PLACEMENT_3D('',#1367,#1368,#1369);
#1367 = CARTESIAN_POINT('',(24.,167.75,9.));
#1368 = DIRECTION('',(1.,-2.22044604925E-16,-3.330669073875E-16));
#1369 = DIRECTION('',(-3.330669073875E-16,-4.440892098501E-16,-1.));
#1370 = ADVANCED_FACE('',(#1371),#1377,.F.);
#1371 = FACE_BOUND('',#1372,.F.);
#1372 = EDGE_LOOP('',(#1373,#1374,#1375,#1376));
#1373 = ORIENTED_EDGE('',*,*,#1342,.F.);
#1374 = ORIENTED_EDGE('',*,*,#706,.T.);
#1375 = ORIENTED_EDGE('',*,*,#1359,.T.);
#1376 = ORIENTED_EDGE('',*,*,#185,.F.);
#1377 = PLANE('',#1378);
#1378 = AXIS2_PLACEMENT_3D('',#1379,#1380,#1381);
#1379 = CARTESIAN_POINT('',(24.,20.,9.));
#1380 = DIRECTION('',(-2.22044604925E-16,-1.,4.440892098501E-16));
#1381 = DIRECTION('',(-3.330669073875E-16,-4.440892098501E-16,-1.));
#1382 = ADVANCED_FACE('',(#1383),#1402,.F.);
#1383 = FACE_BOUND('',#1384,.F.);
#1384 = EDGE_LOOP('',(#1385,#1393,#1394,#1395));
#1385 = ORIENTED_EDGE('',*,*,#1386,.T.);
#1386 = EDGE_CURVE('',#1387,#202,#1389,.T.);
#1387 = VERTEX_POINT('',#1388);
#1388 = CARTESIAN_POINT('',(179.3,177.75,1.8));
#1389 = LINE('',#1390,#1391);
#1390 = CARTESIAN_POINT('',(179.3,177.75,9.));
#1391 = VECTOR('',#1392,1.);
#1392 = DIRECTION('',(-3.330669073875E-16,-4.440892098501E-16,-1.));
#1393 = ORIENTED_EDGE('',*,*,#201,.F.);
#1394 = ORIENTED_EDGE('',*,*,#1386,.F.);
#1395 = ORIENTED_EDGE('',*,*,#1396,.T.);
#1396 = EDGE_CURVE('',#1387,#1387,#1397,.T.);
#1397 = CIRCLE('',#1398,1.8);
#1398 = AXIS2_PLACEMENT_3D('',#1399,#1400,#1401);
#1399 = CARTESIAN_POINT('',(177.5,177.75,1.8));
#1400 = DIRECTION('',(-3.330669073875E-16,-4.440892098501E-16,-1.));
#1401 = DIRECTION('',(1.,-2.22044604925E-16,-3.330669073875E-16));
#1402 = CYLINDRICAL_SURFACE('',#1403,1.8);
#1403 = AXIS2_PLACEMENT_3D('',#1404,#1405,#1406);
#1404 = CARTESIAN_POINT('',(177.5,177.75,9.));
#1405 = DIRECTION('',(-3.330669073875E-16,-4.440892098501E-16,-1.));
#1406 = DIRECTION('',(1.,-2.22044604925E-16,-3.330669073875E-16));
#1407 = ADVANCED_FACE('',(#1408),#1427,.F.);
#1408 = FACE_BOUND('',#1409,.F.);
#1409 = EDGE_LOOP('',(#1410,#1418,#1419,#1420));
#1410 = ORIENTED_EDGE('',*,*,#1411,.T.);
#1411 = EDGE_CURVE('',#1412,#213,#1414,.T.);
#1412 = VERTEX_POINT('',#1413);
#1413 = CARTESIAN_POINT('',(179.3,93.875,1.8));
#1414 = LINE('',#1415,#1416);
#1415 = CARTESIAN_POINT('',(179.3,93.875,9.));
#1416 = VECTOR('',#1417,1.);
#1417 = DIRECTION('',(-3.330669073875E-16,-4.440892098501E-16,-1.));
#1418 = ORIENTED_EDGE('',*,*,#212,.F.);
#1419 = ORIENTED_EDGE('',*,*,#1411,.F.);
#1420 = ORIENTED_EDGE('',*,*,#1421,.T.);
#1421 = EDGE_CURVE('',#1412,#1412,#1422,.T.);
#1422 = CIRCLE('',#1423,1.8);
#1423 = AXIS2_PLACEMENT_3D('',#1424,#1425,#1426);
#1424 = CARTESIAN_POINT('',(177.5,93.875,1.8));
#1425 = DIRECTION('',(-3.330669073875E-16,-4.440892098501E-16,-1.));
#1426 = DIRECTION('',(1.,-2.22044604925E-16,-3.330669073875E-16));
#1427 = CYLINDRICAL_SURFACE('',#1428,1.8);
#1428 = AXIS2_PLACEMENT_3D('',#1429,#1430,#1431);
#1429 = CARTESIAN_POINT('',(177.5,93.875,9.));
#1430 = DIRECTION('',(-3.330669073875E-16,-4.440892098501E-16,-1.));
#1431 = DIRECTION('',(1.,-2.22044604925E-16,-3.330669073875E-16));
#1432 = ADVANCED_FACE('',(#1433),#1452,.F.);
#1433 = FACE_BOUND('',#1434,.F.);
#1434 = EDGE_LOOP('',(#1435,#1443,#1444,#1445));
#1435 = ORIENTED_EDGE('',*,*,#1436,.T.);
#1436 = EDGE_CURVE('',#1437,#224,#1439,.T.);
#1437 = VERTEX_POINT('',#1438);
#1438 = CARTESIAN_POINT('',(15.8,10.,1.8));
#1439 = LINE('',#1440,#1441);
#1440 = CARTESIAN_POINT('',(15.8,10.,9.));
#1441 = VECTOR('',#1442,1.);
#1442 = DIRECTION('',(-3.330669073875E-16,-4.440892098501E-16,-1.));
#1443 = ORIENTED_EDGE('',*,*,#223,.F.);
#1444 = ORIENTED_EDGE('',*,*,#1436,.F.);
#1445 = ORIENTED_EDGE('',*,*,#1446,.T.);
#1446 = EDGE_CURVE('',#1437,#1437,#1447,.T.);
#1447 = CIRCLE('',#1448,1.8);
#1448 = AXIS2_PLACEMENT_3D('',#1449,#1450,#1451);
#1449 = CARTESIAN_POINT('',(14.,10.,1.8));
#1450 = DIRECTION('',(-3.330669073875E-16,-4.440892098501E-16,-1.));
#1451 = DIRECTION('',(1.,-2.22044604925E-16,-3.330669073875E-16));
#1452 = CYLINDRICAL_SURFACE('',#1453,1.8);
#1453 = AXIS2_PLACEMENT_3D('',#1454,#1455,#1456);
#1454 = CARTESIAN_POINT('',(14.,10.,9.));
#1455 = DIRECTION('',(-3.330669073875E-16,-4.440892098501E-16,-1.));
#1456 = DIRECTION('',(1.,-2.22044604925E-16,-3.330669073875E-16));
#1457 = ADVANCED_FACE('',(#1458),#1477,.F.);
#1458 = FACE_BOUND('',#1459,.F.);
#1459 = EDGE_LOOP('',(#1460,#1468,#1469,#1470));
#1460 = ORIENTED_EDGE('',*,*,#1461,.T.);
#1461 = EDGE_CURVE('',#1462,#235,#1464,.T.);
#1462 = VERTEX_POINT('',#1463);
#1463 = CARTESIAN_POINT('',(97.55,10.,1.8));
#1464 = LINE('',#1465,#1466);
#1465 = CARTESIAN_POINT('',(97.55,10.,9.));
#1466 = VECTOR('',#1467,1.);
#1467 = DIRECTION('',(-3.330669073875E-16,-4.440892098501E-16,-1.));
#1468 = ORIENTED_EDGE('',*,*,#234,.F.);
#1469 = ORIENTED_EDGE('',*,*,#1461,.F.);
#1470 = ORIENTED_EDGE('',*,*,#1471,.T.);
#1471 = EDGE_CURVE('',#1462,#1462,#1472,.T.);
#1472 = CIRCLE('',#1473,1.8);
#1473 = AXIS2_PLACEMENT_3D('',#1474,#1475,#1476);
#1474 = CARTESIAN_POINT('',(95.75,10.,1.8));
#1475 = DIRECTION('',(-3.330669073875E-16,-4.440892098501E-16,-1.));
#1476 = DIRECTION('',(1.,-2.22044604925E-16,-3.330669073875E-16));
#1477 = CYLINDRICAL_SURFACE('',#1478,1.8);
#1478 = AXIS2_PLACEMENT_3D('',#1479,#1480,#1481);
#1479 = CARTESIAN_POINT('',(95.75,10.,9.));
#1480 = DIRECTION('',(-3.330669073875E-16,-4.440892098501E-16,-1.));
#1481 = DIRECTION('',(1.,-2.22044604925E-16,-3.330669073875E-16));
#1482 = ADVANCED_FACE('',(#1483),#1502,.F.);
#1483 = FACE_BOUND('',#1484,.F.);
#1484 = EDGE_LOOP('',(#1485,#1493,#1494,#1495));
#1485 = ORIENTED_EDGE('',*,*,#1486,.T.);
#1486 = EDGE_CURVE('',#1487,#246,#1489,.T.);
#1487 = VERTEX_POINT('',#1488);
#1488 = CARTESIAN_POINT('',(179.3,10.,1.8));
#1489 = LINE('',#1490,#1491);
#1490 = CARTESIAN_POINT('',(179.3,10.,9.));
#1491 = VECTOR('',#1492,1.);
#1492 = DIRECTION('',(-3.330669073875E-16,-4.440892098501E-16,-1.));
#1493 = ORIENTED_EDGE('',*,*,#245,.F.);
#1494 = ORIENTED_EDGE('',*,*,#1486,.F.);
#1495 = ORIENTED_EDGE('',*,*,#1496,.T.);
#1496 = EDGE_CURVE('',#1487,#1487,#1497,.T.);
#1497 = CIRCLE('',#1498,1.8);
#1498 = AXIS2_PLACEMENT_3D('',#1499,#1500,#1501);
#1499 = CARTESIAN_POINT('',(177.5,10.,1.8));
#1500 = DIRECTION('',(-3.330669073875E-16,-4.440892098501E-16,-1.));
#1501 = DIRECTION('',(1.,-2.22044604925E-16,-3.330669073875E-16));
#1502 = CYLINDRICAL_SURFACE('',#1503,1.8);
#1503 = AXIS2_PLACEMENT_3D('',#1504,#1505,#1506);
#1504 = CARTESIAN_POINT('',(177.5,10.,9.));
#1505 = DIRECTION('',(-3.330669073875E-16,-4.440892098501E-16,-1.));
#1506 = DIRECTION('',(1.,-2.22044604925E-16,-3.330669073875E-16));
#1507 = ADVANCED_FACE('',(#1508),#1519,.F.);
#1508 = FACE_BOUND('',#1509,.F.);
#1509 = EDGE_LOOP('',(#1510,#1511,#1517,#1518));
#1510 = ORIENTED_EDGE('',*,*,#341,.F.);
#1511 = ORIENTED_EDGE('',*,*,#1512,.F.);
#1512 = EDGE_CURVE('',#422,#342,#1513,.T.);
#1513 = LINE('',#1514,#1515);
#1514 = CARTESIAN_POINT('',(3.907985046681E-14,171.1,6.));
#1515 = VECTOR('',#1516,1.);
#1516 = DIRECTION('',(-3.330669073875E-16,-4.440892098501E-16,-1.));
#1517 = ORIENTED_EDGE('',*,*,#453,.T.);
#1518 = ORIENTED_EDGE('',*,*,#287,.T.);
#1519 = PLANE('',#1520);
#1520 = AXIS2_PLACEMENT_3D('',#1521,#1522,#1523);
#1521 = CARTESIAN_POINT('',(3.907985046681E-14,171.5,6.));
#1522 = DIRECTION('',(1.,-2.22044604925E-16,-3.330669073875E-16));
#1523 = DIRECTION('',(-2.22044604925E-16,-1.,4.440892098501E-16));
#1524 = ADVANCED_FACE('',(#1525),#1543,.T.);
#1525 = FACE_BOUND('',#1526,.T.);
#1526 = EDGE_LOOP('',(#1527,#1528,#1536,#1542));
#1527 = ORIENTED_EDGE('',*,*,#1228,.T.);
#1528 = ORIENTED_EDGE('',*,*,#1529,.T.);
#1529 = EDGE_CURVE('',#1221,#1530,#1532,.T.);
#1530 = VERTEX_POINT('',#1531);
#1531 = CARTESIAN_POINT('',(191.5,171.1,2.));
#1532 = LINE('',#1533,#1534);
#1533 = CARTESIAN_POINT('',(187.25,171.1,2.));
#1534 = VECTOR('',#1535,1.);
#1535 = DIRECTION('',(1.,-2.22044604925E-16,-3.330669073875E-16));
#1536 = ORIENTED_EDGE('',*,*,#1537,.T.);
#1537 = EDGE_CURVE('',#1530,#312,#1538,.T.);
#1538 = LINE('',#1539,#1540);
#1539 = CARTESIAN_POINT('',(191.5,171.5,2.));
#1540 = VECTOR('',#1541,1.);
#1541 = DIRECTION('',(-2.22044604925E-16,-1.,4.440892098501E-16));
#1542 = ORIENTED_EDGE('',*,*,#311,.F.);
#1543 = PLANE('',#1544);
#1544 = AXIS2_PLACEMENT_3D('',#1545,#1546,#1547);
#1545 = CARTESIAN_POINT('',(187.25,171.5,2.));
#1546 = DIRECTION('',(-3.330669073875E-16,-4.440892098501E-16,-1.));
#1547 = DIRECTION('',(-2.22044604925E-16,-1.,4.440892098501E-16));
#1548 = ADVANCED_FACE('',(#1549),#1567,.T.);
#1549 = FACE_BOUND('',#1550,.T.);
#1550 = EDGE_LOOP('',(#1551,#1552,#1560,#1566));
#1551 = ORIENTED_EDGE('',*,*,#1537,.F.);
#1552 = ORIENTED_EDGE('',*,*,#1553,.F.);
#1553 = EDGE_CURVE('',#1554,#1530,#1556,.T.);
#1554 = VERTEX_POINT('',#1555);
#1555 = CARTESIAN_POINT('',(191.5,171.1,6.));
#1556 = LINE('',#1557,#1558);
#1557 = CARTESIAN_POINT('',(191.5,171.1,6.));
#1558 = VECTOR('',#1559,1.);
#1559 = DIRECTION('',(-3.330669073875E-16,-4.440892098501E-16,-1.));
#1560 = ORIENTED_EDGE('',*,*,#1561,.T.);
#1561 = EDGE_CURVE('',#1554,#320,#1562,.T.);
#1562 = LINE('',#1563,#1564);
#1563 = CARTESIAN_POINT('',(191.5,171.5,6.));
#1564 = VECTOR('',#1565,1.);
#1565 = DIRECTION('',(-2.22044604925E-16,-1.,4.440892098501E-16));
#1566 = ORIENTED_EDGE('',*,*,#319,.T.);
#1567 = PLANE('',#1568);
#1568 = AXIS2_PLACEMENT_3D('',#1569,#1570,#1571);
#1569 = CARTESIAN_POINT('',(191.5,171.5,6.));
#1570 = DIRECTION('',(1.,-2.22044604925E-16,-3.330669073875E-16));
#1571 = DIRECTION('',(-2.22044604925E-16,-1.,4.440892098501E-16));
#1572 = ADVANCED_FACE('',(#1573),#1584,.F.);
#1573 = FACE_BOUND('',#1574,.F.);
#1574 = EDGE_LOOP('',(#1575,#1576,#1582,#1583));
#1575 = ORIENTED_EDGE('',*,*,#1196,.T.);
#1576 = ORIENTED_EDGE('',*,*,#1577,.T.);
#1577 = EDGE_CURVE('',#1197,#1554,#1578,.T.);
#1578 = LINE('',#1579,#1580);
#1579 = CARTESIAN_POINT('',(187.25,171.1,6.));
#1580 = VECTOR('',#1581,1.);
#1581 = DIRECTION('',(1.,-2.22044604925E-16,-3.330669073875E-16));
#1582 = ORIENTED_EDGE('',*,*,#1561,.T.);
#1583 = ORIENTED_EDGE('',*,*,#327,.F.);
#1584 = PLANE('',#1585);
#1585 = AXIS2_PLACEMENT_3D('',#1586,#1587,#1588);
#1586 = CARTESIAN_POINT('',(187.25,171.5,6.));
#1587 = DIRECTION('',(-3.330669073875E-16,-4.440892098501E-16,-1.));
#1588 = DIRECTION('',(-2.22044604925E-16,-1.,4.440892098501E-16));
#1589 = ADVANCED_FACE('',(#1590),#1601,.T.);
#1590 = FACE_BOUND('',#1591,.F.);
#1591 = EDGE_LOOP('',(#1592,#1593,#1594,#1595));
#1592 = ORIENTED_EDGE('',*,*,#421,.F.);
#1593 = ORIENTED_EDGE('',*,*,#1512,.T.);
#1594 = ORIENTED_EDGE('',*,*,#365,.T.);
#1595 = ORIENTED_EDGE('',*,*,#1596,.F.);
#1596 = EDGE_CURVE('',#424,#366,#1597,.T.);
#1597 = LINE('',#1598,#1599);
#1598 = CARTESIAN_POINT('',(0.4,171.5,6.));
#1599 = VECTOR('',#1600,1.);
#1600 = DIRECTION('',(-3.330669073875E-16,-4.440892098501E-16,-1.));
#1601 = PLANE('',#1602);
#1602 = AXIS2_PLACEMENT_3D('',#1603,#1604,#1605);
#1603 = CARTESIAN_POINT('',(0.2,171.3,6.));
#1604 = DIRECTION('',(-0.707106781187,0.707106781187,-7.850462293419E-17
    ));
#1605 = DIRECTION('',(3.330669073875E-16,4.440892098501E-16,1.));
#1606 = ADVANCED_FACE('',(#1607),#1613,.F.);
#1607 = FACE_BOUND('',#1608,.F.);
#1608 = EDGE_LOOP('',(#1609,#1610,#1611,#1612));
#1609 = ORIENTED_EDGE('',*,*,#439,.F.);
#1610 = ORIENTED_EDGE('',*,*,#1596,.T.);
#1611 = ORIENTED_EDGE('',*,*,#383,.T.);
#1612 = ORIENTED_EDGE('',*,*,#407,.F.);
#1613 = PLANE('',#1614);
#1614 = AXIS2_PLACEMENT_3D('',#1615,#1616,#1617);
#1615 = CARTESIAN_POINT('',(3.907985046681E-14,171.5,6.));
#1616 = DIRECTION('',(-2.22044604925E-16,-1.,4.440892098501E-16));
#1617 = DIRECTION('',(-3.330669073875E-16,-4.440892098501E-16,-1.));
#1618 = ADVANCED_FACE('',(#1619),#1644,.T.);
#1619 = FACE_BOUND('',#1620,.T.);
#1620 = EDGE_LOOP('',(#1621,#1622,#1630,#1638));
#1621 = ORIENTED_EDGE('',*,*,#488,.T.);
#1622 = ORIENTED_EDGE('',*,*,#1623,.T.);
#1623 = EDGE_CURVE('',#491,#1624,#1626,.T.);
#1624 = VERTEX_POINT('',#1625);
#1625 = CARTESIAN_POINT('',(14.,174.34363341178,1.8));
#1626 = LINE('',#1627,#1628);
#1627 = CARTESIAN_POINT('',(14.,174.34363341178,8.1));
#1628 = VECTOR('',#1629,1.);
#1629 = DIRECTION('',(-3.330669073875E-16,-4.440892098501E-16,-1.));
#1630 = ORIENTED_EDGE('',*,*,#1631,.T.);
#1631 = EDGE_CURVE('',#1624,#1632,#1634,.T.);
#1632 = VERTEX_POINT('',#1633);
#1633 = CARTESIAN_POINT('',(11.05,176.04681670589,1.8));
#1634 = LINE('',#1635,#1636);
#1635 = CARTESIAN_POINT('',(14.,174.34363341178,1.8));
#1636 = VECTOR('',#1637,1.);
#1637 = DIRECTION('',(-0.866025403784,0.5,6.63997980325E-17));
#1638 = ORIENTED_EDGE('',*,*,#1639,.F.);
#1639 = EDGE_CURVE('',#489,#1632,#1640,.T.);
#1640 = LINE('',#1641,#1642);
#1641 = CARTESIAN_POINT('',(11.05,176.04681670589,8.1));
#1642 = VECTOR('',#1643,1.);
#1643 = DIRECTION('',(-3.330669073875E-16,-4.440892098501E-16,-1.));
#1644 = PLANE('',#1645);
#1645 = AXIS2_PLACEMENT_3D('',#1646,#1647,#1648);
#1646 = CARTESIAN_POINT('',(14.,174.34363341178,8.1));
#1647 = DIRECTION('',(0.5,0.866025403784,-5.511259909705E-16));
#1648 = DIRECTION('',(-0.866025403784,0.5,6.63997980325E-17));
#1649 = ADVANCED_FACE('',(#1650),#1668,.T.);
#1650 = FACE_BOUND('',#1651,.T.);
#1651 = EDGE_LOOP('',(#1652,#1653,#1654,#1662));
#1652 = ORIENTED_EDGE('',*,*,#530,.T.);
#1653 = ORIENTED_EDGE('',*,*,#1639,.T.);
#1654 = ORIENTED_EDGE('',*,*,#1655,.T.);
#1655 = EDGE_CURVE('',#1632,#1656,#1658,.T.);
#1656 = VERTEX_POINT('',#1657);
#1657 = CARTESIAN_POINT('',(11.05,179.4531832941,1.8));
#1658 = LINE('',#1659,#1660);
#1659 = CARTESIAN_POINT('',(11.05,176.04681670589,1.8));
#1660 = VECTOR('',#1661,1.);
#1661 = DIRECTION('',(4.827853081635E-16,1.,-4.440892098501E-16));
#1662 = ORIENTED_EDGE('',*,*,#1663,.F.);
#1663 = EDGE_CURVE('',#523,#1656,#1664,.T.);
#1664 = LINE('',#1665,#1666);
#1665 = CARTESIAN_POINT('',(11.05,179.45318329411,8.1));
#1666 = VECTOR('',#1667,1.);
#1667 = DIRECTION('',(-3.330669073875E-16,-4.440892098501E-16,-1.));
#1668 = PLANE('',#1669);
#1669 = AXIS2_PLACEMENT_3D('',#1670,#1671,#1672);
#1670 = CARTESIAN_POINT('',(11.05,176.04681670589,8.1));
#1671 = DIRECTION('',(1.,-4.827853081635E-16,-3.330669073875E-16));
#1672 = DIRECTION('',(4.827853081635E-16,1.,-4.440892098501E-16));
#1673 = ADVANCED_FACE('',(#1674),#1692,.T.);
#1674 = FACE_BOUND('',#1675,.T.);
#1675 = EDGE_LOOP('',(#1676,#1677,#1685,#1691));
#1676 = ORIENTED_EDGE('',*,*,#498,.T.);
#1677 = ORIENTED_EDGE('',*,*,#1678,.T.);
#1678 = EDGE_CURVE('',#499,#1679,#1681,.T.);
#1679 = VERTEX_POINT('',#1680);
#1680 = CARTESIAN_POINT('',(16.95,176.04681670589,1.8));
#1681 = LINE('',#1682,#1683);
#1682 = CARTESIAN_POINT('',(16.95,176.04681670589,8.1));
#1683 = VECTOR('',#1684,1.);
#1684 = DIRECTION('',(-3.330669073875E-16,-4.440892098501E-16,-1.));
#1685 = ORIENTED_EDGE('',*,*,#1686,.T.);
#1686 = EDGE_CURVE('',#1679,#1624,#1687,.T.);
#1687 = LINE('',#1688,#1689);
#1688 = CARTESIAN_POINT('',(16.95,176.04681670589,1.8));
#1689 = VECTOR('',#1690,1.);
#1690 = DIRECTION('',(-0.866025403784,-0.5,5.104890078826E-16));
#1691 = ORIENTED_EDGE('',*,*,#1623,.F.);
#1692 = PLANE('',#1693);
#1693 = AXIS2_PLACEMENT_3D('',#1694,#1695,#1696);
#1694 = CARTESIAN_POINT('',(16.95,176.04681670589,8.1));
#1695 = DIRECTION('',(-0.5,0.866025403784,-2.180590835829E-16));
#1696 = DIRECTION('',(-0.866025403784,-0.5,5.104890078826E-16));
#1697 = ADVANCED_FACE('',(#1698),#1716,.T.);
#1698 = FACE_BOUND('',#1699,.T.);
#1699 = EDGE_LOOP('',(#1700,#1701,#1702,#1710));
#1700 = ORIENTED_EDGE('',*,*,#522,.T.);
#1701 = ORIENTED_EDGE('',*,*,#1663,.T.);
#1702 = ORIENTED_EDGE('',*,*,#1703,.T.);
#1703 = EDGE_CURVE('',#1656,#1704,#1706,.T.);
#1704 = VERTEX_POINT('',#1705);
#1705 = CARTESIAN_POINT('',(14.,181.15636658821,1.8));
#1706 = LINE('',#1707,#1708);
#1707 = CARTESIAN_POINT('',(11.05,179.45318329411,1.8));
#1708 = VECTOR('',#1709,1.);
#1709 = DIRECTION('',(0.866025403784,0.5,-5.104890078826E-16));
#1710 = ORIENTED_EDGE('',*,*,#1711,.F.);
#1711 = EDGE_CURVE('',#515,#1704,#1712,.T.);
#1712 = LINE('',#1713,#1714);
#1713 = CARTESIAN_POINT('',(14.,181.15636658821,8.1));
#1714 = VECTOR('',#1715,1.);
#1715 = DIRECTION('',(-3.330669073875E-16,-4.440892098501E-16,-1.));
#1716 = PLANE('',#1717);
#1717 = AXIS2_PLACEMENT_3D('',#1718,#1719,#1720);
#1718 = CARTESIAN_POINT('',(11.05,179.45318329411,8.1));
#1719 = DIRECTION('',(0.5,-0.866025403784,2.180590835829E-16));
#1720 = DIRECTION('',(0.866025403784,0.5,-5.104890078826E-16));
#1721 = ADVANCED_FACE('',(#1722),#1740,.T.);
#1722 = FACE_BOUND('',#1723,.T.);
#1723 = EDGE_LOOP('',(#1724,#1725,#1733,#1739));
#1724 = ORIENTED_EDGE('',*,*,#506,.T.);
#1725 = ORIENTED_EDGE('',*,*,#1726,.T.);
#1726 = EDGE_CURVE('',#507,#1727,#1729,.T.);
#1727 = VERTEX_POINT('',#1728);
#1728 = CARTESIAN_POINT('',(16.95,179.4531832941,1.8));
#1729 = LINE('',#1730,#1731);
#1730 = CARTESIAN_POINT('',(16.95,179.4531832941,8.1));
#1731 = VECTOR('',#1732,1.);
#1732 = DIRECTION('',(-3.330669073875E-16,-4.440892098501E-16,-1.));
#1733 = ORIENTED_EDGE('',*,*,#1734,.T.);
#1734 = EDGE_CURVE('',#1727,#1679,#1735,.T.);
#1735 = LINE('',#1736,#1737);
#1736 = CARTESIAN_POINT('',(16.95,179.4531832941,1.8));
#1737 = VECTOR('',#1738,1.);
#1738 = DIRECTION('',(2.994368015519E-16,-1.,4.440892098501E-16));
#1739 = ORIENTED_EDGE('',*,*,#1678,.F.);
#1740 = PLANE('',#1741);
#1741 = AXIS2_PLACEMENT_3D('',#1742,#1743,#1744);
#1742 = CARTESIAN_POINT('',(16.95,179.4531832941,8.1));
#1743 = DIRECTION('',(-1.,-2.994368015519E-16,3.330669073875E-16));
#1744 = DIRECTION('',(2.994368015519E-16,-1.,4.440892098501E-16));
#1745 = ADVANCED_FACE('',(#1746),#1757,.T.);
#1746 = FACE_BOUND('',#1747,.T.);
#1747 = EDGE_LOOP('',(#1748,#1749,#1750,#1756));
#1748 = ORIENTED_EDGE('',*,*,#514,.T.);
#1749 = ORIENTED_EDGE('',*,*,#1711,.T.);
#1750 = ORIENTED_EDGE('',*,*,#1751,.T.);
#1751 = EDGE_CURVE('',#1704,#1727,#1752,.T.);
#1752 = LINE('',#1753,#1754);
#1753 = CARTESIAN_POINT('',(14.,181.15636658821,1.8));
#1754 = VECTOR('',#1755,1.);
#1755 = DIRECTION('',(0.866025403784,-0.5,-6.63997980325E-17));
#1756 = ORIENTED_EDGE('',*,*,#1726,.F.);
#1757 = PLANE('',#1758);
#1758 = AXIS2_PLACEMENT_3D('',#1759,#1760,#1761);
#1759 = CARTESIAN_POINT('',(14.,181.15636658821,8.1));
#1760 = DIRECTION('',(-0.5,-0.866025403784,5.511259909705E-16));
#1761 = DIRECTION('',(0.866025403784,-0.5,-6.63997980325E-17));
#1762 = ADVANCED_FACE('',(#1763),#1788,.T.);
#1763 = FACE_BOUND('',#1764,.T.);
#1764 = EDGE_LOOP('',(#1765,#1766,#1774,#1782));
#1765 = ORIENTED_EDGE('',*,*,#538,.T.);
#1766 = ORIENTED_EDGE('',*,*,#1767,.T.);
#1767 = EDGE_CURVE('',#541,#1768,#1770,.T.);
#1768 = VERTEX_POINT('',#1769);
#1769 = CARTESIAN_POINT('',(14.,90.468633411781,1.8));
#1770 = LINE('',#1771,#1772);
#1771 = CARTESIAN_POINT('',(14.,90.468633411781,8.1));
#1772 = VECTOR('',#1773,1.);
#1773 = DIRECTION('',(-3.330669073875E-16,-4.440892098501E-16,-1.));
#1774 = ORIENTED_EDGE('',*,*,#1775,.T.);
#1775 = EDGE_CURVE('',#1768,#1776,#1778,.T.);
#1776 = VERTEX_POINT('',#1777);
#1777 = CARTESIAN_POINT('',(11.05,92.171816705891,1.8));
#1778 = LINE('',#1779,#1780);
#1779 = CARTESIAN_POINT('',(14.,90.468633411781,1.8));
#1780 = VECTOR('',#1781,1.);
#1781 = DIRECTION('',(-0.866025403784,0.5,6.63997980325E-17));
#1782 = ORIENTED_EDGE('',*,*,#1783,.F.);
#1783 = EDGE_CURVE('',#539,#1776,#1784,.T.);
#1784 = LINE('',#1785,#1786);
#1785 = CARTESIAN_POINT('',(11.05,92.171816705891,8.1));
#1786 = VECTOR('',#1787,1.);
#1787 = DIRECTION('',(-3.330669073875E-16,-4.440892098501E-16,-1.));
#1788 = PLANE('',#1789);
#1789 = AXIS2_PLACEMENT_3D('',#1790,#1791,#1792);
#1790 = CARTESIAN_POINT('',(14.,90.468633411781,8.1));
#1791 = DIRECTION('',(0.5,0.866025403784,-5.511259909705E-16));
#1792 = DIRECTION('',(-0.866025403784,0.5,6.63997980325E-17));
#1793 = ADVANCED_FACE('',(#1794),#1812,.T.);
#1794 = FACE_BOUND('',#1795,.T.);
#1795 = EDGE_LOOP('',(#1796,#1797,#1798,#1806));
#1796 = ORIENTED_EDGE('',*,*,#580,.T.);
#1797 = ORIENTED_EDGE('',*,*,#1783,.T.);
#1798 = ORIENTED_EDGE('',*,*,#1799,.T.);
#1799 = EDGE_CURVE('',#1776,#1800,#1802,.T.);
#1800 = VERTEX_POINT('',#1801);
#1801 = CARTESIAN_POINT('',(11.05,95.578183294109,1.8));
#1802 = LINE('',#1803,#1804);
#1803 = CARTESIAN_POINT('',(11.05,92.171816705891,1.8));
#1804 = VECTOR('',#1805,1.);
#1805 = DIRECTION('',(4.827853081635E-16,1.,-4.440892098501E-16));
#1806 = ORIENTED_EDGE('',*,*,#1807,.F.);
#1807 = EDGE_CURVE('',#573,#1800,#1808,.T.);
#1808 = LINE('',#1809,#1810);
#1809 = CARTESIAN_POINT('',(11.05,95.578183294109,8.1));
#1810 = VECTOR('',#1811,1.);
#1811 = DIRECTION('',(-3.330669073875E-16,-4.440892098501E-16,-1.));
#1812 = PLANE('',#1813);
#1813 = AXIS2_PLACEMENT_3D('',#1814,#1815,#1816);
#1814 = CARTESIAN_POINT('',(11.05,92.171816705891,8.1));
#1815 = DIRECTION('',(1.,-4.827853081635E-16,-3.330669073875E-16));
#1816 = DIRECTION('',(4.827853081635E-16,1.,-4.440892098501E-16));
#1817 = ADVANCED_FACE('',(#1818),#1836,.T.);
#1818 = FACE_BOUND('',#1819,.T.);
#1819 = EDGE_LOOP('',(#1820,#1821,#1829,#1835));
#1820 = ORIENTED_EDGE('',*,*,#548,.T.);
#1821 = ORIENTED_EDGE('',*,*,#1822,.T.);
#1822 = EDGE_CURVE('',#549,#1823,#1825,.T.);
#1823 = VERTEX_POINT('',#1824);
#1824 = CARTESIAN_POINT('',(16.95,92.171816705891,1.8));
#1825 = LINE('',#1826,#1827);
#1826 = CARTESIAN_POINT('',(16.95,92.171816705891,8.1));
#1827 = VECTOR('',#1828,1.);
#1828 = DIRECTION('',(-3.330669073875E-16,-4.440892098501E-16,-1.));
#1829 = ORIENTED_EDGE('',*,*,#1830,.T.);
#1830 = EDGE_CURVE('',#1823,#1768,#1831,.T.);
#1831 = LINE('',#1832,#1833);
#1832 = CARTESIAN_POINT('',(16.95,92.171816705891,1.8));
#1833 = VECTOR('',#1834,1.);
#1834 = DIRECTION('',(-0.866025403784,-0.5,5.104890078826E-16));
#1835 = ORIENTED_EDGE('',*,*,#1767,.F.);
#1836 = PLANE('',#1837);
#1837 = AXIS2_PLACEMENT_3D('',#1838,#1839,#1840);
#1838 = CARTESIAN_POINT('',(16.95,92.171816705891,8.1));
#1839 = DIRECTION('',(-0.5,0.866025403784,-2.180590835829E-16));
#1840 = DIRECTION('',(-0.866025403784,-0.5,5.104890078826E-16));
#1841 = ADVANCED_FACE('',(#1842),#1860,.T.);
#1842 = FACE_BOUND('',#1843,.T.);
#1843 = EDGE_LOOP('',(#1844,#1845,#1846,#1854));
#1844 = ORIENTED_EDGE('',*,*,#572,.T.);
#1845 = ORIENTED_EDGE('',*,*,#1807,.T.);
#1846 = ORIENTED_EDGE('',*,*,#1847,.T.);
#1847 = EDGE_CURVE('',#1800,#1848,#1850,.T.);
#1848 = VERTEX_POINT('',#1849);
#1849 = CARTESIAN_POINT('',(14.,97.281366588219,1.8));
#1850 = LINE('',#1851,#1852);
#1851 = CARTESIAN_POINT('',(11.05,95.578183294109,1.8));
#1852 = VECTOR('',#1853,1.);
#1853 = DIRECTION('',(0.866025403784,0.5,-5.104890078826E-16));
#1854 = ORIENTED_EDGE('',*,*,#1855,.F.);
#1855 = EDGE_CURVE('',#565,#1848,#1856,.T.);
#1856 = LINE('',#1857,#1858);
#1857 = CARTESIAN_POINT('',(14.,97.281366588219,8.1));
#1858 = VECTOR('',#1859,1.);
#1859 = DIRECTION('',(-3.330669073875E-16,-4.440892098501E-16,-1.));
#1860 = PLANE('',#1861);
#1861 = AXIS2_PLACEMENT_3D('',#1862,#1863,#1864);
#1862 = CARTESIAN_POINT('',(11.05,95.578183294109,8.1));
#1863 = DIRECTION('',(0.5,-0.866025403784,2.180590835829E-16));
#1864 = DIRECTION('',(0.866025403784,0.5,-5.104890078826E-16));
#1865 = ADVANCED_FACE('',(#1866),#1884,.T.);
#1866 = FACE_BOUND('',#1867,.T.);
#1867 = EDGE_LOOP('',(#1868,#1869,#1877,#1883));
#1868 = ORIENTED_EDGE('',*,*,#556,.T.);
#1869 = ORIENTED_EDGE('',*,*,#1870,.T.);
#1870 = EDGE_CURVE('',#557,#1871,#1873,.T.);
#1871 = VERTEX_POINT('',#1872);
#1872 = CARTESIAN_POINT('',(16.95,95.578183294109,1.8));
#1873 = LINE('',#1874,#1875);
#1874 = CARTESIAN_POINT('',(16.95,95.578183294109,8.1));
#1875 = VECTOR('',#1876,1.);
#1876 = DIRECTION('',(-3.330669073875E-16,-4.440892098501E-16,-1.));
#1877 = ORIENTED_EDGE('',*,*,#1878,.T.);
#1878 = EDGE_CURVE('',#1871,#1823,#1879,.T.);
#1879 = LINE('',#1880,#1881);
#1880 = CARTESIAN_POINT('',(16.95,95.578183294109,1.8));
#1881 = VECTOR('',#1882,1.);
#1882 = DIRECTION('',(2.994368015519E-16,-1.,4.440892098501E-16));
#1883 = ORIENTED_EDGE('',*,*,#1822,.F.);
#1884 = PLANE('',#1885);
#1885 = AXIS2_PLACEMENT_3D('',#1886,#1887,#1888);
#1886 = CARTESIAN_POINT('',(16.95,95.578183294109,8.1));
#1887 = DIRECTION('',(-1.,-2.994368015519E-16,3.330669073875E-16));
#1888 = DIRECTION('',(2.994368015519E-16,-1.,4.440892098501E-16));
#1889 = ADVANCED_FACE('',(#1890),#1901,.T.);
#1890 = FACE_BOUND('',#1891,.T.);
#1891 = EDGE_LOOP('',(#1892,#1893,#1894,#1900));
#1892 = ORIENTED_EDGE('',*,*,#564,.T.);
#1893 = ORIENTED_EDGE('',*,*,#1855,.T.);
#1894 = ORIENTED_EDGE('',*,*,#1895,.T.);
#1895 = EDGE_CURVE('',#1848,#1871,#1896,.T.);
#1896 = LINE('',#1897,#1898);
#1897 = CARTESIAN_POINT('',(14.,97.281366588219,1.8));
#1898 = VECTOR('',#1899,1.);
#1899 = DIRECTION('',(0.866025403784,-0.5,-6.63997980325E-17));
#1900 = ORIENTED_EDGE('',*,*,#1870,.F.);
#1901 = PLANE('',#1902);
#1902 = AXIS2_PLACEMENT_3D('',#1903,#1904,#1905);
#1903 = CARTESIAN_POINT('',(14.,97.281366588219,8.1));
#1904 = DIRECTION('',(-0.5,-0.866025403784,5.511259909705E-16));
#1905 = DIRECTION('',(0.866025403784,-0.5,-6.63997980325E-17));
#1906 = ADVANCED_FACE('',(#1907),#1932,.T.);
#1907 = FACE_BOUND('',#1908,.T.);
#1908 = EDGE_LOOP('',(#1909,#1910,#1918,#1926));
#1909 = ORIENTED_EDGE('',*,*,#588,.T.);
#1910 = ORIENTED_EDGE('',*,*,#1911,.T.);
#1911 = EDGE_CURVE('',#591,#1912,#1914,.T.);
#1912 = VERTEX_POINT('',#1913);
#1913 = CARTESIAN_POINT('',(95.75,174.34363341178,1.8));
#1914 = LINE('',#1915,#1916);
#1915 = CARTESIAN_POINT('',(95.75,174.34363341178,8.1));
#1916 = VECTOR('',#1917,1.);
#1917 = DIRECTION('',(-3.330669073875E-16,-4.440892098501E-16,-1.));
#1918 = ORIENTED_EDGE('',*,*,#1919,.T.);
#1919 = EDGE_CURVE('',#1912,#1920,#1922,.T.);
#1920 = VERTEX_POINT('',#1921);
#1921 = CARTESIAN_POINT('',(92.8,176.04681670589,1.8));
#1922 = LINE('',#1923,#1924);
#1923 = CARTESIAN_POINT('',(95.75,174.34363341178,1.8));
#1924 = VECTOR('',#1925,1.);
#1925 = DIRECTION('',(-0.866025403784,0.5,6.63997980325E-17));
#1926 = ORIENTED_EDGE('',*,*,#1927,.F.);
#1927 = EDGE_CURVE('',#589,#1920,#1928,.T.);
#1928 = LINE('',#1929,#1930);
#1929 = CARTESIAN_POINT('',(92.8,176.04681670589,8.1));
#1930 = VECTOR('',#1931,1.);
#1931 = DIRECTION('',(-3.330669073875E-16,-4.440892098501E-16,-1.));
#1932 = PLANE('',#1933);
#1933 = AXIS2_PLACEMENT_3D('',#1934,#1935,#1936);
#1934 = CARTESIAN_POINT('',(95.75,174.34363341178,8.1));
#1935 = DIRECTION('',(0.5,0.866025403784,-5.511259909705E-16));
#1936 = DIRECTION('',(-0.866025403784,0.5,6.63997980325E-17));
#1937 = ADVANCED_FACE('',(#1938),#1956,.T.);
#1938 = FACE_BOUND('',#1939,.T.);
#1939 = EDGE_LOOP('',(#1940,#1941,#1942,#1950));
#1940 = ORIENTED_EDGE('',*,*,#630,.T.);
#1941 = ORIENTED_EDGE('',*,*,#1927,.T.);
#1942 = ORIENTED_EDGE('',*,*,#1943,.T.);
#1943 = EDGE_CURVE('',#1920,#1944,#1946,.T.);
#1944 = VERTEX_POINT('',#1945);
#1945 = CARTESIAN_POINT('',(92.8,179.4531832941,1.8));
#1946 = LINE('',#1947,#1948);
#1947 = CARTESIAN_POINT('',(92.8,176.04681670589,1.8));
#1948 = VECTOR('',#1949,1.);
#1949 = DIRECTION('',(2.22044604925E-16,1.,-4.440892098501E-16));
#1950 = ORIENTED_EDGE('',*,*,#1951,.F.);
#1951 = EDGE_CURVE('',#623,#1944,#1952,.T.);
#1952 = LINE('',#1953,#1954);
#1953 = CARTESIAN_POINT('',(92.8,179.4531832941,8.1));
#1954 = VECTOR('',#1955,1.);
#1955 = DIRECTION('',(-3.330669073875E-16,-4.440892098501E-16,-1.));
#1956 = PLANE('',#1957);
#1957 = AXIS2_PLACEMENT_3D('',#1958,#1959,#1960);
#1958 = CARTESIAN_POINT('',(92.8,176.04681670589,8.1));
#1959 = DIRECTION('',(1.,-2.22044604925E-16,-3.330669073875E-16));
#1960 = DIRECTION('',(2.22044604925E-16,1.,-4.440892098501E-16));
#1961 = ADVANCED_FACE('',(#1962),#1980,.T.);
#1962 = FACE_BOUND('',#1963,.T.);
#1963 = EDGE_LOOP('',(#1964,#1965,#1973,#1979));
#1964 = ORIENTED_EDGE('',*,*,#598,.T.);
#1965 = ORIENTED_EDGE('',*,*,#1966,.T.);
#1966 = EDGE_CURVE('',#599,#1967,#1969,.T.);
#1967 = VERTEX_POINT('',#1968);
#1968 = CARTESIAN_POINT('',(98.7,176.04681670589,1.8));
#1969 = LINE('',#1970,#1971);
#1970 = CARTESIAN_POINT('',(98.7,176.04681670589,8.1));
#1971 = VECTOR('',#1972,1.);
#1972 = DIRECTION('',(-3.330669073875E-16,-4.440892098501E-16,-1.));
#1973 = ORIENTED_EDGE('',*,*,#1974,.T.);
#1974 = EDGE_CURVE('',#1967,#1912,#1975,.T.);
#1975 = LINE('',#1976,#1977);
#1976 = CARTESIAN_POINT('',(98.7,176.04681670589,1.8));
#1977 = VECTOR('',#1978,1.);
#1978 = DIRECTION('',(-0.866025403784,-0.5,5.104890078826E-16));
#1979 = ORIENTED_EDGE('',*,*,#1911,.F.);
#1980 = PLANE('',#1981);
#1981 = AXIS2_PLACEMENT_3D('',#1982,#1983,#1984);
#1982 = CARTESIAN_POINT('',(98.7,176.04681670589,8.1));
#1983 = DIRECTION('',(-0.5,0.866025403784,-2.180590835829E-16));
#1984 = DIRECTION('',(-0.866025403784,-0.5,5.104890078826E-16));
#1985 = ADVANCED_FACE('',(#1986),#2004,.T.);
#1986 = FACE_BOUND('',#1987,.T.);
#1987 = EDGE_LOOP('',(#1988,#1989,#1990,#1998));
#1988 = ORIENTED_EDGE('',*,*,#622,.T.);
#1989 = ORIENTED_EDGE('',*,*,#1951,.T.);
#1990 = ORIENTED_EDGE('',*,*,#1991,.T.);
#1991 = EDGE_CURVE('',#1944,#1992,#1994,.T.);
#1992 = VERTEX_POINT('',#1993);
#1993 = CARTESIAN_POINT('',(95.75,181.15636658821,1.8));
#1994 = LINE('',#1995,#1996);
#1995 = CARTESIAN_POINT('',(92.8,179.4531832941,1.8));
#1996 = VECTOR('',#1997,1.);
#1997 = DIRECTION('',(0.866025403784,0.5,-5.104890078826E-16));
#1998 = ORIENTED_EDGE('',*,*,#1999,.F.);
#1999 = EDGE_CURVE('',#615,#1992,#2000,.T.);
#2000 = LINE('',#2001,#2002);
#2001 = CARTESIAN_POINT('',(95.75,181.15636658821,8.1));
#2002 = VECTOR('',#2003,1.);
#2003 = DIRECTION('',(-3.330669073875E-16,-4.440892098501E-16,-1.));
#2004 = PLANE('',#2005);
#2005 = AXIS2_PLACEMENT_3D('',#2006,#2007,#2008);
#2006 = CARTESIAN_POINT('',(92.8,179.4531832941,8.1));
#2007 = DIRECTION('',(0.5,-0.866025403784,2.180590835829E-16));
#2008 = DIRECTION('',(0.866025403784,0.5,-5.104890078826E-16));
#2009 = ADVANCED_FACE('',(#2010),#2028,.T.);
#2010 = FACE_BOUND('',#2011,.T.);
#2011 = EDGE_LOOP('',(#2012,#2013,#2021,#2027));
#2012 = ORIENTED_EDGE('',*,*,#606,.T.);
#2013 = ORIENTED_EDGE('',*,*,#2014,.T.);
#2014 = EDGE_CURVE('',#607,#2015,#2017,.T.);
#2015 = VERTEX_POINT('',#2016);
#2016 = CARTESIAN_POINT('',(98.7,179.4531832941,1.8));
#2017 = LINE('',#2018,#2019);
#2018 = CARTESIAN_POINT('',(98.7,179.4531832941,8.1));
#2019 = VECTOR('',#2020,1.);
#2020 = DIRECTION('',(-3.330669073875E-16,-4.440892098501E-16,-1.));
#2021 = ORIENTED_EDGE('',*,*,#2022,.T.);
#2022 = EDGE_CURVE('',#2015,#1967,#2023,.T.);
#2023 = LINE('',#2024,#2025);
#2024 = CARTESIAN_POINT('',(98.7,179.4531832941,1.8));
#2025 = VECTOR('',#2026,1.);
#2026 = DIRECTION('',(-2.22044604925E-16,-1.,4.440892098501E-16));
#2027 = ORIENTED_EDGE('',*,*,#1966,.F.);
#2028 = PLANE('',#2029);
#2029 = AXIS2_PLACEMENT_3D('',#2030,#2031,#2032);
#2030 = CARTESIAN_POINT('',(98.7,179.4531832941,8.1));
#2031 = DIRECTION('',(-1.,2.22044604925E-16,3.330669073875E-16));
#2032 = DIRECTION('',(-2.22044604925E-16,-1.,4.440892098501E-16));
#2033 = ADVANCED_FACE('',(#2034),#2045,.T.);
#2034 = FACE_BOUND('',#2035,.T.);
#2035 = EDGE_LOOP('',(#2036,#2037,#2038,#2044));
#2036 = ORIENTED_EDGE('',*,*,#614,.T.);
#2037 = ORIENTED_EDGE('',*,*,#1999,.T.);
#2038 = ORIENTED_EDGE('',*,*,#2039,.T.);
#2039 = EDGE_CURVE('',#1992,#2015,#2040,.T.);
#2040 = LINE('',#2041,#2042);
#2041 = CARTESIAN_POINT('',(95.75,181.15636658821,1.8));
#2042 = VECTOR('',#2043,1.);
#2043 = DIRECTION('',(0.866025403784,-0.5,-6.63997980325E-17));
#2044 = ORIENTED_EDGE('',*,*,#2014,.F.);
#2045 = PLANE('',#2046);
#2046 = AXIS2_PLACEMENT_3D('',#2047,#2048,#2049);
#2047 = CARTESIAN_POINT('',(95.75,181.15636658821,8.1));
#2048 = DIRECTION('',(-0.5,-0.866025403784,5.511259909705E-16));
#2049 = DIRECTION('',(0.866025403784,-0.5,-6.63997980325E-17));
#2050 = ADVANCED_FACE('',(#2051),#2076,.T.);
#2051 = FACE_BOUND('',#2052,.T.);
#2052 = EDGE_LOOP('',(#2053,#2054,#2062,#2070));
#2053 = ORIENTED_EDGE('',*,*,#638,.T.);
#2054 = ORIENTED_EDGE('',*,*,#2055,.T.);
#2055 = EDGE_CURVE('',#641,#2056,#2058,.T.);
#2056 = VERTEX_POINT('',#2057);
#2057 = CARTESIAN_POINT('',(177.5,174.34363341178,1.8));
#2058 = LINE('',#2059,#2060);
#2059 = CARTESIAN_POINT('',(177.5,174.34363341178,8.1));
#2060 = VECTOR('',#2061,1.);
#2061 = DIRECTION('',(-3.330669073875E-16,-4.440892098501E-16,-1.));
#2062 = ORIENTED_EDGE('',*,*,#2063,.T.);
#2063 = EDGE_CURVE('',#2056,#2064,#2066,.T.);
#2064 = VERTEX_POINT('',#2065);
#2065 = CARTESIAN_POINT('',(174.55,176.04681670589,1.8));
#2066 = LINE('',#2067,#2068);
#2067 = CARTESIAN_POINT('',(177.5,174.34363341178,1.8));
#2068 = VECTOR('',#2069,1.);
#2069 = DIRECTION('',(-0.866025403784,0.5,6.63997980325E-17));
#2070 = ORIENTED_EDGE('',*,*,#2071,.F.);
#2071 = EDGE_CURVE('',#639,#2064,#2072,.T.);
#2072 = LINE('',#2073,#2074);
#2073 = CARTESIAN_POINT('',(174.55,176.04681670589,8.1));
#2074 = VECTOR('',#2075,1.);
#2075 = DIRECTION('',(-3.330669073875E-16,-4.440892098501E-16,-1.));
#2076 = PLANE('',#2077);
#2077 = AXIS2_PLACEMENT_3D('',#2078,#2079,#2080);
#2078 = CARTESIAN_POINT('',(177.5,174.34363341178,8.1));
#2079 = DIRECTION('',(0.5,0.866025403784,-5.511259909705E-16));
#2080 = DIRECTION('',(-0.866025403784,0.5,6.63997980325E-17));
#2081 = ADVANCED_FACE('',(#2082),#2100,.T.);
#2082 = FACE_BOUND('',#2083,.T.);
#2083 = EDGE_LOOP('',(#2084,#2085,#2086,#2094));
#2084 = ORIENTED_EDGE('',*,*,#680,.T.);
#2085 = ORIENTED_EDGE('',*,*,#2071,.T.);
#2086 = ORIENTED_EDGE('',*,*,#2087,.T.);
#2087 = EDGE_CURVE('',#2064,#2088,#2090,.T.);
#2088 = VERTEX_POINT('',#2089);
#2089 = CARTESIAN_POINT('',(174.55,179.4531832941,1.8));
#2090 = LINE('',#2091,#2092);
#2091 = CARTESIAN_POINT('',(174.55,176.04681670589,1.8));
#2092 = VECTOR('',#2093,1.);
#2093 = DIRECTION('',(2.22044604925E-16,1.,-4.440892098501E-16));
#2094 = ORIENTED_EDGE('',*,*,#2095,.F.);
#2095 = EDGE_CURVE('',#673,#2088,#2096,.T.);
#2096 = LINE('',#2097,#2098);
#2097 = CARTESIAN_POINT('',(174.55,179.4531832941,8.1));
#2098 = VECTOR('',#2099,1.);
#2099 = DIRECTION('',(-3.330669073875E-16,-4.440892098501E-16,-1.));
#2100 = PLANE('',#2101);
#2101 = AXIS2_PLACEMENT_3D('',#2102,#2103,#2104);
#2102 = CARTESIAN_POINT('',(174.55,176.04681670589,8.1));
#2103 = DIRECTION('',(1.,-2.22044604925E-16,-3.330669073875E-16));
#2104 = DIRECTION('',(2.22044604925E-16,1.,-4.440892098501E-16));
#2105 = ADVANCED_FACE('',(#2106),#2124,.T.);
#2106 = FACE_BOUND('',#2107,.T.);
#2107 = EDGE_LOOP('',(#2108,#2109,#2117,#2123));
#2108 = ORIENTED_EDGE('',*,*,#648,.T.);
#2109 = ORIENTED_EDGE('',*,*,#2110,.T.);
#2110 = EDGE_CURVE('',#649,#2111,#2113,.T.);
#2111 = VERTEX_POINT('',#2112);
#2112 = CARTESIAN_POINT('',(180.45,176.04681670589,1.8));
#2113 = LINE('',#2114,#2115);
#2114 = CARTESIAN_POINT('',(180.45,176.04681670589,8.1));
#2115 = VECTOR('',#2116,1.);
#2116 = DIRECTION('',(-3.330669073875E-16,-4.440892098501E-16,-1.));
#2117 = ORIENTED_EDGE('',*,*,#2118,.T.);
#2118 = EDGE_CURVE('',#2111,#2056,#2119,.T.);
#2119 = LINE('',#2120,#2121);
#2120 = CARTESIAN_POINT('',(180.45,176.04681670589,1.8));
#2121 = VECTOR('',#2122,1.);
#2122 = DIRECTION('',(-0.866025403784,-0.5,5.104890078826E-16));
#2123 = ORIENTED_EDGE('',*,*,#2055,.F.);
#2124 = PLANE('',#2125);
#2125 = AXIS2_PLACEMENT_3D('',#2126,#2127,#2128);
#2126 = CARTESIAN_POINT('',(180.45,176.04681670589,8.1));
#2127 = DIRECTION('',(-0.5,0.866025403784,-2.180590835829E-16));
#2128 = DIRECTION('',(-0.866025403784,-0.5,5.104890078826E-16));
#2129 = ADVANCED_FACE('',(#2130),#2148,.T.);
#2130 = FACE_BOUND('',#2131,.T.);
#2131 = EDGE_LOOP('',(#2132,#2133,#2134,#2142));
#2132 = ORIENTED_EDGE('',*,*,#672,.T.);
#2133 = ORIENTED_EDGE('',*,*,#2095,.T.);
#2134 = ORIENTED_EDGE('',*,*,#2135,.T.);
#2135 = EDGE_CURVE('',#2088,#2136,#2138,.T.);
#2136 = VERTEX_POINT('',#2137);
#2137 = CARTESIAN_POINT('',(177.5,181.15636658821,1.8));
#2138 = LINE('',#2139,#2140);
#2139 = CARTESIAN_POINT('',(174.55,179.4531832941,1.8));
#2140 = VECTOR('',#2141,1.);
#2141 = DIRECTION('',(0.866025403784,0.5,-5.104890078826E-16));
#2142 = ORIENTED_EDGE('',*,*,#2143,.F.);
#2143 = EDGE_CURVE('',#665,#2136,#2144,.T.);
#2144 = LINE('',#2145,#2146);
#2145 = CARTESIAN_POINT('',(177.5,181.15636658821,8.1));
#2146 = VECTOR('',#2147,1.);
#2147 = DIRECTION('',(-3.330669073875E-16,-4.440892098501E-16,-1.));
#2148 = PLANE('',#2149);
#2149 = AXIS2_PLACEMENT_3D('',#2150,#2151,#2152);
#2150 = CARTESIAN_POINT('',(174.55,179.4531832941,8.1));
#2151 = DIRECTION('',(0.5,-0.866025403784,2.180590835829E-16));
#2152 = DIRECTION('',(0.866025403784,0.5,-5.104890078826E-16));
#2153 = ADVANCED_FACE('',(#2154),#2172,.T.);
#2154 = FACE_BOUND('',#2155,.T.);
#2155 = EDGE_LOOP('',(#2156,#2157,#2165,#2171));
#2156 = ORIENTED_EDGE('',*,*,#656,.T.);
#2157 = ORIENTED_EDGE('',*,*,#2158,.T.);
#2158 = EDGE_CURVE('',#657,#2159,#2161,.T.);
#2159 = VERTEX_POINT('',#2160);
#2160 = CARTESIAN_POINT('',(180.45,179.4531832941,1.8));
#2161 = LINE('',#2162,#2163);
#2162 = CARTESIAN_POINT('',(180.45,179.4531832941,8.1));
#2163 = VECTOR('',#2164,1.);
#2164 = DIRECTION('',(-3.330669073875E-16,-4.440892098501E-16,-1.));
#2165 = ORIENTED_EDGE('',*,*,#2166,.T.);
#2166 = EDGE_CURVE('',#2159,#2111,#2167,.T.);
#2167 = LINE('',#2168,#2169);
#2168 = CARTESIAN_POINT('',(180.45,179.4531832941,1.8));
#2169 = VECTOR('',#2170,1.);
#2170 = DIRECTION('',(-2.22044604925E-16,-1.,4.440892098501E-16));
#2171 = ORIENTED_EDGE('',*,*,#2110,.F.);
#2172 = PLANE('',#2173);
#2173 = AXIS2_PLACEMENT_3D('',#2174,#2175,#2176);
#2174 = CARTESIAN_POINT('',(180.45,179.4531832941,8.1));
#2175 = DIRECTION('',(-1.,2.22044604925E-16,3.330669073875E-16));
#2176 = DIRECTION('',(-2.22044604925E-16,-1.,4.440892098501E-16));
#2177 = ADVANCED_FACE('',(#2178),#2189,.T.);
#2178 = FACE_BOUND('',#2179,.T.);
#2179 = EDGE_LOOP('',(#2180,#2181,#2182,#2188));
#2180 = ORIENTED_EDGE('',*,*,#664,.T.);
#2181 = ORIENTED_EDGE('',*,*,#2143,.T.);
#2182 = ORIENTED_EDGE('',*,*,#2183,.T.);
#2183 = EDGE_CURVE('',#2136,#2159,#2184,.T.);
#2184 = LINE('',#2185,#2186);
#2185 = CARTESIAN_POINT('',(177.5,181.15636658821,1.8));
#2186 = VECTOR('',#2187,1.);
#2187 = DIRECTION('',(0.866025403784,-0.5,-6.63997980325E-17));
#2188 = ORIENTED_EDGE('',*,*,#2158,.F.);
#2189 = PLANE('',#2190);
#2190 = AXIS2_PLACEMENT_3D('',#2191,#2192,#2193);
#2191 = CARTESIAN_POINT('',(177.5,181.15636658821,8.1));
#2192 = DIRECTION('',(-0.5,-0.866025403784,5.511259909705E-16));
#2193 = DIRECTION('',(0.866025403784,-0.5,-6.63997980325E-17));
#2194 = ADVANCED_FACE('',(#2195),#2220,.T.);
#2195 = FACE_BOUND('',#2196,.T.);
#2196 = EDGE_LOOP('',(#2197,#2198,#2206,#2214));
#2197 = ORIENTED_EDGE('',*,*,#722,.T.);
#2198 = ORIENTED_EDGE('',*,*,#2199,.T.);
#2199 = EDGE_CURVE('',#725,#2200,#2202,.T.);
#2200 = VERTEX_POINT('',#2201);
#2201 = CARTESIAN_POINT('',(177.5,90.468633411781,1.8));
#2202 = LINE('',#2203,#2204);
#2203 = CARTESIAN_POINT('',(177.5,90.468633411781,8.1));
#2204 = VECTOR('',#2205,1.);
#2205 = DIRECTION('',(-3.330669073875E-16,-4.440892098501E-16,-1.));
#2206 = ORIENTED_EDGE('',*,*,#2207,.T.);
#2207 = EDGE_CURVE('',#2200,#2208,#2210,.T.);
#2208 = VERTEX_POINT('',#2209);
#2209 = CARTESIAN_POINT('',(174.55,92.171816705891,1.8));
#2210 = LINE('',#2211,#2212);
#2211 = CARTESIAN_POINT('',(177.5,90.468633411781,1.8));
#2212 = VECTOR('',#2213,1.);
#2213 = DIRECTION('',(-0.866025403784,0.5,6.63997980325E-17));
#2214 = ORIENTED_EDGE('',*,*,#2215,.F.);
#2215 = EDGE_CURVE('',#723,#2208,#2216,.T.);
#2216 = LINE('',#2217,#2218);
#2217 = CARTESIAN_POINT('',(174.55,92.171816705891,8.1));
#2218 = VECTOR('',#2219,1.);
#2219 = DIRECTION('',(-3.330669073875E-16,-4.440892098501E-16,-1.));
#2220 = PLANE('',#2221);
#2221 = AXIS2_PLACEMENT_3D('',#2222,#2223,#2224);
#2222 = CARTESIAN_POINT('',(177.5,90.468633411781,8.1));
#2223 = DIRECTION('',(0.5,0.866025403784,-5.511259909705E-16));
#2224 = DIRECTION('',(-0.866025403784,0.5,6.63997980325E-17));
#2225 = ADVANCED_FACE('',(#2226),#2244,.T.);
#2226 = FACE_BOUND('',#2227,.T.);
#2227 = EDGE_LOOP('',(#2228,#2229,#2230,#2238));
#2228 = ORIENTED_EDGE('',*,*,#764,.T.);
#2229 = ORIENTED_EDGE('',*,*,#2215,.T.);
#2230 = ORIENTED_EDGE('',*,*,#2231,.T.);
#2231 = EDGE_CURVE('',#2208,#2232,#2234,.T.);
#2232 = VERTEX_POINT('',#2233);
#2233 = CARTESIAN_POINT('',(174.55,95.578183294109,1.8));
#2234 = LINE('',#2235,#2236);
#2235 = CARTESIAN_POINT('',(174.55,92.171816705891,1.8));
#2236 = VECTOR('',#2237,1.);
#2237 = DIRECTION('',(2.22044604925E-16,1.,-4.440892098501E-16));
#2238 = ORIENTED_EDGE('',*,*,#2239,.F.);
#2239 = EDGE_CURVE('',#757,#2232,#2240,.T.);
#2240 = LINE('',#2241,#2242);
#2241 = CARTESIAN_POINT('',(174.55,95.578183294109,8.1));
#2242 = VECTOR('',#2243,1.);
#2243 = DIRECTION('',(-3.330669073875E-16,-4.440892098501E-16,-1.));
#2244 = PLANE('',#2245);
#2245 = AXIS2_PLACEMENT_3D('',#2246,#2247,#2248);
#2246 = CARTESIAN_POINT('',(174.55,92.171816705891,8.1));
#2247 = DIRECTION('',(1.,-2.22044604925E-16,-3.330669073875E-16));
#2248 = DIRECTION('',(2.22044604925E-16,1.,-4.440892098501E-16));
#2249 = ADVANCED_FACE('',(#2250),#2268,.T.);
#2250 = FACE_BOUND('',#2251,.T.);
#2251 = EDGE_LOOP('',(#2252,#2253,#2261,#2267));
#2252 = ORIENTED_EDGE('',*,*,#732,.T.);
#2253 = ORIENTED_EDGE('',*,*,#2254,.T.);
#2254 = EDGE_CURVE('',#733,#2255,#2257,.T.);
#2255 = VERTEX_POINT('',#2256);
#2256 = CARTESIAN_POINT('',(180.45,92.171816705891,1.8));
#2257 = LINE('',#2258,#2259);
#2258 = CARTESIAN_POINT('',(180.45,92.171816705891,8.1));
#2259 = VECTOR('',#2260,1.);
#2260 = DIRECTION('',(-3.330669073875E-16,-4.440892098501E-16,-1.));
#2261 = ORIENTED_EDGE('',*,*,#2262,.T.);
#2262 = EDGE_CURVE('',#2255,#2200,#2263,.T.);
#2263 = LINE('',#2264,#2265);
#2264 = CARTESIAN_POINT('',(180.45,92.171816705891,1.8));
#2265 = VECTOR('',#2266,1.);
#2266 = DIRECTION('',(-0.866025403784,-0.5,5.104890078826E-16));
#2267 = ORIENTED_EDGE('',*,*,#2199,.F.);
#2268 = PLANE('',#2269);
#2269 = AXIS2_PLACEMENT_3D('',#2270,#2271,#2272);
#2270 = CARTESIAN_POINT('',(180.45,92.171816705891,8.1));
#2271 = DIRECTION('',(-0.5,0.866025403784,-2.180590835829E-16));
#2272 = DIRECTION('',(-0.866025403784,-0.5,5.104890078826E-16));
#2273 = ADVANCED_FACE('',(#2274),#2292,.T.);
#2274 = FACE_BOUND('',#2275,.T.);
#2275 = EDGE_LOOP('',(#2276,#2277,#2278,#2286));
#2276 = ORIENTED_EDGE('',*,*,#756,.T.);
#2277 = ORIENTED_EDGE('',*,*,#2239,.T.);
#2278 = ORIENTED_EDGE('',*,*,#2279,.T.);
#2279 = EDGE_CURVE('',#2232,#2280,#2282,.T.);
#2280 = VERTEX_POINT('',#2281);
#2281 = CARTESIAN_POINT('',(177.5,97.281366588219,1.8));
#2282 = LINE('',#2283,#2284);
#2283 = CARTESIAN_POINT('',(174.55,95.578183294109,1.8));
#2284 = VECTOR('',#2285,1.);
#2285 = DIRECTION('',(0.866025403784,0.5,-5.104890078826E-16));
#2286 = ORIENTED_EDGE('',*,*,#2287,.F.);
#2287 = EDGE_CURVE('',#749,#2280,#2288,.T.);
#2288 = LINE('',#2289,#2290);
#2289 = CARTESIAN_POINT('',(177.5,97.281366588219,8.1));
#2290 = VECTOR('',#2291,1.);
#2291 = DIRECTION('',(-3.330669073875E-16,-4.440892098501E-16,-1.));
#2292 = PLANE('',#2293);
#2293 = AXIS2_PLACEMENT_3D('',#2294,#2295,#2296);
#2294 = CARTESIAN_POINT('',(174.55,95.578183294109,8.1));
#2295 = DIRECTION('',(0.5,-0.866025403784,2.180590835829E-16));
#2296 = DIRECTION('',(0.866025403784,0.5,-5.104890078826E-16));
#2297 = ADVANCED_FACE('',(#2298),#2316,.T.);
#2298 = FACE_BOUND('',#2299,.T.);
#2299 = EDGE_LOOP('',(#2300,#2301,#2309,#2315));
#2300 = ORIENTED_EDGE('',*,*,#740,.T.);
#2301 = ORIENTED_EDGE('',*,*,#2302,.T.);
#2302 = EDGE_CURVE('',#741,#2303,#2305,.T.);
#2303 = VERTEX_POINT('',#2304);
#2304 = CARTESIAN_POINT('',(180.45,95.578183294109,1.8));
#2305 = LINE('',#2306,#2307);
#2306 = CARTESIAN_POINT('',(180.45,95.578183294109,8.1));
#2307 = VECTOR('',#2308,1.);
#2308 = DIRECTION('',(-3.330669073875E-16,-4.440892098501E-16,-1.));
#2309 = ORIENTED_EDGE('',*,*,#2310,.T.);
#2310 = EDGE_CURVE('',#2303,#2255,#2311,.T.);
#2311 = LINE('',#2312,#2313);
#2312 = CARTESIAN_POINT('',(180.45,95.578183294109,1.8));
#2313 = VECTOR('',#2314,1.);
#2314 = DIRECTION('',(-2.22044604925E-16,-1.,4.440892098501E-16));
#2315 = ORIENTED_EDGE('',*,*,#2254,.F.);
#2316 = PLANE('',#2317);
#2317 = AXIS2_PLACEMENT_3D('',#2318,#2319,#2320);
#2318 = CARTESIAN_POINT('',(180.45,95.578183294109,8.1));
#2319 = DIRECTION('',(-1.,2.22044604925E-16,3.330669073875E-16));
#2320 = DIRECTION('',(-2.22044604925E-16,-1.,4.440892098501E-16));
#2321 = ADVANCED_FACE('',(#2322),#2333,.T.);
#2322 = FACE_BOUND('',#2323,.T.);
#2323 = EDGE_LOOP('',(#2324,#2325,#2326,#2332));
#2324 = ORIENTED_EDGE('',*,*,#748,.T.);
#2325 = ORIENTED_EDGE('',*,*,#2287,.T.);
#2326 = ORIENTED_EDGE('',*,*,#2327,.T.);
#2327 = EDGE_CURVE('',#2280,#2303,#2328,.T.);
#2328 = LINE('',#2329,#2330);
#2329 = CARTESIAN_POINT('',(177.5,97.281366588219,1.8));
#2330 = VECTOR('',#2331,1.);
#2331 = DIRECTION('',(0.866025403784,-0.5,-6.63997980325E-17));
#2332 = ORIENTED_EDGE('',*,*,#2302,.F.);
#2333 = PLANE('',#2334);
#2334 = AXIS2_PLACEMENT_3D('',#2335,#2336,#2337);
#2335 = CARTESIAN_POINT('',(177.5,97.281366588219,8.1));
#2336 = DIRECTION('',(-0.5,-0.866025403784,5.511259909705E-16));
#2337 = DIRECTION('',(0.866025403784,-0.5,-6.63997980325E-17));
#2338 = ADVANCED_FACE('',(#2339),#2364,.T.);
#2339 = FACE_BOUND('',#2340,.T.);
#2340 = EDGE_LOOP('',(#2341,#2342,#2350,#2358));
#2341 = ORIENTED_EDGE('',*,*,#772,.T.);
#2342 = ORIENTED_EDGE('',*,*,#2343,.T.);
#2343 = EDGE_CURVE('',#775,#2344,#2346,.T.);
#2344 = VERTEX_POINT('',#2345);
#2345 = CARTESIAN_POINT('',(14.,6.593633411781,1.8));
#2346 = LINE('',#2347,#2348);
#2347 = CARTESIAN_POINT('',(14.,6.593633411781,8.1));
#2348 = VECTOR('',#2349,1.);
#2349 = DIRECTION('',(-3.330669073875E-16,-4.440892098501E-16,-1.));
#2350 = ORIENTED_EDGE('',*,*,#2351,.T.);
#2351 = EDGE_CURVE('',#2344,#2352,#2354,.T.);
#2352 = VERTEX_POINT('',#2353);
#2353 = CARTESIAN_POINT('',(11.05,8.296816705891,1.8));
#2354 = LINE('',#2355,#2356);
#2355 = CARTESIAN_POINT('',(14.,6.593633411781,1.8));
#2356 = VECTOR('',#2357,1.);
#2357 = DIRECTION('',(-0.866025403784,0.5,6.639979803251E-17));
#2358 = ORIENTED_EDGE('',*,*,#2359,.F.);
#2359 = EDGE_CURVE('',#773,#2352,#2360,.T.);
#2360 = LINE('',#2361,#2362);
#2361 = CARTESIAN_POINT('',(11.05,8.296816705891,8.1));
#2362 = VECTOR('',#2363,1.);
#2363 = DIRECTION('',(-3.330669073875E-16,-4.440892098501E-16,-1.));
#2364 = PLANE('',#2365);
#2365 = AXIS2_PLACEMENT_3D('',#2366,#2367,#2368);
#2366 = CARTESIAN_POINT('',(14.,6.593633411781,8.1));
#2367 = DIRECTION('',(0.5,0.866025403784,-5.511259909705E-16));
#2368 = DIRECTION('',(-0.866025403784,0.5,6.639979803251E-17));
#2369 = ADVANCED_FACE('',(#2370),#2388,.T.);
#2370 = FACE_BOUND('',#2371,.T.);
#2371 = EDGE_LOOP('',(#2372,#2373,#2374,#2382));
#2372 = ORIENTED_EDGE('',*,*,#814,.T.);
#2373 = ORIENTED_EDGE('',*,*,#2359,.T.);
#2374 = ORIENTED_EDGE('',*,*,#2375,.T.);
#2375 = EDGE_CURVE('',#2352,#2376,#2378,.T.);
#2376 = VERTEX_POINT('',#2377);
#2377 = CARTESIAN_POINT('',(11.05,11.703183294109,1.8));
#2378 = LINE('',#2379,#2380);
#2379 = CARTESIAN_POINT('',(11.05,8.296816705891,1.8));
#2380 = VECTOR('',#2381,1.);
#2381 = DIRECTION('',(4.827853081635E-16,1.,-4.440892098501E-16));
#2382 = ORIENTED_EDGE('',*,*,#2383,.F.);
#2383 = EDGE_CURVE('',#807,#2376,#2384,.T.);
#2384 = LINE('',#2385,#2386);
#2385 = CARTESIAN_POINT('',(11.05,11.703183294109,8.1));
#2386 = VECTOR('',#2387,1.);
#2387 = DIRECTION('',(-3.330669073875E-16,-4.440892098501E-16,-1.));
#2388 = PLANE('',#2389);
#2389 = AXIS2_PLACEMENT_3D('',#2390,#2391,#2392);
#2390 = CARTESIAN_POINT('',(11.05,8.296816705891,8.1));
#2391 = DIRECTION('',(1.,-4.827853081635E-16,-3.330669073875E-16));
#2392 = DIRECTION('',(4.827853081635E-16,1.,-4.440892098501E-16));
#2393 = ADVANCED_FACE('',(#2394),#2412,.T.);
#2394 = FACE_BOUND('',#2395,.T.);
#2395 = EDGE_LOOP('',(#2396,#2397,#2405,#2411));
#2396 = ORIENTED_EDGE('',*,*,#782,.T.);
#2397 = ORIENTED_EDGE('',*,*,#2398,.T.);
#2398 = EDGE_CURVE('',#783,#2399,#2401,.T.);
#2399 = VERTEX_POINT('',#2400);
#2400 = CARTESIAN_POINT('',(16.95,8.296816705891,1.8));
#2401 = LINE('',#2402,#2403);
#2402 = CARTESIAN_POINT('',(16.95,8.296816705891,8.1));
#2403 = VECTOR('',#2404,1.);
#2404 = DIRECTION('',(-3.330669073875E-16,-4.440892098501E-16,-1.));
#2405 = ORIENTED_EDGE('',*,*,#2406,.T.);
#2406 = EDGE_CURVE('',#2399,#2344,#2407,.T.);
#2407 = LINE('',#2408,#2409);
#2408 = CARTESIAN_POINT('',(16.95,8.296816705891,1.8));
#2409 = VECTOR('',#2410,1.);
#2410 = DIRECTION('',(-0.866025403784,-0.5,5.104890078826E-16));
#2411 = ORIENTED_EDGE('',*,*,#2343,.F.);
#2412 = PLANE('',#2413);
#2413 = AXIS2_PLACEMENT_3D('',#2414,#2415,#2416);
#2414 = CARTESIAN_POINT('',(16.95,8.296816705891,8.1));
#2415 = DIRECTION('',(-0.5,0.866025403784,-2.180590835829E-16));
#2416 = DIRECTION('',(-0.866025403784,-0.5,5.104890078826E-16));
#2417 = ADVANCED_FACE('',(#2418),#2436,.T.);
#2418 = FACE_BOUND('',#2419,.T.);
#2419 = EDGE_LOOP('',(#2420,#2421,#2422,#2430));
#2420 = ORIENTED_EDGE('',*,*,#806,.T.);
#2421 = ORIENTED_EDGE('',*,*,#2383,.T.);
#2422 = ORIENTED_EDGE('',*,*,#2423,.T.);
#2423 = EDGE_CURVE('',#2376,#2424,#2426,.T.);
#2424 = VERTEX_POINT('',#2425);
#2425 = CARTESIAN_POINT('',(14.,13.406366588219,1.8));
#2426 = LINE('',#2427,#2428);
#2427 = CARTESIAN_POINT('',(11.05,11.703183294109,1.8));
#2428 = VECTOR('',#2429,1.);
#2429 = DIRECTION('',(0.866025403784,0.5,-5.104890078826E-16));
#2430 = ORIENTED_EDGE('',*,*,#2431,.F.);
#2431 = EDGE_CURVE('',#799,#2424,#2432,.T.);
#2432 = LINE('',#2433,#2434);
#2433 = CARTESIAN_POINT('',(14.,13.406366588219,8.1));
#2434 = VECTOR('',#2435,1.);
#2435 = DIRECTION('',(-3.330669073875E-16,-4.440892098501E-16,-1.));
#2436 = PLANE('',#2437);
#2437 = AXIS2_PLACEMENT_3D('',#2438,#2439,#2440);
#2438 = CARTESIAN_POINT('',(11.05,11.703183294109,8.1));
#2439 = DIRECTION('',(0.5,-0.866025403784,2.180590835829E-16));
#2440 = DIRECTION('',(0.866025403784,0.5,-5.104890078826E-16));
#2441 = ADVANCED_FACE('',(#2442),#2460,.T.);
#2442 = FACE_BOUND('',#2443,.T.);
#2443 = EDGE_LOOP('',(#2444,#2445,#2453,#2459));
#2444 = ORIENTED_EDGE('',*,*,#790,.T.);
#2445 = ORIENTED_EDGE('',*,*,#2446,.T.);
#2446 = EDGE_CURVE('',#791,#2447,#2449,.T.);
#2447 = VERTEX_POINT('',#2448);
#2448 = CARTESIAN_POINT('',(16.95,11.703183294109,1.8));
#2449 = LINE('',#2450,#2451);
#2450 = CARTESIAN_POINT('',(16.95,11.703183294109,8.1));
#2451 = VECTOR('',#2452,1.);
#2452 = DIRECTION('',(-3.330669073875E-16,-4.440892098501E-16,-1.));
#2453 = ORIENTED_EDGE('',*,*,#2454,.T.);
#2454 = EDGE_CURVE('',#2447,#2399,#2455,.T.);
#2455 = LINE('',#2456,#2457);
#2456 = CARTESIAN_POINT('',(16.95,11.703183294109,1.8));
#2457 = VECTOR('',#2458,1.);
#2458 = DIRECTION('',(2.994368015519E-16,-1.,4.440892098501E-16));
#2459 = ORIENTED_EDGE('',*,*,#2398,.F.);
#2460 = PLANE('',#2461);
#2461 = AXIS2_PLACEMENT_3D('',#2462,#2463,#2464);
#2462 = CARTESIAN_POINT('',(16.95,11.703183294109,8.1));
#2463 = DIRECTION('',(-1.,-2.994368015519E-16,3.330669073875E-16));
#2464 = DIRECTION('',(2.994368015519E-16,-1.,4.440892098501E-16));
#2465 = ADVANCED_FACE('',(#2466),#2477,.T.);
#2466 = FACE_BOUND('',#2467,.T.);
#2467 = EDGE_LOOP('',(#2468,#2469,#2470,#2476));
#2468 = ORIENTED_EDGE('',*,*,#798,.T.);
#2469 = ORIENTED_EDGE('',*,*,#2431,.T.);
#2470 = ORIENTED_EDGE('',*,*,#2471,.T.);
#2471 = EDGE_CURVE('',#2424,#2447,#2472,.T.);
#2472 = LINE('',#2473,#2474);
#2473 = CARTESIAN_POINT('',(14.,13.406366588219,1.8));
#2474 = VECTOR('',#2475,1.);
#2475 = DIRECTION('',(0.866025403784,-0.5,-6.639979803251E-17));
#2476 = ORIENTED_EDGE('',*,*,#2446,.F.);
#2477 = PLANE('',#2478);
#2478 = AXIS2_PLACEMENT_3D('',#2479,#2480,#2481);
#2479 = CARTESIAN_POINT('',(14.,13.406366588219,8.1));
#2480 = DIRECTION('',(-0.5,-0.866025403784,5.511259909705E-16));
#2481 = DIRECTION('',(0.866025403784,-0.5,-6.639979803251E-17));
#2482 = ADVANCED_FACE('',(#2483),#2518,.F.);
#2483 = FACE_BOUND('',#2484,.F.);
#2484 = EDGE_LOOP('',(#2485,#2496,#2505,#2511,#2512));
#2485 = ORIENTED_EDGE('',*,*,#2486,.T.);
#2486 = EDGE_CURVE('',#2487,#2489,#2491,.T.);
#2487 = VERTEX_POINT('',#2488);
#2488 = CARTESIAN_POINT('',(62.4,11.6,7.6));
#2489 = VERTEX_POINT('',#2490);
#2490 = CARTESIAN_POINT('',(62.8,12.,7.6));
#2491 = CIRCLE('',#2492,0.4);
#2492 = AXIS2_PLACEMENT_3D('',#2493,#2494,#2495);
#2493 = CARTESIAN_POINT('',(62.4,12.,7.6));
#2494 = DIRECTION('',(1.110223024625E-16,2.22044604925E-16,1.));
#2495 = DIRECTION('',(1.,-1.232595164408E-32,-1.110223024625E-16));
#2496 = ORIENTED_EDGE('',*,*,#2497,.T.);
#2497 = EDGE_CURVE('',#2489,#2498,#2500,.T.);
#2498 = VERTEX_POINT('',#2499);
#2499 = CARTESIAN_POINT('',(62.4,12.4,7.6));
#2500 = CIRCLE('',#2501,0.4);
#2501 = AXIS2_PLACEMENT_3D('',#2502,#2503,#2504);
#2502 = CARTESIAN_POINT('',(62.4,12.,7.6));
#2503 = DIRECTION('',(1.110223024625E-16,2.22044604925E-16,1.));
#2504 = DIRECTION('',(1.,-1.232595164408E-32,-1.110223024625E-16));
#2505 = ORIENTED_EDGE('',*,*,#2506,.T.);
#2506 = EDGE_CURVE('',#2498,#825,#2507,.T.);
#2507 = LINE('',#2508,#2509);
#2508 = CARTESIAN_POINT('',(62.4,12.4,7.6));
#2509 = VECTOR('',#2510,1.);
#2510 = DIRECTION('',(1.110223024625E-16,2.22044604925E-16,1.));
#2511 = ORIENTED_EDGE('',*,*,#822,.F.);
#2512 = ORIENTED_EDGE('',*,*,#2513,.F.);
#2513 = EDGE_CURVE('',#2487,#823,#2514,.T.);
#2514 = LINE('',#2515,#2516);
#2515 = CARTESIAN_POINT('',(62.4,11.6,7.6));
#2516 = VECTOR('',#2517,1.);
#2517 = DIRECTION('',(1.110223024625E-16,2.22044604925E-16,1.));
#2518 = CYLINDRICAL_SURFACE('',#2519,0.4);
#2519 = AXIS2_PLACEMENT_3D('',#2520,#2521,#2522);
#2520 = CARTESIAN_POINT('',(62.4,12.,7.6));
#2521 = DIRECTION('',(1.110223024625E-16,2.22044604925E-16,1.));
#2522 = DIRECTION('',(1.,-1.232595164408E-32,-1.110223024625E-16));
#2523 = ADVANCED_FACE('',(#2524),#2542,.F.);
#2524 = FACE_BOUND('',#2525,.F.);
#2525 = EDGE_LOOP('',(#2526,#2534,#2535,#2536));
#2526 = ORIENTED_EDGE('',*,*,#2527,.F.);
#2527 = EDGE_CURVE('',#2487,#2528,#2530,.T.);
#2528 = VERTEX_POINT('',#2529);
#2529 = CARTESIAN_POINT('',(60.4,11.6,7.6));
#2530 = LINE('',#2531,#2532);
#2531 = CARTESIAN_POINT('',(62.4,11.6,7.6));
#2532 = VECTOR('',#2533,1.);
#2533 = DIRECTION('',(-1.,1.224646799147E-16,1.110223024625E-16));
#2534 = ORIENTED_EDGE('',*,*,#2513,.T.);
#2535 = ORIENTED_EDGE('',*,*,#933,.T.);
#2536 = ORIENTED_EDGE('',*,*,#2537,.F.);
#2537 = EDGE_CURVE('',#2528,#926,#2538,.T.);
#2538 = LINE('',#2539,#2540);
#2539 = CARTESIAN_POINT('',(60.4,11.6,7.6));
#2540 = VECTOR('',#2541,1.);
#2541 = DIRECTION('',(1.110223024625E-16,2.22044604925E-16,1.));
#2542 = PLANE('',#2543);
#2543 = AXIS2_PLACEMENT_3D('',#2544,#2545,#2546);
#2544 = CARTESIAN_POINT('',(62.4,11.6,7.6));
#2545 = DIRECTION('',(-1.224646799147E-16,-1.,2.22044604925E-16));
#2546 = DIRECTION('',(1.110223024625E-16,2.22044604925E-16,1.));
#2547 = ADVANCED_FACE('',(#2548),#2566,.F.);
#2548 = FACE_BOUND('',#2549,.F.);
#2549 = EDGE_LOOP('',(#2550,#2558,#2559,#2560));
#2550 = ORIENTED_EDGE('',*,*,#2551,.F.);
#2551 = EDGE_CURVE('',#2528,#2552,#2554,.T.);
#2552 = VERTEX_POINT('',#2553);
#2553 = CARTESIAN_POINT('',(60.4,10.4,7.6));
#2554 = LINE('',#2555,#2556);
#2555 = CARTESIAN_POINT('',(60.4,12.,7.6));
#2556 = VECTOR('',#2557,1.);
#2557 = DIRECTION('',(1.110223024625E-16,-1.,2.22044604925E-16));
#2558 = ORIENTED_EDGE('',*,*,#2537,.T.);
#2559 = ORIENTED_EDGE('',*,*,#925,.T.);
#2560 = ORIENTED_EDGE('',*,*,#2561,.F.);
#2561 = EDGE_CURVE('',#2552,#918,#2562,.T.);
#2562 = LINE('',#2563,#2564);
#2563 = CARTESIAN_POINT('',(60.4,10.4,7.6));
#2564 = VECTOR('',#2565,1.);
#2565 = DIRECTION('',(1.110223024625E-16,2.22044604925E-16,1.));
#2566 = PLANE('',#2567);
#2567 = AXIS2_PLACEMENT_3D('',#2568,#2569,#2570);
#2568 = CARTESIAN_POINT('',(60.4,12.,7.6));
#2569 = DIRECTION('',(1.,1.110223024625E-16,-1.110223024625E-16));
#2570 = DIRECTION('',(1.110223024625E-16,2.22044604925E-16,1.));
#2571 = ADVANCED_FACE('',(#2572),#2590,.F.);
#2572 = FACE_BOUND('',#2573,.F.);
#2573 = EDGE_LOOP('',(#2574,#2582,#2583,#2584));
#2574 = ORIENTED_EDGE('',*,*,#2575,.F.);
#2575 = EDGE_CURVE('',#2552,#2576,#2578,.T.);
#2576 = VERTEX_POINT('',#2577);
#2577 = CARTESIAN_POINT('',(62.,10.4,7.6));
#2578 = LINE('',#2579,#2580);
#2579 = CARTESIAN_POINT('',(60.,10.4,7.6));
#2580 = VECTOR('',#2581,1.);
#2581 = DIRECTION('',(1.,-1.232595164408E-32,-1.110223024625E-16));
#2582 = ORIENTED_EDGE('',*,*,#2561,.T.);
#2583 = ORIENTED_EDGE('',*,*,#917,.T.);
#2584 = ORIENTED_EDGE('',*,*,#2585,.F.);
#2585 = EDGE_CURVE('',#2576,#909,#2586,.T.);
#2586 = LINE('',#2587,#2588);
#2587 = CARTESIAN_POINT('',(62.,10.4,7.6));
#2588 = VECTOR('',#2589,1.);
#2589 = DIRECTION('',(1.110223024625E-16,2.22044604925E-16,1.));
#2590 = PLANE('',#2591);
#2591 = AXIS2_PLACEMENT_3D('',#2592,#2593,#2594);
#2592 = CARTESIAN_POINT('',(60.,10.4,7.6));
#2593 = DIRECTION('',(-1.232595164408E-32,1.,-2.22044604925E-16));
#2594 = DIRECTION('',(1.110223024625E-16,2.22044604925E-16,1.));
#2595 = ADVANCED_FACE('',(#2596),#2624,.F.);
#2596 = FACE_BOUND('',#2597,.F.);
#2597 = EDGE_LOOP('',(#2598,#2599,#2607,#2616,#2623));
#2598 = ORIENTED_EDGE('',*,*,#908,.F.);
#2599 = ORIENTED_EDGE('',*,*,#2600,.F.);
#2600 = EDGE_CURVE('',#2601,#901,#2603,.T.);
#2601 = VERTEX_POINT('',#2602);
#2602 = CARTESIAN_POINT('',(62.,9.6,7.6));
#2603 = LINE('',#2604,#2605);
#2604 = CARTESIAN_POINT('',(62.,9.6,7.6));
#2605 = VECTOR('',#2606,1.);
#2606 = DIRECTION('',(1.110223024625E-16,2.22044604925E-16,1.));
#2607 = ORIENTED_EDGE('',*,*,#2608,.T.);
#2608 = EDGE_CURVE('',#2601,#2609,#2611,.T.);
#2609 = VERTEX_POINT('',#2610);
#2610 = CARTESIAN_POINT('',(62.4,10.,7.6));
#2611 = CIRCLE('',#2612,0.4);
#2612 = AXIS2_PLACEMENT_3D('',#2613,#2614,#2615);
#2613 = CARTESIAN_POINT('',(62.,10.,7.6));
#2614 = DIRECTION('',(1.110223024625E-16,2.22044604925E-16,1.));
#2615 = DIRECTION('',(1.,-1.232595164408E-32,-1.110223024625E-16));
#2616 = ORIENTED_EDGE('',*,*,#2617,.T.);
#2617 = EDGE_CURVE('',#2609,#2576,#2618,.T.);
#2618 = CIRCLE('',#2619,0.4);
#2619 = AXIS2_PLACEMENT_3D('',#2620,#2621,#2622);
#2620 = CARTESIAN_POINT('',(62.,10.,7.6));
#2621 = DIRECTION('',(1.110223024625E-16,2.22044604925E-16,1.));
#2622 = DIRECTION('',(1.,-1.232595164408E-32,-1.110223024625E-16));
#2623 = ORIENTED_EDGE('',*,*,#2585,.T.);
#2624 = CYLINDRICAL_SURFACE('',#2625,0.4);
#2625 = AXIS2_PLACEMENT_3D('',#2626,#2627,#2628);
#2626 = CARTESIAN_POINT('',(62.,10.,7.6));
#2627 = DIRECTION('',(1.110223024625E-16,2.22044604925E-16,1.));
#2628 = DIRECTION('',(1.,-1.232595164408E-32,-1.110223024625E-16));
#2629 = ADVANCED_FACE('',(#2630),#2648,.T.);
#2630 = FACE_BOUND('',#2631,.T.);
#2631 = EDGE_LOOP('',(#2632,#2640,#2646,#2647));
#2632 = ORIENTED_EDGE('',*,*,#2633,.F.);
#2633 = EDGE_CURVE('',#2634,#2601,#2636,.T.);
#2634 = VERTEX_POINT('',#2635);
#2635 = CARTESIAN_POINT('',(60.4,9.6,7.6));
#2636 = LINE('',#2637,#2638);
#2637 = CARTESIAN_POINT('',(60.,9.6,7.6));
#2638 = VECTOR('',#2639,1.);
#2639 = DIRECTION('',(1.,-1.232595164408E-32,-1.110223024625E-16));
#2640 = ORIENTED_EDGE('',*,*,#2641,.T.);
#2641 = EDGE_CURVE('',#2634,#893,#2642,.T.);
#2642 = LINE('',#2643,#2644);
#2643 = CARTESIAN_POINT('',(60.4,9.6,7.6));
#2644 = VECTOR('',#2645,1.);
#2645 = DIRECTION('',(1.110223024625E-16,2.22044604925E-16,1.));
#2646 = ORIENTED_EDGE('',*,*,#900,.T.);
#2647 = ORIENTED_EDGE('',*,*,#2600,.F.);
#2648 = PLANE('',#2649);
#2649 = AXIS2_PLACEMENT_3D('',#2650,#2651,#2652);
#2650 = CARTESIAN_POINT('',(60.,9.6,7.6));
#2651 = DIRECTION('',(-1.232595164408E-32,1.,-2.22044604925E-16));
#2652 = DIRECTION('',(1.110223024625E-16,2.22044604925E-16,1.));
#2653 = ADVANCED_FACE('',(#2654),#2672,.F.);
#2654 = FACE_BOUND('',#2655,.F.);
#2655 = EDGE_LOOP('',(#2656,#2664,#2665,#2666));
#2656 = ORIENTED_EDGE('',*,*,#2657,.F.);
#2657 = EDGE_CURVE('',#2634,#2658,#2660,.T.);
#2658 = VERTEX_POINT('',#2659);
#2659 = CARTESIAN_POINT('',(60.4,8.4,7.6));
#2660 = LINE('',#2661,#2662);
#2661 = CARTESIAN_POINT('',(60.4,12.,7.6));
#2662 = VECTOR('',#2663,1.);
#2663 = DIRECTION('',(1.110223024625E-16,-1.,2.22044604925E-16));
#2664 = ORIENTED_EDGE('',*,*,#2641,.T.);
#2665 = ORIENTED_EDGE('',*,*,#892,.T.);
#2666 = ORIENTED_EDGE('',*,*,#2667,.F.);
#2667 = EDGE_CURVE('',#2658,#885,#2668,.T.);
#2668 = LINE('',#2669,#2670);
#2669 = CARTESIAN_POINT('',(60.4,8.4,7.6));
#2670 = VECTOR('',#2671,1.);
#2671 = DIRECTION('',(1.110223024625E-16,2.22044604925E-16,1.));
#2672 = PLANE('',#2673);
#2673 = AXIS2_PLACEMENT_3D('',#2674,#2675,#2676);
#2674 = CARTESIAN_POINT('',(60.4,12.,7.6));
#2675 = DIRECTION('',(1.,1.110223024625E-16,-1.110223024625E-16));
#2676 = DIRECTION('',(1.110223024625E-16,2.22044604925E-16,1.));
#2677 = ADVANCED_FACE('',(#2678),#2696,.F.);
#2678 = FACE_BOUND('',#2679,.F.);
#2679 = EDGE_LOOP('',(#2680,#2688,#2689,#2690));
#2680 = ORIENTED_EDGE('',*,*,#2681,.F.);
#2681 = EDGE_CURVE('',#2658,#2682,#2684,.T.);
#2682 = VERTEX_POINT('',#2683);
#2683 = CARTESIAN_POINT('',(62.4,8.4,7.6));
#2684 = LINE('',#2685,#2686);
#2685 = CARTESIAN_POINT('',(60.,8.4,7.6));
#2686 = VECTOR('',#2687,1.);
#2687 = DIRECTION('',(1.,-1.232595164408E-32,-1.110223024625E-16));
#2688 = ORIENTED_EDGE('',*,*,#2667,.T.);
#2689 = ORIENTED_EDGE('',*,*,#884,.T.);
#2690 = ORIENTED_EDGE('',*,*,#2691,.F.);
#2691 = EDGE_CURVE('',#2682,#876,#2692,.T.);
#2692 = LINE('',#2693,#2694);
#2693 = CARTESIAN_POINT('',(62.4,8.4,7.6));
#2694 = VECTOR('',#2695,1.);
#2695 = DIRECTION('',(1.110223024625E-16,2.22044604925E-16,1.));
#2696 = PLANE('',#2697);
#2697 = AXIS2_PLACEMENT_3D('',#2698,#2699,#2700);
#2698 = CARTESIAN_POINT('',(60.,8.4,7.6));
#2699 = DIRECTION('',(-1.232595164408E-32,1.,-2.22044604925E-16));
#2700 = DIRECTION('',(1.110223024625E-16,2.22044604925E-16,1.));
#2701 = ADVANCED_FACE('',(#2702),#2730,.F.);
#2702 = FACE_BOUND('',#2703,.F.);
#2703 = EDGE_LOOP('',(#2704,#2705,#2713,#2722,#2729));
#2704 = ORIENTED_EDGE('',*,*,#875,.F.);
#2705 = ORIENTED_EDGE('',*,*,#2706,.F.);
#2706 = EDGE_CURVE('',#2707,#868,#2709,.T.);
#2707 = VERTEX_POINT('',#2708);
#2708 = CARTESIAN_POINT('',(62.4,7.6,7.6));
#2709 = LINE('',#2710,#2711);
#2710 = CARTESIAN_POINT('',(62.4,7.6,7.6));
#2711 = VECTOR('',#2712,1.);
#2712 = DIRECTION('',(1.110223024625E-16,2.22044604925E-16,1.));
#2713 = ORIENTED_EDGE('',*,*,#2714,.T.);
#2714 = EDGE_CURVE('',#2707,#2715,#2717,.T.);
#2715 = VERTEX_POINT('',#2716);
#2716 = CARTESIAN_POINT('',(62.8,8.,7.6));
#2717 = CIRCLE('',#2718,0.4);
#2718 = AXIS2_PLACEMENT_3D('',#2719,#2720,#2721);
#2719 = CARTESIAN_POINT('',(62.4,8.,7.6));
#2720 = DIRECTION('',(1.110223024625E-16,2.22044604925E-16,1.));
#2721 = DIRECTION('',(1.,-1.232595164408E-32,-1.110223024625E-16));
#2722 = ORIENTED_EDGE('',*,*,#2723,.T.);
#2723 = EDGE_CURVE('',#2715,#2682,#2724,.T.);
#2724 = CIRCLE('',#2725,0.4);
#2725 = AXIS2_PLACEMENT_3D('',#2726,#2727,#2728);
#2726 = CARTESIAN_POINT('',(62.4,8.,7.6));
#2727 = DIRECTION('',(1.110223024625E-16,2.22044604925E-16,1.));
#2728 = DIRECTION('',(1.,-1.232595164408E-32,-1.110223024625E-16));
#2729 = ORIENTED_EDGE('',*,*,#2691,.T.);
#2730 = CYLINDRICAL_SURFACE('',#2731,0.4);
#2731 = AXIS2_PLACEMENT_3D('',#2732,#2733,#2734);
#2732 = CARTESIAN_POINT('',(62.4,8.,7.6));
#2733 = DIRECTION('',(1.110223024625E-16,2.22044604925E-16,1.));
#2734 = DIRECTION('',(1.,-1.232595164408E-32,-1.110223024625E-16));
#2735 = ADVANCED_FACE('',(#2736),#2754,.T.);
#2736 = FACE_BOUND('',#2737,.T.);
#2737 = EDGE_LOOP('',(#2738,#2746,#2752,#2753));
#2738 = ORIENTED_EDGE('',*,*,#2739,.F.);
#2739 = EDGE_CURVE('',#2740,#2707,#2742,.T.);
#2740 = VERTEX_POINT('',#2741);
#2741 = CARTESIAN_POINT('',(60.,7.6,7.6));
#2742 = LINE('',#2743,#2744);
#2743 = CARTESIAN_POINT('',(60.,7.6,7.6));
#2744 = VECTOR('',#2745,1.);
#2745 = DIRECTION('',(1.,-1.232595164408E-32,-1.110223024625E-16));
#2746 = ORIENTED_EDGE('',*,*,#2747,.T.);
#2747 = EDGE_CURVE('',#2740,#859,#2748,.T.);
#2748 = LINE('',#2749,#2750);
#2749 = CARTESIAN_POINT('',(60.,7.6,7.6));
#2750 = VECTOR('',#2751,1.);
#2751 = DIRECTION('',(1.110223024625E-16,2.22044604925E-16,1.));
#2752 = ORIENTED_EDGE('',*,*,#867,.T.);
#2753 = ORIENTED_EDGE('',*,*,#2706,.F.);
#2754 = PLANE('',#2755);
#2755 = AXIS2_PLACEMENT_3D('',#2756,#2757,#2758);
#2756 = CARTESIAN_POINT('',(60.,7.6,7.6));
#2757 = DIRECTION('',(-1.232595164408E-32,1.,-2.22044604925E-16));
#2758 = DIRECTION('',(1.110223024625E-16,2.22044604925E-16,1.));
#2759 = ADVANCED_FACE('',(#2760),#2779,.F.);
#2760 = FACE_BOUND('',#2761,.F.);
#2761 = EDGE_LOOP('',(#2762,#2771,#2772,#2773));
#2762 = ORIENTED_EDGE('',*,*,#2763,.T.);
#2763 = EDGE_CURVE('',#2764,#2740,#2766,.T.);
#2764 = VERTEX_POINT('',#2765);
#2765 = CARTESIAN_POINT('',(59.6,8.,7.6));
#2766 = CIRCLE('',#2767,0.4);
#2767 = AXIS2_PLACEMENT_3D('',#2768,#2769,#2770);
#2768 = CARTESIAN_POINT('',(60.,8.,7.6));
#2769 = DIRECTION('',(1.110223024625E-16,2.22044604925E-16,1.));
#2770 = DIRECTION('',(1.,-1.232595164408E-32,-1.110223024625E-16));
#2771 = ORIENTED_EDGE('',*,*,#2747,.T.);
#2772 = ORIENTED_EDGE('',*,*,#858,.F.);
#2773 = ORIENTED_EDGE('',*,*,#2774,.F.);
#2774 = EDGE_CURVE('',#2764,#851,#2775,.T.);
#2775 = LINE('',#2776,#2777);
#2776 = CARTESIAN_POINT('',(59.6,8.,7.6));
#2777 = VECTOR('',#2778,1.);
#2778 = DIRECTION('',(1.110223024625E-16,2.22044604925E-16,1.));
#2779 = CYLINDRICAL_SURFACE('',#2780,0.4);
#2780 = AXIS2_PLACEMENT_3D('',#2781,#2782,#2783);
#2781 = CARTESIAN_POINT('',(60.,8.,7.6));
#2782 = DIRECTION('',(1.110223024625E-16,2.22044604925E-16,1.));
#2783 = DIRECTION('',(1.,-1.232595164408E-32,-1.110223024625E-16));
#2784 = ADVANCED_FACE('',(#2785),#2803,.T.);
#2785 = FACE_BOUND('',#2786,.T.);
#2786 = EDGE_LOOP('',(#2787,#2795,#2801,#2802));
#2787 = ORIENTED_EDGE('',*,*,#2788,.F.);
#2788 = EDGE_CURVE('',#2789,#2764,#2791,.T.);
#2789 = VERTEX_POINT('',#2790);
#2790 = CARTESIAN_POINT('',(59.6,12.,7.6));
#2791 = LINE('',#2792,#2793);
#2792 = CARTESIAN_POINT('',(59.6,12.,7.6));
#2793 = VECTOR('',#2794,1.);
#2794 = DIRECTION('',(1.110223024625E-16,-1.,2.22044604925E-16));
#2795 = ORIENTED_EDGE('',*,*,#2796,.T.);
#2796 = EDGE_CURVE('',#2789,#842,#2797,.T.);
#2797 = LINE('',#2798,#2799);
#2798 = CARTESIAN_POINT('',(59.6,12.,7.6));
#2799 = VECTOR('',#2800,1.);
#2800 = DIRECTION('',(1.110223024625E-16,2.22044604925E-16,1.));
#2801 = ORIENTED_EDGE('',*,*,#850,.T.);
#2802 = ORIENTED_EDGE('',*,*,#2774,.F.);
#2803 = PLANE('',#2804);
#2804 = AXIS2_PLACEMENT_3D('',#2805,#2806,#2807);
#2805 = CARTESIAN_POINT('',(59.6,12.,7.6));
#2806 = DIRECTION('',(1.,1.110223024625E-16,-1.110223024625E-16));
#2807 = DIRECTION('',(1.110223024625E-16,2.22044604925E-16,1.));
#2808 = ADVANCED_FACE('',(#2809),#2828,.F.);
#2809 = FACE_BOUND('',#2810,.F.);
#2810 = EDGE_LOOP('',(#2811,#2812,#2820,#2827));
#2811 = ORIENTED_EDGE('',*,*,#841,.F.);
#2812 = ORIENTED_EDGE('',*,*,#2813,.F.);
#2813 = EDGE_CURVE('',#2814,#834,#2816,.T.);
#2814 = VERTEX_POINT('',#2815);
#2815 = CARTESIAN_POINT('',(60.,12.4,7.6));
#2816 = LINE('',#2817,#2818);
#2817 = CARTESIAN_POINT('',(60.,12.4,7.6));
#2818 = VECTOR('',#2819,1.);
#2819 = DIRECTION('',(1.110223024625E-16,2.22044604925E-16,1.));
#2820 = ORIENTED_EDGE('',*,*,#2821,.T.);
#2821 = EDGE_CURVE('',#2814,#2789,#2822,.T.);
#2822 = CIRCLE('',#2823,0.4);
#2823 = AXIS2_PLACEMENT_3D('',#2824,#2825,#2826);
#2824 = CARTESIAN_POINT('',(60.,12.,7.6));
#2825 = DIRECTION('',(1.110223024625E-16,2.22044604925E-16,1.));
#2826 = DIRECTION('',(1.,-1.232595164408E-32,-1.110223024625E-16));
#2827 = ORIENTED_EDGE('',*,*,#2796,.T.);
#2828 = CYLINDRICAL_SURFACE('',#2829,0.4);
#2829 = AXIS2_PLACEMENT_3D('',#2830,#2831,#2832);
#2830 = CARTESIAN_POINT('',(60.,12.,7.6));
#2831 = DIRECTION('',(1.110223024625E-16,2.22044604925E-16,1.));
#2832 = DIRECTION('',(1.,-1.232595164408E-32,-1.110223024625E-16));
#2833 = ADVANCED_FACE('',(#2834),#2845,.T.);
#2834 = FACE_BOUND('',#2835,.T.);
#2835 = EDGE_LOOP('',(#2836,#2842,#2843,#2844));
#2836 = ORIENTED_EDGE('',*,*,#2837,.F.);
#2837 = EDGE_CURVE('',#2498,#2814,#2838,.T.);
#2838 = LINE('',#2839,#2840);
#2839 = CARTESIAN_POINT('',(62.4,12.4,7.6));
#2840 = VECTOR('',#2841,1.);
#2841 = DIRECTION('',(-1.,1.224646799147E-16,1.110223024625E-16));
#2842 = ORIENTED_EDGE('',*,*,#2506,.T.);
#2843 = ORIENTED_EDGE('',*,*,#833,.T.);
#2844 = ORIENTED_EDGE('',*,*,#2813,.F.);
#2845 = PLANE('',#2846);
#2846 = AXIS2_PLACEMENT_3D('',#2847,#2848,#2849);
#2847 = CARTESIAN_POINT('',(62.4,12.4,7.6));
#2848 = DIRECTION('',(-1.224646799147E-16,-1.,2.22044604925E-16));
#2849 = DIRECTION('',(1.110223024625E-16,2.22044604925E-16,1.));
#2850 = ADVANCED_FACE('',(#2851),#2876,.F.);
#2851 = FACE_BOUND('',#2852,.F.);
#2852 = EDGE_LOOP('',(#2853,#2863,#2869,#2870));
#2853 = ORIENTED_EDGE('',*,*,#2854,.F.);
#2854 = EDGE_CURVE('',#2855,#2857,#2859,.T.);
#2855 = VERTEX_POINT('',#2856);
#2856 = CARTESIAN_POINT('',(63.887652476223,11.249878019022,7.6));
#2857 = VERTEX_POINT('',#2858);
#2858 = CARTESIAN_POINT('',(64.687652476223,12.249878019022,7.6));
#2859 = LINE('',#2860,#2861);
#2860 = CARTESIAN_POINT('',(63.887652476223,11.249878019022,7.6));
#2861 = VECTOR('',#2862,1.);
#2862 = DIRECTION('',(0.624695047554,0.780868809443,-2.427427888075E-16)
  );
#2863 = ORIENTED_EDGE('',*,*,#2864,.T.);
#2864 = EDGE_CURVE('',#2855,#942,#2865,.T.);
#2865 = LINE('',#2866,#2867);
#2866 = CARTESIAN_POINT('',(63.887652476223,11.249878019022,7.6));
#2867 = VECTOR('',#2868,1.);
#2868 = DIRECTION('',(1.110223024625E-16,2.22044604925E-16,1.));
#2869 = ORIENTED_EDGE('',*,*,#941,.T.);
#2870 = ORIENTED_EDGE('',*,*,#2871,.F.);
#2871 = EDGE_CURVE('',#2857,#944,#2872,.T.);
#2872 = LINE('',#2873,#2874);
#2873 = CARTESIAN_POINT('',(64.687652476223,12.249878019022,7.6));
#2874 = VECTOR('',#2875,1.);
#2875 = DIRECTION('',(1.110223024625E-16,2.22044604925E-16,1.));
#2876 = PLANE('',#2877);
#2877 = AXIS2_PLACEMENT_3D('',#2878,#2879,#2880);
#2878 = CARTESIAN_POINT('',(63.887652476223,11.249878019022,7.6));
#2879 = DIRECTION('',(-0.780868809443,0.624695047554,-5.201631188732E-17
    ));
#2880 = DIRECTION('',(1.110223024625E-16,2.22044604925E-16,1.));
#2881 = ADVANCED_FACE('',(#2882),#2901,.F.);
#2882 = FACE_BOUND('',#2883,.F.);
#2883 = EDGE_LOOP('',(#2884,#2885,#2893,#2900));
#2884 = ORIENTED_EDGE('',*,*,#1026,.F.);
#2885 = ORIENTED_EDGE('',*,*,#2886,.F.);
#2886 = EDGE_CURVE('',#2887,#1019,#2889,.T.);
#2887 = VERTEX_POINT('',#2888);
#2888 = CARTESIAN_POINT('',(65.4,12.,7.6));
#2889 = LINE('',#2890,#2891);
#2890 = CARTESIAN_POINT('',(65.4,12.,7.6));
#2891 = VECTOR('',#2892,1.);
#2892 = DIRECTION('',(1.110223024625E-16,2.22044604925E-16,1.));
#2893 = ORIENTED_EDGE('',*,*,#2894,.T.);
#2894 = EDGE_CURVE('',#2887,#2857,#2895,.T.);
#2895 = CIRCLE('',#2896,0.4);
#2896 = AXIS2_PLACEMENT_3D('',#2897,#2898,#2899);
#2897 = CARTESIAN_POINT('',(65.,12.,7.6));
#2898 = DIRECTION('',(1.110223024625E-16,2.22044604925E-16,1.));
#2899 = DIRECTION('',(1.,-1.232595164408E-32,-1.110223024625E-16));
#2900 = ORIENTED_EDGE('',*,*,#2871,.T.);
#2901 = CYLINDRICAL_SURFACE('',#2902,0.4);
#2902 = AXIS2_PLACEMENT_3D('',#2903,#2904,#2905);
#2903 = CARTESIAN_POINT('',(65.,12.,7.6));
#2904 = DIRECTION('',(1.110223024625E-16,2.22044604925E-16,1.));
#2905 = DIRECTION('',(1.,-1.232595164408E-32,-1.110223024625E-16));
#2906 = ADVANCED_FACE('',(#2907),#2925,.F.);
#2907 = FACE_BOUND('',#2908,.F.);
#2908 = EDGE_LOOP('',(#2909,#2917,#2918,#2919));
#2909 = ORIENTED_EDGE('',*,*,#2910,.F.);
#2910 = EDGE_CURVE('',#2887,#2911,#2913,.T.);
#2911 = VERTEX_POINT('',#2912);
#2912 = CARTESIAN_POINT('',(65.4,8.4,7.6));
#2913 = LINE('',#2914,#2915);
#2914 = CARTESIAN_POINT('',(65.4,12.,7.6));
#2915 = VECTOR('',#2916,1.);
#2916 = DIRECTION('',(1.110223024625E-16,-1.,2.22044604925E-16));
#2917 = ORIENTED_EDGE('',*,*,#2886,.T.);
#2918 = ORIENTED_EDGE('',*,*,#1018,.T.);
#2919 = ORIENTED_EDGE('',*,*,#2920,.F.);
#2920 = EDGE_CURVE('',#2911,#1011,#2921,.T.);
#2921 = LINE('',#2922,#2923);
#2922 = CARTESIAN_POINT('',(65.4,8.4,7.6));
#2923 = VECTOR('',#2924,1.);
#2924 = DIRECTION('',(1.110223024625E-16,2.22044604925E-16,1.));
#2925 = PLANE('',#2926);
#2926 = AXIS2_PLACEMENT_3D('',#2927,#2928,#2929);
#2927 = CARTESIAN_POINT('',(65.4,12.,7.6));
#2928 = DIRECTION('',(1.,1.110223024625E-16,-1.110223024625E-16));
#2929 = DIRECTION('',(1.110223024625E-16,2.22044604925E-16,1.));
#2930 = ADVANCED_FACE('',(#2931),#2949,.F.);
#2931 = FACE_BOUND('',#2932,.F.);
#2932 = EDGE_LOOP('',(#2933,#2941,#2942,#2943));
#2933 = ORIENTED_EDGE('',*,*,#2934,.F.);
#2934 = EDGE_CURVE('',#2911,#2935,#2937,.T.);
#2935 = VERTEX_POINT('',#2936);
#2936 = CARTESIAN_POINT('',(66.2,8.4,7.6));
#2937 = LINE('',#2938,#2939);
#2938 = CARTESIAN_POINT('',(63.8,8.4,7.6));
#2939 = VECTOR('',#2940,1.);
#2940 = DIRECTION('',(1.,-1.232595164408E-32,-1.110223024625E-16));
#2941 = ORIENTED_EDGE('',*,*,#2920,.T.);
#2942 = ORIENTED_EDGE('',*,*,#1010,.T.);
#2943 = ORIENTED_EDGE('',*,*,#2944,.F.);
#2944 = EDGE_CURVE('',#2935,#1002,#2945,.T.);
#2945 = LINE('',#2946,#2947);
#2946 = CARTESIAN_POINT('',(66.2,8.4,7.6));
#2947 = VECTOR('',#2948,1.);
#2948 = DIRECTION('',(1.110223024625E-16,2.22044604925E-16,1.));
#2949 = PLANE('',#2950);
#2950 = AXIS2_PLACEMENT_3D('',#2951,#2952,#2953);
#2951 = CARTESIAN_POINT('',(63.8,8.4,7.6));
#2952 = DIRECTION('',(-1.232595164408E-32,1.,-2.22044604925E-16));
#2953 = DIRECTION('',(1.110223024625E-16,2.22044604925E-16,1.));
#2954 = ADVANCED_FACE('',(#2955),#2983,.F.);
#2955 = FACE_BOUND('',#2956,.F.);
#2956 = EDGE_LOOP('',(#2957,#2958,#2966,#2975,#2982));
#2957 = ORIENTED_EDGE('',*,*,#1001,.F.);
#2958 = ORIENTED_EDGE('',*,*,#2959,.F.);
#2959 = EDGE_CURVE('',#2960,#994,#2962,.T.);
#2960 = VERTEX_POINT('',#2961);
#2961 = CARTESIAN_POINT('',(66.2,7.6,7.6));
#2962 = LINE('',#2963,#2964);
#2963 = CARTESIAN_POINT('',(66.2,7.6,7.6));
#2964 = VECTOR('',#2965,1.);
#2965 = DIRECTION('',(1.110223024625E-16,2.22044604925E-16,1.));
#2966 = ORIENTED_EDGE('',*,*,#2967,.T.);
#2967 = EDGE_CURVE('',#2960,#2968,#2970,.T.);
#2968 = VERTEX_POINT('',#2969);
#2969 = CARTESIAN_POINT('',(66.6,8.,7.6));
#2970 = CIRCLE('',#2971,0.4);
#2971 = AXIS2_PLACEMENT_3D('',#2972,#2973,#2974);
#2972 = CARTESIAN_POINT('',(66.2,8.,7.6));
#2973 = DIRECTION('',(1.110223024625E-16,2.22044604925E-16,1.));
#2974 = DIRECTION('',(1.,-1.232595164408E-32,-1.110223024625E-16));
#2975 = ORIENTED_EDGE('',*,*,#2976,.T.);
#2976 = EDGE_CURVE('',#2968,#2935,#2977,.T.);
#2977 = CIRCLE('',#2978,0.4);
#2978 = AXIS2_PLACEMENT_3D('',#2979,#2980,#2981);
#2979 = CARTESIAN_POINT('',(66.2,8.,7.6));
#2980 = DIRECTION('',(1.110223024625E-16,2.22044604925E-16,1.));
#2981 = DIRECTION('',(1.,-1.232595164408E-32,-1.110223024625E-16));
#2982 = ORIENTED_EDGE('',*,*,#2944,.T.);
#2983 = CYLINDRICAL_SURFACE('',#2984,0.4);
#2984 = AXIS2_PLACEMENT_3D('',#2985,#2986,#2987);
#2985 = CARTESIAN_POINT('',(66.2,8.,7.6));
#2986 = DIRECTION('',(1.110223024625E-16,2.22044604925E-16,1.));
#2987 = DIRECTION('',(1.,-1.232595164408E-32,-1.110223024625E-16));
#2988 = ADVANCED_FACE('',(#2989),#3007,.T.);
#2989 = FACE_BOUND('',#2990,.T.);
#2990 = EDGE_LOOP('',(#2991,#2999,#3005,#3006));
#2991 = ORIENTED_EDGE('',*,*,#2992,.F.);
#2992 = EDGE_CURVE('',#2993,#2960,#2995,.T.);
#2993 = VERTEX_POINT('',#2994);
#2994 = CARTESIAN_POINT('',(63.8,7.6,7.6));
#2995 = LINE('',#2996,#2997);
#2996 = CARTESIAN_POINT('',(63.8,7.6,7.6));
#2997 = VECTOR('',#2998,1.);
#2998 = DIRECTION('',(1.,-1.232595164408E-32,-1.110223024625E-16));
#2999 = ORIENTED_EDGE('',*,*,#3000,.T.);
#3000 = EDGE_CURVE('',#2993,#985,#3001,.T.);
#3001 = LINE('',#3002,#3003);
#3002 = CARTESIAN_POINT('',(63.8,7.6,7.6));
#3003 = VECTOR('',#3004,1.);
#3004 = DIRECTION('',(1.110223024625E-16,2.22044604925E-16,1.));
#3005 = ORIENTED_EDGE('',*,*,#993,.T.);
#3006 = ORIENTED_EDGE('',*,*,#2959,.F.);
#3007 = PLANE('',#3008);
#3008 = AXIS2_PLACEMENT_3D('',#3009,#3010,#3011);
#3009 = CARTESIAN_POINT('',(63.8,7.6,7.6));
#3010 = DIRECTION('',(-1.232595164408E-32,1.,-2.22044604925E-16));
#3011 = DIRECTION('',(1.110223024625E-16,2.22044604925E-16,1.));
#3012 = ADVANCED_FACE('',(#3013),#3032,.F.);
#3013 = FACE_BOUND('',#3014,.F.);
#3014 = EDGE_LOOP('',(#3015,#3016,#3024,#3031));
#3015 = ORIENTED_EDGE('',*,*,#984,.F.);
#3016 = ORIENTED_EDGE('',*,*,#3017,.F.);
#3017 = EDGE_CURVE('',#3018,#977,#3020,.T.);
#3018 = VERTEX_POINT('',#3019);
#3019 = CARTESIAN_POINT('',(63.8,8.4,7.6));
#3020 = LINE('',#3021,#3022);
#3021 = CARTESIAN_POINT('',(63.8,8.4,7.6));
#3022 = VECTOR('',#3023,1.);
#3023 = DIRECTION('',(1.110223024625E-16,2.22044604925E-16,1.));
#3024 = ORIENTED_EDGE('',*,*,#3025,.T.);
#3025 = EDGE_CURVE('',#3018,#2993,#3026,.T.);
#3026 = CIRCLE('',#3027,0.4);
#3027 = AXIS2_PLACEMENT_3D('',#3028,#3029,#3030);
#3028 = CARTESIAN_POINT('',(63.8,8.,7.6));
#3029 = DIRECTION('',(1.110223024625E-16,2.22044604925E-16,1.));
#3030 = DIRECTION('',(1.,-1.232595164408E-32,-1.110223024625E-16));
#3031 = ORIENTED_EDGE('',*,*,#3000,.T.);
#3032 = CYLINDRICAL_SURFACE('',#3033,0.4);
#3033 = AXIS2_PLACEMENT_3D('',#3034,#3035,#3036);
#3034 = CARTESIAN_POINT('',(63.8,8.,7.6));
#3035 = DIRECTION('',(1.110223024625E-16,2.22044604925E-16,1.));
#3036 = DIRECTION('',(1.,-1.232595164408E-32,-1.110223024625E-16));
#3037 = ADVANCED_FACE('',(#3038),#3056,.F.);
#3038 = FACE_BOUND('',#3039,.F.);
#3039 = EDGE_LOOP('',(#3040,#3048,#3049,#3050));
#3040 = ORIENTED_EDGE('',*,*,#3041,.F.);
#3041 = EDGE_CURVE('',#3018,#3042,#3044,.T.);
#3042 = VERTEX_POINT('',#3043);
#3043 = CARTESIAN_POINT('',(64.6,8.4,7.6));
#3044 = LINE('',#3045,#3046);
#3045 = CARTESIAN_POINT('',(63.8,8.4,7.6));
#3046 = VECTOR('',#3047,1.);
#3047 = DIRECTION('',(1.,-1.232595164408E-32,-1.110223024625E-16));
#3048 = ORIENTED_EDGE('',*,*,#3017,.T.);
#3049 = ORIENTED_EDGE('',*,*,#976,.T.);
#3050 = ORIENTED_EDGE('',*,*,#3051,.F.);
#3051 = EDGE_CURVE('',#3042,#969,#3052,.T.);
#3052 = LINE('',#3053,#3054);
#3053 = CARTESIAN_POINT('',(64.6,8.4,7.6));
#3054 = VECTOR('',#3055,1.);
#3055 = DIRECTION('',(1.110223024625E-16,2.22044604925E-16,1.));
#3056 = PLANE('',#3057);
#3057 = AXIS2_PLACEMENT_3D('',#3058,#3059,#3060);
#3058 = CARTESIAN_POINT('',(63.8,8.4,7.6));
#3059 = DIRECTION('',(-1.232595164408E-32,1.,-2.22044604925E-16));
#3060 = DIRECTION('',(1.110223024625E-16,2.22044604925E-16,1.));
#3061 = ADVANCED_FACE('',(#3062),#3080,.T.);
#3062 = FACE_BOUND('',#3063,.T.);
#3063 = EDGE_LOOP('',(#3064,#3072,#3078,#3079));
#3064 = ORIENTED_EDGE('',*,*,#3065,.F.);
#3065 = EDGE_CURVE('',#3066,#3042,#3068,.T.);
#3066 = VERTEX_POINT('',#3067);
#3067 = CARTESIAN_POINT('',(64.6,10.859687576257,7.6));
#3068 = LINE('',#3069,#3070);
#3069 = CARTESIAN_POINT('',(64.6,12.,7.6));
#3070 = VECTOR('',#3071,1.);
#3071 = DIRECTION('',(1.110223024625E-16,-1.,2.22044604925E-16));
#3072 = ORIENTED_EDGE('',*,*,#3073,.F.);
#3073 = EDGE_CURVE('',#961,#3066,#3074,.T.);
#3074 = LINE('',#3075,#3076);
#3075 = CARTESIAN_POINT('',(64.6,10.859687576257,7.6));
#3076 = VECTOR('',#3077,1.);
#3077 = DIRECTION('',(-1.110223024625E-16,-2.22044604925E-16,-1.));
#3078 = ORIENTED_EDGE('',*,*,#968,.T.);
#3079 = ORIENTED_EDGE('',*,*,#3051,.F.);
#3080 = PLANE('',#3081);
#3081 = AXIS2_PLACEMENT_3D('',#3082,#3083,#3084);
#3082 = CARTESIAN_POINT('',(64.6,12.,7.6));
#3083 = DIRECTION('',(1.,1.110223024625E-16,-1.110223024625E-16));
#3084 = DIRECTION('',(1.110223024625E-16,2.22044604925E-16,1.));
#3085 = ADVANCED_FACE('',(#3086),#3104,.T.);
#3086 = FACE_BOUND('',#3087,.T.);
#3087 = EDGE_LOOP('',(#3088,#3096,#3102,#3103));
#3088 = ORIENTED_EDGE('',*,*,#3089,.F.);
#3089 = EDGE_CURVE('',#3090,#3066,#3092,.T.);
#3090 = VERTEX_POINT('',#3091);
#3091 = CARTESIAN_POINT('',(64.512347523777,10.750121980978,7.6));
#3092 = LINE('',#3093,#3094);
#3093 = CARTESIAN_POINT('',(64.512347523777,10.750121980978,7.6));
#3094 = VECTOR('',#3095,1.);
#3095 = DIRECTION('',(0.624695047554,0.780868809443,-2.427427888075E-16)
  );
#3096 = ORIENTED_EDGE('',*,*,#3097,.T.);
#3097 = EDGE_CURVE('',#3090,#952,#3098,.T.);
#3098 = LINE('',#3099,#3100);
#3099 = CARTESIAN_POINT('',(64.512347523777,10.750121980978,7.6));
#3100 = VECTOR('',#3101,1.);
#3101 = DIRECTION('',(1.110223024625E-16,2.22044604925E-16,1.));
#3102 = ORIENTED_EDGE('',*,*,#960,.T.);
#3103 = ORIENTED_EDGE('',*,*,#3073,.T.);
#3104 = PLANE('',#3105);
#3105 = AXIS2_PLACEMENT_3D('',#3106,#3107,#3108);
#3106 = CARTESIAN_POINT('',(64.512347523777,10.750121980978,7.6));
#3107 = DIRECTION('',(-0.780868809443,0.624695047554,-5.201631188732E-17
    ));
#3108 = DIRECTION('',(1.110223024625E-16,2.22044604925E-16,1.));
#3109 = ADVANCED_FACE('',(#3110),#3122,.F.);
#3110 = FACE_BOUND('',#3111,.F.);
#3111 = EDGE_LOOP('',(#3112,#3113,#3114,#3121));
#3112 = ORIENTED_EDGE('',*,*,#951,.F.);
#3113 = ORIENTED_EDGE('',*,*,#2864,.F.);
#3114 = ORIENTED_EDGE('',*,*,#3115,.T.);
#3115 = EDGE_CURVE('',#2855,#3090,#3116,.T.);
#3116 = CIRCLE('',#3117,0.4);
#3117 = AXIS2_PLACEMENT_3D('',#3118,#3119,#3120);
#3118 = CARTESIAN_POINT('',(64.2,11.,7.6));
#3119 = DIRECTION('',(1.110223024625E-16,2.22044604925E-16,1.));
#3120 = DIRECTION('',(1.,-1.232595164408E-32,-1.110223024625E-16));
#3121 = ORIENTED_EDGE('',*,*,#3097,.T.);
#3122 = CYLINDRICAL_SURFACE('',#3123,0.4);
#3123 = AXIS2_PLACEMENT_3D('',#3124,#3125,#3126);
#3124 = CARTESIAN_POINT('',(64.2,11.,7.6));
#3125 = DIRECTION('',(1.110223024625E-16,2.22044604925E-16,1.));
#3126 = DIRECTION('',(1.,-1.232595164408E-32,-1.110223024625E-16));
#3127 = ADVANCED_FACE('',(#3128),#3153,.T.);
#3128 = FACE_BOUND('',#3129,.T.);
#3129 = EDGE_LOOP('',(#3130,#3131,#3139,#3147));
#3130 = ORIENTED_EDGE('',*,*,#1035,.T.);
#3131 = ORIENTED_EDGE('',*,*,#3132,.T.);
#3132 = EDGE_CURVE('',#1038,#3133,#3135,.T.);
#3133 = VERTEX_POINT('',#3134);
#3134 = CARTESIAN_POINT('',(95.75,6.593633411781,1.8));
#3135 = LINE('',#3136,#3137);
#3136 = CARTESIAN_POINT('',(95.75,6.593633411781,8.1));
#3137 = VECTOR('',#3138,1.);
#3138 = DIRECTION('',(-3.330669073875E-16,-4.440892098501E-16,-1.));
#3139 = ORIENTED_EDGE('',*,*,#3140,.T.);
#3140 = EDGE_CURVE('',#3133,#3141,#3143,.T.);
#3141 = VERTEX_POINT('',#3142);
#3142 = CARTESIAN_POINT('',(92.8,8.296816705891,1.8));
#3143 = LINE('',#3144,#3145);
#3144 = CARTESIAN_POINT('',(95.75,6.593633411781,1.8));
#3145 = VECTOR('',#3146,1.);
#3146 = DIRECTION('',(-0.866025403784,0.5,6.639979803251E-17));
#3147 = ORIENTED_EDGE('',*,*,#3148,.F.);
#3148 = EDGE_CURVE('',#1036,#3141,#3149,.T.);
#3149 = LINE('',#3150,#3151);
#3150 = CARTESIAN_POINT('',(92.8,8.296816705891,8.1));
#3151 = VECTOR('',#3152,1.);
#3152 = DIRECTION('',(-3.330669073875E-16,-4.440892098501E-16,-1.));
#3153 = PLANE('',#3154);
#3154 = AXIS2_PLACEMENT_3D('',#3155,#3156,#3157);
#3155 = CARTESIAN_POINT('',(95.75,6.593633411781,8.1));
#3156 = DIRECTION('',(0.5,0.866025403784,-5.511259909705E-16));
#3157 = DIRECTION('',(-0.866025403784,0.5,6.639979803251E-17));
#3158 = ADVANCED_FACE('',(#3159),#3177,.T.);
#3159 = FACE_BOUND('',#3160,.T.);
#3160 = EDGE_LOOP('',(#3161,#3162,#3163,#3171));
#3161 = ORIENTED_EDGE('',*,*,#1077,.T.);
#3162 = ORIENTED_EDGE('',*,*,#3148,.T.);
#3163 = ORIENTED_EDGE('',*,*,#3164,.T.);
#3164 = EDGE_CURVE('',#3141,#3165,#3167,.T.);
#3165 = VERTEX_POINT('',#3166);
#3166 = CARTESIAN_POINT('',(92.8,11.703183294109,1.8));
#3167 = LINE('',#3168,#3169);
#3168 = CARTESIAN_POINT('',(92.8,8.296816705891,1.8));
#3169 = VECTOR('',#3170,1.);
#3170 = DIRECTION('',(2.22044604925E-16,1.,-4.440892098501E-16));
#3171 = ORIENTED_EDGE('',*,*,#3172,.F.);
#3172 = EDGE_CURVE('',#1070,#3165,#3173,.T.);
#3173 = LINE('',#3174,#3175);
#3174 = CARTESIAN_POINT('',(92.8,11.703183294109,8.1));
#3175 = VECTOR('',#3176,1.);
#3176 = DIRECTION('',(-3.330669073875E-16,-4.440892098501E-16,-1.));
#3177 = PLANE('',#3178);
#3178 = AXIS2_PLACEMENT_3D('',#3179,#3180,#3181);
#3179 = CARTESIAN_POINT('',(92.8,8.296816705891,8.1));
#3180 = DIRECTION('',(1.,-2.22044604925E-16,-3.330669073875E-16));
#3181 = DIRECTION('',(2.22044604925E-16,1.,-4.440892098501E-16));
#3182 = ADVANCED_FACE('',(#3183),#3201,.T.);
#3183 = FACE_BOUND('',#3184,.T.);
#3184 = EDGE_LOOP('',(#3185,#3186,#3194,#3200));
#3185 = ORIENTED_EDGE('',*,*,#1045,.T.);
#3186 = ORIENTED_EDGE('',*,*,#3187,.T.);
#3187 = EDGE_CURVE('',#1046,#3188,#3190,.T.);
#3188 = VERTEX_POINT('',#3189);
#3189 = CARTESIAN_POINT('',(98.7,8.296816705891,1.8));
#3190 = LINE('',#3191,#3192);
#3191 = CARTESIAN_POINT('',(98.7,8.296816705891,8.1));
#3192 = VECTOR('',#3193,1.);
#3193 = DIRECTION('',(-3.330669073875E-16,-4.440892098501E-16,-1.));
#3194 = ORIENTED_EDGE('',*,*,#3195,.T.);
#3195 = EDGE_CURVE('',#3188,#3133,#3196,.T.);
#3196 = LINE('',#3197,#3198);
#3197 = CARTESIAN_POINT('',(98.7,8.296816705891,1.8));
#3198 = VECTOR('',#3199,1.);
#3199 = DIRECTION('',(-0.866025403784,-0.5,5.104890078826E-16));
#3200 = ORIENTED_EDGE('',*,*,#3132,.F.);
#3201 = PLANE('',#3202);
#3202 = AXIS2_PLACEMENT_3D('',#3203,#3204,#3205);
#3203 = CARTESIAN_POINT('',(98.7,8.296816705891,8.1));
#3204 = DIRECTION('',(-0.5,0.866025403784,-2.180590835829E-16));
#3205 = DIRECTION('',(-0.866025403784,-0.5,5.104890078826E-16));
#3206 = ADVANCED_FACE('',(#3207),#3225,.T.);
#3207 = FACE_BOUND('',#3208,.T.);
#3208 = EDGE_LOOP('',(#3209,#3210,#3211,#3219));
#3209 = ORIENTED_EDGE('',*,*,#1069,.T.);
#3210 = ORIENTED_EDGE('',*,*,#3172,.T.);
#3211 = ORIENTED_EDGE('',*,*,#3212,.T.);
#3212 = EDGE_CURVE('',#3165,#3213,#3215,.T.);
#3213 = VERTEX_POINT('',#3214);
#3214 = CARTESIAN_POINT('',(95.75,13.406366588219,1.8));
#3215 = LINE('',#3216,#3217);
#3216 = CARTESIAN_POINT('',(92.8,11.703183294109,1.8));
#3217 = VECTOR('',#3218,1.);
#3218 = DIRECTION('',(0.866025403784,0.5,-5.104890078826E-16));
#3219 = ORIENTED_EDGE('',*,*,#3220,.F.);
#3220 = EDGE_CURVE('',#1062,#3213,#3221,.T.);
#3221 = LINE('',#3222,#3223);
#3222 = CARTESIAN_POINT('',(95.75,13.406366588219,8.1));
#3223 = VECTOR('',#3224,1.);
#3224 = DIRECTION('',(-3.330669073875E-16,-4.440892098501E-16,-1.));
#3225 = PLANE('',#3226);
#3226 = AXIS2_PLACEMENT_3D('',#3227,#3228,#3229);
#3227 = CARTESIAN_POINT('',(92.8,11.703183294109,8.1));
#3228 = DIRECTION('',(0.5,-0.866025403784,2.180590835829E-16));
#3229 = DIRECTION('',(0.866025403784,0.5,-5.104890078826E-16));
#3230 = ADVANCED_FACE('',(#3231),#3249,.T.);
#3231 = FACE_BOUND('',#3232,.T.);
#3232 = EDGE_LOOP('',(#3233,#3234,#3242,#3248));
#3233 = ORIENTED_EDGE('',*,*,#1053,.T.);
#3234 = ORIENTED_EDGE('',*,*,#3235,.T.);
#3235 = EDGE_CURVE('',#1054,#3236,#3238,.T.);
#3236 = VERTEX_POINT('',#3237);
#3237 = CARTESIAN_POINT('',(98.7,11.703183294109,1.8));
#3238 = LINE('',#3239,#3240);
#3239 = CARTESIAN_POINT('',(98.7,11.703183294109,8.1));
#3240 = VECTOR('',#3241,1.);
#3241 = DIRECTION('',(-3.330669073875E-16,-4.440892098501E-16,-1.));
#3242 = ORIENTED_EDGE('',*,*,#3243,.T.);
#3243 = EDGE_CURVE('',#3236,#3188,#3244,.T.);
#3244 = LINE('',#3245,#3246);
#3245 = CARTESIAN_POINT('',(98.7,11.703183294109,1.8));
#3246 = VECTOR('',#3247,1.);
#3247 = DIRECTION('',(-2.22044604925E-16,-1.,4.440892098501E-16));
#3248 = ORIENTED_EDGE('',*,*,#3187,.F.);
#3249 = PLANE('',#3250);
#3250 = AXIS2_PLACEMENT_3D('',#3251,#3252,#3253);
#3251 = CARTESIAN_POINT('',(98.7,11.703183294109,8.1));
#3252 = DIRECTION('',(-1.,2.22044604925E-16,3.330669073875E-16));
#3253 = DIRECTION('',(-2.22044604925E-16,-1.,4.440892098501E-16));
#3254 = ADVANCED_FACE('',(#3255),#3266,.T.);
#3255 = FACE_BOUND('',#3256,.T.);
#3256 = EDGE_LOOP('',(#3257,#3258,#3259,#3265));
#3257 = ORIENTED_EDGE('',*,*,#1061,.T.);
#3258 = ORIENTED_EDGE('',*,*,#3220,.T.);
#3259 = ORIENTED_EDGE('',*,*,#3260,.T.);
#3260 = EDGE_CURVE('',#3213,#3236,#3261,.T.);
#3261 = LINE('',#3262,#3263);
#3262 = CARTESIAN_POINT('',(95.75,13.406366588219,1.8));
#3263 = VECTOR('',#3264,1.);
#3264 = DIRECTION('',(0.866025403784,-0.5,-6.639979803251E-17));
#3265 = ORIENTED_EDGE('',*,*,#3235,.F.);
#3266 = PLANE('',#3267);
#3267 = AXIS2_PLACEMENT_3D('',#3268,#3269,#3270);
#3268 = CARTESIAN_POINT('',(95.75,13.406366588219,8.1));
#3269 = DIRECTION('',(-0.5,-0.866025403784,5.511259909705E-16));
#3270 = DIRECTION('',(0.866025403784,-0.5,-6.639979803251E-17));
#3271 = ADVANCED_FACE('',(#3272),#3297,.T.);
#3272 = FACE_BOUND('',#3273,.T.);
#3273 = EDGE_LOOP('',(#3274,#3275,#3283,#3291));
#3274 = ORIENTED_EDGE('',*,*,#1085,.T.);
#3275 = ORIENTED_EDGE('',*,*,#3276,.T.);
#3276 = EDGE_CURVE('',#1088,#3277,#3279,.T.);
#3277 = VERTEX_POINT('',#3278);
#3278 = CARTESIAN_POINT('',(177.5,6.593633411781,1.8));
#3279 = LINE('',#3280,#3281);
#3280 = CARTESIAN_POINT('',(177.5,6.593633411781,8.1));
#3281 = VECTOR('',#3282,1.);
#3282 = DIRECTION('',(-3.330669073875E-16,-4.440892098501E-16,-1.));
#3283 = ORIENTED_EDGE('',*,*,#3284,.T.);
#3284 = EDGE_CURVE('',#3277,#3285,#3287,.T.);
#3285 = VERTEX_POINT('',#3286);
#3286 = CARTESIAN_POINT('',(174.55,8.296816705891,1.8));
#3287 = LINE('',#3288,#3289);
#3288 = CARTESIAN_POINT('',(177.5,6.593633411781,1.8));
#3289 = VECTOR('',#3290,1.);
#3290 = DIRECTION('',(-0.866025403784,0.5,6.63997980325E-17));
#3291 = ORIENTED_EDGE('',*,*,#3292,.F.);
#3292 = EDGE_CURVE('',#1086,#3285,#3293,.T.);
#3293 = LINE('',#3294,#3295);
#3294 = CARTESIAN_POINT('',(174.55,8.296816705891,8.1));
#3295 = VECTOR('',#3296,1.);
#3296 = DIRECTION('',(-3.330669073875E-16,-4.440892098501E-16,-1.));
#3297 = PLANE('',#3298);
#3298 = AXIS2_PLACEMENT_3D('',#3299,#3300,#3301);
#3299 = CARTESIAN_POINT('',(177.5,6.593633411781,8.1));
#3300 = DIRECTION('',(0.5,0.866025403784,-5.511259909705E-16));
#3301 = DIRECTION('',(-0.866025403784,0.5,6.63997980325E-17));
#3302 = ADVANCED_FACE('',(#3303),#3321,.T.);
#3303 = FACE_BOUND('',#3304,.T.);
#3304 = EDGE_LOOP('',(#3305,#3306,#3307,#3315));
#3305 = ORIENTED_EDGE('',*,*,#1127,.T.);
#3306 = ORIENTED_EDGE('',*,*,#3292,.T.);
#3307 = ORIENTED_EDGE('',*,*,#3308,.T.);
#3308 = EDGE_CURVE('',#3285,#3309,#3311,.T.);
#3309 = VERTEX_POINT('',#3310);
#3310 = CARTESIAN_POINT('',(174.55,11.703183294109,1.8));
#3311 = LINE('',#3312,#3313);
#3312 = CARTESIAN_POINT('',(174.55,8.296816705891,1.8));
#3313 = VECTOR('',#3314,1.);
#3314 = DIRECTION('',(2.22044604925E-16,1.,-4.440892098501E-16));
#3315 = ORIENTED_EDGE('',*,*,#3316,.F.);
#3316 = EDGE_CURVE('',#1120,#3309,#3317,.T.);
#3317 = LINE('',#3318,#3319);
#3318 = CARTESIAN_POINT('',(174.55,11.703183294109,8.1));
#3319 = VECTOR('',#3320,1.);
#3320 = DIRECTION('',(-3.330669073875E-16,-4.440892098501E-16,-1.));
#3321 = PLANE('',#3322);
#3322 = AXIS2_PLACEMENT_3D('',#3323,#3324,#3325);
#3323 = CARTESIAN_POINT('',(174.55,8.296816705891,8.1));
#3324 = DIRECTION('',(1.,-2.22044604925E-16,-3.330669073875E-16));
#3325 = DIRECTION('',(2.22044604925E-16,1.,-4.440892098501E-16));
#3326 = ADVANCED_FACE('',(#3327),#3345,.T.);
#3327 = FACE_BOUND('',#3328,.T.);
#3328 = EDGE_LOOP('',(#3329,#3330,#3338,#3344));
#3329 = ORIENTED_EDGE('',*,*,#1095,.T.);
#3330 = ORIENTED_EDGE('',*,*,#3331,.T.);
#3331 = EDGE_CURVE('',#1096,#3332,#3334,.T.);
#3332 = VERTEX_POINT('',#3333);
#3333 = CARTESIAN_POINT('',(180.45,8.296816705891,1.8));
#3334 = LINE('',#3335,#3336);
#3335 = CARTESIAN_POINT('',(180.45,8.296816705891,8.1));
#3336 = VECTOR('',#3337,1.);
#3337 = DIRECTION('',(-3.330669073875E-16,-4.440892098501E-16,-1.));
#3338 = ORIENTED_EDGE('',*,*,#3339,.T.);
#3339 = EDGE_CURVE('',#3332,#3277,#3340,.T.);
#3340 = LINE('',#3341,#3342);
#3341 = CARTESIAN_POINT('',(180.45,8.296816705891,1.8));
#3342 = VECTOR('',#3343,1.);
#3343 = DIRECTION('',(-0.866025403784,-0.5,5.104890078826E-16));
#3344 = ORIENTED_EDGE('',*,*,#3276,.F.);
#3345 = PLANE('',#3346);
#3346 = AXIS2_PLACEMENT_3D('',#3347,#3348,#3349);
#3347 = CARTESIAN_POINT('',(180.45,8.296816705891,8.1));
#3348 = DIRECTION('',(-0.5,0.866025403784,-2.180590835829E-16));
#3349 = DIRECTION('',(-0.866025403784,-0.5,5.104890078826E-16));
#3350 = ADVANCED_FACE('',(#3351),#3369,.T.);
#3351 = FACE_BOUND('',#3352,.T.);
#3352 = EDGE_LOOP('',(#3353,#3354,#3355,#3363));
#3353 = ORIENTED_EDGE('',*,*,#1119,.T.);
#3354 = ORIENTED_EDGE('',*,*,#3316,.T.);
#3355 = ORIENTED_EDGE('',*,*,#3356,.T.);
#3356 = EDGE_CURVE('',#3309,#3357,#3359,.T.);
#3357 = VERTEX_POINT('',#3358);
#3358 = CARTESIAN_POINT('',(177.5,13.406366588219,1.8));
#3359 = LINE('',#3360,#3361);
#3360 = CARTESIAN_POINT('',(174.55,11.703183294109,1.8));
#3361 = VECTOR('',#3362,1.);
#3362 = DIRECTION('',(0.866025403784,0.5,-5.104890078826E-16));
#3363 = ORIENTED_EDGE('',*,*,#3364,.F.);
#3364 = EDGE_CURVE('',#1112,#3357,#3365,.T.);
#3365 = LINE('',#3366,#3367);
#3366 = CARTESIAN_POINT('',(177.5,13.406366588219,8.1));
#3367 = VECTOR('',#3368,1.);
#3368 = DIRECTION('',(-3.330669073875E-16,-4.440892098501E-16,-1.));
#3369 = PLANE('',#3370);
#3370 = AXIS2_PLACEMENT_3D('',#3371,#3372,#3373);
#3371 = CARTESIAN_POINT('',(174.55,11.703183294109,8.1));
#3372 = DIRECTION('',(0.5,-0.866025403784,2.180590835829E-16));
#3373 = DIRECTION('',(0.866025403784,0.5,-5.104890078826E-16));
#3374 = ADVANCED_FACE('',(#3375),#3393,.T.);
#3375 = FACE_BOUND('',#3376,.T.);
#3376 = EDGE_LOOP('',(#3377,#3378,#3386,#3392));
#3377 = ORIENTED_EDGE('',*,*,#1103,.T.);
#3378 = ORIENTED_EDGE('',*,*,#3379,.T.);
#3379 = EDGE_CURVE('',#1104,#3380,#3382,.T.);
#3380 = VERTEX_POINT('',#3381);
#3381 = CARTESIAN_POINT('',(180.45,11.703183294109,1.8));
#3382 = LINE('',#3383,#3384);
#3383 = CARTESIAN_POINT('',(180.45,11.703183294109,8.1));
#3384 = VECTOR('',#3385,1.);
#3385 = DIRECTION('',(-3.330669073875E-16,-4.440892098501E-16,-1.));
#3386 = ORIENTED_EDGE('',*,*,#3387,.T.);
#3387 = EDGE_CURVE('',#3380,#3332,#3388,.T.);
#3388 = LINE('',#3389,#3390);
#3389 = CARTESIAN_POINT('',(180.45,11.703183294109,1.8));
#3390 = VECTOR('',#3391,1.);
#3391 = DIRECTION('',(-2.22044604925E-16,-1.,4.440892098501E-16));
#3392 = ORIENTED_EDGE('',*,*,#3331,.F.);
#3393 = PLANE('',#3394);
#3394 = AXIS2_PLACEMENT_3D('',#3395,#3396,#3397);
#3395 = CARTESIAN_POINT('',(180.45,11.703183294109,8.1));
#3396 = DIRECTION('',(-1.,2.22044604925E-16,3.330669073875E-16));
#3397 = DIRECTION('',(-2.22044604925E-16,-1.,4.440892098501E-16));
#3398 = ADVANCED_FACE('',(#3399),#3410,.T.);
#3399 = FACE_BOUND('',#3400,.T.);
#3400 = EDGE_LOOP('',(#3401,#3402,#3403,#3409));
#3401 = ORIENTED_EDGE('',*,*,#1111,.T.);
#3402 = ORIENTED_EDGE('',*,*,#3364,.T.);
#3403 = ORIENTED_EDGE('',*,*,#3404,.T.);
#3404 = EDGE_CURVE('',#3357,#3380,#3405,.T.);
#3405 = LINE('',#3406,#3407);
#3406 = CARTESIAN_POINT('',(177.5,13.406366588219,1.8));
#3407 = VECTOR('',#3408,1.);
#3408 = DIRECTION('',(0.866025403784,-0.5,-6.63997980325E-17));
#3409 = ORIENTED_EDGE('',*,*,#3379,.F.);
#3410 = PLANE('',#3411);
#3411 = AXIS2_PLACEMENT_3D('',#3412,#3413,#3414);
#3412 = CARTESIAN_POINT('',(177.5,13.406366588219,8.1));
#3413 = DIRECTION('',(-0.5,-0.866025403784,5.511259909705E-16));
#3414 = DIRECTION('',(0.866025403784,-0.5,-6.63997980325E-17));
#3415 = ADVANCED_FACE('',(#3416),#3441,.T.);
#3416 = FACE_BOUND('',#3417,.T.);
#3417 = EDGE_LOOP('',(#3418,#3426,#3434,#3440));
#3418 = ORIENTED_EDGE('',*,*,#3419,.F.);
#3419 = EDGE_CURVE('',#3420,#1153,#3422,.T.);
#3420 = VERTEX_POINT('',#3421);
#3421 = CARTESIAN_POINT('',(32.,190.35,2.));
#3422 = LINE('',#3423,#3424);
#3423 = CARTESIAN_POINT('',(32.,190.75,2.));
#3424 = VECTOR('',#3425,1.);
#3425 = DIRECTION('',(-2.22044604925E-16,-1.,4.440892098501E-16));
#3426 = ORIENTED_EDGE('',*,*,#3427,.T.);
#3427 = EDGE_CURVE('',#3420,#3428,#3430,.T.);
#3428 = VERTEX_POINT('',#3429);
#3429 = CARTESIAN_POINT('',(159.5,190.35,2.));
#3430 = LINE('',#3431,#3432);
#3431 = CARTESIAN_POINT('',(32.,190.35,2.));
#3432 = VECTOR('',#3433,1.);
#3433 = DIRECTION('',(1.,-2.22044604925E-16,-3.330669073875E-16));
#3434 = ORIENTED_EDGE('',*,*,#3435,.T.);
#3435 = EDGE_CURVE('',#3428,#1155,#3436,.T.);
#3436 = LINE('',#3437,#3438);
#3437 = CARTESIAN_POINT('',(159.5,190.75,2.));
#3438 = VECTOR('',#3439,1.);
#3439 = DIRECTION('',(-2.22044604925E-16,-1.,4.440892098501E-16));
#3440 = ORIENTED_EDGE('',*,*,#1152,.F.);
#3441 = PLANE('',#3442);
#3442 = AXIS2_PLACEMENT_3D('',#3443,#3444,#3445);
#3443 = CARTESIAN_POINT('',(32.,190.75,2.));
#3444 = DIRECTION('',(-3.330669073875E-16,-4.440892098501E-16,-1.));
#3445 = DIRECTION('',(1.,-2.22044604925E-16,-3.330669073875E-16));
#3446 = ADVANCED_FACE('',(#3447),#3465,.T.);
#3447 = FACE_BOUND('',#3448,.T.);
#3448 = EDGE_LOOP('',(#3449,#3450,#3458,#3464));
#3449 = ORIENTED_EDGE('',*,*,#3435,.F.);
#3450 = ORIENTED_EDGE('',*,*,#3451,.F.);
#3451 = EDGE_CURVE('',#3452,#3428,#3454,.T.);
#3452 = VERTEX_POINT('',#3453);
#3453 = CARTESIAN_POINT('',(159.5,190.35,6.));
#3454 = LINE('',#3455,#3456);
#3455 = CARTESIAN_POINT('',(159.5,190.35,6.));
#3456 = VECTOR('',#3457,1.);
#3457 = DIRECTION('',(-3.330669073875E-16,-4.440892098501E-16,-1.));
#3458 = ORIENTED_EDGE('',*,*,#3459,.T.);
#3459 = EDGE_CURVE('',#3452,#1171,#3460,.T.);
#3460 = LINE('',#3461,#3462);
#3461 = CARTESIAN_POINT('',(159.5,190.75,6.));
#3462 = VECTOR('',#3463,1.);
#3463 = DIRECTION('',(-2.22044604925E-16,-1.,4.440892098501E-16));
#3464 = ORIENTED_EDGE('',*,*,#1178,.F.);
#3465 = PLANE('',#3466);
#3466 = AXIS2_PLACEMENT_3D('',#3467,#3468,#3469);
#3467 = CARTESIAN_POINT('',(159.5,190.75,6.));
#3468 = DIRECTION('',(1.,-2.22044604925E-16,-3.330669073875E-16));
#3469 = DIRECTION('',(-3.330669073875E-16,-4.440892098501E-16,-1.));
#3470 = ADVANCED_FACE('',(#3471),#3489,.F.);
#3471 = FACE_BOUND('',#3472,.F.);
#3472 = EDGE_LOOP('',(#3473,#3481,#3487,#3488));
#3473 = ORIENTED_EDGE('',*,*,#3474,.F.);
#3474 = EDGE_CURVE('',#3475,#1163,#3477,.T.);
#3475 = VERTEX_POINT('',#3476);
#3476 = CARTESIAN_POINT('',(32.,190.35,6.));
#3477 = LINE('',#3478,#3479);
#3478 = CARTESIAN_POINT('',(32.,190.75,6.));
#3479 = VECTOR('',#3480,1.);
#3480 = DIRECTION('',(-2.22044604925E-16,-1.,4.440892098501E-16));
#3481 = ORIENTED_EDGE('',*,*,#3482,.T.);
#3482 = EDGE_CURVE('',#3475,#3452,#3483,.T.);
#3483 = LINE('',#3484,#3485);
#3484 = CARTESIAN_POINT('',(32.,190.35,6.));
#3485 = VECTOR('',#3486,1.);
#3486 = DIRECTION('',(1.,-2.22044604925E-16,-3.330669073875E-16));
#3487 = ORIENTED_EDGE('',*,*,#3459,.T.);
#3488 = ORIENTED_EDGE('',*,*,#1170,.F.);
#3489 = PLANE('',#3490);
#3490 = AXIS2_PLACEMENT_3D('',#3491,#3492,#3493);
#3491 = CARTESIAN_POINT('',(32.,190.75,6.));
#3492 = DIRECTION('',(-3.330669073875E-16,-4.440892098501E-16,-1.));
#3493 = DIRECTION('',(1.,-2.22044604925E-16,-3.330669073875E-16));
#3494 = ADVANCED_FACE('',(#3495),#3506,.F.);
#3495 = FACE_BOUND('',#3496,.F.);
#3496 = EDGE_LOOP('',(#3497,#3498,#3504,#3505));
#3497 = ORIENTED_EDGE('',*,*,#3419,.F.);
#3498 = ORIENTED_EDGE('',*,*,#3499,.F.);
#3499 = EDGE_CURVE('',#3475,#3420,#3500,.T.);
#3500 = LINE('',#3501,#3502);
#3501 = CARTESIAN_POINT('',(32.,190.35,6.));
#3502 = VECTOR('',#3503,1.);
#3503 = DIRECTION('',(-3.330669073875E-16,-4.440892098501E-16,-1.));
#3504 = ORIENTED_EDGE('',*,*,#3474,.T.);
#3505 = ORIENTED_EDGE('',*,*,#1162,.F.);
#3506 = PLANE('',#3507);
#3507 = AXIS2_PLACEMENT_3D('',#3508,#3509,#3510);
#3508 = CARTESIAN_POINT('',(32.,190.75,6.));
#3509 = DIRECTION('',(1.,-2.22044604925E-16,-3.330669073875E-16));
#3510 = DIRECTION('',(-3.330669073875E-16,-4.440892098501E-16,-1.));
#3511 = ADVANCED_FACE('',(#3512),#3538,.F.);
#3512 = FACE_BOUND('',#3513,.F.);
#3513 = EDGE_LOOP('',(#3514,#3522,#3523,#3524,#3532));
#3514 = ORIENTED_EDGE('',*,*,#3515,.F.);
#3515 = EDGE_CURVE('',#1213,#3516,#3518,.T.);
#3516 = VERTEX_POINT('',#3517);
#3517 = CARTESIAN_POINT('',(187.65,171.5,2.4));
#3518 = LINE('',#3519,#3520);
#3519 = CARTESIAN_POINT('',(188.05,171.9,2.8));
#3520 = VECTOR('',#3521,1.);
#3521 = DIRECTION('',(0.57735026919,0.57735026919,0.57735026919));
#3522 = ORIENTED_EDGE('',*,*,#1220,.T.);
#3523 = ORIENTED_EDGE('',*,*,#1529,.T.);
#3524 = ORIENTED_EDGE('',*,*,#3525,.T.);
#3525 = EDGE_CURVE('',#1530,#3526,#3528,.T.);
#3526 = VERTEX_POINT('',#3527);
#3527 = CARTESIAN_POINT('',(191.1,171.5,2.4));
#3528 = LINE('',#3529,#3530);
#3529 = CARTESIAN_POINT('',(189.99166666666,172.60833333333,
    3.508333333333));
#3530 = VECTOR('',#3531,1.);
#3531 = DIRECTION('',(-0.57735026919,0.57735026919,0.57735026919));
#3532 = ORIENTED_EDGE('',*,*,#3533,.F.);
#3533 = EDGE_CURVE('',#3516,#3526,#3534,.T.);
#3534 = LINE('',#3535,#3536);
#3535 = CARTESIAN_POINT('',(187.25,171.5,2.4));
#3536 = VECTOR('',#3537,1.);
#3537 = DIRECTION('',(1.,-2.22044604925E-16,-3.330669073875E-16));
#3538 = PLANE('',#3539);
#3539 = AXIS2_PLACEMENT_3D('',#3540,#3541,#3542);
#3540 = CARTESIAN_POINT('',(187.25,171.3,2.2));
#3541 = DIRECTION('',(7.502962930091E-17,-0.707106781187,0.707106781187)
  );
#3542 = DIRECTION('',(1.,-2.245017964877E-16,-3.306097158249E-16));
#3543 = ADVANCED_FACE('',(#3544),#3562,.T.);
#3544 = FACE_BOUND('',#3545,.F.);
#3545 = EDGE_LOOP('',(#3546,#3554,#3555,#3556));
#3546 = ORIENTED_EDGE('',*,*,#3547,.F.);
#3547 = EDGE_CURVE('',#1205,#3548,#3550,.T.);
#3548 = VERTEX_POINT('',#3549);
#3549 = CARTESIAN_POINT('',(187.65,171.5,5.6));
#3550 = LINE('',#3551,#3552);
#3551 = CARTESIAN_POINT('',(187.38333333333,171.23333333333,
    5.866666666667));
#3552 = VECTOR('',#3553,1.);
#3553 = DIRECTION('',(0.57735026919,0.57735026919,-0.57735026919));
#3554 = ORIENTED_EDGE('',*,*,#1212,.T.);
#3555 = ORIENTED_EDGE('',*,*,#3515,.T.);
#3556 = ORIENTED_EDGE('',*,*,#3557,.F.);
#3557 = EDGE_CURVE('',#3548,#3516,#3558,.T.);
#3558 = LINE('',#3559,#3560);
#3559 = CARTESIAN_POINT('',(187.65,171.5,6.));
#3560 = VECTOR('',#3561,1.);
#3561 = DIRECTION('',(-3.330669073875E-16,-4.440892098501E-16,-1.));
#3562 = PLANE('',#3563);
#3563 = AXIS2_PLACEMENT_3D('',#3564,#3565,#3566);
#3564 = CARTESIAN_POINT('',(187.45,171.3,6.));
#3565 = DIRECTION('',(-0.707106781187,0.707106781187,-7.502962930092E-17
    ));
#3566 = DIRECTION('',(3.355240989502E-16,4.416320182874E-16,1.));
#3567 = ADVANCED_FACE('',(#3568),#3587,.T.);
#3568 = FACE_BOUND('',#3569,.T.);
#3569 = EDGE_LOOP('',(#3570,#3571,#3572,#3573,#3581));
#3570 = ORIENTED_EDGE('',*,*,#3547,.F.);
#3571 = ORIENTED_EDGE('',*,*,#1204,.T.);
#3572 = ORIENTED_EDGE('',*,*,#1577,.T.);
#3573 = ORIENTED_EDGE('',*,*,#3574,.T.);
#3574 = EDGE_CURVE('',#1554,#3575,#3577,.T.);
#3575 = VERTEX_POINT('',#3576);
#3576 = CARTESIAN_POINT('',(191.1,171.5,5.6));
#3577 = LINE('',#3578,#3579);
#3578 = CARTESIAN_POINT('',(190.65833333333,171.94166666666,
    5.158333333333));
#3579 = VECTOR('',#3580,1.);
#3580 = DIRECTION('',(-0.57735026919,0.57735026919,-0.57735026919));
#3581 = ORIENTED_EDGE('',*,*,#3582,.F.);
#3582 = EDGE_CURVE('',#3548,#3575,#3583,.T.);
#3583 = LINE('',#3584,#3585);
#3584 = CARTESIAN_POINT('',(187.25,171.5,5.6));
#3585 = VECTOR('',#3586,1.);
#3586 = DIRECTION('',(1.,-2.22044604925E-16,-3.330669073875E-16));
#3587 = PLANE('',#3588);
#3588 = AXIS2_PLACEMENT_3D('',#3589,#3590,#3591);
#3589 = CARTESIAN_POINT('',(187.25,171.3,5.8));
#3590 = DIRECTION('',(3.959981083042E-16,0.707106781187,0.707106781187)
  );
#3591 = DIRECTION('',(1.,-2.245017964877E-16,-3.355240989502E-16));
#3592 = ADVANCED_FACE('',(#3593,#3601),#3604,.F.);
#3593 = FACE_BOUND('',#3594,.F.);
#3594 = EDGE_LOOP('',(#3595,#3596,#3597,#3598,#3599,#3600));
#3595 = ORIENTED_EDGE('',*,*,#1686,.T.);
#3596 = ORIENTED_EDGE('',*,*,#1631,.T.);
#3597 = ORIENTED_EDGE('',*,*,#1655,.T.);
#3598 = ORIENTED_EDGE('',*,*,#1703,.T.);
#3599 = ORIENTED_EDGE('',*,*,#1751,.T.);
#3600 = ORIENTED_EDGE('',*,*,#1734,.T.);
#3601 = FACE_BOUND('',#3602,.F.);
#3602 = EDGE_LOOP('',(#3603));
#3603 = ORIENTED_EDGE('',*,*,#1253,.F.);
#3604 = PLANE('',#3605);
#3605 = AXIS2_PLACEMENT_3D('',#3606,#3607,#3608);
#3606 = CARTESIAN_POINT('',(14.,177.75,1.8));
#3607 = DIRECTION('',(-3.330669073875E-16,-4.440892098501E-16,-1.));
#3608 = DIRECTION('',(1.,-2.22044604925E-16,-3.330669073875E-16));
#3609 = ADVANCED_FACE('',(#3610,#3618),#3621,.F.);
#3610 = FACE_BOUND('',#3611,.F.);
#3611 = EDGE_LOOP('',(#3612,#3613,#3614,#3615,#3616,#3617));
#3612 = ORIENTED_EDGE('',*,*,#1974,.T.);
#3613 = ORIENTED_EDGE('',*,*,#1919,.T.);
#3614 = ORIENTED_EDGE('',*,*,#1943,.T.);
#3615 = ORIENTED_EDGE('',*,*,#1991,.T.);
#3616 = ORIENTED_EDGE('',*,*,#2039,.T.);
#3617 = ORIENTED_EDGE('',*,*,#2022,.T.);
#3618 = FACE_BOUND('',#3619,.F.);
#3619 = EDGE_LOOP('',(#3620));
#3620 = ORIENTED_EDGE('',*,*,#1278,.F.);
#3621 = PLANE('',#3622);
#3622 = AXIS2_PLACEMENT_3D('',#3623,#3624,#3625);
#3623 = CARTESIAN_POINT('',(95.75,177.75,1.8));
#3624 = DIRECTION('',(-3.330669073875E-16,-4.440892098501E-16,-1.));
#3625 = DIRECTION('',(1.,-2.22044604925E-16,-3.330669073875E-16));
#3626 = ADVANCED_FACE('',(#3627,#3635),#3638,.F.);
#3627 = FACE_BOUND('',#3628,.F.);
#3628 = EDGE_LOOP('',(#3629,#3630,#3631,#3632,#3633,#3634));
#3629 = ORIENTED_EDGE('',*,*,#1830,.T.);
#3630 = ORIENTED_EDGE('',*,*,#1775,.T.);
#3631 = ORIENTED_EDGE('',*,*,#1799,.T.);
#3632 = ORIENTED_EDGE('',*,*,#1847,.T.);
#3633 = ORIENTED_EDGE('',*,*,#1895,.T.);
#3634 = ORIENTED_EDGE('',*,*,#1878,.T.);
#3635 = FACE_BOUND('',#3636,.F.);
#3636 = EDGE_LOOP('',(#3637));
#3637 = ORIENTED_EDGE('',*,*,#1303,.F.);
#3638 = PLANE('',#3639);
#3639 = AXIS2_PLACEMENT_3D('',#3640,#3641,#3642);
#3640 = CARTESIAN_POINT('',(14.,93.875,1.8));
#3641 = DIRECTION('',(-3.330669073875E-16,-4.440892098501E-16,-1.));
#3642 = DIRECTION('',(1.,-2.22044604925E-16,-3.330669073875E-16));
#3643 = ADVANCED_FACE('',(#3644,#3652),#3655,.F.);
#3644 = FACE_BOUND('',#3645,.F.);
#3645 = EDGE_LOOP('',(#3646,#3647,#3648,#3649,#3650,#3651));
#3646 = ORIENTED_EDGE('',*,*,#2118,.T.);
#3647 = ORIENTED_EDGE('',*,*,#2063,.T.);
#3648 = ORIENTED_EDGE('',*,*,#2087,.T.);
#3649 = ORIENTED_EDGE('',*,*,#2135,.T.);
#3650 = ORIENTED_EDGE('',*,*,#2183,.T.);
#3651 = ORIENTED_EDGE('',*,*,#2166,.T.);
#3652 = FACE_BOUND('',#3653,.F.);
#3653 = EDGE_LOOP('',(#3654));
#3654 = ORIENTED_EDGE('',*,*,#1396,.F.);
#3655 = PLANE('',#3656);
#3656 = AXIS2_PLACEMENT_3D('',#3657,#3658,#3659);
#3657 = CARTESIAN_POINT('',(177.5,177.75,1.8));
#3658 = DIRECTION('',(-3.330669073875E-16,-4.440892098501E-16,-1.));
#3659 = DIRECTION('',(1.,-2.22044604925E-16,-3.330669073875E-16));
#3660 = ADVANCED_FACE('',(#3661,#3669),#3672,.F.);
#3661 = FACE_BOUND('',#3662,.F.);
#3662 = EDGE_LOOP('',(#3663,#3664,#3665,#3666,#3667,#3668));
#3663 = ORIENTED_EDGE('',*,*,#2262,.T.);
#3664 = ORIENTED_EDGE('',*,*,#2207,.T.);
#3665 = ORIENTED_EDGE('',*,*,#2231,.T.);
#3666 = ORIENTED_EDGE('',*,*,#2279,.T.);
#3667 = ORIENTED_EDGE('',*,*,#2327,.T.);
#3668 = ORIENTED_EDGE('',*,*,#2310,.T.);
#3669 = FACE_BOUND('',#3670,.F.);
#3670 = EDGE_LOOP('',(#3671));
#3671 = ORIENTED_EDGE('',*,*,#1421,.F.);
#3672 = PLANE('',#3673);
#3673 = AXIS2_PLACEMENT_3D('',#3674,#3675,#3676);
#3674 = CARTESIAN_POINT('',(177.5,93.875,1.8));
#3675 = DIRECTION('',(-3.330669073875E-16,-4.440892098501E-16,-1.));
#3676 = DIRECTION('',(1.,-2.22044604925E-16,-3.330669073875E-16));
#3677 = ADVANCED_FACE('',(#3678,#3686),#3689,.F.);
#3678 = FACE_BOUND('',#3679,.F.);
#3679 = EDGE_LOOP('',(#3680,#3681,#3682,#3683,#3684,#3685));
#3680 = ORIENTED_EDGE('',*,*,#2406,.T.);
#3681 = ORIENTED_EDGE('',*,*,#2351,.T.);
#3682 = ORIENTED_EDGE('',*,*,#2375,.T.);
#3683 = ORIENTED_EDGE('',*,*,#2423,.T.);
#3684 = ORIENTED_EDGE('',*,*,#2471,.T.);
#3685 = ORIENTED_EDGE('',*,*,#2454,.T.);
#3686 = FACE_BOUND('',#3687,.F.);
#3687 = EDGE_LOOP('',(#3688));
#3688 = ORIENTED_EDGE('',*,*,#1446,.F.);
#3689 = PLANE('',#3690);
#3690 = AXIS2_PLACEMENT_3D('',#3691,#3692,#3693);
#3691 = CARTESIAN_POINT('',(14.,10.,1.8));
#3692 = DIRECTION('',(-3.330669073875E-16,-4.440892098501E-16,-1.));
#3693 = DIRECTION('',(1.,-2.22044604925E-16,-3.330669073875E-16));
#3694 = ADVANCED_FACE('',(#3695,#3703),#3706,.F.);
#3695 = FACE_BOUND('',#3696,.F.);
#3696 = EDGE_LOOP('',(#3697,#3698,#3699,#3700,#3701,#3702));
#3697 = ORIENTED_EDGE('',*,*,#3195,.T.);
#3698 = ORIENTED_EDGE('',*,*,#3140,.T.);
#3699 = ORIENTED_EDGE('',*,*,#3164,.T.);
#3700 = ORIENTED_EDGE('',*,*,#3212,.T.);
#3701 = ORIENTED_EDGE('',*,*,#3260,.T.);
#3702 = ORIENTED_EDGE('',*,*,#3243,.T.);
#3703 = FACE_BOUND('',#3704,.F.);
#3704 = EDGE_LOOP('',(#3705));
#3705 = ORIENTED_EDGE('',*,*,#1471,.F.);
#3706 = PLANE('',#3707);
#3707 = AXIS2_PLACEMENT_3D('',#3708,#3709,#3710);
#3708 = CARTESIAN_POINT('',(95.75,10.,1.8));
#3709 = DIRECTION('',(-3.330669073875E-16,-4.440892098501E-16,-1.));
#3710 = DIRECTION('',(1.,-2.22044604925E-16,-3.330669073875E-16));
#3711 = ADVANCED_FACE('',(#3712,#3720),#3723,.F.);
#3712 = FACE_BOUND('',#3713,.F.);
#3713 = EDGE_LOOP('',(#3714,#3715,#3716,#3717,#3718,#3719));
#3714 = ORIENTED_EDGE('',*,*,#3339,.T.);
#3715 = ORIENTED_EDGE('',*,*,#3284,.T.);
#3716 = ORIENTED_EDGE('',*,*,#3308,.T.);
#3717 = ORIENTED_EDGE('',*,*,#3356,.T.);
#3718 = ORIENTED_EDGE('',*,*,#3404,.T.);
#3719 = ORIENTED_EDGE('',*,*,#3387,.T.);
#3720 = FACE_BOUND('',#3721,.F.);
#3721 = EDGE_LOOP('',(#3722));
#3722 = ORIENTED_EDGE('',*,*,#1496,.F.);
#3723 = PLANE('',#3724);
#3724 = AXIS2_PLACEMENT_3D('',#3725,#3726,#3727);
#3725 = CARTESIAN_POINT('',(177.5,10.,1.8));
#3726 = DIRECTION('',(-3.330669073875E-16,-4.440892098501E-16,-1.));
#3727 = DIRECTION('',(1.,-2.22044604925E-16,-3.330669073875E-16));
#3728 = ADVANCED_FACE('',(#3729),#3740,.F.);
#3729 = FACE_BOUND('',#3730,.T.);
#3730 = EDGE_LOOP('',(#3731,#3732,#3733,#3734));
#3731 = ORIENTED_EDGE('',*,*,#3574,.F.);
#3732 = ORIENTED_EDGE('',*,*,#1553,.T.);
#3733 = ORIENTED_EDGE('',*,*,#3525,.T.);
#3734 = ORIENTED_EDGE('',*,*,#3735,.F.);
#3735 = EDGE_CURVE('',#3575,#3526,#3736,.T.);
#3736 = LINE('',#3737,#3738);
#3737 = CARTESIAN_POINT('',(191.1,171.5,6.));
#3738 = VECTOR('',#3739,1.);
#3739 = DIRECTION('',(-3.330669073875E-16,-4.440892098501E-16,-1.));
#3740 = PLANE('',#3741);
#3741 = AXIS2_PLACEMENT_3D('',#3742,#3743,#3744);
#3742 = CARTESIAN_POINT('',(191.3,171.3,6.));
#3743 = DIRECTION('',(-0.707106781187,-0.707106781187,5.46057366906E-16)
  );
#3744 = DIRECTION('',(3.306097158249E-16,4.416320182874E-16,1.));
#3745 = ADVANCED_FACE('',(#3746),#3765,.F.);
#3746 = FACE_BOUND('',#3747,.F.);
#3747 = EDGE_LOOP('',(#3748,#3749,#3750,#3751,#3752,#3753,#3754,#3755,
    #3756,#3757,#3758,#3759,#3760,#3761,#3762,#3763,#3764));
#3748 = ORIENTED_EDGE('',*,*,#2486,.F.);
#3749 = ORIENTED_EDGE('',*,*,#2527,.T.);
#3750 = ORIENTED_EDGE('',*,*,#2551,.T.);
#3751 = ORIENTED_EDGE('',*,*,#2575,.T.);
#3752 = ORIENTED_EDGE('',*,*,#2617,.F.);
#3753 = ORIENTED_EDGE('',*,*,#2608,.F.);
#3754 = ORIENTED_EDGE('',*,*,#2633,.F.);
#3755 = ORIENTED_EDGE('',*,*,#2657,.T.);
#3756 = ORIENTED_EDGE('',*,*,#2681,.T.);
#3757 = ORIENTED_EDGE('',*,*,#2723,.F.);
#3758 = ORIENTED_EDGE('',*,*,#2714,.F.);
#3759 = ORIENTED_EDGE('',*,*,#2739,.F.);
#3760 = ORIENTED_EDGE('',*,*,#2763,.F.);
#3761 = ORIENTED_EDGE('',*,*,#2788,.F.);
#3762 = ORIENTED_EDGE('',*,*,#2821,.F.);
#3763 = ORIENTED_EDGE('',*,*,#2837,.F.);
#3764 = ORIENTED_EDGE('',*,*,#2497,.F.);
#3765 = PLANE('',#3766);
#3766 = AXIS2_PLACEMENT_3D('',#3767,#3768,#3769);
#3767 = CARTESIAN_POINT('',(61.010985361695,10.,7.6));
#3768 = DIRECTION('',(-1.110223024625E-16,-2.22044604925E-16,-1.));
#3769 = DIRECTION('',(-1.,1.232595164408E-32,1.110223024625E-16));
#3770 = ADVANCED_FACE('',(#3771),#3785,.F.);
#3771 = FACE_BOUND('',#3772,.F.);
#3772 = EDGE_LOOP('',(#3773,#3774,#3775,#3776,#3777,#3778,#3779,#3780,
    #3781,#3782,#3783,#3784));
#3773 = ORIENTED_EDGE('',*,*,#3115,.F.);
#3774 = ORIENTED_EDGE('',*,*,#2854,.T.);
#3775 = ORIENTED_EDGE('',*,*,#2894,.F.);
#3776 = ORIENTED_EDGE('',*,*,#2910,.T.);
#3777 = ORIENTED_EDGE('',*,*,#2934,.T.);
#3778 = ORIENTED_EDGE('',*,*,#2976,.F.);
#3779 = ORIENTED_EDGE('',*,*,#2967,.F.);
#3780 = ORIENTED_EDGE('',*,*,#2992,.F.);
#3781 = ORIENTED_EDGE('',*,*,#3025,.F.);
#3782 = ORIENTED_EDGE('',*,*,#3041,.T.);
#3783 = ORIENTED_EDGE('',*,*,#3065,.F.);
#3784 = ORIENTED_EDGE('',*,*,#3089,.F.);
#3785 = PLANE('',#3786);
#3786 = AXIS2_PLACEMENT_3D('',#3787,#3788,#3789);
#3787 = CARTESIAN_POINT('',(64.908150716429,9.510132564992,7.6));
#3788 = DIRECTION('',(-1.110223024625E-16,-2.22044604925E-16,-1.));
#3789 = DIRECTION('',(-1.,1.232595164408E-32,1.110223024625E-16));
#3790 = ADVANCED_FACE('',(#3791),#3816,.F.);
#3791 = FACE_BOUND('',#3792,.T.);
#3792 = EDGE_LOOP('',(#3793,#3801,#3809,#3815));
#3793 = ORIENTED_EDGE('',*,*,#3794,.T.);
#3794 = EDGE_CURVE('',#3420,#3795,#3797,.T.);
#3795 = VERTEX_POINT('',#3796);
#3796 = CARTESIAN_POINT('',(32.4,190.75,2.4));
#3797 = LINE('',#3798,#3799);
#3798 = CARTESIAN_POINT('',(32.8,191.15,2.8));
#3799 = VECTOR('',#3800,1.);
#3800 = DIRECTION('',(0.57735026919,0.57735026919,0.57735026919));
#3801 = ORIENTED_EDGE('',*,*,#3802,.T.);
#3802 = EDGE_CURVE('',#3795,#3803,#3805,.T.);
#3803 = VERTEX_POINT('',#3804);
#3804 = CARTESIAN_POINT('',(159.1,190.75,2.4));
#3805 = LINE('',#3806,#3807);
#3806 = CARTESIAN_POINT('',(32.,190.75,2.4));
#3807 = VECTOR('',#3808,1.);
#3808 = DIRECTION('',(1.,-2.22044604925E-16,-3.330669073875E-16));
#3809 = ORIENTED_EDGE('',*,*,#3810,.F.);
#3810 = EDGE_CURVE('',#3428,#3803,#3811,.T.);
#3811 = LINE('',#3812,#3813);
#3812 = CARTESIAN_POINT('',(137.45,212.4,24.05));
#3813 = VECTOR('',#3814,1.);
#3814 = DIRECTION('',(-0.57735026919,0.57735026919,0.57735026919));
#3815 = ORIENTED_EDGE('',*,*,#3427,.F.);
#3816 = PLANE('',#3817);
#3817 = AXIS2_PLACEMENT_3D('',#3818,#3819,#3820);
#3818 = CARTESIAN_POINT('',(32.,190.55,2.2));
#3819 = DIRECTION('',(7.850462293419E-17,-0.707106781187,0.707106781187)
  );
#3820 = DIRECTION('',(-1.,2.22044604925E-16,3.330669073875E-16));
#3821 = ADVANCED_FACE('',(#3822),#3840,.F.);
#3822 = FACE_BOUND('',#3823,.T.);
#3823 = EDGE_LOOP('',(#3824,#3832,#3833,#3834));
#3824 = ORIENTED_EDGE('',*,*,#3825,.F.);
#3825 = EDGE_CURVE('',#3452,#3826,#3828,.T.);
#3826 = VERTEX_POINT('',#3827);
#3827 = CARTESIAN_POINT('',(159.1,190.75,5.6));
#3828 = LINE('',#3829,#3830);
#3829 = CARTESIAN_POINT('',(138.11666666666,211.73333333333,
    -15.38333333333));
#3830 = VECTOR('',#3831,1.);
#3831 = DIRECTION('',(-0.57735026919,0.57735026919,-0.57735026919));
#3832 = ORIENTED_EDGE('',*,*,#3451,.T.);
#3833 = ORIENTED_EDGE('',*,*,#3810,.T.);
#3834 = ORIENTED_EDGE('',*,*,#3835,.F.);
#3835 = EDGE_CURVE('',#3826,#3803,#3836,.T.);
#3836 = LINE('',#3837,#3838);
#3837 = CARTESIAN_POINT('',(159.1,190.75,6.));
#3838 = VECTOR('',#3839,1.);
#3839 = DIRECTION('',(-3.330669073875E-16,-4.440892098501E-16,-1.));
#3840 = PLANE('',#3841);
#3841 = AXIS2_PLACEMENT_3D('',#3842,#3843,#3844);
#3842 = CARTESIAN_POINT('',(159.3,190.55,6.));
#3843 = DIRECTION('',(-0.707106781187,-0.707106781187,5.495323605393E-16
    ));
#3844 = DIRECTION('',(3.330669073875E-16,4.440892098501E-16,1.));
#3845 = ADVANCED_FACE('',(#3846),#3864,.T.);
#3846 = FACE_BOUND('',#3847,.F.);
#3847 = EDGE_LOOP('',(#3848,#3856,#3862,#3863));
#3848 = ORIENTED_EDGE('',*,*,#3849,.T.);
#3849 = EDGE_CURVE('',#3475,#3850,#3852,.T.);
#3850 = VERTEX_POINT('',#3851);
#3851 = CARTESIAN_POINT('',(32.4,190.75,5.6));
#3852 = LINE('',#3853,#3854);
#3853 = CARTESIAN_POINT('',(32.133333333333,190.48333333333,
    5.866666666667));
#3854 = VECTOR('',#3855,1.);
#3855 = DIRECTION('',(0.57735026919,0.57735026919,-0.57735026919));
#3856 = ORIENTED_EDGE('',*,*,#3857,.T.);
#3857 = EDGE_CURVE('',#3850,#3826,#3858,.T.);
#3858 = LINE('',#3859,#3860);
#3859 = CARTESIAN_POINT('',(32.,190.75,5.6));
#3860 = VECTOR('',#3861,1.);
#3861 = DIRECTION('',(1.,-2.22044604925E-16,-3.330669073875E-16));
#3862 = ORIENTED_EDGE('',*,*,#3825,.F.);
#3863 = ORIENTED_EDGE('',*,*,#3482,.F.);
#3864 = PLANE('',#3865);
#3865 = AXIS2_PLACEMENT_3D('',#3866,#3867,#3868);
#3866 = CARTESIAN_POINT('',(32.,190.55,5.8));
#3867 = DIRECTION('',(3.925231146709E-16,0.707106781187,0.707106781187)
  );
#3868 = DIRECTION('',(-1.,2.22044604925E-16,3.330669073875E-16));
#3869 = ADVANCED_FACE('',(#3870),#3881,.T.);
#3870 = FACE_BOUND('',#3871,.F.);
#3871 = EDGE_LOOP('',(#3872,#3873,#3874,#3875));
#3872 = ORIENTED_EDGE('',*,*,#3849,.F.);
#3873 = ORIENTED_EDGE('',*,*,#3499,.T.);
#3874 = ORIENTED_EDGE('',*,*,#3794,.T.);
#3875 = ORIENTED_EDGE('',*,*,#3876,.F.);
#3876 = EDGE_CURVE('',#3850,#3795,#3877,.T.);
#3877 = LINE('',#3878,#3879);
#3878 = CARTESIAN_POINT('',(32.4,190.75,6.));
#3879 = VECTOR('',#3880,1.);
#3880 = DIRECTION('',(-3.330669073875E-16,-4.440892098501E-16,-1.));
#3881 = PLANE('',#3882);
#3882 = AXIS2_PLACEMENT_3D('',#3883,#3884,#3885);
#3883 = CARTESIAN_POINT('',(32.2,190.55,6.));
#3884 = DIRECTION('',(-0.707106781187,0.707106781187,-7.850462293419E-17
    ));
#3885 = DIRECTION('',(3.330669073875E-16,4.440892098501E-16,1.));
#3886 = ADVANCED_FACE('',(#3887),#3893,.F.);
#3887 = FACE_BOUND('',#3888,.F.);
#3888 = EDGE_LOOP('',(#3889,#3890,#3891,#3892));
#3889 = ORIENTED_EDGE('',*,*,#3582,.F.);
#3890 = ORIENTED_EDGE('',*,*,#3557,.T.);
#3891 = ORIENTED_EDGE('',*,*,#3533,.T.);
#3892 = ORIENTED_EDGE('',*,*,#3735,.F.);
#3893 = PLANE('',#3894);
#3894 = AXIS2_PLACEMENT_3D('',#3895,#3896,#3897);
#3895 = CARTESIAN_POINT('',(187.25,171.5,6.));
#3896 = DIRECTION('',(-2.22044604925E-16,-1.,4.440892098501E-16));
#3897 = DIRECTION('',(-3.330669073875E-16,-4.440892098501E-16,-1.));
#3898 = ADVANCED_FACE('',(#3899),#3905,.F.);
#3899 = FACE_BOUND('',#3900,.F.);
#3900 = EDGE_LOOP('',(#3901,#3902,#3903,#3904));
#3901 = ORIENTED_EDGE('',*,*,#3876,.T.);
#3902 = ORIENTED_EDGE('',*,*,#3802,.T.);
#3903 = ORIENTED_EDGE('',*,*,#3835,.F.);
#3904 = ORIENTED_EDGE('',*,*,#3857,.F.);
#3905 = PLANE('',#3906);
#3906 = AXIS2_PLACEMENT_3D('',#3907,#3908,#3909);
#3907 = CARTESIAN_POINT('',(32.,190.75,6.));
#3908 = DIRECTION('',(-2.22044604925E-16,-1.,4.440892098501E-16));
#3909 = DIRECTION('',(-3.330669073875E-16,-4.440892098501E-16,-1.));
#3910 = ( GEOMETRIC_REPRESENTATION_CONTEXT(3)
GLOBAL_UNCERTAINTY_ASSIGNED_CONTEXT((#3914))
GLOBAL_UNIT_ASSIGNED_CONTEXT((#3911,#3912,#3913)) REPRESENTATION_CONTEXT
('Context #1','3D Context with UNIT and UNCERTAINTY') );
#3911 = ( LENGTH_UNIT() NAMED_UNIT(*) SI_UNIT(.MILLI.,.METRE.) );
#3912 = ( NAMED_UNIT(*) PLANE_ANGLE_UNIT() SI_UNIT($,.RADIAN.) );
#3913 = ( NAMED_UNIT(*) SI_UNIT($,.STERADIAN.) SOLID_ANGLE_UNIT() );
#3914 = UNCERTAINTY_MEASURE_WITH_UNIT(LENGTH_MEASURE(1.E-07),#3911,
  'distance_accuracy_value','confusion accuracy');
#3915 = PRODUCT_RELATED_PRODUCT_CATEGORY('part',$,(#7));
ENDSEC;
END-ISO-10303-21;
