ISO-10303-21;
HEADER;
FILE_DESCRIPTION(('FreeCAD Model'),'2;1');
FILE_NAME('Open CASCADE Shape Model','2026-10-09T08:39:34',('FreeCAD'),(
    'FreeCAD'),'Open CASCADE STEP processor 7.8','FreeCAD','Unknown');
FILE_SCHEMA(('AUTOMOTIVE_DESIGN { 1 0 10303 214 1 1 1 1 }'));
ENDSEC;
DATA;
#1 = APPLICATION_PROTOCOL_DEFINITION('international standard',
  'automotive_design',2000,#2);
#2 = APPLICATION_CONTEXT(
  'core data for automotive mechanical design processes');
#3 = SHAPE_DEFINITION_REPRESENTATION(#4,#10);
#4 = PRODUCT_DEFINITION_SHAPE('','',#5);
#5 = PRODUCT_DEFINITION('design','',#6,#9);
#6 = PRODUCT_DEFINITION_FORMATION('','',#7);
#7 = PRODUCT('Open CASCADE STEP translator 7.8 3',
  'Open CASCADE STEP translator 7.8 3','',(#8));
#8 = PRODUCT_CONTEXT('',#2,'mechanical');
#9 = PRODUCT_DEFINITION_CONTEXT('part definition',#2,'design');
#10 = ADVANCED_BREP_SHAPE_REPRESENTATION('',(#11,#15),#4024);
#11 = AXIS2_PLACEMENT_3D('',#12,#13,#14);
#12 = CARTESIAN_POINT('',(0.,0.,0.));
#13 = DIRECTION('',(0.,0.,1.));
#14 = DIRECTION('',(1.,0.,-0.));
#15 = MANIFOLD_SOLID_BREP('',#16);
#16 = CLOSED_SHELL('',(#17,#105,#258,#337,#361,#393,#417,#449,#466,#1122
    ,#1173,#1224,#1249,#1274,#1299,#1321,#1338,#1355,#1367,#1392,#1417,
    #1442,#1467,#1492,#1509,#1533,#1557,#1574,#1591,#1603,#1634,#1658,
    #1682,#1706,#1730,#1747,#1778,#1802,#1826,#1850,#1874,#1891,#1922,
    #1946,#1970,#1994,#2018,#2035,#2066,#2090,#2114,#2138,#2162,#2179,
    #2210,#2234,#2258,#2282,#2306,#2323,#2354,#2378,#2402,#2426,#2450,
    #2467,#2498,#2523,#2547,#2572,#2596,#2621,#2645,#2670,#2694,#2719,
    #2743,#2761,#2792,#2817,#2841,#2865,#2899,#2923,#2948,#2972,#2996,
    #3020,#3038,#3069,#3093,#3117,#3141,#3165,#3182,#3213,#3237,#3261,
    #3285,#3309,#3326,#3357,#3381,#3405,#3422,#3454,#3478,#3503,#3520,
    #3537,#3554,#3571,#3588,#3605,#3622,#3639,#3656,#3726,#3746,#3777,
    #3801,#3825,#3842,#3854,#3885,#3909,#3933,#3957,#3981,#3998,#4010));
#17 = ADVANCED_FACE('',(#18),#100,.F.);
#18 = FACE_BOUND('',#19,.F.);
#19 = EDGE_LOOP('',(#20,#30,#38,#46,#54,#62,#70,#78,#86,#94));
#20 = ORIENTED_EDGE('',*,*,#21,.F.);
#21 = EDGE_CURVE('',#22,#24,#26,.T.);
#22 = VERTEX_POINT('',#23);
#23 = CARTESIAN_POINT('',(4.,187.75,-3.330669073875E-16));
#24 = VERTEX_POINT('',#25);
#25 = CARTESIAN_POINT('',(4.,0.,8.304468224196E-14));
#26 = LINE('',#27,#28);
#27 = CARTESIAN_POINT('',(4.,187.75,0.));
#28 = VECTOR('',#29,1.);
#29 = DIRECTION('',(2.22044604925E-16,-1.,4.440892098501E-16));
#30 = ORIENTED_EDGE('',*,*,#31,.F.);
#31 = EDGE_CURVE('',#32,#22,#34,.T.);
#32 = VERTEX_POINT('',#33);
#33 = CARTESIAN_POINT('',(4.,187.75,8.));
#34 = LINE('',#35,#36);
#35 = CARTESIAN_POINT('',(4.,187.75,8.));
#36 = VECTOR('',#37,1.);
#37 = DIRECTION('',(3.330669073875E-16,-4.440892098501E-16,-1.));
#38 = ORIENTED_EDGE('',*,*,#39,.T.);
#39 = EDGE_CURVE('',#32,#40,#42,.T.);
#40 = VERTEX_POINT('',#41);
#41 = CARTESIAN_POINT('',(4.,0.,8.));
#42 = LINE('',#43,#44);
#43 = CARTESIAN_POINT('',(4.,187.75,8.));
#44 = VECTOR('',#45,1.);
#45 = DIRECTION('',(2.22044604925E-16,-1.,4.440892098501E-16));
#46 = ORIENTED_EDGE('',*,*,#47,.T.);
#47 = EDGE_CURVE('',#40,#48,#50,.T.);
#48 = VERTEX_POINT('',#49);
#49 = CARTESIAN_POINT('',(4.,0.,6.));
#50 = LINE('',#51,#52);
#51 = CARTESIAN_POINT('',(4.,2.84217094304E-14,8.));
#52 = VECTOR('',#53,1.);
#53 = DIRECTION('',(3.330669073875E-16,-4.440892098501E-16,-1.));
#54 = ORIENTED_EDGE('',*,*,#55,.F.);
#55 = EDGE_CURVE('',#56,#48,#58,.T.);
#56 = VERTEX_POINT('',#57);
#57 = CARTESIAN_POINT('',(4.,171.1,6.));
#58 = LINE('',#59,#60);
#59 = CARTESIAN_POINT('',(4.,179.625,6.));
#60 = VECTOR('',#61,1.);
#61 = DIRECTION('',(2.22044604925E-16,-1.,4.440892098501E-16));
#62 = ORIENTED_EDGE('',*,*,#63,.T.);
#63 = EDGE_CURVE('',#56,#64,#66,.T.);
#64 = VERTEX_POINT('',#65);
#65 = CARTESIAN_POINT('',(4.,171.35,5.75));
#66 = LINE('',#67,#68);
#67 = CARTESIAN_POINT('',(4.,174.8625,2.2375));
#68 = VECTOR('',#69,1.);
#69 = DIRECTION('',(7.850462293419E-17,0.707106781187,-0.707106781187));
#70 = ORIENTED_EDGE('',*,*,#71,.T.);
#71 = EDGE_CURVE('',#64,#72,#74,.T.);
#72 = VERTEX_POINT('',#73);
#73 = CARTESIAN_POINT('',(4.,171.35,2.25));
#74 = LINE('',#75,#76);
#75 = CARTESIAN_POINT('',(4.,171.35,5.));
#76 = VECTOR('',#77,1.);
#77 = DIRECTION('',(3.330669073875E-16,-4.490035929754E-16,-1.));
#78 = ORIENTED_EDGE('',*,*,#79,.F.);
#79 = EDGE_CURVE('',#80,#72,#82,.T.);
#80 = VERTEX_POINT('',#81);
#81 = CARTESIAN_POINT('',(4.,171.1,2.));
#82 = LINE('',#83,#84);
#83 = CARTESIAN_POINT('',(4.,176.8625,7.7625));
#84 = VECTOR('',#85,1.);
#85 = DIRECTION('',(-3.925231146709E-16,0.707106781187,0.707106781187));
#86 = ORIENTED_EDGE('',*,*,#87,.T.);
#87 = EDGE_CURVE('',#80,#88,#90,.T.);
#88 = VERTEX_POINT('',#89);
#89 = CARTESIAN_POINT('',(4.,0.,2.));
#90 = LINE('',#91,#92);
#91 = CARTESIAN_POINT('',(4.,179.625,2.));
#92 = VECTOR('',#93,1.);
#93 = DIRECTION('',(2.22044604925E-16,-1.,4.440892098501E-16));
#94 = ORIENTED_EDGE('',*,*,#95,.T.);
#95 = EDGE_CURVE('',#88,#24,#96,.T.);
#96 = LINE('',#97,#98);
#97 = CARTESIAN_POINT('',(4.,2.84217094304E-14,8.));
#98 = VECTOR('',#99,1.);
#99 = DIRECTION('',(3.330669073875E-16,-4.440892098501E-16,-1.));
#100 = PLANE('',#101);
#101 = AXIS2_PLACEMENT_3D('',#102,#103,#104);
#102 = CARTESIAN_POINT('',(4.,187.75,8.));
#103 = DIRECTION('',(1.,2.22044604925E-16,3.330669073875E-16));
#104 = DIRECTION('',(3.330669073875E-16,-4.440892098501E-16,-1.));
#105 = ADVANCED_FACE('',(#106,#131,#142,#153,#164,#198,#209,#220,#231,
    #242),#253,.T.);
#106 = FACE_BOUND('',#107,.T.);
#107 = EDGE_LOOP('',(#108,#109,#117,#125));
#108 = ORIENTED_EDGE('',*,*,#21,.F.);
#109 = ORIENTED_EDGE('',*,*,#110,.T.);
#110 = EDGE_CURVE('',#22,#111,#113,.T.);
#111 = VERTEX_POINT('',#112);
#112 = CARTESIAN_POINT('',(187.5,187.75,6.078471059823E-14));
#113 = LINE('',#114,#115);
#114 = CARTESIAN_POINT('',(4.,187.75,0.));
#115 = VECTOR('',#116,1.);
#116 = DIRECTION('',(1.,2.22044604925E-16,3.330669073875E-16));
#117 = ORIENTED_EDGE('',*,*,#118,.T.);
#118 = EDGE_CURVE('',#111,#119,#121,.T.);
#119 = VERTEX_POINT('',#120);
#120 = CARTESIAN_POINT('',(187.5,2.84217094304E-14,1.441624597476E-13));
#121 = LINE('',#122,#123);
#122 = CARTESIAN_POINT('',(187.5,187.75,6.128431095931E-14));
#123 = VECTOR('',#124,1.);
#124 = DIRECTION('',(2.22044604925E-16,-1.,4.440892098501E-16));
#125 = ORIENTED_EDGE('',*,*,#126,.F.);
#126 = EDGE_CURVE('',#24,#119,#127,.T.);
#127 = LINE('',#128,#129);
#128 = CARTESIAN_POINT('',(4.,2.84217094304E-14,8.348877145181E-14));
#129 = VECTOR('',#130,1.);
#130 = DIRECTION('',(1.,2.22044604925E-16,3.330669073875E-16));
#131 = FACE_BOUND('',#132,.T.);
#132 = EDGE_LOOP('',(#133));
#133 = ORIENTED_EDGE('',*,*,#134,.F.);
#134 = EDGE_CURVE('',#135,#135,#137,.T.);
#135 = VERTEX_POINT('',#136);
#136 = CARTESIAN_POINT('',(15.8,177.75,8.038014698286E-15));
#137 = CIRCLE('',#138,1.8);
#138 = AXIS2_PLACEMENT_3D('',#139,#140,#141);
#139 = CARTESIAN_POINT('',(14.,177.75,7.993605777301E-15));
#140 = DIRECTION('',(3.330669073875E-16,-4.440892098501E-16,-1.));
#141 = DIRECTION('',(1.,2.22044604925E-16,3.330669073875E-16));
#142 = FACE_BOUND('',#143,.T.);
#143 = EDGE_LOOP('',(#144));
#144 = ORIENTED_EDGE('',*,*,#145,.F.);
#145 = EDGE_CURVE('',#146,#146,#148,.T.);
#146 = VERTEX_POINT('',#147);
#147 = CARTESIAN_POINT('',(97.55,177.75,3.526623437722E-14));
#148 = CIRCLE('',#149,1.8);
#149 = AXIS2_PLACEMENT_3D('',#150,#151,#152);
#150 = CARTESIAN_POINT('',(95.75,177.75,3.46389583683E-14));
#151 = DIRECTION('',(3.330669073875E-16,-4.440892098501E-16,-1.));
#152 = DIRECTION('',(1.,2.22044604925E-16,3.330669073875E-16));
#153 = FACE_BOUND('',#154,.T.);
#154 = EDGE_LOOP('',(#155));
#155 = ORIENTED_EDGE('',*,*,#156,.F.);
#156 = EDGE_CURVE('',#157,#157,#159,.T.);
#157 = VERTEX_POINT('',#158);
#158 = CARTESIAN_POINT('',(15.8,93.875,4.528599717446E-14));
#159 = CIRCLE('',#160,1.8);
#160 = AXIS2_PLACEMENT_3D('',#161,#162,#163);
#161 = CARTESIAN_POINT('',(14.,93.875,4.529709940471E-14));
#162 = DIRECTION('',(3.330669073875E-16,-4.440892098501E-16,-1.));
#163 = DIRECTION('',(1.,2.22044604925E-16,3.330669073875E-16));
#164 = FACE_BOUND('',#165,.T.);
#165 = EDGE_LOOP('',(#166,#176,#184,#192));
#166 = ORIENTED_EDGE('',*,*,#167,.T.);
#167 = EDGE_CURVE('',#168,#170,#172,.T.);
#168 = VERTEX_POINT('',#169);
#169 = CARTESIAN_POINT('',(167.5,167.75,6.300515664748E-14));
#170 = VERTEX_POINT('',#171);
#171 = CARTESIAN_POINT('',(24.,167.75,1.521005543736E-14));
#172 = LINE('',#173,#174);
#173 = CARTESIAN_POINT('',(14.,167.75,1.24344978758E-14));
#174 = VECTOR('',#175,1.);
#175 = DIRECTION('',(-1.,-2.22044604925E-16,-3.330669073875E-16));
#176 = ORIENTED_EDGE('',*,*,#177,.T.);
#177 = EDGE_CURVE('',#170,#178,#180,.T.);
#178 = VERTEX_POINT('',#179);
#179 = CARTESIAN_POINT('',(24.,20.,8.082423619271E-14));
#180 = LINE('',#181,#182);
#181 = CARTESIAN_POINT('',(24.,177.75,1.06581410364E-14));
#182 = VECTOR('',#183,1.);
#183 = DIRECTION('',(2.22044604925E-16,-1.,4.440892098501E-16));
#184 = ORIENTED_EDGE('',*,*,#185,.F.);
#185 = EDGE_CURVE('',#186,#178,#188,.T.);
#186 = VERTEX_POINT('',#187);
#187 = CARTESIAN_POINT('',(167.5,20.,1.286193374028E-13));
#188 = LINE('',#189,#190);
#189 = CARTESIAN_POINT('',(14.,20.,7.815970093361E-14));
#190 = VECTOR('',#191,1.);
#191 = DIRECTION('',(-1.,-2.22044604925E-16,-3.330669073875E-16));
#192 = ORIENTED_EDGE('',*,*,#193,.F.);
#193 = EDGE_CURVE('',#168,#186,#194,.T.);
#194 = LINE('',#195,#196);
#195 = CARTESIAN_POINT('',(167.5,177.75,5.861977570021E-14));
#196 = VECTOR('',#197,1.);
#197 = DIRECTION('',(2.22044604925E-16,-1.,4.440892098501E-16));
#198 = FACE_BOUND('',#199,.T.);
#199 = EDGE_LOOP('',(#200));
#200 = ORIENTED_EDGE('',*,*,#201,.F.);
#201 = EDGE_CURVE('',#202,#202,#204,.T.);
#202 = VERTEX_POINT('',#203);
#203 = CARTESIAN_POINT('',(179.3,177.75,6.249445405615E-14));
#204 = CIRCLE('',#205,1.8);
#205 = AXIS2_PLACEMENT_3D('',#206,#207,#208);
#206 = CARTESIAN_POINT('',(177.5,177.75,6.217248937901E-14));
#207 = DIRECTION('',(3.330669073875E-16,-4.440892098501E-16,-1.));
#208 = DIRECTION('',(1.,2.22044604925E-16,3.330669073875E-16));
#209 = FACE_BOUND('',#210,.T.);
#210 = EDGE_LOOP('',(#211));
#211 = ORIENTED_EDGE('',*,*,#212,.F.);
#212 = EDGE_CURVE('',#213,#213,#215,.T.);
#213 = VERTEX_POINT('',#214);
#214 = CARTESIAN_POINT('',(179.3,93.875,9.974243653232E-14));
#215 = CIRCLE('',#216,1.8);
#216 = AXIS2_PLACEMENT_3D('',#217,#218,#219);
#217 = CARTESIAN_POINT('',(177.5,93.875,9.947598300641E-14));
#218 = DIRECTION('',(3.330669073875E-16,-4.440892098501E-16,-1.));
#219 = DIRECTION('',(1.,2.22044604925E-16,3.330669073875E-16));
#220 = FACE_BOUND('',#221,.T.);
#221 = EDGE_LOOP('',(#222));
#222 = ORIENTED_EDGE('',*,*,#223,.F.);
#223 = EDGE_CURVE('',#224,#224,#226,.T.);
#224 = VERTEX_POINT('',#225);
#225 = CARTESIAN_POINT('',(15.8,10.,8.253397965063E-14));
#226 = CIRCLE('',#227,1.8);
#227 = AXIS2_PLACEMENT_3D('',#228,#229,#230);
#228 = CARTESIAN_POINT('',(14.,10.,8.260059303211E-14));
#229 = DIRECTION('',(3.330669073875E-16,-4.440892098501E-16,-1.));
#230 = DIRECTION('',(1.,2.22044604925E-16,3.330669073875E-16));
#231 = FACE_BOUND('',#232,.T.);
#232 = EDGE_LOOP('',(#233));
#233 = ORIENTED_EDGE('',*,*,#234,.F.);
#234 = EDGE_CURVE('',#235,#235,#237,.T.);
#235 = VERTEX_POINT('',#236);
#236 = CARTESIAN_POINT('',(97.55,10.,1.097621993296E-13));
#237 = CIRCLE('',#238,1.8);
#238 = AXIS2_PLACEMENT_3D('',#239,#240,#241);
#239 = CARTESIAN_POINT('',(95.75,10.,1.092459456231E-13));
#240 = DIRECTION('',(3.330669073875E-16,-4.440892098501E-16,-1.));
#241 = DIRECTION('',(1.,2.22044604925E-16,3.330669073875E-16));
#242 = FACE_BOUND('',#243,.T.);
#243 = EDGE_LOOP('',(#244));
#244 = ORIENTED_EDGE('',*,*,#245,.F.);
#245 = EDGE_CURVE('',#246,#246,#248,.T.);
#246 = VERTEX_POINT('',#247);
#247 = CARTESIAN_POINT('',(179.3,10.,1.369904190085E-13));
#248 = CIRCLE('',#249,1.8);
#249 = AXIS2_PLACEMENT_3D('',#250,#251,#252);
#250 = CARTESIAN_POINT('',(177.5,10.,1.367794766338E-13));
#251 = DIRECTION('',(3.330669073875E-16,-4.440892098501E-16,-1.));
#252 = DIRECTION('',(1.,2.22044604925E-16,3.330669073875E-16));
#253 = PLANE('',#254);
#254 = AXIS2_PLACEMENT_3D('',#255,#256,#257);
#255 = CARTESIAN_POINT('',(4.,187.75,0.));
#256 = DIRECTION('',(3.330669073875E-16,-4.440892098501E-16,-1.));
#257 = DIRECTION('',(1.,2.22044604925E-16,3.330669073875E-16));
#258 = ADVANCED_FACE('',(#259),#332,.T.);
#259 = FACE_BOUND('',#260,.T.);
#260 = EDGE_LOOP('',(#261,#271,#277,#278,#286,#294,#300,#301,#302,#310,
    #318,#326));
#261 = ORIENTED_EDGE('',*,*,#262,.F.);
#262 = EDGE_CURVE('',#263,#265,#267,.T.);
#263 = VERTEX_POINT('',#264);
#264 = CARTESIAN_POINT('',(187.5,2.84217094304E-14,8.));
#265 = VERTEX_POINT('',#266);
#266 = CARTESIAN_POINT('',(187.5,2.84217094304E-14,6.));
#267 = LINE('',#268,#269);
#268 = CARTESIAN_POINT('',(187.5,5.684341886081E-14,8.));
#269 = VECTOR('',#270,1.);
#270 = DIRECTION('',(3.330669073875E-16,-4.440892098501E-16,-1.));
#271 = ORIENTED_EDGE('',*,*,#272,.F.);
#272 = EDGE_CURVE('',#40,#263,#273,.T.);
#273 = LINE('',#274,#275);
#274 = CARTESIAN_POINT('',(4.,2.84217094304E-14,8.));
#275 = VECTOR('',#276,1.);
#276 = DIRECTION('',(1.,2.22044604925E-16,3.330669073875E-16));
#277 = ORIENTED_EDGE('',*,*,#47,.T.);
#278 = ORIENTED_EDGE('',*,*,#279,.T.);
#279 = EDGE_CURVE('',#48,#280,#282,.T.);
#280 = VERTEX_POINT('',#281);
#281 = CARTESIAN_POINT('',(8.526512829121E-14,0.,6.));
#282 = LINE('',#283,#284);
#283 = CARTESIAN_POINT('',(4.25,0.,6.));
#284 = VECTOR('',#285,1.);
#285 = DIRECTION('',(-1.,-2.22044604925E-16,-3.330669073875E-16));
#286 = ORIENTED_EDGE('',*,*,#287,.F.);
#287 = EDGE_CURVE('',#288,#280,#290,.T.);
#288 = VERTEX_POINT('',#289);
#289 = CARTESIAN_POINT('',(8.526512829121E-14,-2.84217094304E-14,2.));
#290 = LINE('',#291,#292);
#291 = CARTESIAN_POINT('',(8.526512829121E-14,0.,2.));
#292 = VECTOR('',#293,1.);
#293 = DIRECTION('',(-3.330669073875E-16,4.440892098501E-16,1.));
#294 = ORIENTED_EDGE('',*,*,#295,.F.);
#295 = EDGE_CURVE('',#88,#288,#296,.T.);
#296 = LINE('',#297,#298);
#297 = CARTESIAN_POINT('',(4.25,0.,2.));
#298 = VECTOR('',#299,1.);
#299 = DIRECTION('',(-1.,-2.22044604925E-16,-3.330669073875E-16));
#300 = ORIENTED_EDGE('',*,*,#95,.T.);
#301 = ORIENTED_EDGE('',*,*,#126,.T.);
#302 = ORIENTED_EDGE('',*,*,#303,.F.);
#303 = EDGE_CURVE('',#304,#119,#306,.T.);
#304 = VERTEX_POINT('',#305);
#305 = CARTESIAN_POINT('',(187.5,2.84217094304E-14,2.));
#306 = LINE('',#307,#308);
#307 = CARTESIAN_POINT('',(187.5,5.684341886081E-14,8.));
#308 = VECTOR('',#309,1.);
#309 = DIRECTION('',(3.330669073875E-16,-4.440892098501E-16,-1.));
#310 = ORIENTED_EDGE('',*,*,#311,.F.);
#311 = EDGE_CURVE('',#312,#304,#314,.T.);
#312 = VERTEX_POINT('',#313);
#313 = CARTESIAN_POINT('',(191.5,2.84217094304E-14,2.));
#314 = LINE('',#315,#316);
#315 = CARTESIAN_POINT('',(191.5,2.84217094304E-14,2.));
#316 = VECTOR('',#317,1.);
#317 = DIRECTION('',(-1.,-2.22044604925E-16,-3.330669073875E-16));
#318 = ORIENTED_EDGE('',*,*,#319,.T.);
#319 = EDGE_CURVE('',#312,#320,#322,.T.);
#320 = VERTEX_POINT('',#321);
#321 = CARTESIAN_POINT('',(191.5,2.84217094304E-14,6.));
#322 = LINE('',#323,#324);
#323 = CARTESIAN_POINT('',(191.5,2.84217094304E-14,2.));
#324 = VECTOR('',#325,1.);
#325 = DIRECTION('',(-3.330669073875E-16,4.440892098501E-16,1.));
#326 = ORIENTED_EDGE('',*,*,#327,.T.);
#327 = EDGE_CURVE('',#320,#265,#328,.T.);
#328 = LINE('',#329,#330);
#329 = CARTESIAN_POINT('',(191.5,2.84217094304E-14,6.));
#330 = VECTOR('',#331,1.);
#331 = DIRECTION('',(-1.,-2.22044604925E-16,-3.330669073875E-16));
#332 = PLANE('',#333);
#333 = AXIS2_PLACEMENT_3D('',#334,#335,#336);
#334 = CARTESIAN_POINT('',(95.75,0.,4.));
#335 = DIRECTION('',(2.22044604925E-16,-1.,4.440892098501E-16));
#336 = DIRECTION('',(-3.330669073875E-16,4.440892098501E-16,1.));
#337 = ADVANCED_FACE('',(#338),#356,.F.);
#338 = FACE_BOUND('',#339,.F.);
#339 = EDGE_LOOP('',(#340,#341,#349,#355));
#340 = ORIENTED_EDGE('',*,*,#87,.F.);
#341 = ORIENTED_EDGE('',*,*,#342,.T.);
#342 = EDGE_CURVE('',#80,#343,#345,.T.);
#343 = VERTEX_POINT('',#344);
#344 = CARTESIAN_POINT('',(2.84217094304E-14,171.1,2.));
#345 = LINE('',#346,#347);
#346 = CARTESIAN_POINT('',(4.25,171.1,2.));
#347 = VECTOR('',#348,1.);
#348 = DIRECTION('',(-1.,-2.22044604925E-16,-3.330669073875E-16));
#349 = ORIENTED_EDGE('',*,*,#350,.T.);
#350 = EDGE_CURVE('',#343,#288,#351,.T.);
#351 = LINE('',#352,#353);
#352 = CARTESIAN_POINT('',(2.84217094304E-14,171.5,2.));
#353 = VECTOR('',#354,1.);
#354 = DIRECTION('',(2.22044604925E-16,-1.,4.440892098501E-16));
#355 = ORIENTED_EDGE('',*,*,#295,.F.);
#356 = PLANE('',#357);
#357 = AXIS2_PLACEMENT_3D('',#358,#359,#360);
#358 = CARTESIAN_POINT('',(4.25,171.5,2.));
#359 = DIRECTION('',(-3.330669073875E-16,4.440892098501E-16,1.));
#360 = DIRECTION('',(2.22044604925E-16,-1.,4.440892098501E-16));
#361 = ADVANCED_FACE('',(#362),#388,.T.);
#362 = FACE_BOUND('',#363,.T.);
#363 = EDGE_LOOP('',(#364,#372,#373,#374,#382));
#364 = ORIENTED_EDGE('',*,*,#365,.F.);
#365 = EDGE_CURVE('',#72,#366,#368,.T.);
#366 = VERTEX_POINT('',#367);
#367 = CARTESIAN_POINT('',(3.85,171.5,2.4));
#368 = LINE('',#369,#370);
#369 = CARTESIAN_POINT('',(4.116666666667,171.23333333333,2.133333333333
    ));
#370 = VECTOR('',#371,1.);
#371 = DIRECTION('',(-0.57735026919,0.57735026919,0.57735026919));
#372 = ORIENTED_EDGE('',*,*,#79,.F.);
#373 = ORIENTED_EDGE('',*,*,#342,.T.);
#374 = ORIENTED_EDGE('',*,*,#375,.T.);
#375 = EDGE_CURVE('',#343,#376,#378,.T.);
#376 = VERTEX_POINT('',#377);
#377 = CARTESIAN_POINT('',(0.4,171.5,2.4));
#378 = LINE('',#379,#380);
#379 = CARTESIAN_POINT('',(0.841666666667,171.94166666666,2.841666666667
    ));
#380 = VECTOR('',#381,1.);
#381 = DIRECTION('',(0.57735026919,0.57735026919,0.57735026919));
#382 = ORIENTED_EDGE('',*,*,#383,.F.);
#383 = EDGE_CURVE('',#366,#376,#384,.T.);
#384 = LINE('',#385,#386);
#385 = CARTESIAN_POINT('',(4.25,171.5,2.4));
#386 = VECTOR('',#387,1.);
#387 = DIRECTION('',(-1.,-2.22044604925E-16,-3.330669073875E-16));
#388 = PLANE('',#389);
#389 = AXIS2_PLACEMENT_3D('',#390,#391,#392);
#390 = CARTESIAN_POINT('',(4.25,171.3,2.2));
#391 = DIRECTION('',(7.850462293419E-17,0.707106781187,-0.707106781187)
  );
#392 = DIRECTION('',(-1.,-2.22044604925E-16,-3.330669073875E-16));
#393 = ADVANCED_FACE('',(#394),#412,.T.);
#394 = FACE_BOUND('',#395,.F.);
#395 = EDGE_LOOP('',(#396,#397,#398,#406));
#396 = ORIENTED_EDGE('',*,*,#365,.F.);
#397 = ORIENTED_EDGE('',*,*,#71,.F.);
#398 = ORIENTED_EDGE('',*,*,#399,.T.);
#399 = EDGE_CURVE('',#64,#400,#402,.T.);
#400 = VERTEX_POINT('',#401);
#401 = CARTESIAN_POINT('',(3.85,171.5,5.6));
#402 = LINE('',#403,#404);
#403 = CARTESIAN_POINT('',(3.45,171.9,5.2));
#404 = VECTOR('',#405,1.);
#405 = DIRECTION('',(-0.57735026919,0.57735026919,-0.57735026919));
#406 = ORIENTED_EDGE('',*,*,#407,.F.);
#407 = EDGE_CURVE('',#366,#400,#408,.T.);
#408 = LINE('',#409,#410);
#409 = CARTESIAN_POINT('',(3.85,171.5,2.));
#410 = VECTOR('',#411,1.);
#411 = DIRECTION('',(-3.330669073875E-16,4.440892098501E-16,1.));
#412 = PLANE('',#413);
#413 = AXIS2_PLACEMENT_3D('',#414,#415,#416);
#414 = CARTESIAN_POINT('',(4.05,171.3,2.));
#415 = DIRECTION('',(0.707106781187,0.707106781187,-8.197961656747E-17)
  );
#416 = DIRECTION('',(3.306097158249E-16,-4.465464014127E-16,-1.));
#417 = ADVANCED_FACE('',(#418),#444,.F.);
#418 = FACE_BOUND('',#419,.F.);
#419 = EDGE_LOOP('',(#420,#421,#422,#430,#438));
#420 = ORIENTED_EDGE('',*,*,#399,.F.);
#421 = ORIENTED_EDGE('',*,*,#63,.F.);
#422 = ORIENTED_EDGE('',*,*,#423,.T.);
#423 = EDGE_CURVE('',#56,#424,#426,.T.);
#424 = VERTEX_POINT('',#425);
#425 = CARTESIAN_POINT('',(2.84217094304E-14,171.1,6.));
#426 = LINE('',#427,#428);
#427 = CARTESIAN_POINT('',(4.25,171.1,6.));
#428 = VECTOR('',#429,1.);
#429 = DIRECTION('',(-1.,-2.22044604925E-16,-3.330669073875E-16));
#430 = ORIENTED_EDGE('',*,*,#431,.T.);
#431 = EDGE_CURVE('',#424,#432,#434,.T.);
#432 = VERTEX_POINT('',#433);
#433 = CARTESIAN_POINT('',(0.4,171.5,5.6));
#434 = LINE('',#435,#436);
#435 = CARTESIAN_POINT('',(1.508333333333,172.60833333333,4.491666666667
    ));
#436 = VECTOR('',#437,1.);
#437 = DIRECTION('',(0.57735026919,0.57735026919,-0.57735026919));
#438 = ORIENTED_EDGE('',*,*,#439,.F.);
#439 = EDGE_CURVE('',#400,#432,#440,.T.);
#440 = LINE('',#441,#442);
#441 = CARTESIAN_POINT('',(4.25,171.5,5.6));
#442 = VECTOR('',#443,1.);
#443 = DIRECTION('',(-1.,-2.22044604925E-16,-3.330669073875E-16));
#444 = PLANE('',#445);
#445 = AXIS2_PLACEMENT_3D('',#446,#447,#448);
#446 = CARTESIAN_POINT('',(4.25,171.3,5.8));
#447 = DIRECTION('',(3.925231146709E-16,-0.707106781187,-0.707106781187)
  );
#448 = DIRECTION('',(-1.,-2.22044604925E-16,-3.330669073875E-16));
#449 = ADVANCED_FACE('',(#450),#461,.T.);
#450 = FACE_BOUND('',#451,.T.);
#451 = EDGE_LOOP('',(#452,#453,#454,#460));
#452 = ORIENTED_EDGE('',*,*,#55,.F.);
#453 = ORIENTED_EDGE('',*,*,#423,.T.);
#454 = ORIENTED_EDGE('',*,*,#455,.T.);
#455 = EDGE_CURVE('',#424,#280,#456,.T.);
#456 = LINE('',#457,#458);
#457 = CARTESIAN_POINT('',(2.84217094304E-14,171.5,6.));
#458 = VECTOR('',#459,1.);
#459 = DIRECTION('',(2.22044604925E-16,-1.,4.440892098501E-16));
#460 = ORIENTED_EDGE('',*,*,#279,.F.);
#461 = PLANE('',#462);
#462 = AXIS2_PLACEMENT_3D('',#463,#464,#465);
#463 = CARTESIAN_POINT('',(4.25,171.5,6.));
#464 = DIRECTION('',(-3.330669073875E-16,4.440892098501E-16,1.));
#465 = DIRECTION('',(2.22044604925E-16,-1.,4.440892098501E-16));
#466 = ADVANCED_FACE('',(#467,#485,#535,#585,#635,#685,#719,#769,#819,
    #923,#1017,#1067),#1117,.F.);
#467 = FACE_BOUND('',#468,.F.);
#468 = EDGE_LOOP('',(#469,#470,#478,#484));
#469 = ORIENTED_EDGE('',*,*,#39,.F.);
#470 = ORIENTED_EDGE('',*,*,#471,.T.);
#471 = EDGE_CURVE('',#32,#472,#474,.T.);
#472 = VERTEX_POINT('',#473);
#473 = CARTESIAN_POINT('',(187.5,187.75,8.));
#474 = LINE('',#475,#476);
#475 = CARTESIAN_POINT('',(4.,187.75,8.));
#476 = VECTOR('',#477,1.);
#477 = DIRECTION('',(1.,2.22044604925E-16,3.330669073875E-16));
#478 = ORIENTED_EDGE('',*,*,#479,.T.);
#479 = EDGE_CURVE('',#472,#263,#480,.T.);
#480 = LINE('',#481,#482);
#481 = CARTESIAN_POINT('',(187.5,187.75,8.));
#482 = VECTOR('',#483,1.);
#483 = DIRECTION('',(2.22044604925E-16,-1.,4.440892098501E-16));
#484 = ORIENTED_EDGE('',*,*,#272,.F.);
#485 = FACE_BOUND('',#486,.F.);
#486 = EDGE_LOOP('',(#487,#497,#505,#513,#521,#529));
#487 = ORIENTED_EDGE('',*,*,#488,.T.);
#488 = EDGE_CURVE('',#489,#491,#493,.T.);
#489 = VERTEX_POINT('',#490);
#490 = CARTESIAN_POINT('',(11.05,176.04681670589,8.));
#491 = VERTEX_POINT('',#492);
#492 = CARTESIAN_POINT('',(14.,174.34363341178,8.));
#493 = LINE('',#494,#495);
#494 = CARTESIAN_POINT('',(7.347436490539,178.18449274477,8.));
#495 = VECTOR('',#496,1.);
#496 = DIRECTION('',(0.866025403784,-0.5,5.104890078826E-16));
#497 = ORIENTED_EDGE('',*,*,#498,.T.);
#498 = EDGE_CURVE('',#491,#499,#501,.T.);
#499 = VERTEX_POINT('',#500);
#500 = CARTESIAN_POINT('',(16.95,176.04681670589,8.));
#501 = LINE('',#502,#503);
#502 = CARTESIAN_POINT('',(14.627563509461,174.7059573729,8.));
#503 = VECTOR('',#504,1.);
#504 = DIRECTION('',(0.866025403784,0.5,6.63997980325E-17));
#505 = ORIENTED_EDGE('',*,*,#506,.T.);
#506 = EDGE_CURVE('',#499,#507,#509,.T.);
#507 = VERTEX_POINT('',#508);
#508 = CARTESIAN_POINT('',(16.95,179.4531832941,8.));
#509 = LINE('',#510,#511);
#510 = CARTESIAN_POINT('',(16.95,183.60159164705,8.));
#511 = VECTOR('',#512,1.);
#512 = DIRECTION('',(-7.435260114019E-16,1.,-4.440892098501E-16));
#513 = ORIENTED_EDGE('',*,*,#514,.T.);
#514 = EDGE_CURVE('',#507,#515,#517,.T.);
#515 = VERTEX_POINT('',#516);
#516 = CARTESIAN_POINT('',(14.,181.15636658821,8.));
#517 = LINE('',#518,#519);
#518 = CARTESIAN_POINT('',(8.822436490539,184.14563427415,8.));
#519 = VECTOR('',#520,1.);
#520 = DIRECTION('',(-0.866025403784,0.5,-5.104890078826E-16));
#521 = ORIENTED_EDGE('',*,*,#522,.T.);
#522 = EDGE_CURVE('',#515,#523,#525,.T.);
#523 = VERTEX_POINT('',#524);
#524 = CARTESIAN_POINT('',(11.05,179.4531832941,8.));
#525 = LINE('',#526,#527);
#526 = CARTESIAN_POINT('',(10.202563509461,178.96391560817,8.));
#527 = VECTOR('',#528,1.);
#528 = DIRECTION('',(-0.866025403784,-0.5,-6.63997980325E-17));
#529 = ORIENTED_EDGE('',*,*,#530,.T.);
#530 = EDGE_CURVE('',#523,#489,#531,.T.);
#531 = LINE('',#532,#533);
#532 = CARTESIAN_POINT('',(11.05,181.89840835294,8.));
#533 = VECTOR('',#534,1.);
#534 = DIRECTION('',(-3.869609831342E-17,-1.,4.440892098501E-16));
#535 = FACE_BOUND('',#536,.F.);
#536 = EDGE_LOOP('',(#537,#547,#555,#563,#571,#579));
#537 = ORIENTED_EDGE('',*,*,#538,.T.);
#538 = EDGE_CURVE('',#539,#541,#543,.T.);
#539 = VERTEX_POINT('',#540);
#540 = CARTESIAN_POINT('',(11.05,92.171816705891,8.));
#541 = VERTEX_POINT('',#542);
#542 = CARTESIAN_POINT('',(14.,90.468633411781,8.));
#543 = LINE('',#544,#545);
#544 = CARTESIAN_POINT('',(-10.81203369506,104.79386774477,8.));
#545 = VECTOR('',#546,1.);
#546 = DIRECTION('',(0.866025403784,-0.5,5.104890078826E-16));
#547 = ORIENTED_EDGE('',*,*,#548,.T.);
#548 = EDGE_CURVE('',#541,#549,#551,.T.);
#549 = VERTEX_POINT('',#550);
#550 = CARTESIAN_POINT('',(16.95,92.171816705891,8.));
#551 = LINE('',#552,#553);
#552 = CARTESIAN_POINT('',(32.787033695066,101.3153323729,8.));
#553 = VECTOR('',#554,1.);
#554 = DIRECTION('',(0.866025403784,0.5,6.63997980325E-17));
#555 = ORIENTED_EDGE('',*,*,#556,.T.);
#556 = EDGE_CURVE('',#549,#557,#559,.T.);
#557 = VERTEX_POINT('',#558);
#558 = CARTESIAN_POINT('',(16.95,95.578183294109,8.));
#559 = LINE('',#560,#561);
#560 = CARTESIAN_POINT('',(16.95,141.66409164705,8.));
#561 = VECTOR('',#562,1.);
#562 = DIRECTION('',(-7.435260114019E-16,1.,-4.440892098501E-16));
#563 = ORIENTED_EDGE('',*,*,#564,.T.);
#564 = EDGE_CURVE('',#557,#565,#567,.T.);
#565 = VERTEX_POINT('',#566);
#566 = CARTESIAN_POINT('',(14.,97.281366588219,8.));
#567 = LINE('',#568,#569);
#568 = CARTESIAN_POINT('',(-9.337033695066,110.75500927415,8.));
#569 = VECTOR('',#570,1.);
#570 = DIRECTION('',(-0.866025403784,0.5,-5.104890078826E-16));
#571 = ORIENTED_EDGE('',*,*,#572,.T.);
#572 = EDGE_CURVE('',#565,#573,#575,.T.);
#573 = VERTEX_POINT('',#574);
#574 = CARTESIAN_POINT('',(11.05,95.578183294109,8.));
#575 = LINE('',#576,#577);
#576 = CARTESIAN_POINT('',(28.362033695066,105.57329060817,8.));
#577 = VECTOR('',#578,1.);
#578 = DIRECTION('',(-0.866025403784,-0.5,-6.63997980325E-17));
#579 = ORIENTED_EDGE('',*,*,#580,.T.);
#580 = EDGE_CURVE('',#573,#539,#581,.T.);
#581 = LINE('',#582,#583);
#582 = CARTESIAN_POINT('',(11.05,139.96090835294,8.));
#583 = VECTOR('',#584,1.);
#584 = DIRECTION('',(-3.869609831342E-17,-1.,4.440892098501E-16));
#585 = FACE_BOUND('',#586,.F.);
#586 = EDGE_LOOP('',(#587,#597,#605,#613,#621,#629));
#587 = ORIENTED_EDGE('',*,*,#588,.T.);
#588 = EDGE_CURVE('',#589,#591,#593,.T.);
#589 = VERTEX_POINT('',#590);
#590 = CARTESIAN_POINT('',(92.8,176.04681670589,8.));
#591 = VERTEX_POINT('',#592);
#592 = CARTESIAN_POINT('',(95.75,174.34363341178,8.));
#593 = LINE('',#594,#595);
#594 = CARTESIAN_POINT('',(58.441186490539,195.88388693461,8.));
#595 = VECTOR('',#596,1.);
#596 = DIRECTION('',(0.866025403784,-0.5,5.104890078826E-16));
#597 = ORIENTED_EDGE('',*,*,#598,.T.);
#598 = EDGE_CURVE('',#591,#599,#601,.T.);
#599 = VERTEX_POINT('',#600);
#600 = CARTESIAN_POINT('',(98.7,176.04681670589,8.));
#601 = LINE('',#602,#603);
#602 = CARTESIAN_POINT('',(65.721313509461,157.00656318305,8.));
#603 = VECTOR('',#604,1.);
#604 = DIRECTION('',(0.866025403784,0.5,6.63997980325E-17));
#605 = ORIENTED_EDGE('',*,*,#606,.T.);
#606 = EDGE_CURVE('',#599,#607,#609,.T.);
#607 = VERTEX_POINT('',#608);
#608 = CARTESIAN_POINT('',(98.7,179.4531832941,8.));
#609 = LINE('',#610,#611);
#610 = CARTESIAN_POINT('',(98.7,183.60159164705,8.));
#611 = VECTOR('',#612,1.);
#612 = DIRECTION('',(-2.22044604925E-16,1.,-4.440892098501E-16));
#613 = ORIENTED_EDGE('',*,*,#614,.T.);
#614 = EDGE_CURVE('',#607,#615,#617,.T.);
#615 = VERTEX_POINT('',#616);
#616 = CARTESIAN_POINT('',(95.75,181.15636658821,8.));
#617 = LINE('',#618,#619);
#618 = CARTESIAN_POINT('',(59.916186490539,201.84502846399,8.));
#619 = VECTOR('',#620,1.);
#620 = DIRECTION('',(-0.866025403784,0.5,-5.104890078826E-16));
#621 = ORIENTED_EDGE('',*,*,#622,.T.);
#622 = EDGE_CURVE('',#615,#623,#625,.T.);
#623 = VERTEX_POINT('',#624);
#624 = CARTESIAN_POINT('',(92.8,179.4531832941,8.));
#625 = LINE('',#626,#627);
#626 = CARTESIAN_POINT('',(61.296313509461,161.26452141833,8.));
#627 = VECTOR('',#628,1.);
#628 = DIRECTION('',(-0.866025403784,-0.5,-6.63997980325E-17));
#629 = ORIENTED_EDGE('',*,*,#630,.T.);
#630 = EDGE_CURVE('',#623,#589,#631,.T.);
#631 = LINE('',#632,#633);
#632 = CARTESIAN_POINT('',(92.8,181.89840835294,8.));
#633 = VECTOR('',#634,1.);
#634 = DIRECTION('',(2.22044604925E-16,-1.,4.440892098501E-16));
#635 = FACE_BOUND('',#636,.F.);
#636 = EDGE_LOOP('',(#637,#647,#655,#663,#671,#679));
#637 = ORIENTED_EDGE('',*,*,#638,.T.);
#638 = EDGE_CURVE('',#639,#641,#643,.T.);
#639 = VERTEX_POINT('',#640);
#640 = CARTESIAN_POINT('',(174.55,176.04681670589,8.));
#641 = VERTEX_POINT('',#642);
#642 = CARTESIAN_POINT('',(177.5,174.34363341178,8.));
#643 = LINE('',#644,#645);
#644 = CARTESIAN_POINT('',(109.53493649053,213.58328112445,8.));
#645 = VECTOR('',#646,1.);
#646 = DIRECTION('',(0.866025403784,-0.5,5.104890078826E-16));
#647 = ORIENTED_EDGE('',*,*,#648,.T.);
#648 = EDGE_CURVE('',#641,#649,#651,.T.);
#649 = VERTEX_POINT('',#650);
#650 = CARTESIAN_POINT('',(180.45,176.04681670589,8.));
#651 = LINE('',#652,#653);
#652 = CARTESIAN_POINT('',(116.81506350946,139.30716899321,8.));
#653 = VECTOR('',#654,1.);
#654 = DIRECTION('',(0.866025403784,0.5,6.63997980325E-17));
#655 = ORIENTED_EDGE('',*,*,#656,.T.);
#656 = EDGE_CURVE('',#649,#657,#659,.T.);
#657 = VERTEX_POINT('',#658);
#658 = CARTESIAN_POINT('',(180.45,179.4531832941,8.));
#659 = LINE('',#660,#661);
#660 = CARTESIAN_POINT('',(180.45,183.60159164705,8.));
#661 = VECTOR('',#662,1.);
#662 = DIRECTION('',(-2.22044604925E-16,1.,-4.440892098501E-16));
#663 = ORIENTED_EDGE('',*,*,#664,.T.);
#664 = EDGE_CURVE('',#657,#665,#667,.T.);
#665 = VERTEX_POINT('',#666);
#666 = CARTESIAN_POINT('',(177.5,181.15636658821,8.));
#667 = LINE('',#668,#669);
#668 = CARTESIAN_POINT('',(111.00993649053,219.54442265384,8.));
#669 = VECTOR('',#670,1.);
#670 = DIRECTION('',(-0.866025403784,0.5,-5.104890078826E-16));
#671 = ORIENTED_EDGE('',*,*,#672,.T.);
#672 = EDGE_CURVE('',#665,#673,#675,.T.);
#673 = VERTEX_POINT('',#674);
#674 = CARTESIAN_POINT('',(174.55,179.4531832941,8.));
#675 = LINE('',#676,#677);
#676 = CARTESIAN_POINT('',(112.39006350946,143.56512722848,8.));
#677 = VECTOR('',#678,1.);
#678 = DIRECTION('',(-0.866025403784,-0.5,-6.63997980325E-17));
#679 = ORIENTED_EDGE('',*,*,#680,.T.);
#680 = EDGE_CURVE('',#673,#639,#681,.T.);
#681 = LINE('',#682,#683);
#682 = CARTESIAN_POINT('',(174.55,181.89840835294,8.));
#683 = VECTOR('',#684,1.);
#684 = DIRECTION('',(2.22044604925E-16,-1.,4.440892098501E-16));
#685 = FACE_BOUND('',#686,.F.);
#686 = EDGE_LOOP('',(#687,#697,#705,#713));
#687 = ORIENTED_EDGE('',*,*,#688,.T.);
#688 = EDGE_CURVE('',#689,#691,#693,.T.);
#689 = VERTEX_POINT('',#690);
#690 = CARTESIAN_POINT('',(167.5,167.75,8.));
#691 = VERTEX_POINT('',#692);
#692 = CARTESIAN_POINT('',(24.,167.75,8.));
#693 = LINE('',#694,#695);
#694 = CARTESIAN_POINT('',(14.,167.75,8.));
#695 = VECTOR('',#696,1.);
#696 = DIRECTION('',(-1.,-2.22044604925E-16,-3.330669073875E-16));
#697 = ORIENTED_EDGE('',*,*,#698,.T.);
#698 = EDGE_CURVE('',#691,#699,#701,.T.);
#699 = VERTEX_POINT('',#700);
#700 = CARTESIAN_POINT('',(24.,20.,8.));
#701 = LINE('',#702,#703);
#702 = CARTESIAN_POINT('',(24.,177.75,8.));
#703 = VECTOR('',#704,1.);
#704 = DIRECTION('',(2.22044604925E-16,-1.,4.440892098501E-16));
#705 = ORIENTED_EDGE('',*,*,#706,.F.);
#706 = EDGE_CURVE('',#707,#699,#709,.T.);
#707 = VERTEX_POINT('',#708);
#708 = CARTESIAN_POINT('',(167.5,20.,8.));
#709 = LINE('',#710,#711);
#710 = CARTESIAN_POINT('',(14.,20.,8.));
#711 = VECTOR('',#712,1.);
#712 = DIRECTION('',(-1.,-2.22044604925E-16,-3.330669073875E-16));
#713 = ORIENTED_EDGE('',*,*,#714,.F.);
#714 = EDGE_CURVE('',#689,#707,#715,.T.);
#715 = LINE('',#716,#717);
#716 = CARTESIAN_POINT('',(167.5,177.75,8.));
#717 = VECTOR('',#718,1.);
#718 = DIRECTION('',(2.22044604925E-16,-1.,4.440892098501E-16));
#719 = FACE_BOUND('',#720,.F.);
#720 = EDGE_LOOP('',(#721,#731,#739,#747,#755,#763));
#721 = ORIENTED_EDGE('',*,*,#722,.T.);
#722 = EDGE_CURVE('',#723,#725,#727,.T.);
#723 = VERTEX_POINT('',#724);
#724 = CARTESIAN_POINT('',(174.55,92.171816705891,8.));
#725 = VERTEX_POINT('',#726);
#726 = CARTESIAN_POINT('',(177.5,90.468633411781,8.));
#727 = LINE('',#728,#729);
#728 = CARTESIAN_POINT('',(91.375466304934,140.19265612445,8.));
#729 = VECTOR('',#730,1.);
#730 = DIRECTION('',(0.866025403784,-0.5,5.104890078826E-16));
#731 = ORIENTED_EDGE('',*,*,#732,.T.);
#732 = EDGE_CURVE('',#725,#733,#735,.T.);
#733 = VERTEX_POINT('',#734);
#734 = CARTESIAN_POINT('',(180.45,92.171816705891,8.));
#735 = LINE('',#736,#737);
#736 = CARTESIAN_POINT('',(134.97453369506,65.916543993213,8.));
#737 = VECTOR('',#738,1.);
#738 = DIRECTION('',(0.866025403784,0.5,6.63997980325E-17));
#739 = ORIENTED_EDGE('',*,*,#740,.T.);
#740 = EDGE_CURVE('',#733,#741,#743,.T.);
#741 = VERTEX_POINT('',#742);
#742 = CARTESIAN_POINT('',(180.45,95.578183294109,8.));
#743 = LINE('',#744,#745);
#744 = CARTESIAN_POINT('',(180.45,141.66409164705,8.));
#745 = VECTOR('',#746,1.);
#746 = DIRECTION('',(-2.22044604925E-16,1.,-4.440892098501E-16));
#747 = ORIENTED_EDGE('',*,*,#748,.T.);
#748 = EDGE_CURVE('',#741,#749,#751,.T.);
#749 = VERTEX_POINT('',#750);
#750 = CARTESIAN_POINT('',(177.5,97.281366588219,8.));
#751 = LINE('',#752,#753);
#752 = CARTESIAN_POINT('',(92.850466304934,146.15379765384,8.));
#753 = VECTOR('',#754,1.);
#754 = DIRECTION('',(-0.866025403784,0.5,-5.104890078826E-16));
#755 = ORIENTED_EDGE('',*,*,#756,.T.);
#756 = EDGE_CURVE('',#749,#757,#759,.T.);
#757 = VERTEX_POINT('',#758);
#758 = CARTESIAN_POINT('',(174.55,95.578183294109,8.));
#759 = LINE('',#760,#761);
#760 = CARTESIAN_POINT('',(130.54953369506,70.174502228487,8.));
#761 = VECTOR('',#762,1.);
#762 = DIRECTION('',(-0.866025403784,-0.5,-6.63997980325E-17));
#763 = ORIENTED_EDGE('',*,*,#764,.T.);
#764 = EDGE_CURVE('',#757,#723,#765,.T.);
#765 = LINE('',#766,#767);
#766 = CARTESIAN_POINT('',(174.55,139.96090835294,8.));
#767 = VECTOR('',#768,1.);
#768 = DIRECTION('',(2.22044604925E-16,-1.,4.440892098501E-16));
#769 = FACE_BOUND('',#770,.F.);
#770 = EDGE_LOOP('',(#771,#781,#789,#797,#805,#813));
#771 = ORIENTED_EDGE('',*,*,#772,.T.);
#772 = EDGE_CURVE('',#773,#775,#777,.T.);
#773 = VERTEX_POINT('',#774);
#774 = CARTESIAN_POINT('',(11.05,8.296816705891,8.));
#775 = VERTEX_POINT('',#776);
#776 = CARTESIAN_POINT('',(14.,6.593633411781,8.));
#777 = LINE('',#778,#779);
#778 = CARTESIAN_POINT('',(-28.97150388067,31.403242744769,8.));
#779 = VECTOR('',#780,1.);
#780 = DIRECTION('',(0.866025403784,-0.5,5.104890078826E-16));
#781 = ORIENTED_EDGE('',*,*,#782,.T.);
#782 = EDGE_CURVE('',#775,#783,#785,.T.);
#783 = VERTEX_POINT('',#784);
#784 = CARTESIAN_POINT('',(16.95,8.296816705891,8.));
#785 = LINE('',#786,#787);
#786 = CARTESIAN_POINT('',(50.946503880671,27.924707372902,8.));
#787 = VECTOR('',#788,1.);
#788 = DIRECTION('',(0.866025403784,0.5,6.639979803251E-17));
#789 = ORIENTED_EDGE('',*,*,#790,.T.);
#790 = EDGE_CURVE('',#783,#791,#793,.T.);
#791 = VERTEX_POINT('',#792);
#792 = CARTESIAN_POINT('',(16.95,11.703183294109,8.));
#793 = LINE('',#794,#795);
#794 = CARTESIAN_POINT('',(16.95,99.726591647055,8.));
#795 = VECTOR('',#796,1.);
#796 = DIRECTION('',(-7.435260114019E-16,1.,-4.440892098501E-16));
#797 = ORIENTED_EDGE('',*,*,#798,.T.);
#798 = EDGE_CURVE('',#791,#799,#801,.T.);
#799 = VERTEX_POINT('',#800);
#800 = CARTESIAN_POINT('',(14.,13.406366588219,8.));
#801 = LINE('',#802,#803);
#802 = CARTESIAN_POINT('',(-27.49650388067,37.364384274152,8.));
#803 = VECTOR('',#804,1.);
#804 = DIRECTION('',(-0.866025403784,0.5,-5.104890078826E-16));
#805 = ORIENTED_EDGE('',*,*,#806,.T.);
#806 = EDGE_CURVE('',#799,#807,#809,.T.);
#807 = VERTEX_POINT('',#808);
#808 = CARTESIAN_POINT('',(11.05,11.703183294109,8.));
#809 = LINE('',#810,#811);
#810 = CARTESIAN_POINT('',(46.521503880671,32.182665608175,8.));
#811 = VECTOR('',#812,1.);
#812 = DIRECTION('',(-0.866025403784,-0.5,-6.639979803251E-17));
#813 = ORIENTED_EDGE('',*,*,#814,.T.);
#814 = EDGE_CURVE('',#807,#773,#815,.T.);
#815 = LINE('',#816,#817);
#816 = CARTESIAN_POINT('',(11.05,98.023408352945,8.));
#817 = VECTOR('',#818,1.);
#818 = DIRECTION('',(-3.869609831342E-17,-1.,4.440892098501E-16));
#819 = FACE_BOUND('',#820,.F.);
#820 = EDGE_LOOP('',(#821,#831,#840,#848,#857,#865,#874,#882,#891,#899,
    #908,#916));
#821 = ORIENTED_EDGE('',*,*,#822,.F.);
#822 = EDGE_CURVE('',#823,#825,#827,.T.);
#823 = VERTEX_POINT('',#824);
#824 = CARTESIAN_POINT('',(61.6,7.6,8.));
#825 = VERTEX_POINT('',#826);
#826 = CARTESIAN_POINT('',(60.,7.6,8.));
#827 = LINE('',#828,#829);
#828 = CARTESIAN_POINT('',(32.8,7.6,8.));
#829 = VECTOR('',#830,1.);
#830 = DIRECTION('',(-1.,1.224646799147E-16,-3.330669073875E-16));
#831 = ORIENTED_EDGE('',*,*,#832,.T.);
#832 = EDGE_CURVE('',#823,#833,#835,.T.);
#833 = VERTEX_POINT('',#834);
#834 = CARTESIAN_POINT('',(61.882842712475,7.717157287525,8.));
#835 = CIRCLE('',#836,0.4);
#836 = AXIS2_PLACEMENT_3D('',#837,#838,#839);
#837 = CARTESIAN_POINT('',(61.6,8.,8.));
#838 = DIRECTION('',(-1.110223024625E-16,2.22044604925E-16,1.));
#839 = DIRECTION('',(1.,1.232595164408E-32,1.110223024625E-16));
#840 = ORIENTED_EDGE('',*,*,#841,.F.);
#841 = EDGE_CURVE('',#842,#833,#844,.T.);
#842 = VERTEX_POINT('',#843);
#843 = CARTESIAN_POINT('',(62.682842712475,8.517157287525,8.));
#844 = LINE('',#845,#846);
#845 = CARTESIAN_POINT('',(92.820342712475,38.654657287525,8.));
#846 = VECTOR('',#847,1.);
#847 = DIRECTION('',(-0.707106781187,-0.707106781187,7.850462293419E-17)
  );
#848 = ORIENTED_EDGE('',*,*,#849,.T.);
#849 = EDGE_CURVE('',#842,#850,#852,.T.);
#850 = VERTEX_POINT('',#851);
#851 = CARTESIAN_POINT('',(62.8,8.8,8.));
#852 = CIRCLE('',#853,0.4);
#853 = AXIS2_PLACEMENT_3D('',#854,#855,#856);
#854 = CARTESIAN_POINT('',(62.4,8.8,8.));
#855 = DIRECTION('',(-1.110223024625E-16,2.22044604925E-16,1.));
#856 = DIRECTION('',(1.,1.232595164408E-32,1.110223024625E-16));
#857 = ORIENTED_EDGE('',*,*,#858,.F.);
#858 = EDGE_CURVE('',#859,#850,#861,.T.);
#859 = VERTEX_POINT('',#860);
#860 = CARTESIAN_POINT('',(62.8,11.2,8.));
#861 = LINE('',#862,#863);
#862 = CARTESIAN_POINT('',(62.8,99.475,8.));
#863 = VECTOR('',#864,1.);
#864 = DIRECTION('',(1.110223024625E-16,-1.,4.440892098501E-16));
#865 = ORIENTED_EDGE('',*,*,#866,.T.);
#866 = EDGE_CURVE('',#859,#867,#869,.T.);
#867 = VERTEX_POINT('',#868);
#868 = CARTESIAN_POINT('',(62.682842712475,11.482842712475,8.));
#869 = CIRCLE('',#870,0.4);
#870 = AXIS2_PLACEMENT_3D('',#871,#872,#873);
#871 = CARTESIAN_POINT('',(62.4,11.2,8.));
#872 = DIRECTION('',(-1.110223024625E-16,2.22044604925E-16,1.));
#873 = DIRECTION('',(1.,1.232595164408E-32,1.110223024625E-16));
#874 = ORIENTED_EDGE('',*,*,#875,.F.);
#875 = EDGE_CURVE('',#876,#867,#878,.T.);
#876 = VERTEX_POINT('',#877);
#877 = CARTESIAN_POINT('',(61.882842712475,12.282842712475,8.));
#878 = LINE('',#879,#880);
#879 = CARTESIAN_POINT('',(3.545342712475,70.620342712475,8.));
#880 = VECTOR('',#881,1.);
#881 = DIRECTION('',(0.707106781187,-0.707106781187,5.495323605393E-16)
  );
#882 = ORIENTED_EDGE('',*,*,#883,.T.);
#883 = EDGE_CURVE('',#876,#884,#886,.T.);
#884 = VERTEX_POINT('',#885);
#885 = CARTESIAN_POINT('',(61.6,12.4,8.));
#886 = CIRCLE('',#887,0.4);
#887 = AXIS2_PLACEMENT_3D('',#888,#889,#890);
#888 = CARTESIAN_POINT('',(61.6,12.,8.));
#889 = DIRECTION('',(-1.110223024625E-16,2.22044604925E-16,1.));
#890 = DIRECTION('',(1.,1.232595164408E-32,1.110223024625E-16));
#891 = ORIENTED_EDGE('',*,*,#892,.F.);
#892 = EDGE_CURVE('',#893,#884,#895,.T.);
#893 = VERTEX_POINT('',#894);
#894 = CARTESIAN_POINT('',(60.,12.4,8.));
#895 = LINE('',#896,#897);
#896 = CARTESIAN_POINT('',(32.,12.4,8.));
#897 = VECTOR('',#898,1.);
#898 = DIRECTION('',(1.,6.162975822039E-32,3.330669073875E-16));
#899 = ORIENTED_EDGE('',*,*,#900,.T.);
#900 = EDGE_CURVE('',#893,#901,#903,.T.);
#901 = VERTEX_POINT('',#902);
#902 = CARTESIAN_POINT('',(59.6,12.,8.));
#903 = CIRCLE('',#904,0.4);
#904 = AXIS2_PLACEMENT_3D('',#905,#906,#907);
#905 = CARTESIAN_POINT('',(60.,12.,8.));
#906 = DIRECTION('',(-1.110223024625E-16,2.22044604925E-16,1.));
#907 = DIRECTION('',(1.,1.232595164408E-32,1.110223024625E-16));
#908 = ORIENTED_EDGE('',*,*,#909,.F.);
#909 = EDGE_CURVE('',#910,#901,#912,.T.);
#910 = VERTEX_POINT('',#911);
#911 = CARTESIAN_POINT('',(59.6,8.,8.));
#912 = LINE('',#913,#914);
#913 = CARTESIAN_POINT('',(59.6,97.875,8.));
#914 = VECTOR('',#915,1.);
#915 = DIRECTION('',(1.110223024625E-16,1.,-4.440892098501E-16));
#916 = ORIENTED_EDGE('',*,*,#917,.T.);
#917 = EDGE_CURVE('',#910,#825,#918,.T.);
#918 = CIRCLE('',#919,0.4);
#919 = AXIS2_PLACEMENT_3D('',#920,#921,#922);
#920 = CARTESIAN_POINT('',(60.,8.,8.));
#921 = DIRECTION('',(-1.110223024625E-16,2.22044604925E-16,1.));
#922 = DIRECTION('',(1.,1.232595164408E-32,1.110223024625E-16));
#923 = FACE_BOUND('',#924,.F.);
#924 = EDGE_LOOP('',(#925,#935,#944,#952,#960,#968,#977,#985,#994,#1002,
    #1010));
#925 = ORIENTED_EDGE('',*,*,#926,.F.);
#926 = EDGE_CURVE('',#927,#929,#931,.T.);
#927 = VERTEX_POINT('',#928);
#928 = CARTESIAN_POINT('',(63.887652476223,11.249878019022,8.));
#929 = VERTEX_POINT('',#930);
#930 = CARTESIAN_POINT('',(64.687652476223,12.249878019022,8.));
#931 = LINE('',#932,#933);
#932 = CARTESIAN_POINT('',(95.251067110369,50.454146311705,8.));
#933 = VECTOR('',#934,1.);
#934 = DIRECTION('',(0.624695047554,0.780868809443,-1.387101650328E-16)
  );
#935 = ORIENTED_EDGE('',*,*,#936,.T.);
#936 = EDGE_CURVE('',#927,#937,#939,.T.);
#937 = VERTEX_POINT('',#938);
#938 = CARTESIAN_POINT('',(64.512347523777,10.750121980978,8.));
#939 = CIRCLE('',#940,0.4);
#940 = AXIS2_PLACEMENT_3D('',#941,#942,#943);
#941 = CARTESIAN_POINT('',(64.2,11.,8.));
#942 = DIRECTION('',(-1.110223024625E-16,2.22044604925E-16,1.));
#943 = DIRECTION('',(1.,1.232595164408E-32,1.110223024625E-16));
#944 = ORIENTED_EDGE('',*,*,#945,.T.);
#945 = EDGE_CURVE('',#937,#946,#948,.T.);
#946 = VERTEX_POINT('',#947);
#947 = CARTESIAN_POINT('',(64.6,10.859687576257,8.));
#948 = LINE('',#949,#950);
#949 = CARTESIAN_POINT('',(95.875762157924,49.954390273661,8.));
#950 = VECTOR('',#951,1.);
#951 = DIRECTION('',(0.624695047554,0.780868809443,-1.387101650328E-16)
  );
#952 = ORIENTED_EDGE('',*,*,#953,.T.);
#953 = EDGE_CURVE('',#946,#954,#956,.T.);
#954 = VERTEX_POINT('',#955);
#955 = CARTESIAN_POINT('',(64.6,8.4,8.));
#956 = LINE('',#957,#958);
#957 = CARTESIAN_POINT('',(64.6,99.875,8.));
#958 = VECTOR('',#959,1.);
#959 = DIRECTION('',(1.110223024625E-16,-1.,4.440892098501E-16));
#960 = ORIENTED_EDGE('',*,*,#961,.F.);
#961 = EDGE_CURVE('',#962,#954,#964,.T.);
#962 = VERTEX_POINT('',#963);
#963 = CARTESIAN_POINT('',(63.8,8.4,8.));
#964 = LINE('',#965,#966);
#965 = CARTESIAN_POINT('',(33.9,8.4,8.));
#966 = VECTOR('',#967,1.);
#967 = DIRECTION('',(1.,6.162975822039E-32,3.330669073875E-16));
#968 = ORIENTED_EDGE('',*,*,#969,.T.);
#969 = EDGE_CURVE('',#962,#970,#972,.T.);
#970 = VERTEX_POINT('',#971);
#971 = CARTESIAN_POINT('',(63.8,7.6,8.));
#972 = CIRCLE('',#973,0.4);
#973 = AXIS2_PLACEMENT_3D('',#974,#975,#976);
#974 = CARTESIAN_POINT('',(63.8,8.,8.));
#975 = DIRECTION('',(-1.110223024625E-16,2.22044604925E-16,1.));
#976 = DIRECTION('',(1.,1.232595164408E-32,1.110223024625E-16));
#977 = ORIENTED_EDGE('',*,*,#978,.T.);
#978 = EDGE_CURVE('',#970,#979,#981,.T.);
#979 = VERTEX_POINT('',#980);
#980 = CARTESIAN_POINT('',(66.2,7.6,8.));
#981 = LINE('',#982,#983);
#982 = CARTESIAN_POINT('',(33.9,7.6,8.));
#983 = VECTOR('',#984,1.);
#984 = DIRECTION('',(1.,6.162975822039E-32,3.330669073875E-16));
#985 = ORIENTED_EDGE('',*,*,#986,.T.);
#986 = EDGE_CURVE('',#979,#987,#989,.T.);
#987 = VERTEX_POINT('',#988);
#988 = CARTESIAN_POINT('',(66.2,8.4,8.));
#989 = CIRCLE('',#990,0.4);
#990 = AXIS2_PLACEMENT_3D('',#991,#992,#993);
#991 = CARTESIAN_POINT('',(66.2,8.,8.));
#992 = DIRECTION('',(-1.110223024625E-16,2.22044604925E-16,1.));
#993 = DIRECTION('',(1.,1.232595164408E-32,1.110223024625E-16));
#994 = ORIENTED_EDGE('',*,*,#995,.F.);
#995 = EDGE_CURVE('',#996,#987,#998,.T.);
#996 = VERTEX_POINT('',#997);
#997 = CARTESIAN_POINT('',(65.4,8.4,8.));
#998 = LINE('',#999,#1000);
#999 = CARTESIAN_POINT('',(33.9,8.4,8.));
#1000 = VECTOR('',#1001,1.);
#1001 = DIRECTION('',(1.,6.162975822039E-32,3.330669073875E-16));
#1002 = ORIENTED_EDGE('',*,*,#1003,.F.);
#1003 = EDGE_CURVE('',#1004,#996,#1006,.T.);
#1004 = VERTEX_POINT('',#1005);
#1005 = CARTESIAN_POINT('',(65.4,12.,8.));
#1006 = LINE('',#1007,#1008);
#1007 = CARTESIAN_POINT('',(65.4,99.875,8.));
#1008 = VECTOR('',#1009,1.);
#1009 = DIRECTION('',(1.110223024625E-16,-1.,4.440892098501E-16));
#1010 = ORIENTED_EDGE('',*,*,#1011,.T.);
#1011 = EDGE_CURVE('',#1004,#929,#1012,.T.);
#1012 = CIRCLE('',#1013,0.4);
#1013 = AXIS2_PLACEMENT_3D('',#1014,#1015,#1016);
#1014 = CARTESIAN_POINT('',(65.,12.,8.));
#1015 = DIRECTION('',(-1.110223024625E-16,2.22044604925E-16,1.));
#1016 = DIRECTION('',(1.,1.232595164408E-32,1.110223024625E-16));
#1017 = FACE_BOUND('',#1018,.F.);
#1018 = EDGE_LOOP('',(#1019,#1029,#1037,#1045,#1053,#1061));
#1019 = ORIENTED_EDGE('',*,*,#1020,.T.);
#1020 = EDGE_CURVE('',#1021,#1023,#1025,.T.);
#1021 = VERTEX_POINT('',#1022);
#1022 = CARTESIAN_POINT('',(92.8,8.296816705891,8.));
#1023 = VERTEX_POINT('',#1024);
#1024 = CARTESIAN_POINT('',(95.75,6.593633411781,8.));
#1025 = LINE('',#1026,#1027);
#1026 = CARTESIAN_POINT('',(22.122246119329,49.102636934614,8.));
#1027 = VECTOR('',#1028,1.);
#1028 = DIRECTION('',(0.866025403784,-0.5,5.104890078826E-16));
#1029 = ORIENTED_EDGE('',*,*,#1030,.T.);
#1030 = EDGE_CURVE('',#1023,#1031,#1033,.T.);
#1031 = VERTEX_POINT('',#1032);
#1032 = CARTESIAN_POINT('',(98.7,8.296816705891,8.));
#1033 = LINE('',#1034,#1035);
#1034 = CARTESIAN_POINT('',(102.04025388067,10.225313183057,8.));
#1035 = VECTOR('',#1036,1.);
#1036 = DIRECTION('',(0.866025403784,0.5,6.639979803251E-17));
#1037 = ORIENTED_EDGE('',*,*,#1038,.T.);
#1038 = EDGE_CURVE('',#1031,#1039,#1041,.T.);
#1039 = VERTEX_POINT('',#1040);
#1040 = CARTESIAN_POINT('',(98.7,11.703183294109,8.));
#1041 = LINE('',#1042,#1043);
#1042 = CARTESIAN_POINT('',(98.7,99.726591647055,8.));
#1043 = VECTOR('',#1044,1.);
#1044 = DIRECTION('',(-2.22044604925E-16,1.,-4.440892098501E-16));
#1045 = ORIENTED_EDGE('',*,*,#1046,.T.);
#1046 = EDGE_CURVE('',#1039,#1047,#1049,.T.);
#1047 = VERTEX_POINT('',#1048);
#1048 = CARTESIAN_POINT('',(95.75,13.406366588219,8.));
#1049 = LINE('',#1050,#1051);
#1050 = CARTESIAN_POINT('',(23.597246119329,55.063778463997,8.));
#1051 = VECTOR('',#1052,1.);
#1052 = DIRECTION('',(-0.866025403784,0.5,-5.104890078826E-16));
#1053 = ORIENTED_EDGE('',*,*,#1054,.T.);
#1054 = EDGE_CURVE('',#1047,#1055,#1057,.T.);
#1055 = VERTEX_POINT('',#1056);
#1056 = CARTESIAN_POINT('',(92.8,11.703183294109,8.));
#1057 = LINE('',#1058,#1059);
#1058 = CARTESIAN_POINT('',(97.615253880671,14.483271418331,8.));
#1059 = VECTOR('',#1060,1.);
#1060 = DIRECTION('',(-0.866025403784,-0.5,-6.639979803251E-17));
#1061 = ORIENTED_EDGE('',*,*,#1062,.T.);
#1062 = EDGE_CURVE('',#1055,#1021,#1063,.T.);
#1063 = LINE('',#1064,#1065);
#1064 = CARTESIAN_POINT('',(92.8,98.023408352945,8.));
#1065 = VECTOR('',#1066,1.);
#1066 = DIRECTION('',(2.22044604925E-16,-1.,4.440892098501E-16));
#1067 = FACE_BOUND('',#1068,.F.);
#1068 = EDGE_LOOP('',(#1069,#1079,#1087,#1095,#1103,#1111));
#1069 = ORIENTED_EDGE('',*,*,#1070,.T.);
#1070 = EDGE_CURVE('',#1071,#1073,#1075,.T.);
#1071 = VERTEX_POINT('',#1072);
#1072 = CARTESIAN_POINT('',(174.55,8.296816705891,8.));
#1073 = VERTEX_POINT('',#1074);
#1074 = CARTESIAN_POINT('',(177.5,6.593633411781,8.));
#1075 = LINE('',#1076,#1077);
#1076 = CARTESIAN_POINT('',(73.215996119329,66.802031124458,8.));
#1077 = VECTOR('',#1078,1.);
#1078 = DIRECTION('',(0.866025403784,-0.5,5.104890078826E-16));
#1079 = ORIENTED_EDGE('',*,*,#1080,.T.);
#1080 = EDGE_CURVE('',#1073,#1081,#1083,.T.);
#1081 = VERTEX_POINT('',#1082);
#1082 = CARTESIAN_POINT('',(180.45,8.296816705891,8.));
#1083 = LINE('',#1084,#1085);
#1084 = CARTESIAN_POINT('',(153.13400388067,-7.474081006787,8.));
#1085 = VECTOR('',#1086,1.);
#1086 = DIRECTION('',(0.866025403784,0.5,6.63997980325E-17));
#1087 = ORIENTED_EDGE('',*,*,#1088,.T.);
#1088 = EDGE_CURVE('',#1081,#1089,#1091,.T.);
#1089 = VERTEX_POINT('',#1090);
#1090 = CARTESIAN_POINT('',(180.45,11.703183294109,8.));
#1091 = LINE('',#1092,#1093);
#1092 = CARTESIAN_POINT('',(180.45,99.726591647055,8.));
#1093 = VECTOR('',#1094,1.);
#1094 = DIRECTION('',(-2.22044604925E-16,1.,-4.440892098501E-16));
#1095 = ORIENTED_EDGE('',*,*,#1096,.T.);
#1096 = EDGE_CURVE('',#1089,#1097,#1099,.T.);
#1097 = VERTEX_POINT('',#1098);
#1098 = CARTESIAN_POINT('',(177.5,13.406366588219,8.));
#1099 = LINE('',#1100,#1101);
#1100 = CARTESIAN_POINT('',(74.690996119329,72.763172653841,8.));
#1101 = VECTOR('',#1102,1.);
#1102 = DIRECTION('',(-0.866025403784,0.5,-5.104890078826E-16));
#1103 = ORIENTED_EDGE('',*,*,#1104,.T.);
#1104 = EDGE_CURVE('',#1097,#1105,#1107,.T.);
#1105 = VERTEX_POINT('',#1106);
#1106 = CARTESIAN_POINT('',(174.55,11.703183294109,8.));
#1107 = LINE('',#1108,#1109);
#1108 = CARTESIAN_POINT('',(148.70900388067,-3.216122771513,8.));
#1109 = VECTOR('',#1110,1.);
#1110 = DIRECTION('',(-0.866025403784,-0.5,-6.63997980325E-17));
#1111 = ORIENTED_EDGE('',*,*,#1112,.T.);
#1112 = EDGE_CURVE('',#1105,#1071,#1113,.T.);
#1113 = LINE('',#1114,#1115);
#1114 = CARTESIAN_POINT('',(174.55,98.023408352945,8.));
#1115 = VECTOR('',#1116,1.);
#1116 = DIRECTION('',(2.22044604925E-16,-1.,4.440892098501E-16));
#1117 = PLANE('',#1118);
#1118 = AXIS2_PLACEMENT_3D('',#1119,#1120,#1121);
#1119 = CARTESIAN_POINT('',(4.,187.75,8.));
#1120 = DIRECTION('',(3.330669073875E-16,-4.440892098501E-16,-1.));
#1121 = DIRECTION('',(1.,2.22044604925E-16,3.330669073875E-16));
#1122 = ADVANCED_FACE('',(#1123,#1134),#1168,.F.);
#1123 = FACE_BOUND('',#1124,.F.);
#1124 = EDGE_LOOP('',(#1125,#1126,#1127,#1128));
#1125 = ORIENTED_EDGE('',*,*,#471,.F.);
#1126 = ORIENTED_EDGE('',*,*,#31,.T.);
#1127 = ORIENTED_EDGE('',*,*,#110,.T.);
#1128 = ORIENTED_EDGE('',*,*,#1129,.F.);
#1129 = EDGE_CURVE('',#472,#111,#1130,.T.);
#1130 = LINE('',#1131,#1132);
#1131 = CARTESIAN_POINT('',(187.5,187.75,8.));
#1132 = VECTOR('',#1133,1.);
#1133 = DIRECTION('',(3.330669073875E-16,-4.440892098501E-16,-1.));
#1134 = FACE_BOUND('',#1135,.F.);
#1135 = EDGE_LOOP('',(#1136,#1146,#1154,#1162));
#1136 = ORIENTED_EDGE('',*,*,#1137,.F.);
#1137 = EDGE_CURVE('',#1138,#1140,#1142,.T.);
#1138 = VERTEX_POINT('',#1139);
#1139 = CARTESIAN_POINT('',(32.,187.75,2.));
#1140 = VERTEX_POINT('',#1141);
#1141 = CARTESIAN_POINT('',(159.5,187.75,2.));
#1142 = LINE('',#1143,#1144);
#1143 = CARTESIAN_POINT('',(18.,187.75,2.));
#1144 = VECTOR('',#1145,1.);
#1145 = DIRECTION('',(1.,2.22044604925E-16,3.330669073875E-16));
#1146 = ORIENTED_EDGE('',*,*,#1147,.T.);
#1147 = EDGE_CURVE('',#1138,#1148,#1150,.T.);
#1148 = VERTEX_POINT('',#1149);
#1149 = CARTESIAN_POINT('',(32.,187.75,6.));
#1150 = LINE('',#1151,#1152);
#1151 = CARTESIAN_POINT('',(32.,187.75,7.));
#1152 = VECTOR('',#1153,1.);
#1153 = DIRECTION('',(-3.330669073875E-16,4.440892098501E-16,1.));
#1154 = ORIENTED_EDGE('',*,*,#1155,.T.);
#1155 = EDGE_CURVE('',#1148,#1156,#1158,.T.);
#1156 = VERTEX_POINT('',#1157);
#1157 = CARTESIAN_POINT('',(159.5,187.75,6.));
#1158 = LINE('',#1159,#1160);
#1159 = CARTESIAN_POINT('',(18.,187.75,6.));
#1160 = VECTOR('',#1161,1.);
#1161 = DIRECTION('',(1.,2.22044604925E-16,3.330669073875E-16));
#1162 = ORIENTED_EDGE('',*,*,#1163,.F.);
#1163 = EDGE_CURVE('',#1140,#1156,#1164,.T.);
#1164 = LINE('',#1165,#1166);
#1165 = CARTESIAN_POINT('',(159.5,187.75,7.));
#1166 = VECTOR('',#1167,1.);
#1167 = DIRECTION('',(-3.330669073875E-16,4.440892098501E-16,1.));
#1168 = PLANE('',#1169);
#1169 = AXIS2_PLACEMENT_3D('',#1170,#1171,#1172);
#1170 = CARTESIAN_POINT('',(4.,187.75,8.));
#1171 = DIRECTION('',(2.22044604925E-16,-1.,4.440892098501E-16));
#1172 = DIRECTION('',(3.330669073875E-16,-4.440892098501E-16,-1.));
#1173 = ADVANCED_FACE('',(#1174),#1219,.T.);
#1174 = FACE_BOUND('',#1175,.T.);
#1175 = EDGE_LOOP('',(#1176,#1177,#1178,#1179,#1180,#1188,#1196,#1204,
    #1212,#1218));
#1176 = ORIENTED_EDGE('',*,*,#118,.F.);
#1177 = ORIENTED_EDGE('',*,*,#1129,.F.);
#1178 = ORIENTED_EDGE('',*,*,#479,.T.);
#1179 = ORIENTED_EDGE('',*,*,#262,.T.);
#1180 = ORIENTED_EDGE('',*,*,#1181,.F.);
#1181 = EDGE_CURVE('',#1182,#265,#1184,.T.);
#1182 = VERTEX_POINT('',#1183);
#1183 = CARTESIAN_POINT('',(187.5,171.1,6.));
#1184 = LINE('',#1185,#1186);
#1185 = CARTESIAN_POINT('',(187.5,179.625,6.));
#1186 = VECTOR('',#1187,1.);
#1187 = DIRECTION('',(2.22044604925E-16,-1.,4.440892098501E-16));
#1188 = ORIENTED_EDGE('',*,*,#1189,.T.);
#1189 = EDGE_CURVE('',#1182,#1190,#1192,.T.);
#1190 = VERTEX_POINT('',#1191);
#1191 = CARTESIAN_POINT('',(187.5,171.35,5.75));
#1192 = LINE('',#1193,#1194);
#1193 = CARTESIAN_POINT('',(187.5,174.8625,2.2375));
#1194 = VECTOR('',#1195,1.);
#1195 = DIRECTION('',(7.850462293419E-17,0.707106781187,-0.707106781187)
  );
#1196 = ORIENTED_EDGE('',*,*,#1197,.F.);
#1197 = EDGE_CURVE('',#1198,#1190,#1200,.T.);
#1198 = VERTEX_POINT('',#1199);
#1199 = CARTESIAN_POINT('',(187.5,171.35,2.25));
#1200 = LINE('',#1201,#1202);
#1201 = CARTESIAN_POINT('',(187.5,171.35,5.));
#1202 = VECTOR('',#1203,1.);
#1203 = DIRECTION('',(-3.330669073875E-16,4.440892098501E-16,1.));
#1204 = ORIENTED_EDGE('',*,*,#1205,.F.);
#1205 = EDGE_CURVE('',#1206,#1198,#1208,.T.);
#1206 = VERTEX_POINT('',#1207);
#1207 = CARTESIAN_POINT('',(187.5,171.1,2.));
#1208 = LINE('',#1209,#1210);
#1209 = CARTESIAN_POINT('',(187.5,176.8625,7.7625));
#1210 = VECTOR('',#1211,1.);
#1211 = DIRECTION('',(-3.925231146709E-16,0.707106781187,0.707106781187)
  );
#1212 = ORIENTED_EDGE('',*,*,#1213,.T.);
#1213 = EDGE_CURVE('',#1206,#304,#1214,.T.);
#1214 = LINE('',#1215,#1216);
#1215 = CARTESIAN_POINT('',(187.5,179.625,2.));
#1216 = VECTOR('',#1217,1.);
#1217 = DIRECTION('',(2.22044604925E-16,-1.,4.440892098501E-16));
#1218 = ORIENTED_EDGE('',*,*,#303,.T.);
#1219 = PLANE('',#1220);
#1220 = AXIS2_PLACEMENT_3D('',#1221,#1222,#1223);
#1221 = CARTESIAN_POINT('',(187.5,187.75,8.));
#1222 = DIRECTION('',(1.,2.22044604925E-16,3.330669073875E-16));
#1223 = DIRECTION('',(3.330669073875E-16,-4.440892098501E-16,-1.));
#1224 = ADVANCED_FACE('',(#1225),#1244,.F.);
#1225 = FACE_BOUND('',#1226,.F.);
#1226 = EDGE_LOOP('',(#1227,#1235,#1236,#1237));
#1227 = ORIENTED_EDGE('',*,*,#1228,.T.);
#1228 = EDGE_CURVE('',#1229,#135,#1231,.T.);
#1229 = VERTEX_POINT('',#1230);
#1230 = CARTESIAN_POINT('',(15.8,177.75,1.8));
#1231 = LINE('',#1232,#1233);
#1232 = CARTESIAN_POINT('',(15.8,177.75,9.));
#1233 = VECTOR('',#1234,1.);
#1234 = DIRECTION('',(3.330669073875E-16,-4.440892098501E-16,-1.));
#1235 = ORIENTED_EDGE('',*,*,#134,.F.);
#1236 = ORIENTED_EDGE('',*,*,#1228,.F.);
#1237 = ORIENTED_EDGE('',*,*,#1238,.T.);
#1238 = EDGE_CURVE('',#1229,#1229,#1239,.T.);
#1239 = CIRCLE('',#1240,1.8);
#1240 = AXIS2_PLACEMENT_3D('',#1241,#1242,#1243);
#1241 = CARTESIAN_POINT('',(14.,177.75,1.8));
#1242 = DIRECTION('',(3.330669073875E-16,-4.440892098501E-16,-1.));
#1243 = DIRECTION('',(1.,2.22044604925E-16,3.330669073875E-16));
#1244 = CYLINDRICAL_SURFACE('',#1245,1.8);
#1245 = AXIS2_PLACEMENT_3D('',#1246,#1247,#1248);
#1246 = CARTESIAN_POINT('',(14.,177.75,9.));
#1247 = DIRECTION('',(3.330669073875E-16,-4.440892098501E-16,-1.));
#1248 = DIRECTION('',(1.,2.22044604925E-16,3.330669073875E-16));
#1249 = ADVANCED_FACE('',(#1250),#1269,.F.);
#1250 = FACE_BOUND('',#1251,.F.);
#1251 = EDGE_LOOP('',(#1252,#1260,#1261,#1262));
#1252 = ORIENTED_EDGE('',*,*,#1253,.T.);
#1253 = EDGE_CURVE('',#1254,#146,#1256,.T.);
#1254 = VERTEX_POINT('',#1255);
#1255 = CARTESIAN_POINT('',(97.55,177.75,1.8));
#1256 = LINE('',#1257,#1258);
#1257 = CARTESIAN_POINT('',(97.55,177.75,9.));
#1258 = VECTOR('',#1259,1.);
#1259 = DIRECTION('',(3.330669073875E-16,-4.440892098501E-16,-1.));
#1260 = ORIENTED_EDGE('',*,*,#145,.F.);
#1261 = ORIENTED_EDGE('',*,*,#1253,.F.);
#1262 = ORIENTED_EDGE('',*,*,#1263,.T.);
#1263 = EDGE_CURVE('',#1254,#1254,#1264,.T.);
#1264 = CIRCLE('',#1265,1.8);
#1265 = AXIS2_PLACEMENT_3D('',#1266,#1267,#1268);
#1266 = CARTESIAN_POINT('',(95.75,177.75,1.8));
#1267 = DIRECTION('',(3.330669073875E-16,-4.440892098501E-16,-1.));
#1268 = DIRECTION('',(1.,2.22044604925E-16,3.330669073875E-16));
#1269 = CYLINDRICAL_SURFACE('',#1270,1.8);
#1270 = AXIS2_PLACEMENT_3D('',#1271,#1272,#1273);
#1271 = CARTESIAN_POINT('',(95.75,177.75,9.));
#1272 = DIRECTION('',(3.330669073875E-16,-4.440892098501E-16,-1.));
#1273 = DIRECTION('',(1.,2.22044604925E-16,3.330669073875E-16));
#1274 = ADVANCED_FACE('',(#1275),#1294,.F.);
#1275 = FACE_BOUND('',#1276,.F.);
#1276 = EDGE_LOOP('',(#1277,#1285,#1286,#1287));
#1277 = ORIENTED_EDGE('',*,*,#1278,.T.);
#1278 = EDGE_CURVE('',#1279,#157,#1281,.T.);
#1279 = VERTEX_POINT('',#1280);
#1280 = CARTESIAN_POINT('',(15.8,93.875,1.8));
#1281 = LINE('',#1282,#1283);
#1282 = CARTESIAN_POINT('',(15.8,93.875,9.));
#1283 = VECTOR('',#1284,1.);
#1284 = DIRECTION('',(3.330669073875E-16,-4.440892098501E-16,-1.));
#1285 = ORIENTED_EDGE('',*,*,#156,.F.);
#1286 = ORIENTED_EDGE('',*,*,#1278,.F.);
#1287 = ORIENTED_EDGE('',*,*,#1288,.T.);
#1288 = EDGE_CURVE('',#1279,#1279,#1289,.T.);
#1289 = CIRCLE('',#1290,1.8);
#1290 = AXIS2_PLACEMENT_3D('',#1291,#1292,#1293);
#1291 = CARTESIAN_POINT('',(14.,93.875,1.8));
#1292 = DIRECTION('',(3.330669073875E-16,-4.440892098501E-16,-1.));
#1293 = DIRECTION('',(1.,2.22044604925E-16,3.330669073875E-16));
#1294 = CYLINDRICAL_SURFACE('',#1295,1.8);
#1295 = AXIS2_PLACEMENT_3D('',#1296,#1297,#1298);
#1296 = CARTESIAN_POINT('',(14.,93.875,9.));
#1297 = DIRECTION('',(3.330669073875E-16,-4.440892098501E-16,-1.));
#1298 = DIRECTION('',(1.,2.22044604925E-16,3.330669073875E-16));
#1299 = ADVANCED_FACE('',(#1300),#1316,.T.);
#1300 = FACE_BOUND('',#1301,.T.);
#1301 = EDGE_LOOP('',(#1302,#1308,#1309,#1315));
#1302 = ORIENTED_EDGE('',*,*,#1303,.F.);
#1303 = EDGE_CURVE('',#689,#168,#1304,.T.);
#1304 = LINE('',#1305,#1306);
#1305 = CARTESIAN_POINT('',(167.5,167.75,9.));
#1306 = VECTOR('',#1307,1.);
#1307 = DIRECTION('',(3.330669073875E-16,-4.440892098501E-16,-1.));
#1308 = ORIENTED_EDGE('',*,*,#688,.T.);
#1309 = ORIENTED_EDGE('',*,*,#1310,.T.);
#1310 = EDGE_CURVE('',#691,#170,#1311,.T.);
#1311 = LINE('',#1312,#1313);
#1312 = CARTESIAN_POINT('',(24.,167.75,9.));
#1313 = VECTOR('',#1314,1.);
#1314 = DIRECTION('',(3.330669073875E-16,-4.440892098501E-16,-1.));
#1315 = ORIENTED_EDGE('',*,*,#167,.F.);
#1316 = PLANE('',#1317);
#1317 = AXIS2_PLACEMENT_3D('',#1318,#1319,#1320);
#1318 = CARTESIAN_POINT('',(24.,167.75,9.));
#1319 = DIRECTION('',(2.22044604925E-16,-1.,4.440892098501E-16));
#1320 = DIRECTION('',(3.330669073875E-16,-4.440892098501E-16,-1.));
#1321 = ADVANCED_FACE('',(#1322),#1333,.F.);
#1322 = FACE_BOUND('',#1323,.F.);
#1323 = EDGE_LOOP('',(#1324,#1325,#1326,#1332));
#1324 = ORIENTED_EDGE('',*,*,#1303,.F.);
#1325 = ORIENTED_EDGE('',*,*,#714,.T.);
#1326 = ORIENTED_EDGE('',*,*,#1327,.T.);
#1327 = EDGE_CURVE('',#707,#186,#1328,.T.);
#1328 = LINE('',#1329,#1330);
#1329 = CARTESIAN_POINT('',(167.5,20.,9.));
#1330 = VECTOR('',#1331,1.);
#1331 = DIRECTION('',(3.330669073875E-16,-4.440892098501E-16,-1.));
#1332 = ORIENTED_EDGE('',*,*,#193,.F.);
#1333 = PLANE('',#1334);
#1334 = AXIS2_PLACEMENT_3D('',#1335,#1336,#1337);
#1335 = CARTESIAN_POINT('',(167.5,167.75,9.));
#1336 = DIRECTION('',(1.,2.22044604925E-16,3.330669073875E-16));
#1337 = DIRECTION('',(3.330669073875E-16,-4.440892098501E-16,-1.));
#1338 = ADVANCED_FACE('',(#1339),#1350,.T.);
#1339 = FACE_BOUND('',#1340,.T.);
#1340 = EDGE_LOOP('',(#1341,#1342,#1343,#1349));
#1341 = ORIENTED_EDGE('',*,*,#1310,.F.);
#1342 = ORIENTED_EDGE('',*,*,#698,.T.);
#1343 = ORIENTED_EDGE('',*,*,#1344,.T.);
#1344 = EDGE_CURVE('',#699,#178,#1345,.T.);
#1345 = LINE('',#1346,#1347);
#1346 = CARTESIAN_POINT('',(24.,20.,9.));
#1347 = VECTOR('',#1348,1.);
#1348 = DIRECTION('',(3.330669073875E-16,-4.440892098501E-16,-1.));
#1349 = ORIENTED_EDGE('',*,*,#177,.F.);
#1350 = PLANE('',#1351);
#1351 = AXIS2_PLACEMENT_3D('',#1352,#1353,#1354);
#1352 = CARTESIAN_POINT('',(24.,167.75,9.));
#1353 = DIRECTION('',(1.,2.22044604925E-16,3.330669073875E-16));
#1354 = DIRECTION('',(3.330669073875E-16,-4.440892098501E-16,-1.));
#1355 = ADVANCED_FACE('',(#1356),#1362,.F.);
#1356 = FACE_BOUND('',#1357,.F.);
#1357 = EDGE_LOOP('',(#1358,#1359,#1360,#1361));
#1358 = ORIENTED_EDGE('',*,*,#1327,.F.);
#1359 = ORIENTED_EDGE('',*,*,#706,.T.);
#1360 = ORIENTED_EDGE('',*,*,#1344,.T.);
#1361 = ORIENTED_EDGE('',*,*,#185,.F.);
#1362 = PLANE('',#1363);
#1363 = AXIS2_PLACEMENT_3D('',#1364,#1365,#1366);
#1364 = CARTESIAN_POINT('',(24.,20.,9.));
#1365 = DIRECTION('',(2.22044604925E-16,-1.,4.440892098501E-16));
#1366 = DIRECTION('',(3.330669073875E-16,-4.440892098501E-16,-1.));
#1367 = ADVANCED_FACE('',(#1368),#1387,.F.);
#1368 = FACE_BOUND('',#1369,.F.);
#1369 = EDGE_LOOP('',(#1370,#1378,#1379,#1380));
#1370 = ORIENTED_EDGE('',*,*,#1371,.T.);
#1371 = EDGE_CURVE('',#1372,#202,#1374,.T.);
#1372 = VERTEX_POINT('',#1373);
#1373 = CARTESIAN_POINT('',(179.3,177.75,1.8));
#1374 = LINE('',#1375,#1376);
#1375 = CARTESIAN_POINT('',(179.3,177.75,9.));
#1376 = VECTOR('',#1377,1.);
#1377 = DIRECTION('',(3.330669073875E-16,-4.440892098501E-16,-1.));
#1378 = ORIENTED_EDGE('',*,*,#201,.F.);
#1379 = ORIENTED_EDGE('',*,*,#1371,.F.);
#1380 = ORIENTED_EDGE('',*,*,#1381,.T.);
#1381 = EDGE_CURVE('',#1372,#1372,#1382,.T.);
#1382 = CIRCLE('',#1383,1.8);
#1383 = AXIS2_PLACEMENT_3D('',#1384,#1385,#1386);
#1384 = CARTESIAN_POINT('',(177.5,177.75,1.8));
#1385 = DIRECTION('',(3.330669073875E-16,-4.440892098501E-16,-1.));
#1386 = DIRECTION('',(1.,2.22044604925E-16,3.330669073875E-16));
#1387 = CYLINDRICAL_SURFACE('',#1388,1.8);
#1388 = AXIS2_PLACEMENT_3D('',#1389,#1390,#1391);
#1389 = CARTESIAN_POINT('',(177.5,177.75,9.));
#1390 = DIRECTION('',(3.330669073875E-16,-4.440892098501E-16,-1.));
#1391 = DIRECTION('',(1.,2.22044604925E-16,3.330669073875E-16));
#1392 = ADVANCED_FACE('',(#1393),#1412,.F.);
#1393 = FACE_BOUND('',#1394,.F.);
#1394 = EDGE_LOOP('',(#1395,#1403,#1404,#1405));
#1395 = ORIENTED_EDGE('',*,*,#1396,.T.);
#1396 = EDGE_CURVE('',#1397,#213,#1399,.T.);
#1397 = VERTEX_POINT('',#1398);
#1398 = CARTESIAN_POINT('',(179.3,93.875,1.8));
#1399 = LINE('',#1400,#1401);
#1400 = CARTESIAN_POINT('',(179.3,93.875,9.));
#1401 = VECTOR('',#1402,1.);
#1402 = DIRECTION('',(3.330669073875E-16,-4.440892098501E-16,-1.));
#1403 = ORIENTED_EDGE('',*,*,#212,.F.);
#1404 = ORIENTED_EDGE('',*,*,#1396,.F.);
#1405 = ORIENTED_EDGE('',*,*,#1406,.T.);
#1406 = EDGE_CURVE('',#1397,#1397,#1407,.T.);
#1407 = CIRCLE('',#1408,1.8);
#1408 = AXIS2_PLACEMENT_3D('',#1409,#1410,#1411);
#1409 = CARTESIAN_POINT('',(177.5,93.875,1.8));
#1410 = DIRECTION('',(3.330669073875E-16,-4.440892098501E-16,-1.));
#1411 = DIRECTION('',(1.,2.22044604925E-16,3.330669073875E-16));
#1412 = CYLINDRICAL_SURFACE('',#1413,1.8);
#1413 = AXIS2_PLACEMENT_3D('',#1414,#1415,#1416);
#1414 = CARTESIAN_POINT('',(177.5,93.875,9.));
#1415 = DIRECTION('',(3.330669073875E-16,-4.440892098501E-16,-1.));
#1416 = DIRECTION('',(1.,2.22044604925E-16,3.330669073875E-16));
#1417 = ADVANCED_FACE('',(#1418),#1437,.F.);
#1418 = FACE_BOUND('',#1419,.F.);
#1419 = EDGE_LOOP('',(#1420,#1428,#1429,#1430));
#1420 = ORIENTED_EDGE('',*,*,#1421,.T.);
#1421 = EDGE_CURVE('',#1422,#224,#1424,.T.);
#1422 = VERTEX_POINT('',#1423);
#1423 = CARTESIAN_POINT('',(15.8,10.,1.8));
#1424 = LINE('',#1425,#1426);
#1425 = CARTESIAN_POINT('',(15.8,10.,9.));
#1426 = VECTOR('',#1427,1.);
#1427 = DIRECTION('',(3.330669073875E-16,-4.440892098501E-16,-1.));
#1428 = ORIENTED_EDGE('',*,*,#223,.F.);
#1429 = ORIENTED_EDGE('',*,*,#1421,.F.);
#1430 = ORIENTED_EDGE('',*,*,#1431,.T.);
#1431 = EDGE_CURVE('',#1422,#1422,#1432,.T.);
#1432 = CIRCLE('',#1433,1.8);
#1433 = AXIS2_PLACEMENT_3D('',#1434,#1435,#1436);
#1434 = CARTESIAN_POINT('',(14.,10.,1.8));
#1435 = DIRECTION('',(3.330669073875E-16,-4.440892098501E-16,-1.));
#1436 = DIRECTION('',(1.,2.22044604925E-16,3.330669073875E-16));
#1437 = CYLINDRICAL_SURFACE('',#1438,1.8);
#1438 = AXIS2_PLACEMENT_3D('',#1439,#1440,#1441);
#1439 = CARTESIAN_POINT('',(14.,10.,9.));
#1440 = DIRECTION('',(3.330669073875E-16,-4.440892098501E-16,-1.));
#1441 = DIRECTION('',(1.,2.22044604925E-16,3.330669073875E-16));
#1442 = ADVANCED_FACE('',(#1443),#1462,.F.);
#1443 = FACE_BOUND('',#1444,.F.);
#1444 = EDGE_LOOP('',(#1445,#1453,#1454,#1455));
#1445 = ORIENTED_EDGE('',*,*,#1446,.T.);
#1446 = EDGE_CURVE('',#1447,#235,#1449,.T.);
#1447 = VERTEX_POINT('',#1448);
#1448 = CARTESIAN_POINT('',(97.55,10.,1.8));
#1449 = LINE('',#1450,#1451);
#1450 = CARTESIAN_POINT('',(97.55,10.,9.));
#1451 = VECTOR('',#1452,1.);
#1452 = DIRECTION('',(3.330669073875E-16,-4.440892098501E-16,-1.));
#1453 = ORIENTED_EDGE('',*,*,#234,.F.);
#1454 = ORIENTED_EDGE('',*,*,#1446,.F.);
#1455 = ORIENTED_EDGE('',*,*,#1456,.T.);
#1456 = EDGE_CURVE('',#1447,#1447,#1457,.T.);
#1457 = CIRCLE('',#1458,1.8);
#1458 = AXIS2_PLACEMENT_3D('',#1459,#1460,#1461);
#1459 = CARTESIAN_POINT('',(95.75,10.,1.8));
#1460 = DIRECTION('',(3.330669073875E-16,-4.440892098501E-16,-1.));
#1461 = DIRECTION('',(1.,2.22044604925E-16,3.330669073875E-16));
#1462 = CYLINDRICAL_SURFACE('',#1463,1.8);
#1463 = AXIS2_PLACEMENT_3D('',#1464,#1465,#1466);
#1464 = CARTESIAN_POINT('',(95.75,10.,9.));
#1465 = DIRECTION('',(3.330669073875E-16,-4.440892098501E-16,-1.));
#1466 = DIRECTION('',(1.,2.22044604925E-16,3.330669073875E-16));
#1467 = ADVANCED_FACE('',(#1468),#1487,.F.);
#1468 = FACE_BOUND('',#1469,.F.);
#1469 = EDGE_LOOP('',(#1470,#1478,#1479,#1480));
#1470 = ORIENTED_EDGE('',*,*,#1471,.T.);
#1471 = EDGE_CURVE('',#1472,#246,#1474,.T.);
#1472 = VERTEX_POINT('',#1473);
#1473 = CARTESIAN_POINT('',(179.3,10.,1.8));
#1474 = LINE('',#1475,#1476);
#1475 = CARTESIAN_POINT('',(179.3,10.,9.));
#1476 = VECTOR('',#1477,1.);
#1477 = DIRECTION('',(3.330669073875E-16,-4.440892098501E-16,-1.));
#1478 = ORIENTED_EDGE('',*,*,#245,.F.);
#1479 = ORIENTED_EDGE('',*,*,#1471,.F.);
#1480 = ORIENTED_EDGE('',*,*,#1481,.T.);
#1481 = EDGE_CURVE('',#1472,#1472,#1482,.T.);
#1482 = CIRCLE('',#1483,1.8);
#1483 = AXIS2_PLACEMENT_3D('',#1484,#1485,#1486);
#1484 = CARTESIAN_POINT('',(177.5,10.,1.8));
#1485 = DIRECTION('',(3.330669073875E-16,-4.440892098501E-16,-1.));
#1486 = DIRECTION('',(1.,2.22044604925E-16,3.330669073875E-16));
#1487 = CYLINDRICAL_SURFACE('',#1488,1.8);
#1488 = AXIS2_PLACEMENT_3D('',#1489,#1490,#1491);
#1489 = CARTESIAN_POINT('',(177.5,10.,9.));
#1490 = DIRECTION('',(3.330669073875E-16,-4.440892098501E-16,-1.));
#1491 = DIRECTION('',(1.,2.22044604925E-16,3.330669073875E-16));
#1492 = ADVANCED_FACE('',(#1493),#1504,.T.);
#1493 = FACE_BOUND('',#1494,.T.);
#1494 = EDGE_LOOP('',(#1495,#1496,#1502,#1503));
#1495 = ORIENTED_EDGE('',*,*,#455,.F.);
#1496 = ORIENTED_EDGE('',*,*,#1497,.F.);
#1497 = EDGE_CURVE('',#343,#424,#1498,.T.);
#1498 = LINE('',#1499,#1500);
#1499 = CARTESIAN_POINT('',(2.84217094304E-14,171.1,2.));
#1500 = VECTOR('',#1501,1.);
#1501 = DIRECTION('',(-3.330669073875E-16,4.440892098501E-16,1.));
#1502 = ORIENTED_EDGE('',*,*,#350,.T.);
#1503 = ORIENTED_EDGE('',*,*,#287,.T.);
#1504 = PLANE('',#1505);
#1505 = AXIS2_PLACEMENT_3D('',#1506,#1507,#1508);
#1506 = CARTESIAN_POINT('',(2.84217094304E-14,171.5,2.));
#1507 = DIRECTION('',(-1.,-2.22044604925E-16,-3.330669073875E-16));
#1508 = DIRECTION('',(2.22044604925E-16,-1.,4.440892098501E-16));
#1509 = ADVANCED_FACE('',(#1510),#1528,.F.);
#1510 = FACE_BOUND('',#1511,.F.);
#1511 = EDGE_LOOP('',(#1512,#1520,#1526,#1527));
#1512 = ORIENTED_EDGE('',*,*,#1513,.F.);
#1513 = EDGE_CURVE('',#1514,#312,#1516,.T.);
#1514 = VERTEX_POINT('',#1515);
#1515 = CARTESIAN_POINT('',(191.5,171.1,2.));
#1516 = LINE('',#1517,#1518);
#1517 = CARTESIAN_POINT('',(191.5,171.5,2.));
#1518 = VECTOR('',#1519,1.);
#1519 = DIRECTION('',(2.22044604925E-16,-1.,4.440892098501E-16));
#1520 = ORIENTED_EDGE('',*,*,#1521,.T.);
#1521 = EDGE_CURVE('',#1514,#1206,#1522,.T.);
#1522 = LINE('',#1523,#1524);
#1523 = CARTESIAN_POINT('',(191.5,171.1,2.));
#1524 = VECTOR('',#1525,1.);
#1525 = DIRECTION('',(-1.,-2.22044604925E-16,-3.330669073875E-16));
#1526 = ORIENTED_EDGE('',*,*,#1213,.T.);
#1527 = ORIENTED_EDGE('',*,*,#311,.F.);
#1528 = PLANE('',#1529);
#1529 = AXIS2_PLACEMENT_3D('',#1530,#1531,#1532);
#1530 = CARTESIAN_POINT('',(191.5,171.5,2.));
#1531 = DIRECTION('',(-3.330669073875E-16,4.440892098501E-16,1.));
#1532 = DIRECTION('',(2.22044604925E-16,-1.,4.440892098501E-16));
#1533 = ADVANCED_FACE('',(#1534),#1552,.F.);
#1534 = FACE_BOUND('',#1535,.F.);
#1535 = EDGE_LOOP('',(#1536,#1544,#1550,#1551));
#1536 = ORIENTED_EDGE('',*,*,#1537,.F.);
#1537 = EDGE_CURVE('',#1538,#320,#1540,.T.);
#1538 = VERTEX_POINT('',#1539);
#1539 = CARTESIAN_POINT('',(191.5,171.1,6.));
#1540 = LINE('',#1541,#1542);
#1541 = CARTESIAN_POINT('',(191.5,171.5,6.));
#1542 = VECTOR('',#1543,1.);
#1543 = DIRECTION('',(2.22044604925E-16,-1.,4.440892098501E-16));
#1544 = ORIENTED_EDGE('',*,*,#1545,.F.);
#1545 = EDGE_CURVE('',#1514,#1538,#1546,.T.);
#1546 = LINE('',#1547,#1548);
#1547 = CARTESIAN_POINT('',(191.5,171.1,2.));
#1548 = VECTOR('',#1549,1.);
#1549 = DIRECTION('',(-3.330669073875E-16,4.440892098501E-16,1.));
#1550 = ORIENTED_EDGE('',*,*,#1513,.T.);
#1551 = ORIENTED_EDGE('',*,*,#319,.T.);
#1552 = PLANE('',#1553);
#1553 = AXIS2_PLACEMENT_3D('',#1554,#1555,#1556);
#1554 = CARTESIAN_POINT('',(191.5,171.5,2.));
#1555 = DIRECTION('',(-1.,-2.22044604925E-16,-3.330669073875E-16));
#1556 = DIRECTION('',(2.22044604925E-16,-1.,4.440892098501E-16));
#1557 = ADVANCED_FACE('',(#1558),#1569,.T.);
#1558 = FACE_BOUND('',#1559,.T.);
#1559 = EDGE_LOOP('',(#1560,#1561,#1567,#1568));
#1560 = ORIENTED_EDGE('',*,*,#1537,.F.);
#1561 = ORIENTED_EDGE('',*,*,#1562,.T.);
#1562 = EDGE_CURVE('',#1538,#1182,#1563,.T.);
#1563 = LINE('',#1564,#1565);
#1564 = CARTESIAN_POINT('',(191.5,171.1,6.));
#1565 = VECTOR('',#1566,1.);
#1566 = DIRECTION('',(-1.,-2.22044604925E-16,-3.330669073875E-16));
#1567 = ORIENTED_EDGE('',*,*,#1181,.T.);
#1568 = ORIENTED_EDGE('',*,*,#327,.F.);
#1569 = PLANE('',#1570);
#1570 = AXIS2_PLACEMENT_3D('',#1571,#1572,#1573);
#1571 = CARTESIAN_POINT('',(191.5,171.5,6.));
#1572 = DIRECTION('',(-3.330669073875E-16,4.440892098501E-16,1.));
#1573 = DIRECTION('',(2.22044604925E-16,-1.,4.440892098501E-16));
#1574 = ADVANCED_FACE('',(#1575),#1586,.F.);
#1575 = FACE_BOUND('',#1576,.F.);
#1576 = EDGE_LOOP('',(#1577,#1578,#1579,#1580));
#1577 = ORIENTED_EDGE('',*,*,#383,.F.);
#1578 = ORIENTED_EDGE('',*,*,#407,.T.);
#1579 = ORIENTED_EDGE('',*,*,#439,.T.);
#1580 = ORIENTED_EDGE('',*,*,#1581,.F.);
#1581 = EDGE_CURVE('',#376,#432,#1582,.T.);
#1582 = LINE('',#1583,#1584);
#1583 = CARTESIAN_POINT('',(0.4,171.5,2.));
#1584 = VECTOR('',#1585,1.);
#1585 = DIRECTION('',(-3.330669073875E-16,4.440892098501E-16,1.));
#1586 = PLANE('',#1587);
#1587 = AXIS2_PLACEMENT_3D('',#1588,#1589,#1590);
#1588 = CARTESIAN_POINT('',(4.25,171.5,2.));
#1589 = DIRECTION('',(2.22044604925E-16,-1.,4.440892098501E-16));
#1590 = DIRECTION('',(-3.330669073875E-16,4.440892098501E-16,1.));
#1591 = ADVANCED_FACE('',(#1592),#1598,.F.);
#1592 = FACE_BOUND('',#1593,.T.);
#1593 = EDGE_LOOP('',(#1594,#1595,#1596,#1597));
#1594 = ORIENTED_EDGE('',*,*,#375,.F.);
#1595 = ORIENTED_EDGE('',*,*,#1497,.T.);
#1596 = ORIENTED_EDGE('',*,*,#431,.T.);
#1597 = ORIENTED_EDGE('',*,*,#1581,.F.);
#1598 = PLANE('',#1599);
#1599 = AXIS2_PLACEMENT_3D('',#1600,#1601,#1602);
#1600 = CARTESIAN_POINT('',(0.2,171.3,2.));
#1601 = DIRECTION('',(0.707106781187,-0.707106781187,5.530073541726E-16)
  );
#1602 = DIRECTION('',(3.355240989502E-16,-4.465464014127E-16,-1.));
#1603 = ADVANCED_FACE('',(#1604),#1629,.T.);
#1604 = FACE_BOUND('',#1605,.T.);
#1605 = EDGE_LOOP('',(#1606,#1607,#1615,#1623));
#1606 = ORIENTED_EDGE('',*,*,#488,.T.);
#1607 = ORIENTED_EDGE('',*,*,#1608,.T.);
#1608 = EDGE_CURVE('',#491,#1609,#1611,.T.);
#1609 = VERTEX_POINT('',#1610);
#1610 = CARTESIAN_POINT('',(14.,174.34363341178,1.8));
#1611 = LINE('',#1612,#1613);
#1612 = CARTESIAN_POINT('',(14.,174.34363341178,8.1));
#1613 = VECTOR('',#1614,1.);
#1614 = DIRECTION('',(3.330669073875E-16,-4.440892098501E-16,-1.));
#1615 = ORIENTED_EDGE('',*,*,#1616,.T.);
#1616 = EDGE_CURVE('',#1609,#1617,#1619,.T.);
#1617 = VERTEX_POINT('',#1618);
#1618 = CARTESIAN_POINT('',(11.05,176.04681670589,1.8));
#1619 = LINE('',#1620,#1621);
#1620 = CARTESIAN_POINT('',(14.,174.34363341178,1.8));
#1621 = VECTOR('',#1622,1.);
#1622 = DIRECTION('',(-0.866025403784,0.5,-5.104890078826E-16));
#1623 = ORIENTED_EDGE('',*,*,#1624,.F.);
#1624 = EDGE_CURVE('',#489,#1617,#1625,.T.);
#1625 = LINE('',#1626,#1627);
#1626 = CARTESIAN_POINT('',(11.05,176.04681670589,8.1));
#1627 = VECTOR('',#1628,1.);
#1628 = DIRECTION('',(3.330669073875E-16,-4.440892098501E-16,-1.));
#1629 = PLANE('',#1630);
#1630 = AXIS2_PLACEMENT_3D('',#1631,#1632,#1633);
#1631 = CARTESIAN_POINT('',(14.,174.34363341178,8.1));
#1632 = DIRECTION('',(0.5,0.866025403784,-2.180590835829E-16));
#1633 = DIRECTION('',(-0.866025403784,0.5,-5.104890078826E-16));
#1634 = ADVANCED_FACE('',(#1635),#1653,.T.);
#1635 = FACE_BOUND('',#1636,.T.);
#1636 = EDGE_LOOP('',(#1637,#1638,#1639,#1647));
#1637 = ORIENTED_EDGE('',*,*,#530,.T.);
#1638 = ORIENTED_EDGE('',*,*,#1624,.T.);
#1639 = ORIENTED_EDGE('',*,*,#1640,.T.);
#1640 = EDGE_CURVE('',#1617,#1641,#1643,.T.);
#1641 = VERTEX_POINT('',#1642);
#1642 = CARTESIAN_POINT('',(11.05,179.4531832941,1.8));
#1643 = LINE('',#1644,#1645);
#1644 = CARTESIAN_POINT('',(11.05,176.04681670589,1.8));
#1645 = VECTOR('',#1646,1.);
#1646 = DIRECTION('',(3.869609831342E-17,1.,-4.440892098501E-16));
#1647 = ORIENTED_EDGE('',*,*,#1648,.F.);
#1648 = EDGE_CURVE('',#523,#1641,#1649,.T.);
#1649 = LINE('',#1650,#1651);
#1650 = CARTESIAN_POINT('',(11.05,179.4531832941,8.1));
#1651 = VECTOR('',#1652,1.);
#1652 = DIRECTION('',(3.330669073875E-16,-4.440892098501E-16,-1.));
#1653 = PLANE('',#1654);
#1654 = AXIS2_PLACEMENT_3D('',#1655,#1656,#1657);
#1655 = CARTESIAN_POINT('',(11.05,176.04681670589,8.1));
#1656 = DIRECTION('',(1.,-3.869609831342E-17,3.330669073875E-16));
#1657 = DIRECTION('',(3.869609831342E-17,1.,-4.440892098501E-16));
#1658 = ADVANCED_FACE('',(#1659),#1677,.T.);
#1659 = FACE_BOUND('',#1660,.T.);
#1660 = EDGE_LOOP('',(#1661,#1662,#1670,#1676));
#1661 = ORIENTED_EDGE('',*,*,#498,.T.);
#1662 = ORIENTED_EDGE('',*,*,#1663,.T.);
#1663 = EDGE_CURVE('',#499,#1664,#1666,.T.);
#1664 = VERTEX_POINT('',#1665);
#1665 = CARTESIAN_POINT('',(16.95,176.04681670589,1.8));
#1666 = LINE('',#1667,#1668);
#1667 = CARTESIAN_POINT('',(16.95,176.04681670589,8.1));
#1668 = VECTOR('',#1669,1.);
#1669 = DIRECTION('',(3.330669073875E-16,-4.440892098501E-16,-1.));
#1670 = ORIENTED_EDGE('',*,*,#1671,.T.);
#1671 = EDGE_CURVE('',#1664,#1609,#1672,.T.);
#1672 = LINE('',#1673,#1674);
#1673 = CARTESIAN_POINT('',(16.95,176.04681670589,1.8));
#1674 = VECTOR('',#1675,1.);
#1675 = DIRECTION('',(-0.866025403784,-0.5,-6.63997980325E-17));
#1676 = ORIENTED_EDGE('',*,*,#1608,.F.);
#1677 = PLANE('',#1678);
#1678 = AXIS2_PLACEMENT_3D('',#1679,#1680,#1681);
#1679 = CARTESIAN_POINT('',(16.95,176.04681670589,8.1));
#1680 = DIRECTION('',(-0.5,0.866025403784,-5.511259909705E-16));
#1681 = DIRECTION('',(-0.866025403784,-0.5,-6.63997980325E-17));
#1682 = ADVANCED_FACE('',(#1683),#1701,.T.);
#1683 = FACE_BOUND('',#1684,.T.);
#1684 = EDGE_LOOP('',(#1685,#1686,#1687,#1695));
#1685 = ORIENTED_EDGE('',*,*,#522,.T.);
#1686 = ORIENTED_EDGE('',*,*,#1648,.T.);
#1687 = ORIENTED_EDGE('',*,*,#1688,.T.);
#1688 = EDGE_CURVE('',#1641,#1689,#1691,.T.);
#1689 = VERTEX_POINT('',#1690);
#1690 = CARTESIAN_POINT('',(14.,181.15636658821,1.8));
#1691 = LINE('',#1692,#1693);
#1692 = CARTESIAN_POINT('',(11.05,179.4531832941,1.8));
#1693 = VECTOR('',#1694,1.);
#1694 = DIRECTION('',(0.866025403784,0.5,6.63997980325E-17));
#1695 = ORIENTED_EDGE('',*,*,#1696,.F.);
#1696 = EDGE_CURVE('',#515,#1689,#1697,.T.);
#1697 = LINE('',#1698,#1699);
#1698 = CARTESIAN_POINT('',(14.,181.15636658821,8.1));
#1699 = VECTOR('',#1700,1.);
#1700 = DIRECTION('',(3.330669073875E-16,-4.440892098501E-16,-1.));
#1701 = PLANE('',#1702);
#1702 = AXIS2_PLACEMENT_3D('',#1703,#1704,#1705);
#1703 = CARTESIAN_POINT('',(11.05,179.4531832941,8.1));
#1704 = DIRECTION('',(0.5,-0.866025403784,5.511259909705E-16));
#1705 = DIRECTION('',(0.866025403784,0.5,6.63997980325E-17));
#1706 = ADVANCED_FACE('',(#1707),#1725,.T.);
#1707 = FACE_BOUND('',#1708,.T.);
#1708 = EDGE_LOOP('',(#1709,#1710,#1718,#1724));
#1709 = ORIENTED_EDGE('',*,*,#506,.T.);
#1710 = ORIENTED_EDGE('',*,*,#1711,.T.);
#1711 = EDGE_CURVE('',#507,#1712,#1714,.T.);
#1712 = VERTEX_POINT('',#1713);
#1713 = CARTESIAN_POINT('',(16.95,179.4531832941,1.8));
#1714 = LINE('',#1715,#1716);
#1715 = CARTESIAN_POINT('',(16.95,179.4531832941,8.1));
#1716 = VECTOR('',#1717,1.);
#1717 = DIRECTION('',(3.330669073875E-16,-4.440892098501E-16,-1.));
#1718 = ORIENTED_EDGE('',*,*,#1719,.T.);
#1719 = EDGE_CURVE('',#1712,#1664,#1720,.T.);
#1720 = LINE('',#1721,#1722);
#1721 = CARTESIAN_POINT('',(16.95,179.4531832941,1.8));
#1722 = VECTOR('',#1723,1.);
#1723 = DIRECTION('',(7.435260114019E-16,-1.,4.440892098501E-16));
#1724 = ORIENTED_EDGE('',*,*,#1663,.F.);
#1725 = PLANE('',#1726);
#1726 = AXIS2_PLACEMENT_3D('',#1727,#1728,#1729);
#1727 = CARTESIAN_POINT('',(16.95,179.4531832941,8.1));
#1728 = DIRECTION('',(-1.,-7.435260114019E-16,-3.330669073875E-16));
#1729 = DIRECTION('',(7.435260114019E-16,-1.,4.440892098501E-16));
#1730 = ADVANCED_FACE('',(#1731),#1742,.T.);
#1731 = FACE_BOUND('',#1732,.T.);
#1732 = EDGE_LOOP('',(#1733,#1734,#1735,#1741));
#1733 = ORIENTED_EDGE('',*,*,#514,.T.);
#1734 = ORIENTED_EDGE('',*,*,#1696,.T.);
#1735 = ORIENTED_EDGE('',*,*,#1736,.T.);
#1736 = EDGE_CURVE('',#1689,#1712,#1737,.T.);
#1737 = LINE('',#1738,#1739);
#1738 = CARTESIAN_POINT('',(14.,181.15636658821,1.8));
#1739 = VECTOR('',#1740,1.);
#1740 = DIRECTION('',(0.866025403784,-0.5,5.104890078826E-16));
#1741 = ORIENTED_EDGE('',*,*,#1711,.F.);
#1742 = PLANE('',#1743);
#1743 = AXIS2_PLACEMENT_3D('',#1744,#1745,#1746);
#1744 = CARTESIAN_POINT('',(14.,181.15636658821,8.1));
#1745 = DIRECTION('',(-0.5,-0.866025403784,2.180590835829E-16));
#1746 = DIRECTION('',(0.866025403784,-0.5,5.104890078826E-16));
#1747 = ADVANCED_FACE('',(#1748),#1773,.T.);
#1748 = FACE_BOUND('',#1749,.T.);
#1749 = EDGE_LOOP('',(#1750,#1751,#1759,#1767));
#1750 = ORIENTED_EDGE('',*,*,#538,.T.);
#1751 = ORIENTED_EDGE('',*,*,#1752,.T.);
#1752 = EDGE_CURVE('',#541,#1753,#1755,.T.);
#1753 = VERTEX_POINT('',#1754);
#1754 = CARTESIAN_POINT('',(14.,90.468633411781,1.8));
#1755 = LINE('',#1756,#1757);
#1756 = CARTESIAN_POINT('',(14.,90.468633411781,8.1));
#1757 = VECTOR('',#1758,1.);
#1758 = DIRECTION('',(3.330669073875E-16,-4.440892098501E-16,-1.));
#1759 = ORIENTED_EDGE('',*,*,#1760,.T.);
#1760 = EDGE_CURVE('',#1753,#1761,#1763,.T.);
#1761 = VERTEX_POINT('',#1762);
#1762 = CARTESIAN_POINT('',(11.05,92.171816705891,1.8));
#1763 = LINE('',#1764,#1765);
#1764 = CARTESIAN_POINT('',(14.,90.468633411781,1.8));
#1765 = VECTOR('',#1766,1.);
#1766 = DIRECTION('',(-0.866025403784,0.5,-5.104890078826E-16));
#1767 = ORIENTED_EDGE('',*,*,#1768,.F.);
#1768 = EDGE_CURVE('',#539,#1761,#1769,.T.);
#1769 = LINE('',#1770,#1771);
#1770 = CARTESIAN_POINT('',(11.05,92.171816705891,8.1));
#1771 = VECTOR('',#1772,1.);
#1772 = DIRECTION('',(3.330669073875E-16,-4.440892098501E-16,-1.));
#1773 = PLANE('',#1774);
#1774 = AXIS2_PLACEMENT_3D('',#1775,#1776,#1777);
#1775 = CARTESIAN_POINT('',(14.,90.468633411781,8.1));
#1776 = DIRECTION('',(0.5,0.866025403784,-2.180590835829E-16));
#1777 = DIRECTION('',(-0.866025403784,0.5,-5.104890078826E-16));
#1778 = ADVANCED_FACE('',(#1779),#1797,.T.);
#1779 = FACE_BOUND('',#1780,.T.);
#1780 = EDGE_LOOP('',(#1781,#1782,#1783,#1791));
#1781 = ORIENTED_EDGE('',*,*,#580,.T.);
#1782 = ORIENTED_EDGE('',*,*,#1768,.T.);
#1783 = ORIENTED_EDGE('',*,*,#1784,.T.);
#1784 = EDGE_CURVE('',#1761,#1785,#1787,.T.);
#1785 = VERTEX_POINT('',#1786);
#1786 = CARTESIAN_POINT('',(11.05,95.578183294109,1.8));
#1787 = LINE('',#1788,#1789);
#1788 = CARTESIAN_POINT('',(11.05,92.171816705891,1.8));
#1789 = VECTOR('',#1790,1.);
#1790 = DIRECTION('',(3.869609831342E-17,1.,-4.440892098501E-16));
#1791 = ORIENTED_EDGE('',*,*,#1792,.F.);
#1792 = EDGE_CURVE('',#573,#1785,#1793,.T.);
#1793 = LINE('',#1794,#1795);
#1794 = CARTESIAN_POINT('',(11.05,95.578183294109,8.1));
#1795 = VECTOR('',#1796,1.);
#1796 = DIRECTION('',(3.330669073875E-16,-4.440892098501E-16,-1.));
#1797 = PLANE('',#1798);
#1798 = AXIS2_PLACEMENT_3D('',#1799,#1800,#1801);
#1799 = CARTESIAN_POINT('',(11.05,92.171816705891,8.1));
#1800 = DIRECTION('',(1.,-3.869609831342E-17,3.330669073875E-16));
#1801 = DIRECTION('',(3.869609831342E-17,1.,-4.440892098501E-16));
#1802 = ADVANCED_FACE('',(#1803),#1821,.T.);
#1803 = FACE_BOUND('',#1804,.T.);
#1804 = EDGE_LOOP('',(#1805,#1806,#1814,#1820));
#1805 = ORIENTED_EDGE('',*,*,#548,.T.);
#1806 = ORIENTED_EDGE('',*,*,#1807,.T.);
#1807 = EDGE_CURVE('',#549,#1808,#1810,.T.);
#1808 = VERTEX_POINT('',#1809);
#1809 = CARTESIAN_POINT('',(16.95,92.171816705891,1.8));
#1810 = LINE('',#1811,#1812);
#1811 = CARTESIAN_POINT('',(16.95,92.171816705891,8.1));
#1812 = VECTOR('',#1813,1.);
#1813 = DIRECTION('',(3.330669073875E-16,-4.440892098501E-16,-1.));
#1814 = ORIENTED_EDGE('',*,*,#1815,.T.);
#1815 = EDGE_CURVE('',#1808,#1753,#1816,.T.);
#1816 = LINE('',#1817,#1818);
#1817 = CARTESIAN_POINT('',(16.95,92.171816705891,1.8));
#1818 = VECTOR('',#1819,1.);
#1819 = DIRECTION('',(-0.866025403784,-0.5,-6.63997980325E-17));
#1820 = ORIENTED_EDGE('',*,*,#1752,.F.);
#1821 = PLANE('',#1822);
#1822 = AXIS2_PLACEMENT_3D('',#1823,#1824,#1825);
#1823 = CARTESIAN_POINT('',(16.95,92.171816705891,8.1));
#1824 = DIRECTION('',(-0.5,0.866025403784,-5.511259909705E-16));
#1825 = DIRECTION('',(-0.866025403784,-0.5,-6.63997980325E-17));
#1826 = ADVANCED_FACE('',(#1827),#1845,.T.);
#1827 = FACE_BOUND('',#1828,.T.);
#1828 = EDGE_LOOP('',(#1829,#1830,#1831,#1839));
#1829 = ORIENTED_EDGE('',*,*,#572,.T.);
#1830 = ORIENTED_EDGE('',*,*,#1792,.T.);
#1831 = ORIENTED_EDGE('',*,*,#1832,.T.);
#1832 = EDGE_CURVE('',#1785,#1833,#1835,.T.);
#1833 = VERTEX_POINT('',#1834);
#1834 = CARTESIAN_POINT('',(14.,97.281366588219,1.8));
#1835 = LINE('',#1836,#1837);
#1836 = CARTESIAN_POINT('',(11.05,95.578183294109,1.8));
#1837 = VECTOR('',#1838,1.);
#1838 = DIRECTION('',(0.866025403784,0.5,6.63997980325E-17));
#1839 = ORIENTED_EDGE('',*,*,#1840,.F.);
#1840 = EDGE_CURVE('',#565,#1833,#1841,.T.);
#1841 = LINE('',#1842,#1843);
#1842 = CARTESIAN_POINT('',(14.,97.281366588219,8.1));
#1843 = VECTOR('',#1844,1.);
#1844 = DIRECTION('',(3.330669073875E-16,-4.440892098501E-16,-1.));
#1845 = PLANE('',#1846);
#1846 = AXIS2_PLACEMENT_3D('',#1847,#1848,#1849);
#1847 = CARTESIAN_POINT('',(11.05,95.578183294109,8.1));
#1848 = DIRECTION('',(0.5,-0.866025403784,5.511259909705E-16));
#1849 = DIRECTION('',(0.866025403784,0.5,6.63997980325E-17));
#1850 = ADVANCED_FACE('',(#1851),#1869,.T.);
#1851 = FACE_BOUND('',#1852,.T.);
#1852 = EDGE_LOOP('',(#1853,#1854,#1862,#1868));
#1853 = ORIENTED_EDGE('',*,*,#556,.T.);
#1854 = ORIENTED_EDGE('',*,*,#1855,.T.);
#1855 = EDGE_CURVE('',#557,#1856,#1858,.T.);
#1856 = VERTEX_POINT('',#1857);
#1857 = CARTESIAN_POINT('',(16.95,95.578183294109,1.8));
#1858 = LINE('',#1859,#1860);
#1859 = CARTESIAN_POINT('',(16.95,95.578183294109,8.1));
#1860 = VECTOR('',#1861,1.);
#1861 = DIRECTION('',(3.330669073875E-16,-4.440892098501E-16,-1.));
#1862 = ORIENTED_EDGE('',*,*,#1863,.T.);
#1863 = EDGE_CURVE('',#1856,#1808,#1864,.T.);
#1864 = LINE('',#1865,#1866);
#1865 = CARTESIAN_POINT('',(16.95,95.578183294109,1.8));
#1866 = VECTOR('',#1867,1.);
#1867 = DIRECTION('',(7.435260114019E-16,-1.,4.440892098501E-16));
#1868 = ORIENTED_EDGE('',*,*,#1807,.F.);
#1869 = PLANE('',#1870);
#1870 = AXIS2_PLACEMENT_3D('',#1871,#1872,#1873);
#1871 = CARTESIAN_POINT('',(16.95,95.578183294109,8.1));
#1872 = DIRECTION('',(-1.,-7.435260114019E-16,-3.330669073875E-16));
#1873 = DIRECTION('',(7.435260114019E-16,-1.,4.440892098501E-16));
#1874 = ADVANCED_FACE('',(#1875),#1886,.T.);
#1875 = FACE_BOUND('',#1876,.T.);
#1876 = EDGE_LOOP('',(#1877,#1878,#1879,#1885));
#1877 = ORIENTED_EDGE('',*,*,#564,.T.);
#1878 = ORIENTED_EDGE('',*,*,#1840,.T.);
#1879 = ORIENTED_EDGE('',*,*,#1880,.T.);
#1880 = EDGE_CURVE('',#1833,#1856,#1881,.T.);
#1881 = LINE('',#1882,#1883);
#1882 = CARTESIAN_POINT('',(14.,97.281366588219,1.8));
#1883 = VECTOR('',#1884,1.);
#1884 = DIRECTION('',(0.866025403784,-0.5,5.104890078826E-16));
#1885 = ORIENTED_EDGE('',*,*,#1855,.F.);
#1886 = PLANE('',#1887);
#1887 = AXIS2_PLACEMENT_3D('',#1888,#1889,#1890);
#1888 = CARTESIAN_POINT('',(14.,97.281366588219,8.1));
#1889 = DIRECTION('',(-0.5,-0.866025403784,2.180590835829E-16));
#1890 = DIRECTION('',(0.866025403784,-0.5,5.104890078826E-16));
#1891 = ADVANCED_FACE('',(#1892),#1917,.T.);
#1892 = FACE_BOUND('',#1893,.T.);
#1893 = EDGE_LOOP('',(#1894,#1895,#1903,#1911));
#1894 = ORIENTED_EDGE('',*,*,#588,.T.);
#1895 = ORIENTED_EDGE('',*,*,#1896,.T.);
#1896 = EDGE_CURVE('',#591,#1897,#1899,.T.);
#1897 = VERTEX_POINT('',#1898);
#1898 = CARTESIAN_POINT('',(95.75,174.34363341178,1.8));
#1899 = LINE('',#1900,#1901);
#1900 = CARTESIAN_POINT('',(95.75,174.34363341178,8.1));
#1901 = VECTOR('',#1902,1.);
#1902 = DIRECTION('',(3.330669073875E-16,-4.440892098501E-16,-1.));
#1903 = ORIENTED_EDGE('',*,*,#1904,.T.);
#1904 = EDGE_CURVE('',#1897,#1905,#1907,.T.);
#1905 = VERTEX_POINT('',#1906);
#1906 = CARTESIAN_POINT('',(92.8,176.04681670589,1.8));
#1907 = LINE('',#1908,#1909);
#1908 = CARTESIAN_POINT('',(95.75,174.34363341178,1.8));
#1909 = VECTOR('',#1910,1.);
#1910 = DIRECTION('',(-0.866025403784,0.5,-5.104890078826E-16));
#1911 = ORIENTED_EDGE('',*,*,#1912,.F.);
#1912 = EDGE_CURVE('',#589,#1905,#1913,.T.);
#1913 = LINE('',#1914,#1915);
#1914 = CARTESIAN_POINT('',(92.8,176.04681670589,8.1));
#1915 = VECTOR('',#1916,1.);
#1916 = DIRECTION('',(3.330669073875E-16,-4.440892098501E-16,-1.));
#1917 = PLANE('',#1918);
#1918 = AXIS2_PLACEMENT_3D('',#1919,#1920,#1921);
#1919 = CARTESIAN_POINT('',(95.75,174.34363341178,8.1));
#1920 = DIRECTION('',(0.5,0.866025403784,-2.180590835829E-16));
#1921 = DIRECTION('',(-0.866025403784,0.5,-5.104890078826E-16));
#1922 = ADVANCED_FACE('',(#1923),#1941,.T.);
#1923 = FACE_BOUND('',#1924,.T.);
#1924 = EDGE_LOOP('',(#1925,#1926,#1927,#1935));
#1925 = ORIENTED_EDGE('',*,*,#630,.T.);
#1926 = ORIENTED_EDGE('',*,*,#1912,.T.);
#1927 = ORIENTED_EDGE('',*,*,#1928,.T.);
#1928 = EDGE_CURVE('',#1905,#1929,#1931,.T.);
#1929 = VERTEX_POINT('',#1930);
#1930 = CARTESIAN_POINT('',(92.8,179.4531832941,1.8));
#1931 = LINE('',#1932,#1933);
#1932 = CARTESIAN_POINT('',(92.8,176.04681670589,1.8));
#1933 = VECTOR('',#1934,1.);
#1934 = DIRECTION('',(-2.22044604925E-16,1.,-4.440892098501E-16));
#1935 = ORIENTED_EDGE('',*,*,#1936,.F.);
#1936 = EDGE_CURVE('',#623,#1929,#1937,.T.);
#1937 = LINE('',#1938,#1939);
#1938 = CARTESIAN_POINT('',(92.8,179.4531832941,8.1));
#1939 = VECTOR('',#1940,1.);
#1940 = DIRECTION('',(3.330669073875E-16,-4.440892098501E-16,-1.));
#1941 = PLANE('',#1942);
#1942 = AXIS2_PLACEMENT_3D('',#1943,#1944,#1945);
#1943 = CARTESIAN_POINT('',(92.8,176.04681670589,8.1));
#1944 = DIRECTION('',(1.,2.22044604925E-16,3.330669073875E-16));
#1945 = DIRECTION('',(-2.22044604925E-16,1.,-4.440892098501E-16));
#1946 = ADVANCED_FACE('',(#1947),#1965,.T.);
#1947 = FACE_BOUND('',#1948,.T.);
#1948 = EDGE_LOOP('',(#1949,#1950,#1958,#1964));
#1949 = ORIENTED_EDGE('',*,*,#598,.T.);
#1950 = ORIENTED_EDGE('',*,*,#1951,.T.);
#1951 = EDGE_CURVE('',#599,#1952,#1954,.T.);
#1952 = VERTEX_POINT('',#1953);
#1953 = CARTESIAN_POINT('',(98.7,176.04681670589,1.8));
#1954 = LINE('',#1955,#1956);
#1955 = CARTESIAN_POINT('',(98.7,176.04681670589,8.1));
#1956 = VECTOR('',#1957,1.);
#1957 = DIRECTION('',(3.330669073875E-16,-4.440892098501E-16,-1.));
#1958 = ORIENTED_EDGE('',*,*,#1959,.T.);
#1959 = EDGE_CURVE('',#1952,#1897,#1960,.T.);
#1960 = LINE('',#1961,#1962);
#1961 = CARTESIAN_POINT('',(98.7,176.04681670589,1.8));
#1962 = VECTOR('',#1963,1.);
#1963 = DIRECTION('',(-0.866025403784,-0.5,-6.63997980325E-17));
#1964 = ORIENTED_EDGE('',*,*,#1896,.F.);
#1965 = PLANE('',#1966);
#1966 = AXIS2_PLACEMENT_3D('',#1967,#1968,#1969);
#1967 = CARTESIAN_POINT('',(98.7,176.04681670589,8.1));
#1968 = DIRECTION('',(-0.5,0.866025403784,-5.511259909705E-16));
#1969 = DIRECTION('',(-0.866025403784,-0.5,-6.63997980325E-17));
#1970 = ADVANCED_FACE('',(#1971),#1989,.T.);
#1971 = FACE_BOUND('',#1972,.T.);
#1972 = EDGE_LOOP('',(#1973,#1974,#1975,#1983));
#1973 = ORIENTED_EDGE('',*,*,#622,.T.);
#1974 = ORIENTED_EDGE('',*,*,#1936,.T.);
#1975 = ORIENTED_EDGE('',*,*,#1976,.T.);
#1976 = EDGE_CURVE('',#1929,#1977,#1979,.T.);
#1977 = VERTEX_POINT('',#1978);
#1978 = CARTESIAN_POINT('',(95.75,181.15636658821,1.8));
#1979 = LINE('',#1980,#1981);
#1980 = CARTESIAN_POINT('',(92.8,179.4531832941,1.8));
#1981 = VECTOR('',#1982,1.);
#1982 = DIRECTION('',(0.866025403784,0.5,6.63997980325E-17));
#1983 = ORIENTED_EDGE('',*,*,#1984,.F.);
#1984 = EDGE_CURVE('',#615,#1977,#1985,.T.);
#1985 = LINE('',#1986,#1987);
#1986 = CARTESIAN_POINT('',(95.75,181.15636658821,8.1));
#1987 = VECTOR('',#1988,1.);
#1988 = DIRECTION('',(3.330669073875E-16,-4.440892098501E-16,-1.));
#1989 = PLANE('',#1990);
#1990 = AXIS2_PLACEMENT_3D('',#1991,#1992,#1993);
#1991 = CARTESIAN_POINT('',(92.8,179.4531832941,8.1));
#1992 = DIRECTION('',(0.5,-0.866025403784,5.511259909705E-16));
#1993 = DIRECTION('',(0.866025403784,0.5,6.63997980325E-17));
#1994 = ADVANCED_FACE('',(#1995),#2013,.T.);
#1995 = FACE_BOUND('',#1996,.T.);
#1996 = EDGE_LOOP('',(#1997,#1998,#2006,#2012));
#1997 = ORIENTED_EDGE('',*,*,#606,.T.);
#1998 = ORIENTED_EDGE('',*,*,#1999,.T.);
#1999 = EDGE_CURVE('',#607,#2000,#2002,.T.);
#2000 = VERTEX_POINT('',#2001);
#2001 = CARTESIAN_POINT('',(98.7,179.4531832941,1.8));
#2002 = LINE('',#2003,#2004);
#2003 = CARTESIAN_POINT('',(98.7,179.4531832941,8.1));
#2004 = VECTOR('',#2005,1.);
#2005 = DIRECTION('',(3.330669073875E-16,-4.440892098501E-16,-1.));
#2006 = ORIENTED_EDGE('',*,*,#2007,.T.);
#2007 = EDGE_CURVE('',#2000,#1952,#2008,.T.);
#2008 = LINE('',#2009,#2010);
#2009 = CARTESIAN_POINT('',(98.7,179.4531832941,1.8));
#2010 = VECTOR('',#2011,1.);
#2011 = DIRECTION('',(2.22044604925E-16,-1.,4.440892098501E-16));
#2012 = ORIENTED_EDGE('',*,*,#1951,.F.);
#2013 = PLANE('',#2014);
#2014 = AXIS2_PLACEMENT_3D('',#2015,#2016,#2017);
#2015 = CARTESIAN_POINT('',(98.7,179.4531832941,8.1));
#2016 = DIRECTION('',(-1.,-2.22044604925E-16,-3.330669073875E-16));
#2017 = DIRECTION('',(2.22044604925E-16,-1.,4.440892098501E-16));
#2018 = ADVANCED_FACE('',(#2019),#2030,.T.);
#2019 = FACE_BOUND('',#2020,.T.);
#2020 = EDGE_LOOP('',(#2021,#2022,#2023,#2029));
#2021 = ORIENTED_EDGE('',*,*,#614,.T.);
#2022 = ORIENTED_EDGE('',*,*,#1984,.T.);
#2023 = ORIENTED_EDGE('',*,*,#2024,.T.);
#2024 = EDGE_CURVE('',#1977,#2000,#2025,.T.);
#2025 = LINE('',#2026,#2027);
#2026 = CARTESIAN_POINT('',(95.75,181.15636658821,1.8));
#2027 = VECTOR('',#2028,1.);
#2028 = DIRECTION('',(0.866025403784,-0.5,5.104890078826E-16));
#2029 = ORIENTED_EDGE('',*,*,#1999,.F.);
#2030 = PLANE('',#2031);
#2031 = AXIS2_PLACEMENT_3D('',#2032,#2033,#2034);
#2032 = CARTESIAN_POINT('',(95.75,181.15636658821,8.1));
#2033 = DIRECTION('',(-0.5,-0.866025403784,2.180590835829E-16));
#2034 = DIRECTION('',(0.866025403784,-0.5,5.104890078826E-16));
#2035 = ADVANCED_FACE('',(#2036),#2061,.T.);
#2036 = FACE_BOUND('',#2037,.T.);
#2037 = EDGE_LOOP('',(#2038,#2039,#2047,#2055));
#2038 = ORIENTED_EDGE('',*,*,#638,.T.);
#2039 = ORIENTED_EDGE('',*,*,#2040,.T.);
#2040 = EDGE_CURVE('',#641,#2041,#2043,.T.);
#2041 = VERTEX_POINT('',#2042);
#2042 = CARTESIAN_POINT('',(177.5,174.34363341178,1.8));
#2043 = LINE('',#2044,#2045);
#2044 = CARTESIAN_POINT('',(177.5,174.34363341178,8.1));
#2045 = VECTOR('',#2046,1.);
#2046 = DIRECTION('',(3.330669073875E-16,-4.440892098501E-16,-1.));
#2047 = ORIENTED_EDGE('',*,*,#2048,.T.);
#2048 = EDGE_CURVE('',#2041,#2049,#2051,.T.);
#2049 = VERTEX_POINT('',#2050);
#2050 = CARTESIAN_POINT('',(174.55,176.04681670589,1.8));
#2051 = LINE('',#2052,#2053);
#2052 = CARTESIAN_POINT('',(177.5,174.34363341178,1.8));
#2053 = VECTOR('',#2054,1.);
#2054 = DIRECTION('',(-0.866025403784,0.5,-5.104890078826E-16));
#2055 = ORIENTED_EDGE('',*,*,#2056,.F.);
#2056 = EDGE_CURVE('',#639,#2049,#2057,.T.);
#2057 = LINE('',#2058,#2059);
#2058 = CARTESIAN_POINT('',(174.55,176.04681670589,8.1));
#2059 = VECTOR('',#2060,1.);
#2060 = DIRECTION('',(3.330669073875E-16,-4.440892098501E-16,-1.));
#2061 = PLANE('',#2062);
#2062 = AXIS2_PLACEMENT_3D('',#2063,#2064,#2065);
#2063 = CARTESIAN_POINT('',(177.5,174.34363341178,8.1));
#2064 = DIRECTION('',(0.5,0.866025403784,-2.180590835829E-16));
#2065 = DIRECTION('',(-0.866025403784,0.5,-5.104890078826E-16));
#2066 = ADVANCED_FACE('',(#2067),#2085,.T.);
#2067 = FACE_BOUND('',#2068,.T.);
#2068 = EDGE_LOOP('',(#2069,#2070,#2071,#2079));
#2069 = ORIENTED_EDGE('',*,*,#680,.T.);
#2070 = ORIENTED_EDGE('',*,*,#2056,.T.);
#2071 = ORIENTED_EDGE('',*,*,#2072,.T.);
#2072 = EDGE_CURVE('',#2049,#2073,#2075,.T.);
#2073 = VERTEX_POINT('',#2074);
#2074 = CARTESIAN_POINT('',(174.55,179.4531832941,1.8));
#2075 = LINE('',#2076,#2077);
#2076 = CARTESIAN_POINT('',(174.55,176.04681670589,1.8));
#2077 = VECTOR('',#2078,1.);
#2078 = DIRECTION('',(-2.22044604925E-16,1.,-4.440892098501E-16));
#2079 = ORIENTED_EDGE('',*,*,#2080,.F.);
#2080 = EDGE_CURVE('',#673,#2073,#2081,.T.);
#2081 = LINE('',#2082,#2083);
#2082 = CARTESIAN_POINT('',(174.55,179.4531832941,8.1));
#2083 = VECTOR('',#2084,1.);
#2084 = DIRECTION('',(3.330669073875E-16,-4.440892098501E-16,-1.));
#2085 = PLANE('',#2086);
#2086 = AXIS2_PLACEMENT_3D('',#2087,#2088,#2089);
#2087 = CARTESIAN_POINT('',(174.55,176.04681670589,8.1));
#2088 = DIRECTION('',(1.,2.22044604925E-16,3.330669073875E-16));
#2089 = DIRECTION('',(-2.22044604925E-16,1.,-4.440892098501E-16));
#2090 = ADVANCED_FACE('',(#2091),#2109,.T.);
#2091 = FACE_BOUND('',#2092,.T.);
#2092 = EDGE_LOOP('',(#2093,#2094,#2102,#2108));
#2093 = ORIENTED_EDGE('',*,*,#648,.T.);
#2094 = ORIENTED_EDGE('',*,*,#2095,.T.);
#2095 = EDGE_CURVE('',#649,#2096,#2098,.T.);
#2096 = VERTEX_POINT('',#2097);
#2097 = CARTESIAN_POINT('',(180.45,176.04681670589,1.8));
#2098 = LINE('',#2099,#2100);
#2099 = CARTESIAN_POINT('',(180.45,176.04681670589,8.1));
#2100 = VECTOR('',#2101,1.);
#2101 = DIRECTION('',(3.330669073875E-16,-4.440892098501E-16,-1.));
#2102 = ORIENTED_EDGE('',*,*,#2103,.T.);
#2103 = EDGE_CURVE('',#2096,#2041,#2104,.T.);
#2104 = LINE('',#2105,#2106);
#2105 = CARTESIAN_POINT('',(180.45,176.04681670589,1.8));
#2106 = VECTOR('',#2107,1.);
#2107 = DIRECTION('',(-0.866025403784,-0.5,-6.63997980325E-17));
#2108 = ORIENTED_EDGE('',*,*,#2040,.F.);
#2109 = PLANE('',#2110);
#2110 = AXIS2_PLACEMENT_3D('',#2111,#2112,#2113);
#2111 = CARTESIAN_POINT('',(180.45,176.04681670589,8.1));
#2112 = DIRECTION('',(-0.5,0.866025403784,-5.511259909705E-16));
#2113 = DIRECTION('',(-0.866025403784,-0.5,-6.63997980325E-17));
#2114 = ADVANCED_FACE('',(#2115),#2133,.T.);
#2115 = FACE_BOUND('',#2116,.T.);
#2116 = EDGE_LOOP('',(#2117,#2118,#2119,#2127));
#2117 = ORIENTED_EDGE('',*,*,#672,.T.);
#2118 = ORIENTED_EDGE('',*,*,#2080,.T.);
#2119 = ORIENTED_EDGE('',*,*,#2120,.T.);
#2120 = EDGE_CURVE('',#2073,#2121,#2123,.T.);
#2121 = VERTEX_POINT('',#2122);
#2122 = CARTESIAN_POINT('',(177.5,181.15636658821,1.8));
#2123 = LINE('',#2124,#2125);
#2124 = CARTESIAN_POINT('',(174.55,179.4531832941,1.8));
#2125 = VECTOR('',#2126,1.);
#2126 = DIRECTION('',(0.866025403784,0.5,6.63997980325E-17));
#2127 = ORIENTED_EDGE('',*,*,#2128,.F.);
#2128 = EDGE_CURVE('',#665,#2121,#2129,.T.);
#2129 = LINE('',#2130,#2131);
#2130 = CARTESIAN_POINT('',(177.5,181.15636658821,8.1));
#2131 = VECTOR('',#2132,1.);
#2132 = DIRECTION('',(3.330669073875E-16,-4.440892098501E-16,-1.));
#2133 = PLANE('',#2134);
#2134 = AXIS2_PLACEMENT_3D('',#2135,#2136,#2137);
#2135 = CARTESIAN_POINT('',(174.55,179.4531832941,8.1));
#2136 = DIRECTION('',(0.5,-0.866025403784,5.511259909705E-16));
#2137 = DIRECTION('',(0.866025403784,0.5,6.63997980325E-17));
#2138 = ADVANCED_FACE('',(#2139),#2157,.T.);
#2139 = FACE_BOUND('',#2140,.T.);
#2140 = EDGE_LOOP('',(#2141,#2142,#2150,#2156));
#2141 = ORIENTED_EDGE('',*,*,#656,.T.);
#2142 = ORIENTED_EDGE('',*,*,#2143,.T.);
#2143 = EDGE_CURVE('',#657,#2144,#2146,.T.);
#2144 = VERTEX_POINT('',#2145);
#2145 = CARTESIAN_POINT('',(180.45,179.4531832941,1.8));
#2146 = LINE('',#2147,#2148);
#2147 = CARTESIAN_POINT('',(180.45,179.4531832941,8.1));
#2148 = VECTOR('',#2149,1.);
#2149 = DIRECTION('',(3.330669073875E-16,-4.440892098501E-16,-1.));
#2150 = ORIENTED_EDGE('',*,*,#2151,.T.);
#2151 = EDGE_CURVE('',#2144,#2096,#2152,.T.);
#2152 = LINE('',#2153,#2154);
#2153 = CARTESIAN_POINT('',(180.45,179.4531832941,1.8));
#2154 = VECTOR('',#2155,1.);
#2155 = DIRECTION('',(2.22044604925E-16,-1.,4.440892098501E-16));
#2156 = ORIENTED_EDGE('',*,*,#2095,.F.);
#2157 = PLANE('',#2158);
#2158 = AXIS2_PLACEMENT_3D('',#2159,#2160,#2161);
#2159 = CARTESIAN_POINT('',(180.45,179.4531832941,8.1));
#2160 = DIRECTION('',(-1.,-2.22044604925E-16,-3.330669073875E-16));
#2161 = DIRECTION('',(2.22044604925E-16,-1.,4.440892098501E-16));
#2162 = ADVANCED_FACE('',(#2163),#2174,.T.);
#2163 = FACE_BOUND('',#2164,.T.);
#2164 = EDGE_LOOP('',(#2165,#2166,#2167,#2173));
#2165 = ORIENTED_EDGE('',*,*,#664,.T.);
#2166 = ORIENTED_EDGE('',*,*,#2128,.T.);
#2167 = ORIENTED_EDGE('',*,*,#2168,.T.);
#2168 = EDGE_CURVE('',#2121,#2144,#2169,.T.);
#2169 = LINE('',#2170,#2171);
#2170 = CARTESIAN_POINT('',(177.5,181.15636658821,1.8));
#2171 = VECTOR('',#2172,1.);
#2172 = DIRECTION('',(0.866025403784,-0.5,5.104890078826E-16));
#2173 = ORIENTED_EDGE('',*,*,#2143,.F.);
#2174 = PLANE('',#2175);
#2175 = AXIS2_PLACEMENT_3D('',#2176,#2177,#2178);
#2176 = CARTESIAN_POINT('',(177.5,181.15636658821,8.1));
#2177 = DIRECTION('',(-0.5,-0.866025403784,2.180590835829E-16));
#2178 = DIRECTION('',(0.866025403784,-0.5,5.104890078826E-16));
#2179 = ADVANCED_FACE('',(#2180),#2205,.T.);
#2180 = FACE_BOUND('',#2181,.T.);
#2181 = EDGE_LOOP('',(#2182,#2183,#2191,#2199));
#2182 = ORIENTED_EDGE('',*,*,#722,.T.);
#2183 = ORIENTED_EDGE('',*,*,#2184,.T.);
#2184 = EDGE_CURVE('',#725,#2185,#2187,.T.);
#2185 = VERTEX_POINT('',#2186);
#2186 = CARTESIAN_POINT('',(177.5,90.468633411781,1.8));
#2187 = LINE('',#2188,#2189);
#2188 = CARTESIAN_POINT('',(177.5,90.468633411781,8.1));
#2189 = VECTOR('',#2190,1.);
#2190 = DIRECTION('',(3.330669073875E-16,-4.440892098501E-16,-1.));
#2191 = ORIENTED_EDGE('',*,*,#2192,.T.);
#2192 = EDGE_CURVE('',#2185,#2193,#2195,.T.);
#2193 = VERTEX_POINT('',#2194);
#2194 = CARTESIAN_POINT('',(174.55,92.171816705891,1.8));
#2195 = LINE('',#2196,#2197);
#2196 = CARTESIAN_POINT('',(177.5,90.468633411781,1.8));
#2197 = VECTOR('',#2198,1.);
#2198 = DIRECTION('',(-0.866025403784,0.5,-5.104890078826E-16));
#2199 = ORIENTED_EDGE('',*,*,#2200,.F.);
#2200 = EDGE_CURVE('',#723,#2193,#2201,.T.);
#2201 = LINE('',#2202,#2203);
#2202 = CARTESIAN_POINT('',(174.55,92.171816705891,8.1));
#2203 = VECTOR('',#2204,1.);
#2204 = DIRECTION('',(3.330669073875E-16,-4.440892098501E-16,-1.));
#2205 = PLANE('',#2206);
#2206 = AXIS2_PLACEMENT_3D('',#2207,#2208,#2209);
#2207 = CARTESIAN_POINT('',(177.5,90.468633411781,8.1));
#2208 = DIRECTION('',(0.5,0.866025403784,-2.180590835829E-16));
#2209 = DIRECTION('',(-0.866025403784,0.5,-5.104890078826E-16));
#2210 = ADVANCED_FACE('',(#2211),#2229,.T.);
#2211 = FACE_BOUND('',#2212,.T.);
#2212 = EDGE_LOOP('',(#2213,#2214,#2215,#2223));
#2213 = ORIENTED_EDGE('',*,*,#764,.T.);
#2214 = ORIENTED_EDGE('',*,*,#2200,.T.);
#2215 = ORIENTED_EDGE('',*,*,#2216,.T.);
#2216 = EDGE_CURVE('',#2193,#2217,#2219,.T.);
#2217 = VERTEX_POINT('',#2218);
#2218 = CARTESIAN_POINT('',(174.55,95.578183294109,1.8));
#2219 = LINE('',#2220,#2221);
#2220 = CARTESIAN_POINT('',(174.55,92.171816705891,1.8));
#2221 = VECTOR('',#2222,1.);
#2222 = DIRECTION('',(-2.22044604925E-16,1.,-4.440892098501E-16));
#2223 = ORIENTED_EDGE('',*,*,#2224,.F.);
#2224 = EDGE_CURVE('',#757,#2217,#2225,.T.);
#2225 = LINE('',#2226,#2227);
#2226 = CARTESIAN_POINT('',(174.55,95.578183294109,8.1));
#2227 = VECTOR('',#2228,1.);
#2228 = DIRECTION('',(3.330669073875E-16,-4.440892098501E-16,-1.));
#2229 = PLANE('',#2230);
#2230 = AXIS2_PLACEMENT_3D('',#2231,#2232,#2233);
#2231 = CARTESIAN_POINT('',(174.55,92.171816705891,8.1));
#2232 = DIRECTION('',(1.,2.22044604925E-16,3.330669073875E-16));
#2233 = DIRECTION('',(-2.22044604925E-16,1.,-4.440892098501E-16));
#2234 = ADVANCED_FACE('',(#2235),#2253,.T.);
#2235 = FACE_BOUND('',#2236,.T.);
#2236 = EDGE_LOOP('',(#2237,#2238,#2246,#2252));
#2237 = ORIENTED_EDGE('',*,*,#732,.T.);
#2238 = ORIENTED_EDGE('',*,*,#2239,.T.);
#2239 = EDGE_CURVE('',#733,#2240,#2242,.T.);
#2240 = VERTEX_POINT('',#2241);
#2241 = CARTESIAN_POINT('',(180.45,92.171816705891,1.8));
#2242 = LINE('',#2243,#2244);
#2243 = CARTESIAN_POINT('',(180.45,92.171816705891,8.1));
#2244 = VECTOR('',#2245,1.);
#2245 = DIRECTION('',(3.330669073875E-16,-4.440892098501E-16,-1.));
#2246 = ORIENTED_EDGE('',*,*,#2247,.T.);
#2247 = EDGE_CURVE('',#2240,#2185,#2248,.T.);
#2248 = LINE('',#2249,#2250);
#2249 = CARTESIAN_POINT('',(180.45,92.171816705891,1.8));
#2250 = VECTOR('',#2251,1.);
#2251 = DIRECTION('',(-0.866025403784,-0.5,-6.63997980325E-17));
#2252 = ORIENTED_EDGE('',*,*,#2184,.F.);
#2253 = PLANE('',#2254);
#2254 = AXIS2_PLACEMENT_3D('',#2255,#2256,#2257);
#2255 = CARTESIAN_POINT('',(180.45,92.171816705891,8.1));
#2256 = DIRECTION('',(-0.5,0.866025403784,-5.511259909705E-16));
#2257 = DIRECTION('',(-0.866025403784,-0.5,-6.63997980325E-17));
#2258 = ADVANCED_FACE('',(#2259),#2277,.T.);
#2259 = FACE_BOUND('',#2260,.T.);
#2260 = EDGE_LOOP('',(#2261,#2262,#2263,#2271));
#2261 = ORIENTED_EDGE('',*,*,#756,.T.);
#2262 = ORIENTED_EDGE('',*,*,#2224,.T.);
#2263 = ORIENTED_EDGE('',*,*,#2264,.T.);
#2264 = EDGE_CURVE('',#2217,#2265,#2267,.T.);
#2265 = VERTEX_POINT('',#2266);
#2266 = CARTESIAN_POINT('',(177.5,97.281366588219,1.8));
#2267 = LINE('',#2268,#2269);
#2268 = CARTESIAN_POINT('',(174.55,95.578183294109,1.8));
#2269 = VECTOR('',#2270,1.);
#2270 = DIRECTION('',(0.866025403784,0.5,6.63997980325E-17));
#2271 = ORIENTED_EDGE('',*,*,#2272,.F.);
#2272 = EDGE_CURVE('',#749,#2265,#2273,.T.);
#2273 = LINE('',#2274,#2275);
#2274 = CARTESIAN_POINT('',(177.5,97.281366588219,8.1));
#2275 = VECTOR('',#2276,1.);
#2276 = DIRECTION('',(3.330669073875E-16,-4.440892098501E-16,-1.));
#2277 = PLANE('',#2278);
#2278 = AXIS2_PLACEMENT_3D('',#2279,#2280,#2281);
#2279 = CARTESIAN_POINT('',(174.55,95.578183294109,8.1));
#2280 = DIRECTION('',(0.5,-0.866025403784,5.511259909705E-16));
#2281 = DIRECTION('',(0.866025403784,0.5,6.63997980325E-17));
#2282 = ADVANCED_FACE('',(#2283),#2301,.T.);
#2283 = FACE_BOUND('',#2284,.T.);
#2284 = EDGE_LOOP('',(#2285,#2286,#2294,#2300));
#2285 = ORIENTED_EDGE('',*,*,#740,.T.);
#2286 = ORIENTED_EDGE('',*,*,#2287,.T.);
#2287 = EDGE_CURVE('',#741,#2288,#2290,.T.);
#2288 = VERTEX_POINT('',#2289);
#2289 = CARTESIAN_POINT('',(180.45,95.578183294109,1.8));
#2290 = LINE('',#2291,#2292);
#2291 = CARTESIAN_POINT('',(180.45,95.578183294109,8.1));
#2292 = VECTOR('',#2293,1.);
#2293 = DIRECTION('',(3.330669073875E-16,-4.440892098501E-16,-1.));
#2294 = ORIENTED_EDGE('',*,*,#2295,.T.);
#2295 = EDGE_CURVE('',#2288,#2240,#2296,.T.);
#2296 = LINE('',#2297,#2298);
#2297 = CARTESIAN_POINT('',(180.45,95.578183294109,1.8));
#2298 = VECTOR('',#2299,1.);
#2299 = DIRECTION('',(2.22044604925E-16,-1.,4.440892098501E-16));
#2300 = ORIENTED_EDGE('',*,*,#2239,.F.);
#2301 = PLANE('',#2302);
#2302 = AXIS2_PLACEMENT_3D('',#2303,#2304,#2305);
#2303 = CARTESIAN_POINT('',(180.45,95.578183294109,8.1));
#2304 = DIRECTION('',(-1.,-2.22044604925E-16,-3.330669073875E-16));
#2305 = DIRECTION('',(2.22044604925E-16,-1.,4.440892098501E-16));
#2306 = ADVANCED_FACE('',(#2307),#2318,.T.);
#2307 = FACE_BOUND('',#2308,.T.);
#2308 = EDGE_LOOP('',(#2309,#2310,#2311,#2317));
#2309 = ORIENTED_EDGE('',*,*,#748,.T.);
#2310 = ORIENTED_EDGE('',*,*,#2272,.T.);
#2311 = ORIENTED_EDGE('',*,*,#2312,.T.);
#2312 = EDGE_CURVE('',#2265,#2288,#2313,.T.);
#2313 = LINE('',#2314,#2315);
#2314 = CARTESIAN_POINT('',(177.5,97.281366588219,1.8));
#2315 = VECTOR('',#2316,1.);
#2316 = DIRECTION('',(0.866025403784,-0.5,5.104890078826E-16));
#2317 = ORIENTED_EDGE('',*,*,#2287,.F.);
#2318 = PLANE('',#2319);
#2319 = AXIS2_PLACEMENT_3D('',#2320,#2321,#2322);
#2320 = CARTESIAN_POINT('',(177.5,97.281366588219,8.1));
#2321 = DIRECTION('',(-0.5,-0.866025403784,2.180590835829E-16));
#2322 = DIRECTION('',(0.866025403784,-0.5,5.104890078826E-16));
#2323 = ADVANCED_FACE('',(#2324),#2349,.T.);
#2324 = FACE_BOUND('',#2325,.T.);
#2325 = EDGE_LOOP('',(#2326,#2327,#2335,#2343));
#2326 = ORIENTED_EDGE('',*,*,#772,.T.);
#2327 = ORIENTED_EDGE('',*,*,#2328,.T.);
#2328 = EDGE_CURVE('',#775,#2329,#2331,.T.);
#2329 = VERTEX_POINT('',#2330);
#2330 = CARTESIAN_POINT('',(14.,6.593633411781,1.8));
#2331 = LINE('',#2332,#2333);
#2332 = CARTESIAN_POINT('',(14.,6.593633411781,8.1));
#2333 = VECTOR('',#2334,1.);
#2334 = DIRECTION('',(3.330669073875E-16,-4.440892098501E-16,-1.));
#2335 = ORIENTED_EDGE('',*,*,#2336,.T.);
#2336 = EDGE_CURVE('',#2329,#2337,#2339,.T.);
#2337 = VERTEX_POINT('',#2338);
#2338 = CARTESIAN_POINT('',(11.05,8.296816705891,1.8));
#2339 = LINE('',#2340,#2341);
#2340 = CARTESIAN_POINT('',(14.,6.593633411781,1.8));
#2341 = VECTOR('',#2342,1.);
#2342 = DIRECTION('',(-0.866025403784,0.5,-5.104890078826E-16));
#2343 = ORIENTED_EDGE('',*,*,#2344,.F.);
#2344 = EDGE_CURVE('',#773,#2337,#2345,.T.);
#2345 = LINE('',#2346,#2347);
#2346 = CARTESIAN_POINT('',(11.05,8.296816705891,8.1));
#2347 = VECTOR('',#2348,1.);
#2348 = DIRECTION('',(3.330669073875E-16,-4.440892098501E-16,-1.));
#2349 = PLANE('',#2350);
#2350 = AXIS2_PLACEMENT_3D('',#2351,#2352,#2353);
#2351 = CARTESIAN_POINT('',(14.,6.593633411781,8.1));
#2352 = DIRECTION('',(0.5,0.866025403784,-2.180590835829E-16));
#2353 = DIRECTION('',(-0.866025403784,0.5,-5.104890078826E-16));
#2354 = ADVANCED_FACE('',(#2355),#2373,.T.);
#2355 = FACE_BOUND('',#2356,.T.);
#2356 = EDGE_LOOP('',(#2357,#2358,#2359,#2367));
#2357 = ORIENTED_EDGE('',*,*,#814,.T.);
#2358 = ORIENTED_EDGE('',*,*,#2344,.T.);
#2359 = ORIENTED_EDGE('',*,*,#2360,.T.);
#2360 = EDGE_CURVE('',#2337,#2361,#2363,.T.);
#2361 = VERTEX_POINT('',#2362);
#2362 = CARTESIAN_POINT('',(11.05,11.703183294109,1.8));
#2363 = LINE('',#2364,#2365);
#2364 = CARTESIAN_POINT('',(11.05,8.296816705891,1.8));
#2365 = VECTOR('',#2366,1.);
#2366 = DIRECTION('',(3.869609831342E-17,1.,-4.440892098501E-16));
#2367 = ORIENTED_EDGE('',*,*,#2368,.F.);
#2368 = EDGE_CURVE('',#807,#2361,#2369,.T.);
#2369 = LINE('',#2370,#2371);
#2370 = CARTESIAN_POINT('',(11.05,11.703183294109,8.1));
#2371 = VECTOR('',#2372,1.);
#2372 = DIRECTION('',(3.330669073875E-16,-4.440892098501E-16,-1.));
#2373 = PLANE('',#2374);
#2374 = AXIS2_PLACEMENT_3D('',#2375,#2376,#2377);
#2375 = CARTESIAN_POINT('',(11.05,8.296816705891,8.1));
#2376 = DIRECTION('',(1.,-3.869609831342E-17,3.330669073875E-16));
#2377 = DIRECTION('',(3.869609831342E-17,1.,-4.440892098501E-16));
#2378 = ADVANCED_FACE('',(#2379),#2397,.T.);
#2379 = FACE_BOUND('',#2380,.T.);
#2380 = EDGE_LOOP('',(#2381,#2382,#2390,#2396));
#2381 = ORIENTED_EDGE('',*,*,#782,.T.);
#2382 = ORIENTED_EDGE('',*,*,#2383,.T.);
#2383 = EDGE_CURVE('',#783,#2384,#2386,.T.);
#2384 = VERTEX_POINT('',#2385);
#2385 = CARTESIAN_POINT('',(16.95,8.296816705891,1.8));
#2386 = LINE('',#2387,#2388);
#2387 = CARTESIAN_POINT('',(16.95,8.296816705891,8.1));
#2388 = VECTOR('',#2389,1.);
#2389 = DIRECTION('',(3.330669073875E-16,-4.440892098501E-16,-1.));
#2390 = ORIENTED_EDGE('',*,*,#2391,.T.);
#2391 = EDGE_CURVE('',#2384,#2329,#2392,.T.);
#2392 = LINE('',#2393,#2394);
#2393 = CARTESIAN_POINT('',(16.95,8.296816705891,1.8));
#2394 = VECTOR('',#2395,1.);
#2395 = DIRECTION('',(-0.866025403784,-0.5,-6.639979803251E-17));
#2396 = ORIENTED_EDGE('',*,*,#2328,.F.);
#2397 = PLANE('',#2398);
#2398 = AXIS2_PLACEMENT_3D('',#2399,#2400,#2401);
#2399 = CARTESIAN_POINT('',(16.95,8.296816705891,8.1));
#2400 = DIRECTION('',(-0.5,0.866025403784,-5.511259909705E-16));
#2401 = DIRECTION('',(-0.866025403784,-0.5,-6.639979803251E-17));
#2402 = ADVANCED_FACE('',(#2403),#2421,.T.);
#2403 = FACE_BOUND('',#2404,.T.);
#2404 = EDGE_LOOP('',(#2405,#2406,#2407,#2415));
#2405 = ORIENTED_EDGE('',*,*,#806,.T.);
#2406 = ORIENTED_EDGE('',*,*,#2368,.T.);
#2407 = ORIENTED_EDGE('',*,*,#2408,.T.);
#2408 = EDGE_CURVE('',#2361,#2409,#2411,.T.);
#2409 = VERTEX_POINT('',#2410);
#2410 = CARTESIAN_POINT('',(14.,13.406366588219,1.8));
#2411 = LINE('',#2412,#2413);
#2412 = CARTESIAN_POINT('',(11.05,11.703183294109,1.8));
#2413 = VECTOR('',#2414,1.);
#2414 = DIRECTION('',(0.866025403784,0.5,6.639979803251E-17));
#2415 = ORIENTED_EDGE('',*,*,#2416,.F.);
#2416 = EDGE_CURVE('',#799,#2409,#2417,.T.);
#2417 = LINE('',#2418,#2419);
#2418 = CARTESIAN_POINT('',(14.,13.406366588219,8.1));
#2419 = VECTOR('',#2420,1.);
#2420 = DIRECTION('',(3.330669073875E-16,-4.440892098501E-16,-1.));
#2421 = PLANE('',#2422);
#2422 = AXIS2_PLACEMENT_3D('',#2423,#2424,#2425);
#2423 = CARTESIAN_POINT('',(11.05,11.703183294109,8.1));
#2424 = DIRECTION('',(0.5,-0.866025403784,5.511259909705E-16));
#2425 = DIRECTION('',(0.866025403784,0.5,6.639979803251E-17));
#2426 = ADVANCED_FACE('',(#2427),#2445,.T.);
#2427 = FACE_BOUND('',#2428,.T.);
#2428 = EDGE_LOOP('',(#2429,#2430,#2438,#2444));
#2429 = ORIENTED_EDGE('',*,*,#790,.T.);
#2430 = ORIENTED_EDGE('',*,*,#2431,.T.);
#2431 = EDGE_CURVE('',#791,#2432,#2434,.T.);
#2432 = VERTEX_POINT('',#2433);
#2433 = CARTESIAN_POINT('',(16.95,11.703183294109,1.8));
#2434 = LINE('',#2435,#2436);
#2435 = CARTESIAN_POINT('',(16.95,11.703183294109,8.1));
#2436 = VECTOR('',#2437,1.);
#2437 = DIRECTION('',(3.330669073875E-16,-4.440892098501E-16,-1.));
#2438 = ORIENTED_EDGE('',*,*,#2439,.T.);
#2439 = EDGE_CURVE('',#2432,#2384,#2440,.T.);
#2440 = LINE('',#2441,#2442);
#2441 = CARTESIAN_POINT('',(16.95,11.703183294109,1.8));
#2442 = VECTOR('',#2443,1.);
#2443 = DIRECTION('',(7.435260114019E-16,-1.,4.440892098501E-16));
#2444 = ORIENTED_EDGE('',*,*,#2383,.F.);
#2445 = PLANE('',#2446);
#2446 = AXIS2_PLACEMENT_3D('',#2447,#2448,#2449);
#2447 = CARTESIAN_POINT('',(16.95,11.703183294109,8.1));
#2448 = DIRECTION('',(-1.,-7.435260114019E-16,-3.330669073875E-16));
#2449 = DIRECTION('',(7.435260114019E-16,-1.,4.440892098501E-16));
#2450 = ADVANCED_FACE('',(#2451),#2462,.T.);
#2451 = FACE_BOUND('',#2452,.T.);
#2452 = EDGE_LOOP('',(#2453,#2454,#2455,#2461));
#2453 = ORIENTED_EDGE('',*,*,#798,.T.);
#2454 = ORIENTED_EDGE('',*,*,#2416,.T.);
#2455 = ORIENTED_EDGE('',*,*,#2456,.T.);
#2456 = EDGE_CURVE('',#2409,#2432,#2457,.T.);
#2457 = LINE('',#2458,#2459);
#2458 = CARTESIAN_POINT('',(14.,13.406366588219,1.8));
#2459 = VECTOR('',#2460,1.);
#2460 = DIRECTION('',(0.866025403784,-0.5,5.104890078826E-16));
#2461 = ORIENTED_EDGE('',*,*,#2431,.F.);
#2462 = PLANE('',#2463);
#2463 = AXIS2_PLACEMENT_3D('',#2464,#2465,#2466);
#2464 = CARTESIAN_POINT('',(14.,13.406366588219,8.1));
#2465 = DIRECTION('',(-0.5,-0.866025403784,2.180590835829E-16));
#2466 = DIRECTION('',(0.866025403784,-0.5,5.104890078826E-16));
#2467 = ADVANCED_FACE('',(#2468),#2493,.F.);
#2468 = FACE_BOUND('',#2469,.F.);
#2469 = EDGE_LOOP('',(#2470,#2480,#2486,#2487));
#2470 = ORIENTED_EDGE('',*,*,#2471,.F.);
#2471 = EDGE_CURVE('',#2472,#2474,#2476,.T.);
#2472 = VERTEX_POINT('',#2473);
#2473 = CARTESIAN_POINT('',(61.6,7.6,7.6));
#2474 = VERTEX_POINT('',#2475);
#2475 = CARTESIAN_POINT('',(60.,7.6,7.6));
#2476 = LINE('',#2477,#2478);
#2477 = CARTESIAN_POINT('',(61.6,7.6,7.6));
#2478 = VECTOR('',#2479,1.);
#2479 = DIRECTION('',(-1.,1.224646799147E-16,-1.110223024625E-16));
#2480 = ORIENTED_EDGE('',*,*,#2481,.T.);
#2481 = EDGE_CURVE('',#2472,#823,#2482,.T.);
#2482 = LINE('',#2483,#2484);
#2483 = CARTESIAN_POINT('',(61.6,7.6,7.6));
#2484 = VECTOR('',#2485,1.);
#2485 = DIRECTION('',(-1.110223024625E-16,2.22044604925E-16,1.));
#2486 = ORIENTED_EDGE('',*,*,#822,.T.);
#2487 = ORIENTED_EDGE('',*,*,#2488,.F.);
#2488 = EDGE_CURVE('',#2474,#825,#2489,.T.);
#2489 = LINE('',#2490,#2491);
#2490 = CARTESIAN_POINT('',(60.,7.6,7.6));
#2491 = VECTOR('',#2492,1.);
#2492 = DIRECTION('',(-1.110223024625E-16,2.22044604925E-16,1.));
#2493 = PLANE('',#2494);
#2494 = AXIS2_PLACEMENT_3D('',#2495,#2496,#2497);
#2495 = CARTESIAN_POINT('',(61.6,7.6,7.6));
#2496 = DIRECTION('',(-1.224646799147E-16,-1.,2.22044604925E-16));
#2497 = DIRECTION('',(-1.110223024625E-16,2.22044604925E-16,1.));
#2498 = ADVANCED_FACE('',(#2499),#2518,.F.);
#2499 = FACE_BOUND('',#2500,.F.);
#2500 = EDGE_LOOP('',(#2501,#2510,#2511,#2512));
#2501 = ORIENTED_EDGE('',*,*,#2502,.T.);
#2502 = EDGE_CURVE('',#2503,#2474,#2505,.T.);
#2503 = VERTEX_POINT('',#2504);
#2504 = CARTESIAN_POINT('',(59.6,8.,7.6));
#2505 = CIRCLE('',#2506,0.4);
#2506 = AXIS2_PLACEMENT_3D('',#2507,#2508,#2509);
#2507 = CARTESIAN_POINT('',(60.,8.,7.6));
#2508 = DIRECTION('',(-1.110223024625E-16,2.22044604925E-16,1.));
#2509 = DIRECTION('',(1.,1.232595164408E-32,1.110223024625E-16));
#2510 = ORIENTED_EDGE('',*,*,#2488,.T.);
#2511 = ORIENTED_EDGE('',*,*,#917,.F.);
#2512 = ORIENTED_EDGE('',*,*,#2513,.F.);
#2513 = EDGE_CURVE('',#2503,#910,#2514,.T.);
#2514 = LINE('',#2515,#2516);
#2515 = CARTESIAN_POINT('',(59.6,8.,7.6));
#2516 = VECTOR('',#2517,1.);
#2517 = DIRECTION('',(-1.110223024625E-16,2.22044604925E-16,1.));
#2518 = CYLINDRICAL_SURFACE('',#2519,0.4);
#2519 = AXIS2_PLACEMENT_3D('',#2520,#2521,#2522);
#2520 = CARTESIAN_POINT('',(60.,8.,7.6));
#2521 = DIRECTION('',(-1.110223024625E-16,2.22044604925E-16,1.));
#2522 = DIRECTION('',(1.,1.232595164408E-32,1.110223024625E-16));
#2523 = ADVANCED_FACE('',(#2524),#2542,.F.);
#2524 = FACE_BOUND('',#2525,.F.);
#2525 = EDGE_LOOP('',(#2526,#2534,#2535,#2536));
#2526 = ORIENTED_EDGE('',*,*,#2527,.F.);
#2527 = EDGE_CURVE('',#2503,#2528,#2530,.T.);
#2528 = VERTEX_POINT('',#2529);
#2529 = CARTESIAN_POINT('',(59.6,12.,7.6));
#2530 = LINE('',#2531,#2532);
#2531 = CARTESIAN_POINT('',(59.6,8.,7.6));
#2532 = VECTOR('',#2533,1.);
#2533 = DIRECTION('',(1.110223024625E-16,1.,-2.22044604925E-16));
#2534 = ORIENTED_EDGE('',*,*,#2513,.T.);
#2535 = ORIENTED_EDGE('',*,*,#909,.T.);
#2536 = ORIENTED_EDGE('',*,*,#2537,.F.);
#2537 = EDGE_CURVE('',#2528,#901,#2538,.T.);
#2538 = LINE('',#2539,#2540);
#2539 = CARTESIAN_POINT('',(59.6,12.,7.6));
#2540 = VECTOR('',#2541,1.);
#2541 = DIRECTION('',(-1.110223024625E-16,2.22044604925E-16,1.));
#2542 = PLANE('',#2543);
#2543 = AXIS2_PLACEMENT_3D('',#2544,#2545,#2546);
#2544 = CARTESIAN_POINT('',(59.6,8.,7.6));
#2545 = DIRECTION('',(-1.,1.110223024625E-16,-1.110223024625E-16));
#2546 = DIRECTION('',(-1.110223024625E-16,2.22044604925E-16,1.));
#2547 = ADVANCED_FACE('',(#2548),#2567,.F.);
#2548 = FACE_BOUND('',#2549,.F.);
#2549 = EDGE_LOOP('',(#2550,#2551,#2559,#2566));
#2550 = ORIENTED_EDGE('',*,*,#900,.F.);
#2551 = ORIENTED_EDGE('',*,*,#2552,.F.);
#2552 = EDGE_CURVE('',#2553,#893,#2555,.T.);
#2553 = VERTEX_POINT('',#2554);
#2554 = CARTESIAN_POINT('',(60.,12.4,7.6));
#2555 = LINE('',#2556,#2557);
#2556 = CARTESIAN_POINT('',(60.,12.4,7.6));
#2557 = VECTOR('',#2558,1.);
#2558 = DIRECTION('',(-1.110223024625E-16,2.22044604925E-16,1.));
#2559 = ORIENTED_EDGE('',*,*,#2560,.T.);
#2560 = EDGE_CURVE('',#2553,#2528,#2561,.T.);
#2561 = CIRCLE('',#2562,0.4);
#2562 = AXIS2_PLACEMENT_3D('',#2563,#2564,#2565);
#2563 = CARTESIAN_POINT('',(60.,12.,7.6));
#2564 = DIRECTION('',(-1.110223024625E-16,2.22044604925E-16,1.));
#2565 = DIRECTION('',(1.,1.232595164408E-32,1.110223024625E-16));
#2566 = ORIENTED_EDGE('',*,*,#2537,.T.);
#2567 = CYLINDRICAL_SURFACE('',#2568,0.4);
#2568 = AXIS2_PLACEMENT_3D('',#2569,#2570,#2571);
#2569 = CARTESIAN_POINT('',(60.,12.,7.6));
#2570 = DIRECTION('',(-1.110223024625E-16,2.22044604925E-16,1.));
#2571 = DIRECTION('',(1.,1.232595164408E-32,1.110223024625E-16));
#2572 = ADVANCED_FACE('',(#2573),#2591,.F.);
#2573 = FACE_BOUND('',#2574,.F.);
#2574 = EDGE_LOOP('',(#2575,#2583,#2584,#2585));
#2575 = ORIENTED_EDGE('',*,*,#2576,.F.);
#2576 = EDGE_CURVE('',#2553,#2577,#2579,.T.);
#2577 = VERTEX_POINT('',#2578);
#2578 = CARTESIAN_POINT('',(61.6,12.4,7.6));
#2579 = LINE('',#2580,#2581);
#2580 = CARTESIAN_POINT('',(60.,12.4,7.6));
#2581 = VECTOR('',#2582,1.);
#2582 = DIRECTION('',(1.,1.232595164408E-32,1.110223024625E-16));
#2583 = ORIENTED_EDGE('',*,*,#2552,.T.);
#2584 = ORIENTED_EDGE('',*,*,#892,.T.);
#2585 = ORIENTED_EDGE('',*,*,#2586,.F.);
#2586 = EDGE_CURVE('',#2577,#884,#2587,.T.);
#2587 = LINE('',#2588,#2589);
#2588 = CARTESIAN_POINT('',(61.6,12.4,7.6));
#2589 = VECTOR('',#2590,1.);
#2590 = DIRECTION('',(-1.110223024625E-16,2.22044604925E-16,1.));
#2591 = PLANE('',#2592);
#2592 = AXIS2_PLACEMENT_3D('',#2593,#2594,#2595);
#2593 = CARTESIAN_POINT('',(60.,12.4,7.6));
#2594 = DIRECTION('',(1.232595164408E-32,1.,-2.22044604925E-16));
#2595 = DIRECTION('',(-1.110223024625E-16,2.22044604925E-16,1.));
#2596 = ADVANCED_FACE('',(#2597),#2616,.F.);
#2597 = FACE_BOUND('',#2598,.F.);
#2598 = EDGE_LOOP('',(#2599,#2600,#2608,#2615));
#2599 = ORIENTED_EDGE('',*,*,#883,.F.);
#2600 = ORIENTED_EDGE('',*,*,#2601,.F.);
#2601 = EDGE_CURVE('',#2602,#876,#2604,.T.);
#2602 = VERTEX_POINT('',#2603);
#2603 = CARTESIAN_POINT('',(61.882842712475,12.282842712475,7.6));
#2604 = LINE('',#2605,#2606);
#2605 = CARTESIAN_POINT('',(61.882842712475,12.282842712475,7.6));
#2606 = VECTOR('',#2607,1.);
#2607 = DIRECTION('',(-1.110223024625E-16,2.22044604925E-16,1.));
#2608 = ORIENTED_EDGE('',*,*,#2609,.T.);
#2609 = EDGE_CURVE('',#2602,#2577,#2610,.T.);
#2610 = CIRCLE('',#2611,0.4);
#2611 = AXIS2_PLACEMENT_3D('',#2612,#2613,#2614);
#2612 = CARTESIAN_POINT('',(61.6,12.,7.6));
#2613 = DIRECTION('',(-1.110223024625E-16,2.22044604925E-16,1.));
#2614 = DIRECTION('',(1.,1.232595164408E-32,1.110223024625E-16));
#2615 = ORIENTED_EDGE('',*,*,#2586,.T.);
#2616 = CYLINDRICAL_SURFACE('',#2617,0.4);
#2617 = AXIS2_PLACEMENT_3D('',#2618,#2619,#2620);
#2618 = CARTESIAN_POINT('',(61.6,12.,7.6));
#2619 = DIRECTION('',(-1.110223024625E-16,2.22044604925E-16,1.));
#2620 = DIRECTION('',(1.,1.232595164408E-32,1.110223024625E-16));
#2621 = ADVANCED_FACE('',(#2622),#2640,.F.);
#2622 = FACE_BOUND('',#2623,.F.);
#2623 = EDGE_LOOP('',(#2624,#2632,#2633,#2634));
#2624 = ORIENTED_EDGE('',*,*,#2625,.F.);
#2625 = EDGE_CURVE('',#2602,#2626,#2628,.T.);
#2626 = VERTEX_POINT('',#2627);
#2627 = CARTESIAN_POINT('',(62.682842712475,11.482842712475,7.6));
#2628 = LINE('',#2629,#2630);
#2629 = CARTESIAN_POINT('',(61.882842712475,12.282842712475,7.6));
#2630 = VECTOR('',#2631,1.);
#2631 = DIRECTION('',(0.707106781187,-0.707106781187,2.355138688026E-16)
  );
#2632 = ORIENTED_EDGE('',*,*,#2601,.T.);
#2633 = ORIENTED_EDGE('',*,*,#875,.T.);
#2634 = ORIENTED_EDGE('',*,*,#2635,.F.);
#2635 = EDGE_CURVE('',#2626,#867,#2636,.T.);
#2636 = LINE('',#2637,#2638);
#2637 = CARTESIAN_POINT('',(62.682842712475,11.482842712475,7.6));
#2638 = VECTOR('',#2639,1.);
#2639 = DIRECTION('',(-1.110223024625E-16,2.22044604925E-16,1.));
#2640 = PLANE('',#2641);
#2641 = AXIS2_PLACEMENT_3D('',#2642,#2643,#2644);
#2642 = CARTESIAN_POINT('',(61.882842712475,12.282842712475,7.6));
#2643 = DIRECTION('',(0.707106781187,0.707106781187,-7.850462293419E-17)
  );
#2644 = DIRECTION('',(-1.110223024625E-16,2.22044604925E-16,1.));
#2645 = ADVANCED_FACE('',(#2646),#2665,.F.);
#2646 = FACE_BOUND('',#2647,.F.);
#2647 = EDGE_LOOP('',(#2648,#2649,#2657,#2664));
#2648 = ORIENTED_EDGE('',*,*,#866,.F.);
#2649 = ORIENTED_EDGE('',*,*,#2650,.F.);
#2650 = EDGE_CURVE('',#2651,#859,#2653,.T.);
#2651 = VERTEX_POINT('',#2652);
#2652 = CARTESIAN_POINT('',(62.8,11.2,7.6));
#2653 = LINE('',#2654,#2655);
#2654 = CARTESIAN_POINT('',(62.8,11.2,7.6));
#2655 = VECTOR('',#2656,1.);
#2656 = DIRECTION('',(-1.110223024625E-16,2.22044604925E-16,1.));
#2657 = ORIENTED_EDGE('',*,*,#2658,.T.);
#2658 = EDGE_CURVE('',#2651,#2626,#2659,.T.);
#2659 = CIRCLE('',#2660,0.4);
#2660 = AXIS2_PLACEMENT_3D('',#2661,#2662,#2663);
#2661 = CARTESIAN_POINT('',(62.4,11.2,7.6));
#2662 = DIRECTION('',(-1.110223024625E-16,2.22044604925E-16,1.));
#2663 = DIRECTION('',(1.,1.232595164408E-32,1.110223024625E-16));
#2664 = ORIENTED_EDGE('',*,*,#2635,.T.);
#2665 = CYLINDRICAL_SURFACE('',#2666,0.4);
#2666 = AXIS2_PLACEMENT_3D('',#2667,#2668,#2669);
#2667 = CARTESIAN_POINT('',(62.4,11.2,7.6));
#2668 = DIRECTION('',(-1.110223024625E-16,2.22044604925E-16,1.));
#2669 = DIRECTION('',(1.,1.232595164408E-32,1.110223024625E-16));
#2670 = ADVANCED_FACE('',(#2671),#2689,.F.);
#2671 = FACE_BOUND('',#2672,.F.);
#2672 = EDGE_LOOP('',(#2673,#2681,#2682,#2683));
#2673 = ORIENTED_EDGE('',*,*,#2674,.F.);
#2674 = EDGE_CURVE('',#2651,#2675,#2677,.T.);
#2675 = VERTEX_POINT('',#2676);
#2676 = CARTESIAN_POINT('',(62.8,8.8,7.6));
#2677 = LINE('',#2678,#2679);
#2678 = CARTESIAN_POINT('',(62.8,11.2,7.6));
#2679 = VECTOR('',#2680,1.);
#2680 = DIRECTION('',(1.110223024625E-16,-1.,2.22044604925E-16));
#2681 = ORIENTED_EDGE('',*,*,#2650,.T.);
#2682 = ORIENTED_EDGE('',*,*,#858,.T.);
#2683 = ORIENTED_EDGE('',*,*,#2684,.F.);
#2684 = EDGE_CURVE('',#2675,#850,#2685,.T.);
#2685 = LINE('',#2686,#2687);
#2686 = CARTESIAN_POINT('',(62.8,8.8,7.6));
#2687 = VECTOR('',#2688,1.);
#2688 = DIRECTION('',(-1.110223024625E-16,2.22044604925E-16,1.));
#2689 = PLANE('',#2690);
#2690 = AXIS2_PLACEMENT_3D('',#2691,#2692,#2693);
#2691 = CARTESIAN_POINT('',(62.8,11.2,7.6));
#2692 = DIRECTION('',(1.,1.110223024625E-16,1.110223024625E-16));
#2693 = DIRECTION('',(-1.110223024625E-16,2.22044604925E-16,1.));
#2694 = ADVANCED_FACE('',(#2695),#2714,.F.);
#2695 = FACE_BOUND('',#2696,.F.);
#2696 = EDGE_LOOP('',(#2697,#2706,#2707,#2708));
#2697 = ORIENTED_EDGE('',*,*,#2698,.T.);
#2698 = EDGE_CURVE('',#2699,#2675,#2701,.T.);
#2699 = VERTEX_POINT('',#2700);
#2700 = CARTESIAN_POINT('',(62.682842712475,8.517157287525,7.6));
#2701 = CIRCLE('',#2702,0.4);
#2702 = AXIS2_PLACEMENT_3D('',#2703,#2704,#2705);
#2703 = CARTESIAN_POINT('',(62.4,8.8,7.6));
#2704 = DIRECTION('',(-1.110223024625E-16,2.22044604925E-16,1.));
#2705 = DIRECTION('',(1.,1.232595164408E-32,1.110223024625E-16));
#2706 = ORIENTED_EDGE('',*,*,#2684,.T.);
#2707 = ORIENTED_EDGE('',*,*,#849,.F.);
#2708 = ORIENTED_EDGE('',*,*,#2709,.F.);
#2709 = EDGE_CURVE('',#2699,#842,#2710,.T.);
#2710 = LINE('',#2711,#2712);
#2711 = CARTESIAN_POINT('',(62.682842712475,8.517157287525,7.6));
#2712 = VECTOR('',#2713,1.);
#2713 = DIRECTION('',(-1.110223024625E-16,2.22044604925E-16,1.));
#2714 = CYLINDRICAL_SURFACE('',#2715,0.4);
#2715 = AXIS2_PLACEMENT_3D('',#2716,#2717,#2718);
#2716 = CARTESIAN_POINT('',(62.4,8.8,7.6));
#2717 = DIRECTION('',(-1.110223024625E-16,2.22044604925E-16,1.));
#2718 = DIRECTION('',(1.,1.232595164408E-32,1.110223024625E-16));
#2719 = ADVANCED_FACE('',(#2720),#2738,.F.);
#2720 = FACE_BOUND('',#2721,.F.);
#2721 = EDGE_LOOP('',(#2722,#2730,#2731,#2732));
#2722 = ORIENTED_EDGE('',*,*,#2723,.F.);
#2723 = EDGE_CURVE('',#2699,#2724,#2726,.T.);
#2724 = VERTEX_POINT('',#2725);
#2725 = CARTESIAN_POINT('',(61.882842712475,7.717157287525,7.6));
#2726 = LINE('',#2727,#2728);
#2727 = CARTESIAN_POINT('',(62.682842712475,8.517157287525,7.6));
#2728 = VECTOR('',#2729,1.);
#2729 = DIRECTION('',(-0.707106781187,-0.707106781187,7.850462293419E-17
    ));
#2730 = ORIENTED_EDGE('',*,*,#2709,.T.);
#2731 = ORIENTED_EDGE('',*,*,#841,.T.);
#2732 = ORIENTED_EDGE('',*,*,#2733,.F.);
#2733 = EDGE_CURVE('',#2724,#833,#2734,.T.);
#2734 = LINE('',#2735,#2736);
#2735 = CARTESIAN_POINT('',(61.882842712475,7.717157287525,7.6));
#2736 = VECTOR('',#2737,1.);
#2737 = DIRECTION('',(-1.110223024625E-16,2.22044604925E-16,1.));
#2738 = PLANE('',#2739);
#2739 = AXIS2_PLACEMENT_3D('',#2740,#2741,#2742);
#2740 = CARTESIAN_POINT('',(62.682842712475,8.517157287525,7.6));
#2741 = DIRECTION('',(0.707106781187,-0.707106781187,2.355138688026E-16)
  );
#2742 = DIRECTION('',(-1.110223024625E-16,2.22044604925E-16,1.));
#2743 = ADVANCED_FACE('',(#2744),#2756,.F.);
#2744 = FACE_BOUND('',#2745,.F.);
#2745 = EDGE_LOOP('',(#2746,#2753,#2754,#2755));
#2746 = ORIENTED_EDGE('',*,*,#2747,.T.);
#2747 = EDGE_CURVE('',#2472,#2724,#2748,.T.);
#2748 = CIRCLE('',#2749,0.4);
#2749 = AXIS2_PLACEMENT_3D('',#2750,#2751,#2752);
#2750 = CARTESIAN_POINT('',(61.6,8.,7.6));
#2751 = DIRECTION('',(-1.110223024625E-16,2.22044604925E-16,1.));
#2752 = DIRECTION('',(1.,1.232595164408E-32,1.110223024625E-16));
#2753 = ORIENTED_EDGE('',*,*,#2733,.T.);
#2754 = ORIENTED_EDGE('',*,*,#832,.F.);
#2755 = ORIENTED_EDGE('',*,*,#2481,.F.);
#2756 = CYLINDRICAL_SURFACE('',#2757,0.4);
#2757 = AXIS2_PLACEMENT_3D('',#2758,#2759,#2760);
#2758 = CARTESIAN_POINT('',(61.6,8.,7.6));
#2759 = DIRECTION('',(-1.110223024625E-16,2.22044604925E-16,1.));
#2760 = DIRECTION('',(1.,1.232595164408E-32,1.110223024625E-16));
#2761 = ADVANCED_FACE('',(#2762),#2787,.F.);
#2762 = FACE_BOUND('',#2763,.F.);
#2763 = EDGE_LOOP('',(#2764,#2774,#2780,#2781));
#2764 = ORIENTED_EDGE('',*,*,#2765,.F.);
#2765 = EDGE_CURVE('',#2766,#2768,#2770,.T.);
#2766 = VERTEX_POINT('',#2767);
#2767 = CARTESIAN_POINT('',(63.887652476223,11.249878019022,7.6));
#2768 = VERTEX_POINT('',#2769);
#2769 = CARTESIAN_POINT('',(64.687652476223,12.249878019022,7.6));
#2770 = LINE('',#2771,#2772);
#2771 = CARTESIAN_POINT('',(63.887652476223,11.249878019022,7.6));
#2772 = VECTOR('',#2773,1.);
#2773 = DIRECTION('',(0.624695047554,0.780868809443,-1.040326237746E-16)
  );
#2774 = ORIENTED_EDGE('',*,*,#2775,.T.);
#2775 = EDGE_CURVE('',#2766,#927,#2776,.T.);
#2776 = LINE('',#2777,#2778);
#2777 = CARTESIAN_POINT('',(63.887652476223,11.249878019022,7.6));
#2778 = VECTOR('',#2779,1.);
#2779 = DIRECTION('',(-1.110223024625E-16,2.22044604925E-16,1.));
#2780 = ORIENTED_EDGE('',*,*,#926,.T.);
#2781 = ORIENTED_EDGE('',*,*,#2782,.F.);
#2782 = EDGE_CURVE('',#2768,#929,#2783,.T.);
#2783 = LINE('',#2784,#2785);
#2784 = CARTESIAN_POINT('',(64.687652476223,12.249878019022,7.6));
#2785 = VECTOR('',#2786,1.);
#2786 = DIRECTION('',(-1.110223024625E-16,2.22044604925E-16,1.));
#2787 = PLANE('',#2788);
#2788 = AXIS2_PLACEMENT_3D('',#2789,#2790,#2791);
#2789 = CARTESIAN_POINT('',(63.887652476223,11.249878019022,7.6));
#2790 = DIRECTION('',(-0.780868809443,0.624695047554,-2.254040181784E-16
    ));
#2791 = DIRECTION('',(-1.110223024625E-16,2.22044604925E-16,1.));
#2792 = ADVANCED_FACE('',(#2793),#2812,.F.);
#2793 = FACE_BOUND('',#2794,.F.);
#2794 = EDGE_LOOP('',(#2795,#2796,#2804,#2811));
#2795 = ORIENTED_EDGE('',*,*,#1011,.F.);
#2796 = ORIENTED_EDGE('',*,*,#2797,.F.);
#2797 = EDGE_CURVE('',#2798,#1004,#2800,.T.);
#2798 = VERTEX_POINT('',#2799);
#2799 = CARTESIAN_POINT('',(65.4,12.,7.6));
#2800 = LINE('',#2801,#2802);
#2801 = CARTESIAN_POINT('',(65.4,12.,7.6));
#2802 = VECTOR('',#2803,1.);
#2803 = DIRECTION('',(-1.110223024625E-16,2.22044604925E-16,1.));
#2804 = ORIENTED_EDGE('',*,*,#2805,.T.);
#2805 = EDGE_CURVE('',#2798,#2768,#2806,.T.);
#2806 = CIRCLE('',#2807,0.4);
#2807 = AXIS2_PLACEMENT_3D('',#2808,#2809,#2810);
#2808 = CARTESIAN_POINT('',(65.,12.,7.6));
#2809 = DIRECTION('',(-1.110223024625E-16,2.22044604925E-16,1.));
#2810 = DIRECTION('',(1.,1.232595164408E-32,1.110223024625E-16));
#2811 = ORIENTED_EDGE('',*,*,#2782,.T.);
#2812 = CYLINDRICAL_SURFACE('',#2813,0.4);
#2813 = AXIS2_PLACEMENT_3D('',#2814,#2815,#2816);
#2814 = CARTESIAN_POINT('',(65.,12.,7.6));
#2815 = DIRECTION('',(-1.110223024625E-16,2.22044604925E-16,1.));
#2816 = DIRECTION('',(1.,1.232595164408E-32,1.110223024625E-16));
#2817 = ADVANCED_FACE('',(#2818),#2836,.F.);
#2818 = FACE_BOUND('',#2819,.F.);
#2819 = EDGE_LOOP('',(#2820,#2828,#2829,#2830));
#2820 = ORIENTED_EDGE('',*,*,#2821,.F.);
#2821 = EDGE_CURVE('',#2798,#2822,#2824,.T.);
#2822 = VERTEX_POINT('',#2823);
#2823 = CARTESIAN_POINT('',(65.4,8.4,7.6));
#2824 = LINE('',#2825,#2826);
#2825 = CARTESIAN_POINT('',(65.4,12.,7.6));
#2826 = VECTOR('',#2827,1.);
#2827 = DIRECTION('',(1.110223024625E-16,-1.,2.22044604925E-16));
#2828 = ORIENTED_EDGE('',*,*,#2797,.T.);
#2829 = ORIENTED_EDGE('',*,*,#1003,.T.);
#2830 = ORIENTED_EDGE('',*,*,#2831,.F.);
#2831 = EDGE_CURVE('',#2822,#996,#2832,.T.);
#2832 = LINE('',#2833,#2834);
#2833 = CARTESIAN_POINT('',(65.4,8.4,7.6));
#2834 = VECTOR('',#2835,1.);
#2835 = DIRECTION('',(-1.110223024625E-16,2.22044604925E-16,1.));
#2836 = PLANE('',#2837);
#2837 = AXIS2_PLACEMENT_3D('',#2838,#2839,#2840);
#2838 = CARTESIAN_POINT('',(65.4,12.,7.6));
#2839 = DIRECTION('',(1.,1.110223024625E-16,1.110223024625E-16));
#2840 = DIRECTION('',(-1.110223024625E-16,2.22044604925E-16,1.));
#2841 = ADVANCED_FACE('',(#2842),#2860,.F.);
#2842 = FACE_BOUND('',#2843,.F.);
#2843 = EDGE_LOOP('',(#2844,#2852,#2853,#2854));
#2844 = ORIENTED_EDGE('',*,*,#2845,.F.);
#2845 = EDGE_CURVE('',#2822,#2846,#2848,.T.);
#2846 = VERTEX_POINT('',#2847);
#2847 = CARTESIAN_POINT('',(66.2,8.4,7.6));
#2848 = LINE('',#2849,#2850);
#2849 = CARTESIAN_POINT('',(63.8,8.4,7.6));
#2850 = VECTOR('',#2851,1.);
#2851 = DIRECTION('',(1.,1.232595164408E-32,1.110223024625E-16));
#2852 = ORIENTED_EDGE('',*,*,#2831,.T.);
#2853 = ORIENTED_EDGE('',*,*,#995,.T.);
#2854 = ORIENTED_EDGE('',*,*,#2855,.F.);
#2855 = EDGE_CURVE('',#2846,#987,#2856,.T.);
#2856 = LINE('',#2857,#2858);
#2857 = CARTESIAN_POINT('',(66.2,8.4,7.6));
#2858 = VECTOR('',#2859,1.);
#2859 = DIRECTION('',(-1.110223024625E-16,2.22044604925E-16,1.));
#2860 = PLANE('',#2861);
#2861 = AXIS2_PLACEMENT_3D('',#2862,#2863,#2864);
#2862 = CARTESIAN_POINT('',(63.8,8.4,7.6));
#2863 = DIRECTION('',(1.232595164408E-32,1.,-2.22044604925E-16));
#2864 = DIRECTION('',(-1.110223024625E-16,2.22044604925E-16,1.));
#2865 = ADVANCED_FACE('',(#2866),#2894,.F.);
#2866 = FACE_BOUND('',#2867,.F.);
#2867 = EDGE_LOOP('',(#2868,#2869,#2877,#2886,#2893));
#2868 = ORIENTED_EDGE('',*,*,#986,.F.);
#2869 = ORIENTED_EDGE('',*,*,#2870,.F.);
#2870 = EDGE_CURVE('',#2871,#979,#2873,.T.);
#2871 = VERTEX_POINT('',#2872);
#2872 = CARTESIAN_POINT('',(66.2,7.6,7.6));
#2873 = LINE('',#2874,#2875);
#2874 = CARTESIAN_POINT('',(66.2,7.6,7.6));
#2875 = VECTOR('',#2876,1.);
#2876 = DIRECTION('',(-1.110223024625E-16,2.22044604925E-16,1.));
#2877 = ORIENTED_EDGE('',*,*,#2878,.T.);
#2878 = EDGE_CURVE('',#2871,#2879,#2881,.T.);
#2879 = VERTEX_POINT('',#2880);
#2880 = CARTESIAN_POINT('',(66.6,8.,7.6));
#2881 = CIRCLE('',#2882,0.4);
#2882 = AXIS2_PLACEMENT_3D('',#2883,#2884,#2885);
#2883 = CARTESIAN_POINT('',(66.2,8.,7.6));
#2884 = DIRECTION('',(-1.110223024625E-16,2.22044604925E-16,1.));
#2885 = DIRECTION('',(1.,1.232595164408E-32,1.110223024625E-16));
#2886 = ORIENTED_EDGE('',*,*,#2887,.T.);
#2887 = EDGE_CURVE('',#2879,#2846,#2888,.T.);
#2888 = CIRCLE('',#2889,0.4);
#2889 = AXIS2_PLACEMENT_3D('',#2890,#2891,#2892);
#2890 = CARTESIAN_POINT('',(66.2,8.,7.6));
#2891 = DIRECTION('',(-1.110223024625E-16,2.22044604925E-16,1.));
#2892 = DIRECTION('',(1.,1.232595164408E-32,1.110223024625E-16));
#2893 = ORIENTED_EDGE('',*,*,#2855,.T.);
#2894 = CYLINDRICAL_SURFACE('',#2895,0.4);
#2895 = AXIS2_PLACEMENT_3D('',#2896,#2897,#2898);
#2896 = CARTESIAN_POINT('',(66.2,8.,7.6));
#2897 = DIRECTION('',(-1.110223024625E-16,2.22044604925E-16,1.));
#2898 = DIRECTION('',(1.,1.232595164408E-32,1.110223024625E-16));
#2899 = ADVANCED_FACE('',(#2900),#2918,.T.);
#2900 = FACE_BOUND('',#2901,.T.);
#2901 = EDGE_LOOP('',(#2902,#2910,#2916,#2917));
#2902 = ORIENTED_EDGE('',*,*,#2903,.F.);
#2903 = EDGE_CURVE('',#2904,#2871,#2906,.T.);
#2904 = VERTEX_POINT('',#2905);
#2905 = CARTESIAN_POINT('',(63.8,7.6,7.6));
#2906 = LINE('',#2907,#2908);
#2907 = CARTESIAN_POINT('',(63.8,7.6,7.6));
#2908 = VECTOR('',#2909,1.);
#2909 = DIRECTION('',(1.,1.232595164408E-32,1.110223024625E-16));
#2910 = ORIENTED_EDGE('',*,*,#2911,.T.);
#2911 = EDGE_CURVE('',#2904,#970,#2912,.T.);
#2912 = LINE('',#2913,#2914);
#2913 = CARTESIAN_POINT('',(63.8,7.6,7.6));
#2914 = VECTOR('',#2915,1.);
#2915 = DIRECTION('',(-1.110223024625E-16,2.22044604925E-16,1.));
#2916 = ORIENTED_EDGE('',*,*,#978,.T.);
#2917 = ORIENTED_EDGE('',*,*,#2870,.F.);
#2918 = PLANE('',#2919);
#2919 = AXIS2_PLACEMENT_3D('',#2920,#2921,#2922);
#2920 = CARTESIAN_POINT('',(63.8,7.6,7.6));
#2921 = DIRECTION('',(1.232595164408E-32,1.,-2.22044604925E-16));
#2922 = DIRECTION('',(-1.110223024625E-16,2.22044604925E-16,1.));
#2923 = ADVANCED_FACE('',(#2924),#2943,.F.);
#2924 = FACE_BOUND('',#2925,.F.);
#2925 = EDGE_LOOP('',(#2926,#2927,#2935,#2942));
#2926 = ORIENTED_EDGE('',*,*,#969,.F.);
#2927 = ORIENTED_EDGE('',*,*,#2928,.F.);
#2928 = EDGE_CURVE('',#2929,#962,#2931,.T.);
#2929 = VERTEX_POINT('',#2930);
#2930 = CARTESIAN_POINT('',(63.8,8.4,7.6));
#2931 = LINE('',#2932,#2933);
#2932 = CARTESIAN_POINT('',(63.8,8.4,7.6));
#2933 = VECTOR('',#2934,1.);
#2934 = DIRECTION('',(-1.110223024625E-16,2.22044604925E-16,1.));
#2935 = ORIENTED_EDGE('',*,*,#2936,.T.);
#2936 = EDGE_CURVE('',#2929,#2904,#2937,.T.);
#2937 = CIRCLE('',#2938,0.4);
#2938 = AXIS2_PLACEMENT_3D('',#2939,#2940,#2941);
#2939 = CARTESIAN_POINT('',(63.8,8.,7.6));
#2940 = DIRECTION('',(-1.110223024625E-16,2.22044604925E-16,1.));
#2941 = DIRECTION('',(1.,1.232595164408E-32,1.110223024625E-16));
#2942 = ORIENTED_EDGE('',*,*,#2911,.T.);
#2943 = CYLINDRICAL_SURFACE('',#2944,0.4);
#2944 = AXIS2_PLACEMENT_3D('',#2945,#2946,#2947);
#2945 = CARTESIAN_POINT('',(63.8,8.,7.6));
#2946 = DIRECTION('',(-1.110223024625E-16,2.22044604925E-16,1.));
#2947 = DIRECTION('',(1.,1.232595164408E-32,1.110223024625E-16));
#2948 = ADVANCED_FACE('',(#2949),#2967,.F.);
#2949 = FACE_BOUND('',#2950,.F.);
#2950 = EDGE_LOOP('',(#2951,#2959,#2960,#2961));
#2951 = ORIENTED_EDGE('',*,*,#2952,.F.);
#2952 = EDGE_CURVE('',#2929,#2953,#2955,.T.);
#2953 = VERTEX_POINT('',#2954);
#2954 = CARTESIAN_POINT('',(64.6,8.4,7.6));
#2955 = LINE('',#2956,#2957);
#2956 = CARTESIAN_POINT('',(63.8,8.4,7.6));
#2957 = VECTOR('',#2958,1.);
#2958 = DIRECTION('',(1.,1.232595164408E-32,1.110223024625E-16));
#2959 = ORIENTED_EDGE('',*,*,#2928,.T.);
#2960 = ORIENTED_EDGE('',*,*,#961,.T.);
#2961 = ORIENTED_EDGE('',*,*,#2962,.F.);
#2962 = EDGE_CURVE('',#2953,#954,#2963,.T.);
#2963 = LINE('',#2964,#2965);
#2964 = CARTESIAN_POINT('',(64.6,8.4,7.6));
#2965 = VECTOR('',#2966,1.);
#2966 = DIRECTION('',(-1.110223024625E-16,2.22044604925E-16,1.));
#2967 = PLANE('',#2968);
#2968 = AXIS2_PLACEMENT_3D('',#2969,#2970,#2971);
#2969 = CARTESIAN_POINT('',(63.8,8.4,7.6));
#2970 = DIRECTION('',(1.232595164408E-32,1.,-2.22044604925E-16));
#2971 = DIRECTION('',(-1.110223024625E-16,2.22044604925E-16,1.));
#2972 = ADVANCED_FACE('',(#2973),#2991,.T.);
#2973 = FACE_BOUND('',#2974,.T.);
#2974 = EDGE_LOOP('',(#2975,#2983,#2989,#2990));
#2975 = ORIENTED_EDGE('',*,*,#2976,.F.);
#2976 = EDGE_CURVE('',#2977,#2953,#2979,.T.);
#2977 = VERTEX_POINT('',#2978);
#2978 = CARTESIAN_POINT('',(64.6,10.859687576257,7.6));
#2979 = LINE('',#2980,#2981);
#2980 = CARTESIAN_POINT('',(64.6,12.,7.6));
#2981 = VECTOR('',#2982,1.);
#2982 = DIRECTION('',(1.110223024625E-16,-1.,2.22044604925E-16));
#2983 = ORIENTED_EDGE('',*,*,#2984,.F.);
#2984 = EDGE_CURVE('',#946,#2977,#2985,.T.);
#2985 = LINE('',#2986,#2987);
#2986 = CARTESIAN_POINT('',(64.6,10.859687576257,7.6));
#2987 = VECTOR('',#2988,1.);
#2988 = DIRECTION('',(1.110223024625E-16,-2.22044604925E-16,-1.));
#2989 = ORIENTED_EDGE('',*,*,#953,.T.);
#2990 = ORIENTED_EDGE('',*,*,#2962,.F.);
#2991 = PLANE('',#2992);
#2992 = AXIS2_PLACEMENT_3D('',#2993,#2994,#2995);
#2993 = CARTESIAN_POINT('',(64.6,12.,7.6));
#2994 = DIRECTION('',(1.,1.110223024625E-16,1.110223024625E-16));
#2995 = DIRECTION('',(-1.110223024625E-16,2.22044604925E-16,1.));
#2996 = ADVANCED_FACE('',(#2997),#3015,.T.);
#2997 = FACE_BOUND('',#2998,.T.);
#2998 = EDGE_LOOP('',(#2999,#3007,#3013,#3014));
#2999 = ORIENTED_EDGE('',*,*,#3000,.F.);
#3000 = EDGE_CURVE('',#3001,#2977,#3003,.T.);
#3001 = VERTEX_POINT('',#3002);
#3002 = CARTESIAN_POINT('',(64.512347523777,10.750121980978,7.6));
#3003 = LINE('',#3004,#3005);
#3004 = CARTESIAN_POINT('',(64.512347523777,10.750121980978,7.6));
#3005 = VECTOR('',#3006,1.);
#3006 = DIRECTION('',(0.624695047554,0.780868809443,-1.040326237746E-16)
  );
#3007 = ORIENTED_EDGE('',*,*,#3008,.T.);
#3008 = EDGE_CURVE('',#3001,#937,#3009,.T.);
#3009 = LINE('',#3010,#3011);
#3010 = CARTESIAN_POINT('',(64.512347523777,10.750121980978,7.6));
#3011 = VECTOR('',#3012,1.);
#3012 = DIRECTION('',(-1.110223024625E-16,2.22044604925E-16,1.));
#3013 = ORIENTED_EDGE('',*,*,#945,.T.);
#3014 = ORIENTED_EDGE('',*,*,#2984,.T.);
#3015 = PLANE('',#3016);
#3016 = AXIS2_PLACEMENT_3D('',#3017,#3018,#3019);
#3017 = CARTESIAN_POINT('',(64.512347523777,10.750121980978,7.6));
#3018 = DIRECTION('',(-0.780868809443,0.624695047554,-2.254040181784E-16
    ));
#3019 = DIRECTION('',(-1.110223024625E-16,2.22044604925E-16,1.));
#3020 = ADVANCED_FACE('',(#3021),#3033,.F.);
#3021 = FACE_BOUND('',#3022,.F.);
#3022 = EDGE_LOOP('',(#3023,#3024,#3025,#3032));
#3023 = ORIENTED_EDGE('',*,*,#936,.F.);
#3024 = ORIENTED_EDGE('',*,*,#2775,.F.);
#3025 = ORIENTED_EDGE('',*,*,#3026,.T.);
#3026 = EDGE_CURVE('',#2766,#3001,#3027,.T.);
#3027 = CIRCLE('',#3028,0.4);
#3028 = AXIS2_PLACEMENT_3D('',#3029,#3030,#3031);
#3029 = CARTESIAN_POINT('',(64.2,11.,7.6));
#3030 = DIRECTION('',(-1.110223024625E-16,2.22044604925E-16,1.));
#3031 = DIRECTION('',(1.,1.232595164408E-32,1.110223024625E-16));
#3032 = ORIENTED_EDGE('',*,*,#3008,.T.);
#3033 = CYLINDRICAL_SURFACE('',#3034,0.4);
#3034 = AXIS2_PLACEMENT_3D('',#3035,#3036,#3037);
#3035 = CARTESIAN_POINT('',(64.2,11.,7.6));
#3036 = DIRECTION('',(-1.110223024625E-16,2.22044604925E-16,1.));
#3037 = DIRECTION('',(1.,1.232595164408E-32,1.110223024625E-16));
#3038 = ADVANCED_FACE('',(#3039),#3064,.T.);
#3039 = FACE_BOUND('',#3040,.T.);
#3040 = EDGE_LOOP('',(#3041,#3042,#3050,#3058));
#3041 = ORIENTED_EDGE('',*,*,#1020,.T.);
#3042 = ORIENTED_EDGE('',*,*,#3043,.T.);
#3043 = EDGE_CURVE('',#1023,#3044,#3046,.T.);
#3044 = VERTEX_POINT('',#3045);
#3045 = CARTESIAN_POINT('',(95.75,6.593633411781,1.8));
#3046 = LINE('',#3047,#3048);
#3047 = CARTESIAN_POINT('',(95.75,6.593633411781,8.1));
#3048 = VECTOR('',#3049,1.);
#3049 = DIRECTION('',(3.330669073875E-16,-4.440892098501E-16,-1.));
#3050 = ORIENTED_EDGE('',*,*,#3051,.T.);
#3051 = EDGE_CURVE('',#3044,#3052,#3054,.T.);
#3052 = VERTEX_POINT('',#3053);
#3053 = CARTESIAN_POINT('',(92.8,8.296816705891,1.8));
#3054 = LINE('',#3055,#3056);
#3055 = CARTESIAN_POINT('',(95.75,6.593633411781,1.8));
#3056 = VECTOR('',#3057,1.);
#3057 = DIRECTION('',(-0.866025403784,0.5,-5.104890078826E-16));
#3058 = ORIENTED_EDGE('',*,*,#3059,.F.);
#3059 = EDGE_CURVE('',#1021,#3052,#3060,.T.);
#3060 = LINE('',#3061,#3062);
#3061 = CARTESIAN_POINT('',(92.8,8.296816705891,8.1));
#3062 = VECTOR('',#3063,1.);
#3063 = DIRECTION('',(3.330669073875E-16,-4.440892098501E-16,-1.));
#3064 = PLANE('',#3065);
#3065 = AXIS2_PLACEMENT_3D('',#3066,#3067,#3068);
#3066 = CARTESIAN_POINT('',(95.75,6.593633411781,8.1));
#3067 = DIRECTION('',(0.5,0.866025403784,-2.180590835829E-16));
#3068 = DIRECTION('',(-0.866025403784,0.5,-5.104890078826E-16));
#3069 = ADVANCED_FACE('',(#3070),#3088,.T.);
#3070 = FACE_BOUND('',#3071,.T.);
#3071 = EDGE_LOOP('',(#3072,#3073,#3074,#3082));
#3072 = ORIENTED_EDGE('',*,*,#1062,.T.);
#3073 = ORIENTED_EDGE('',*,*,#3059,.T.);
#3074 = ORIENTED_EDGE('',*,*,#3075,.T.);
#3075 = EDGE_CURVE('',#3052,#3076,#3078,.T.);
#3076 = VERTEX_POINT('',#3077);
#3077 = CARTESIAN_POINT('',(92.8,11.703183294109,1.8));
#3078 = LINE('',#3079,#3080);
#3079 = CARTESIAN_POINT('',(92.8,8.296816705891,1.8));
#3080 = VECTOR('',#3081,1.);
#3081 = DIRECTION('',(-2.22044604925E-16,1.,-4.440892098501E-16));
#3082 = ORIENTED_EDGE('',*,*,#3083,.F.);
#3083 = EDGE_CURVE('',#1055,#3076,#3084,.T.);
#3084 = LINE('',#3085,#3086);
#3085 = CARTESIAN_POINT('',(92.8,11.703183294109,8.1));
#3086 = VECTOR('',#3087,1.);
#3087 = DIRECTION('',(3.330669073875E-16,-4.440892098501E-16,-1.));
#3088 = PLANE('',#3089);
#3089 = AXIS2_PLACEMENT_3D('',#3090,#3091,#3092);
#3090 = CARTESIAN_POINT('',(92.8,8.296816705891,8.1));
#3091 = DIRECTION('',(1.,2.22044604925E-16,3.330669073875E-16));
#3092 = DIRECTION('',(-2.22044604925E-16,1.,-4.440892098501E-16));
#3093 = ADVANCED_FACE('',(#3094),#3112,.T.);
#3094 = FACE_BOUND('',#3095,.T.);
#3095 = EDGE_LOOP('',(#3096,#3097,#3105,#3111));
#3096 = ORIENTED_EDGE('',*,*,#1030,.T.);
#3097 = ORIENTED_EDGE('',*,*,#3098,.T.);
#3098 = EDGE_CURVE('',#1031,#3099,#3101,.T.);
#3099 = VERTEX_POINT('',#3100);
#3100 = CARTESIAN_POINT('',(98.7,8.296816705891,1.8));
#3101 = LINE('',#3102,#3103);
#3102 = CARTESIAN_POINT('',(98.7,8.296816705891,8.1));
#3103 = VECTOR('',#3104,1.);
#3104 = DIRECTION('',(3.330669073875E-16,-4.440892098501E-16,-1.));
#3105 = ORIENTED_EDGE('',*,*,#3106,.T.);
#3106 = EDGE_CURVE('',#3099,#3044,#3107,.T.);
#3107 = LINE('',#3108,#3109);
#3108 = CARTESIAN_POINT('',(98.7,8.296816705891,1.8));
#3109 = VECTOR('',#3110,1.);
#3110 = DIRECTION('',(-0.866025403784,-0.5,-6.639979803251E-17));
#3111 = ORIENTED_EDGE('',*,*,#3043,.F.);
#3112 = PLANE('',#3113);
#3113 = AXIS2_PLACEMENT_3D('',#3114,#3115,#3116);
#3114 = CARTESIAN_POINT('',(98.7,8.296816705891,8.1));
#3115 = DIRECTION('',(-0.5,0.866025403784,-5.511259909705E-16));
#3116 = DIRECTION('',(-0.866025403784,-0.5,-6.639979803251E-17));
#3117 = ADVANCED_FACE('',(#3118),#3136,.T.);
#3118 = FACE_BOUND('',#3119,.T.);
#3119 = EDGE_LOOP('',(#3120,#3121,#3122,#3130));
#3120 = ORIENTED_EDGE('',*,*,#1054,.T.);
#3121 = ORIENTED_EDGE('',*,*,#3083,.T.);
#3122 = ORIENTED_EDGE('',*,*,#3123,.T.);
#3123 = EDGE_CURVE('',#3076,#3124,#3126,.T.);
#3124 = VERTEX_POINT('',#3125);
#3125 = CARTESIAN_POINT('',(95.75,13.406366588219,1.8));
#3126 = LINE('',#3127,#3128);
#3127 = CARTESIAN_POINT('',(92.8,11.703183294109,1.8));
#3128 = VECTOR('',#3129,1.);
#3129 = DIRECTION('',(0.866025403784,0.5,6.639979803251E-17));
#3130 = ORIENTED_EDGE('',*,*,#3131,.F.);
#3131 = EDGE_CURVE('',#1047,#3124,#3132,.T.);
#3132 = LINE('',#3133,#3134);
#3133 = CARTESIAN_POINT('',(95.75,13.406366588219,8.1));
#3134 = VECTOR('',#3135,1.);
#3135 = DIRECTION('',(3.330669073875E-16,-4.440892098501E-16,-1.));
#3136 = PLANE('',#3137);
#3137 = AXIS2_PLACEMENT_3D('',#3138,#3139,#3140);
#3138 = CARTESIAN_POINT('',(92.8,11.703183294109,8.1));
#3139 = DIRECTION('',(0.5,-0.866025403784,5.511259909705E-16));
#3140 = DIRECTION('',(0.866025403784,0.5,6.639979803251E-17));
#3141 = ADVANCED_FACE('',(#3142),#3160,.T.);
#3142 = FACE_BOUND('',#3143,.T.);
#3143 = EDGE_LOOP('',(#3144,#3145,#3153,#3159));
#3144 = ORIENTED_EDGE('',*,*,#1038,.T.);
#3145 = ORIENTED_EDGE('',*,*,#3146,.T.);
#3146 = EDGE_CURVE('',#1039,#3147,#3149,.T.);
#3147 = VERTEX_POINT('',#3148);
#3148 = CARTESIAN_POINT('',(98.7,11.703183294109,1.8));
#3149 = LINE('',#3150,#3151);
#3150 = CARTESIAN_POINT('',(98.7,11.703183294109,8.1));
#3151 = VECTOR('',#3152,1.);
#3152 = DIRECTION('',(3.330669073875E-16,-4.440892098501E-16,-1.));
#3153 = ORIENTED_EDGE('',*,*,#3154,.T.);
#3154 = EDGE_CURVE('',#3147,#3099,#3155,.T.);
#3155 = LINE('',#3156,#3157);
#3156 = CARTESIAN_POINT('',(98.7,11.703183294109,1.8));
#3157 = VECTOR('',#3158,1.);
#3158 = DIRECTION('',(2.22044604925E-16,-1.,4.440892098501E-16));
#3159 = ORIENTED_EDGE('',*,*,#3098,.F.);
#3160 = PLANE('',#3161);
#3161 = AXIS2_PLACEMENT_3D('',#3162,#3163,#3164);
#3162 = CARTESIAN_POINT('',(98.7,11.703183294109,8.1));
#3163 = DIRECTION('',(-1.,-2.22044604925E-16,-3.330669073875E-16));
#3164 = DIRECTION('',(2.22044604925E-16,-1.,4.440892098501E-16));
#3165 = ADVANCED_FACE('',(#3166),#3177,.T.);
#3166 = FACE_BOUND('',#3167,.T.);
#3167 = EDGE_LOOP('',(#3168,#3169,#3170,#3176));
#3168 = ORIENTED_EDGE('',*,*,#1046,.T.);
#3169 = ORIENTED_EDGE('',*,*,#3131,.T.);
#3170 = ORIENTED_EDGE('',*,*,#3171,.T.);
#3171 = EDGE_CURVE('',#3124,#3147,#3172,.T.);
#3172 = LINE('',#3173,#3174);
#3173 = CARTESIAN_POINT('',(95.75,13.406366588219,1.8));
#3174 = VECTOR('',#3175,1.);
#3175 = DIRECTION('',(0.866025403784,-0.5,5.104890078826E-16));
#3176 = ORIENTED_EDGE('',*,*,#3146,.F.);
#3177 = PLANE('',#3178);
#3178 = AXIS2_PLACEMENT_3D('',#3179,#3180,#3181);
#3179 = CARTESIAN_POINT('',(95.75,13.406366588219,8.1));
#3180 = DIRECTION('',(-0.5,-0.866025403784,2.180590835829E-16));
#3181 = DIRECTION('',(0.866025403784,-0.5,5.104890078826E-16));
#3182 = ADVANCED_FACE('',(#3183),#3208,.T.);
#3183 = FACE_BOUND('',#3184,.T.);
#3184 = EDGE_LOOP('',(#3185,#3186,#3194,#3202));
#3185 = ORIENTED_EDGE('',*,*,#1070,.T.);
#3186 = ORIENTED_EDGE('',*,*,#3187,.T.);
#3187 = EDGE_CURVE('',#1073,#3188,#3190,.T.);
#3188 = VERTEX_POINT('',#3189);
#3189 = CARTESIAN_POINT('',(177.5,6.593633411781,1.8));
#3190 = LINE('',#3191,#3192);
#3191 = CARTESIAN_POINT('',(177.5,6.593633411781,8.1));
#3192 = VECTOR('',#3193,1.);
#3193 = DIRECTION('',(3.330669073875E-16,-4.440892098501E-16,-1.));
#3194 = ORIENTED_EDGE('',*,*,#3195,.T.);
#3195 = EDGE_CURVE('',#3188,#3196,#3198,.T.);
#3196 = VERTEX_POINT('',#3197);
#3197 = CARTESIAN_POINT('',(174.55,8.296816705891,1.8));
#3198 = LINE('',#3199,#3200);
#3199 = CARTESIAN_POINT('',(177.5,6.593633411781,1.8));
#3200 = VECTOR('',#3201,1.);
#3201 = DIRECTION('',(-0.866025403784,0.5,-5.104890078826E-16));
#3202 = ORIENTED_EDGE('',*,*,#3203,.F.);
#3203 = EDGE_CURVE('',#1071,#3196,#3204,.T.);
#3204 = LINE('',#3205,#3206);
#3205 = CARTESIAN_POINT('',(174.55,8.296816705891,8.1));
#3206 = VECTOR('',#3207,1.);
#3207 = DIRECTION('',(3.330669073875E-16,-4.440892098501E-16,-1.));
#3208 = PLANE('',#3209);
#3209 = AXIS2_PLACEMENT_3D('',#3210,#3211,#3212);
#3210 = CARTESIAN_POINT('',(177.5,6.593633411781,8.1));
#3211 = DIRECTION('',(0.5,0.866025403784,-2.180590835829E-16));
#3212 = DIRECTION('',(-0.866025403784,0.5,-5.104890078826E-16));
#3213 = ADVANCED_FACE('',(#3214),#3232,.T.);
#3214 = FACE_BOUND('',#3215,.T.);
#3215 = EDGE_LOOP('',(#3216,#3217,#3218,#3226));
#3216 = ORIENTED_EDGE('',*,*,#1112,.T.);
#3217 = ORIENTED_EDGE('',*,*,#3203,.T.);
#3218 = ORIENTED_EDGE('',*,*,#3219,.T.);
#3219 = EDGE_CURVE('',#3196,#3220,#3222,.T.);
#3220 = VERTEX_POINT('',#3221);
#3221 = CARTESIAN_POINT('',(174.55,11.703183294109,1.8));
#3222 = LINE('',#3223,#3224);
#3223 = CARTESIAN_POINT('',(174.55,8.296816705891,1.8));
#3224 = VECTOR('',#3225,1.);
#3225 = DIRECTION('',(-2.22044604925E-16,1.,-4.440892098501E-16));
#3226 = ORIENTED_EDGE('',*,*,#3227,.F.);
#3227 = EDGE_CURVE('',#1105,#3220,#3228,.T.);
#3228 = LINE('',#3229,#3230);
#3229 = CARTESIAN_POINT('',(174.55,11.703183294109,8.1));
#3230 = VECTOR('',#3231,1.);
#3231 = DIRECTION('',(3.330669073875E-16,-4.440892098501E-16,-1.));
#3232 = PLANE('',#3233);
#3233 = AXIS2_PLACEMENT_3D('',#3234,#3235,#3236);
#3234 = CARTESIAN_POINT('',(174.55,8.296816705891,8.1));
#3235 = DIRECTION('',(1.,2.22044604925E-16,3.330669073875E-16));
#3236 = DIRECTION('',(-2.22044604925E-16,1.,-4.440892098501E-16));
#3237 = ADVANCED_FACE('',(#3238),#3256,.T.);
#3238 = FACE_BOUND('',#3239,.T.);
#3239 = EDGE_LOOP('',(#3240,#3241,#3249,#3255));
#3240 = ORIENTED_EDGE('',*,*,#1080,.T.);
#3241 = ORIENTED_EDGE('',*,*,#3242,.T.);
#3242 = EDGE_CURVE('',#1081,#3243,#3245,.T.);
#3243 = VERTEX_POINT('',#3244);
#3244 = CARTESIAN_POINT('',(180.45,8.296816705891,1.8));
#3245 = LINE('',#3246,#3247);
#3246 = CARTESIAN_POINT('',(180.45,8.296816705891,8.1));
#3247 = VECTOR('',#3248,1.);
#3248 = DIRECTION('',(3.330669073875E-16,-4.440892098501E-16,-1.));
#3249 = ORIENTED_EDGE('',*,*,#3250,.T.);
#3250 = EDGE_CURVE('',#3243,#3188,#3251,.T.);
#3251 = LINE('',#3252,#3253);
#3252 = CARTESIAN_POINT('',(180.45,8.296816705891,1.8));
#3253 = VECTOR('',#3254,1.);
#3254 = DIRECTION('',(-0.866025403784,-0.5,-6.63997980325E-17));
#3255 = ORIENTED_EDGE('',*,*,#3187,.F.);
#3256 = PLANE('',#3257);
#3257 = AXIS2_PLACEMENT_3D('',#3258,#3259,#3260);
#3258 = CARTESIAN_POINT('',(180.45,8.296816705891,8.1));
#3259 = DIRECTION('',(-0.5,0.866025403784,-5.511259909705E-16));
#3260 = DIRECTION('',(-0.866025403784,-0.5,-6.63997980325E-17));
#3261 = ADVANCED_FACE('',(#3262),#3280,.T.);
#3262 = FACE_BOUND('',#3263,.T.);
#3263 = EDGE_LOOP('',(#3264,#3265,#3266,#3274));
#3264 = ORIENTED_EDGE('',*,*,#1104,.T.);
#3265 = ORIENTED_EDGE('',*,*,#3227,.T.);
#3266 = ORIENTED_EDGE('',*,*,#3267,.T.);
#3267 = EDGE_CURVE('',#3220,#3268,#3270,.T.);
#3268 = VERTEX_POINT('',#3269);
#3269 = CARTESIAN_POINT('',(177.5,13.406366588219,1.8));
#3270 = LINE('',#3271,#3272);
#3271 = CARTESIAN_POINT('',(174.55,11.703183294109,1.8));
#3272 = VECTOR('',#3273,1.);
#3273 = DIRECTION('',(0.866025403784,0.5,6.63997980325E-17));
#3274 = ORIENTED_EDGE('',*,*,#3275,.F.);
#3275 = EDGE_CURVE('',#1097,#3268,#3276,.T.);
#3276 = LINE('',#3277,#3278);
#3277 = CARTESIAN_POINT('',(177.5,13.406366588219,8.1));
#3278 = VECTOR('',#3279,1.);
#3279 = DIRECTION('',(3.330669073875E-16,-4.440892098501E-16,-1.));
#3280 = PLANE('',#3281);
#3281 = AXIS2_PLACEMENT_3D('',#3282,#3283,#3284);
#3282 = CARTESIAN_POINT('',(174.55,11.703183294109,8.1));
#3283 = DIRECTION('',(0.5,-0.866025403784,5.511259909705E-16));
#3284 = DIRECTION('',(0.866025403784,0.5,6.63997980325E-17));
#3285 = ADVANCED_FACE('',(#3286),#3304,.T.);
#3286 = FACE_BOUND('',#3287,.T.);
#3287 = EDGE_LOOP('',(#3288,#3289,#3297,#3303));
#3288 = ORIENTED_EDGE('',*,*,#1088,.T.);
#3289 = ORIENTED_EDGE('',*,*,#3290,.T.);
#3290 = EDGE_CURVE('',#1089,#3291,#3293,.T.);
#3291 = VERTEX_POINT('',#3292);
#3292 = CARTESIAN_POINT('',(180.45,11.703183294109,1.8));
#3293 = LINE('',#3294,#3295);
#3294 = CARTESIAN_POINT('',(180.45,11.703183294109,8.1));
#3295 = VECTOR('',#3296,1.);
#3296 = DIRECTION('',(3.330669073875E-16,-4.440892098501E-16,-1.));
#3297 = ORIENTED_EDGE('',*,*,#3298,.T.);
#3298 = EDGE_CURVE('',#3291,#3243,#3299,.T.);
#3299 = LINE('',#3300,#3301);
#3300 = CARTESIAN_POINT('',(180.45,11.703183294109,1.8));
#3301 = VECTOR('',#3302,1.);
#3302 = DIRECTION('',(2.22044604925E-16,-1.,4.440892098501E-16));
#3303 = ORIENTED_EDGE('',*,*,#3242,.F.);
#3304 = PLANE('',#3305);
#3305 = AXIS2_PLACEMENT_3D('',#3306,#3307,#3308);
#3306 = CARTESIAN_POINT('',(180.45,11.703183294109,8.1));
#3307 = DIRECTION('',(-1.,-2.22044604925E-16,-3.330669073875E-16));
#3308 = DIRECTION('',(2.22044604925E-16,-1.,4.440892098501E-16));
#3309 = ADVANCED_FACE('',(#3310),#3321,.T.);
#3310 = FACE_BOUND('',#3311,.T.);
#3311 = EDGE_LOOP('',(#3312,#3313,#3314,#3320));
#3312 = ORIENTED_EDGE('',*,*,#1096,.T.);
#3313 = ORIENTED_EDGE('',*,*,#3275,.T.);
#3314 = ORIENTED_EDGE('',*,*,#3315,.T.);
#3315 = EDGE_CURVE('',#3268,#3291,#3316,.T.);
#3316 = LINE('',#3317,#3318);
#3317 = CARTESIAN_POINT('',(177.5,13.406366588219,1.8));
#3318 = VECTOR('',#3319,1.);
#3319 = DIRECTION('',(0.866025403784,-0.5,5.104890078826E-16));
#3320 = ORIENTED_EDGE('',*,*,#3290,.F.);
#3321 = PLANE('',#3322);
#3322 = AXIS2_PLACEMENT_3D('',#3323,#3324,#3325);
#3323 = CARTESIAN_POINT('',(177.5,13.406366588219,8.1));
#3324 = DIRECTION('',(-0.5,-0.866025403784,2.180590835829E-16));
#3325 = DIRECTION('',(0.866025403784,-0.5,5.104890078826E-16));
#3326 = ADVANCED_FACE('',(#3327),#3352,.T.);
#3327 = FACE_BOUND('',#3328,.T.);
#3328 = EDGE_LOOP('',(#3329,#3337,#3345,#3351));
#3329 = ORIENTED_EDGE('',*,*,#3330,.F.);
#3330 = EDGE_CURVE('',#3331,#1138,#3333,.T.);
#3331 = VERTEX_POINT('',#3332);
#3332 = CARTESIAN_POINT('',(32.,190.35,2.));
#3333 = LINE('',#3334,#3335);
#3334 = CARTESIAN_POINT('',(32.,190.75,2.));
#3335 = VECTOR('',#3336,1.);
#3336 = DIRECTION('',(2.22044604925E-16,-1.,4.440892098501E-16));
#3337 = ORIENTED_EDGE('',*,*,#3338,.T.);
#3338 = EDGE_CURVE('',#3331,#3339,#3341,.T.);
#3339 = VERTEX_POINT('',#3340);
#3340 = CARTESIAN_POINT('',(159.5,190.35,2.));
#3341 = LINE('',#3342,#3343);
#3342 = CARTESIAN_POINT('',(32.,190.35,2.));
#3343 = VECTOR('',#3344,1.);
#3344 = DIRECTION('',(1.,2.22044604925E-16,3.330669073875E-16));
#3345 = ORIENTED_EDGE('',*,*,#3346,.T.);
#3346 = EDGE_CURVE('',#3339,#1140,#3347,.T.);
#3347 = LINE('',#3348,#3349);
#3348 = CARTESIAN_POINT('',(159.5,190.75,2.));
#3349 = VECTOR('',#3350,1.);
#3350 = DIRECTION('',(2.22044604925E-16,-1.,4.440892098501E-16));
#3351 = ORIENTED_EDGE('',*,*,#1137,.F.);
#3352 = PLANE('',#3353);
#3353 = AXIS2_PLACEMENT_3D('',#3354,#3355,#3356);
#3354 = CARTESIAN_POINT('',(32.,190.75,2.));
#3355 = DIRECTION('',(3.330669073875E-16,-4.440892098501E-16,-1.));
#3356 = DIRECTION('',(1.,2.22044604925E-16,3.330669073875E-16));
#3357 = ADVANCED_FACE('',(#3358),#3376,.T.);
#3358 = FACE_BOUND('',#3359,.T.);
#3359 = EDGE_LOOP('',(#3360,#3361,#3369,#3375));
#3360 = ORIENTED_EDGE('',*,*,#3346,.F.);
#3361 = ORIENTED_EDGE('',*,*,#3362,.F.);
#3362 = EDGE_CURVE('',#3363,#3339,#3365,.T.);
#3363 = VERTEX_POINT('',#3364);
#3364 = CARTESIAN_POINT('',(159.5,190.35,6.));
#3365 = LINE('',#3366,#3367);
#3366 = CARTESIAN_POINT('',(159.5,190.35,6.));
#3367 = VECTOR('',#3368,1.);
#3368 = DIRECTION('',(3.330669073875E-16,-4.440892098501E-16,-1.));
#3369 = ORIENTED_EDGE('',*,*,#3370,.T.);
#3370 = EDGE_CURVE('',#3363,#1156,#3371,.T.);
#3371 = LINE('',#3372,#3373);
#3372 = CARTESIAN_POINT('',(159.5,190.75,6.));
#3373 = VECTOR('',#3374,1.);
#3374 = DIRECTION('',(2.22044604925E-16,-1.,4.440892098501E-16));
#3375 = ORIENTED_EDGE('',*,*,#1163,.F.);
#3376 = PLANE('',#3377);
#3377 = AXIS2_PLACEMENT_3D('',#3378,#3379,#3380);
#3378 = CARTESIAN_POINT('',(159.5,190.75,6.));
#3379 = DIRECTION('',(1.,2.22044604925E-16,3.330669073875E-16));
#3380 = DIRECTION('',(3.330669073875E-16,-4.440892098501E-16,-1.));
#3381 = ADVANCED_FACE('',(#3382),#3400,.F.);
#3382 = FACE_BOUND('',#3383,.F.);
#3383 = EDGE_LOOP('',(#3384,#3392,#3398,#3399));
#3384 = ORIENTED_EDGE('',*,*,#3385,.F.);
#3385 = EDGE_CURVE('',#3386,#1148,#3388,.T.);
#3386 = VERTEX_POINT('',#3387);
#3387 = CARTESIAN_POINT('',(32.,190.35,6.));
#3388 = LINE('',#3389,#3390);
#3389 = CARTESIAN_POINT('',(32.,190.75,6.));
#3390 = VECTOR('',#3391,1.);
#3391 = DIRECTION('',(2.22044604925E-16,-1.,4.440892098501E-16));
#3392 = ORIENTED_EDGE('',*,*,#3393,.T.);
#3393 = EDGE_CURVE('',#3386,#3363,#3394,.T.);
#3394 = LINE('',#3395,#3396);
#3395 = CARTESIAN_POINT('',(32.,190.35,6.));
#3396 = VECTOR('',#3397,1.);
#3397 = DIRECTION('',(1.,2.22044604925E-16,3.330669073875E-16));
#3398 = ORIENTED_EDGE('',*,*,#3370,.T.);
#3399 = ORIENTED_EDGE('',*,*,#1155,.F.);
#3400 = PLANE('',#3401);
#3401 = AXIS2_PLACEMENT_3D('',#3402,#3403,#3404);
#3402 = CARTESIAN_POINT('',(32.,190.75,6.));
#3403 = DIRECTION('',(3.330669073875E-16,-4.440892098501E-16,-1.));
#3404 = DIRECTION('',(1.,2.22044604925E-16,3.330669073875E-16));
#3405 = ADVANCED_FACE('',(#3406),#3417,.F.);
#3406 = FACE_BOUND('',#3407,.F.);
#3407 = EDGE_LOOP('',(#3408,#3409,#3415,#3416));
#3408 = ORIENTED_EDGE('',*,*,#3330,.F.);
#3409 = ORIENTED_EDGE('',*,*,#3410,.F.);
#3410 = EDGE_CURVE('',#3386,#3331,#3411,.T.);
#3411 = LINE('',#3412,#3413);
#3412 = CARTESIAN_POINT('',(32.,190.35,6.));
#3413 = VECTOR('',#3414,1.);
#3414 = DIRECTION('',(3.330669073875E-16,-4.440892098501E-16,-1.));
#3415 = ORIENTED_EDGE('',*,*,#3385,.T.);
#3416 = ORIENTED_EDGE('',*,*,#1147,.F.);
#3417 = PLANE('',#3418);
#3418 = AXIS2_PLACEMENT_3D('',#3419,#3420,#3421);
#3419 = CARTESIAN_POINT('',(32.,190.75,6.));
#3420 = DIRECTION('',(1.,2.22044604925E-16,3.330669073875E-16));
#3421 = DIRECTION('',(3.330669073875E-16,-4.440892098501E-16,-1.));
#3422 = ADVANCED_FACE('',(#3423),#3449,.T.);
#3423 = FACE_BOUND('',#3424,.T.);
#3424 = EDGE_LOOP('',(#3425,#3433,#3434,#3435,#3443));
#3425 = ORIENTED_EDGE('',*,*,#3426,.F.);
#3426 = EDGE_CURVE('',#1514,#3427,#3429,.T.);
#3427 = VERTEX_POINT('',#3428);
#3428 = CARTESIAN_POINT('',(191.1,171.5,2.4));
#3429 = LINE('',#3430,#3431);
#3430 = CARTESIAN_POINT('',(191.36666666666,171.23333333333,
    2.133333333333));
#3431 = VECTOR('',#3432,1.);
#3432 = DIRECTION('',(-0.57735026919,0.57735026919,0.57735026919));
#3433 = ORIENTED_EDGE('',*,*,#1521,.T.);
#3434 = ORIENTED_EDGE('',*,*,#1205,.T.);
#3435 = ORIENTED_EDGE('',*,*,#3436,.T.);
#3436 = EDGE_CURVE('',#1198,#3437,#3439,.T.);
#3437 = VERTEX_POINT('',#3438);
#3438 = CARTESIAN_POINT('',(187.65,171.5,2.4));
#3439 = LINE('',#3440,#3441);
#3440 = CARTESIAN_POINT('',(188.09166666666,171.94166666666,
    2.841666666667));
#3441 = VECTOR('',#3442,1.);
#3442 = DIRECTION('',(0.57735026919,0.57735026919,0.57735026919));
#3443 = ORIENTED_EDGE('',*,*,#3444,.F.);
#3444 = EDGE_CURVE('',#3427,#3437,#3445,.T.);
#3445 = LINE('',#3446,#3447);
#3446 = CARTESIAN_POINT('',(191.5,171.5,2.4));
#3447 = VECTOR('',#3448,1.);
#3448 = DIRECTION('',(-1.,-2.22044604925E-16,-3.330669073875E-16));
#3449 = PLANE('',#3450);
#3450 = AXIS2_PLACEMENT_3D('',#3451,#3452,#3453);
#3451 = CARTESIAN_POINT('',(191.5,171.3,2.2));
#3452 = DIRECTION('',(7.850462293419E-17,0.707106781187,-0.707106781187)
  );
#3453 = DIRECTION('',(-1.,-2.22044604925E-16,-3.330669073875E-16));
#3454 = ADVANCED_FACE('',(#3455),#3473,.F.);
#3455 = FACE_BOUND('',#3456,.T.);
#3456 = EDGE_LOOP('',(#3457,#3458,#3459,#3467));
#3457 = ORIENTED_EDGE('',*,*,#3436,.F.);
#3458 = ORIENTED_EDGE('',*,*,#1197,.T.);
#3459 = ORIENTED_EDGE('',*,*,#3460,.T.);
#3460 = EDGE_CURVE('',#1190,#3461,#3463,.T.);
#3461 = VERTEX_POINT('',#3462);
#3462 = CARTESIAN_POINT('',(187.65,171.5,5.6));
#3463 = LINE('',#3464,#3465);
#3464 = CARTESIAN_POINT('',(188.75833333333,172.60833333333,
    4.491666666667));
#3465 = VECTOR('',#3466,1.);
#3466 = DIRECTION('',(0.57735026919,0.57735026919,-0.57735026919));
#3467 = ORIENTED_EDGE('',*,*,#3468,.F.);
#3468 = EDGE_CURVE('',#3437,#3461,#3469,.T.);
#3469 = LINE('',#3470,#3471);
#3470 = CARTESIAN_POINT('',(187.65,171.5,2.));
#3471 = VECTOR('',#3472,1.);
#3472 = DIRECTION('',(-3.330669073875E-16,4.440892098501E-16,1.));
#3473 = PLANE('',#3474);
#3474 = AXIS2_PLACEMENT_3D('',#3475,#3476,#3477);
#3475 = CARTESIAN_POINT('',(187.45,171.3,2.));
#3476 = DIRECTION('',(0.707106781187,-0.707106781187,5.495323605393E-16)
  );
#3477 = DIRECTION('',(3.330669073875E-16,-4.440892098501E-16,-1.));
#3478 = ADVANCED_FACE('',(#3479),#3498,.F.);
#3479 = FACE_BOUND('',#3480,.F.);
#3480 = EDGE_LOOP('',(#3481,#3489,#3490,#3491,#3492));
#3481 = ORIENTED_EDGE('',*,*,#3482,.F.);
#3482 = EDGE_CURVE('',#1538,#3483,#3485,.T.);
#3483 = VERTEX_POINT('',#3484);
#3484 = CARTESIAN_POINT('',(191.1,171.5,5.6));
#3485 = LINE('',#3486,#3487);
#3486 = CARTESIAN_POINT('',(190.7,171.9,5.2));
#3487 = VECTOR('',#3488,1.);
#3488 = DIRECTION('',(-0.57735026919,0.57735026919,-0.57735026919));
#3489 = ORIENTED_EDGE('',*,*,#1562,.T.);
#3490 = ORIENTED_EDGE('',*,*,#1189,.T.);
#3491 = ORIENTED_EDGE('',*,*,#3460,.T.);
#3492 = ORIENTED_EDGE('',*,*,#3493,.F.);
#3493 = EDGE_CURVE('',#3483,#3461,#3494,.T.);
#3494 = LINE('',#3495,#3496);
#3495 = CARTESIAN_POINT('',(191.5,171.5,5.6));
#3496 = VECTOR('',#3497,1.);
#3497 = DIRECTION('',(-1.,-2.22044604925E-16,-3.330669073875E-16));
#3498 = PLANE('',#3499);
#3499 = AXIS2_PLACEMENT_3D('',#3500,#3501,#3502);
#3500 = CARTESIAN_POINT('',(191.5,171.3,5.8));
#3501 = DIRECTION('',(3.925231146709E-16,-0.707106781187,-0.707106781187
    ));
#3502 = DIRECTION('',(-1.,-2.22044604925E-16,-3.330669073875E-16));
#3503 = ADVANCED_FACE('',(#3504,#3512),#3515,.F.);
#3504 = FACE_BOUND('',#3505,.F.);
#3505 = EDGE_LOOP('',(#3506,#3507,#3508,#3509,#3510,#3511));
#3506 = ORIENTED_EDGE('',*,*,#1671,.T.);
#3507 = ORIENTED_EDGE('',*,*,#1616,.T.);
#3508 = ORIENTED_EDGE('',*,*,#1640,.T.);
#3509 = ORIENTED_EDGE('',*,*,#1688,.T.);
#3510 = ORIENTED_EDGE('',*,*,#1736,.T.);
#3511 = ORIENTED_EDGE('',*,*,#1719,.T.);
#3512 = FACE_BOUND('',#3513,.F.);
#3513 = EDGE_LOOP('',(#3514));
#3514 = ORIENTED_EDGE('',*,*,#1238,.F.);
#3515 = PLANE('',#3516);
#3516 = AXIS2_PLACEMENT_3D('',#3517,#3518,#3519);
#3517 = CARTESIAN_POINT('',(14.,177.75,1.8));
#3518 = DIRECTION('',(3.330669073875E-16,-4.440892098501E-16,-1.));
#3519 = DIRECTION('',(1.,2.22044604925E-16,3.330669073875E-16));
#3520 = ADVANCED_FACE('',(#3521,#3529),#3532,.F.);
#3521 = FACE_BOUND('',#3522,.F.);
#3522 = EDGE_LOOP('',(#3523,#3524,#3525,#3526,#3527,#3528));
#3523 = ORIENTED_EDGE('',*,*,#1959,.T.);
#3524 = ORIENTED_EDGE('',*,*,#1904,.T.);
#3525 = ORIENTED_EDGE('',*,*,#1928,.T.);
#3526 = ORIENTED_EDGE('',*,*,#1976,.T.);
#3527 = ORIENTED_EDGE('',*,*,#2024,.T.);
#3528 = ORIENTED_EDGE('',*,*,#2007,.T.);
#3529 = FACE_BOUND('',#3530,.F.);
#3530 = EDGE_LOOP('',(#3531));
#3531 = ORIENTED_EDGE('',*,*,#1263,.F.);
#3532 = PLANE('',#3533);
#3533 = AXIS2_PLACEMENT_3D('',#3534,#3535,#3536);
#3534 = CARTESIAN_POINT('',(95.75,177.75,1.8));
#3535 = DIRECTION('',(3.330669073875E-16,-4.440892098501E-16,-1.));
#3536 = DIRECTION('',(1.,2.22044604925E-16,3.330669073875E-16));
#3537 = ADVANCED_FACE('',(#3538,#3546),#3549,.F.);
#3538 = FACE_BOUND('',#3539,.F.);
#3539 = EDGE_LOOP('',(#3540,#3541,#3542,#3543,#3544,#3545));
#3540 = ORIENTED_EDGE('',*,*,#1815,.T.);
#3541 = ORIENTED_EDGE('',*,*,#1760,.T.);
#3542 = ORIENTED_EDGE('',*,*,#1784,.T.);
#3543 = ORIENTED_EDGE('',*,*,#1832,.T.);
#3544 = ORIENTED_EDGE('',*,*,#1880,.T.);
#3545 = ORIENTED_EDGE('',*,*,#1863,.T.);
#3546 = FACE_BOUND('',#3547,.F.);
#3547 = EDGE_LOOP('',(#3548));
#3548 = ORIENTED_EDGE('',*,*,#1288,.F.);
#3549 = PLANE('',#3550);
#3550 = AXIS2_PLACEMENT_3D('',#3551,#3552,#3553);
#3551 = CARTESIAN_POINT('',(14.,93.875,1.8));
#3552 = DIRECTION('',(3.330669073875E-16,-4.440892098501E-16,-1.));
#3553 = DIRECTION('',(1.,2.22044604925E-16,3.330669073875E-16));
#3554 = ADVANCED_FACE('',(#3555,#3563),#3566,.F.);
#3555 = FACE_BOUND('',#3556,.F.);
#3556 = EDGE_LOOP('',(#3557,#3558,#3559,#3560,#3561,#3562));
#3557 = ORIENTED_EDGE('',*,*,#2103,.T.);
#3558 = ORIENTED_EDGE('',*,*,#2048,.T.);
#3559 = ORIENTED_EDGE('',*,*,#2072,.T.);
#3560 = ORIENTED_EDGE('',*,*,#2120,.T.);
#3561 = ORIENTED_EDGE('',*,*,#2168,.T.);
#3562 = ORIENTED_EDGE('',*,*,#2151,.T.);
#3563 = FACE_BOUND('',#3564,.F.);
#3564 = EDGE_LOOP('',(#3565));
#3565 = ORIENTED_EDGE('',*,*,#1381,.F.);
#3566 = PLANE('',#3567);
#3567 = AXIS2_PLACEMENT_3D('',#3568,#3569,#3570);
#3568 = CARTESIAN_POINT('',(177.5,177.75,1.8));
#3569 = DIRECTION('',(3.330669073875E-16,-4.440892098501E-16,-1.));
#3570 = DIRECTION('',(1.,2.22044604925E-16,3.330669073875E-16));
#3571 = ADVANCED_FACE('',(#3572,#3580),#3583,.F.);
#3572 = FACE_BOUND('',#3573,.F.);
#3573 = EDGE_LOOP('',(#3574,#3575,#3576,#3577,#3578,#3579));
#3574 = ORIENTED_EDGE('',*,*,#2247,.T.);
#3575 = ORIENTED_EDGE('',*,*,#2192,.T.);
#3576 = ORIENTED_EDGE('',*,*,#2216,.T.);
#3577 = ORIENTED_EDGE('',*,*,#2264,.T.);
#3578 = ORIENTED_EDGE('',*,*,#2312,.T.);
#3579 = ORIENTED_EDGE('',*,*,#2295,.T.);
#3580 = FACE_BOUND('',#3581,.F.);
#3581 = EDGE_LOOP('',(#3582));
#3582 = ORIENTED_EDGE('',*,*,#1406,.F.);
#3583 = PLANE('',#3584);
#3584 = AXIS2_PLACEMENT_3D('',#3585,#3586,#3587);
#3585 = CARTESIAN_POINT('',(177.5,93.875,1.8));
#3586 = DIRECTION('',(3.330669073875E-16,-4.440892098501E-16,-1.));
#3587 = DIRECTION('',(1.,2.22044604925E-16,3.330669073875E-16));
#3588 = ADVANCED_FACE('',(#3589,#3597),#3600,.F.);
#3589 = FACE_BOUND('',#3590,.F.);
#3590 = EDGE_LOOP('',(#3591,#3592,#3593,#3594,#3595,#3596));
#3591 = ORIENTED_EDGE('',*,*,#2391,.T.);
#3592 = ORIENTED_EDGE('',*,*,#2336,.T.);
#3593 = ORIENTED_EDGE('',*,*,#2360,.T.);
#3594 = ORIENTED_EDGE('',*,*,#2408,.T.);
#3595 = ORIENTED_EDGE('',*,*,#2456,.T.);
#3596 = ORIENTED_EDGE('',*,*,#2439,.T.);
#3597 = FACE_BOUND('',#3598,.F.);
#3598 = EDGE_LOOP('',(#3599));
#3599 = ORIENTED_EDGE('',*,*,#1431,.F.);
#3600 = PLANE('',#3601);
#3601 = AXIS2_PLACEMENT_3D('',#3602,#3603,#3604);
#3602 = CARTESIAN_POINT('',(14.,10.,1.8));
#3603 = DIRECTION('',(3.330669073875E-16,-4.440892098501E-16,-1.));
#3604 = DIRECTION('',(1.,2.22044604925E-16,3.330669073875E-16));
#3605 = ADVANCED_FACE('',(#3606,#3614),#3617,.F.);
#3606 = FACE_BOUND('',#3607,.F.);
#3607 = EDGE_LOOP('',(#3608,#3609,#3610,#3611,#3612,#3613));
#3608 = ORIENTED_EDGE('',*,*,#3106,.T.);
#3609 = ORIENTED_EDGE('',*,*,#3051,.T.);
#3610 = ORIENTED_EDGE('',*,*,#3075,.T.);
#3611 = ORIENTED_EDGE('',*,*,#3123,.T.);
#3612 = ORIENTED_EDGE('',*,*,#3171,.T.);
#3613 = ORIENTED_EDGE('',*,*,#3154,.T.);
#3614 = FACE_BOUND('',#3615,.F.);
#3615 = EDGE_LOOP('',(#3616));
#3616 = ORIENTED_EDGE('',*,*,#1456,.F.);
#3617 = PLANE('',#3618);
#3618 = AXIS2_PLACEMENT_3D('',#3619,#3620,#3621);
#3619 = CARTESIAN_POINT('',(95.75,10.,1.8));
#3620 = DIRECTION('',(3.330669073875E-16,-4.440892098501E-16,-1.));
#3621 = DIRECTION('',(1.,2.22044604925E-16,3.330669073875E-16));
#3622 = ADVANCED_FACE('',(#3623,#3631),#3634,.F.);
#3623 = FACE_BOUND('',#3624,.F.);
#3624 = EDGE_LOOP('',(#3625,#3626,#3627,#3628,#3629,#3630));
#3625 = ORIENTED_EDGE('',*,*,#3250,.T.);
#3626 = ORIENTED_EDGE('',*,*,#3195,.T.);
#3627 = ORIENTED_EDGE('',*,*,#3219,.T.);
#3628 = ORIENTED_EDGE('',*,*,#3267,.T.);
#3629 = ORIENTED_EDGE('',*,*,#3315,.T.);
#3630 = ORIENTED_EDGE('',*,*,#3298,.T.);
#3631 = FACE_BOUND('',#3632,.F.);
#3632 = EDGE_LOOP('',(#3633));
#3633 = ORIENTED_EDGE('',*,*,#1481,.F.);
#3634 = PLANE('',#3635);
#3635 = AXIS2_PLACEMENT_3D('',#3636,#3637,#3638);
#3636 = CARTESIAN_POINT('',(177.5,10.,1.8));
#3637 = DIRECTION('',(3.330669073875E-16,-4.440892098501E-16,-1.));
#3638 = DIRECTION('',(1.,2.22044604925E-16,3.330669073875E-16));
#3639 = ADVANCED_FACE('',(#3640),#3651,.T.);
#3640 = FACE_BOUND('',#3641,.F.);
#3641 = EDGE_LOOP('',(#3642,#3643,#3644,#3645));
#3642 = ORIENTED_EDGE('',*,*,#3426,.F.);
#3643 = ORIENTED_EDGE('',*,*,#1545,.T.);
#3644 = ORIENTED_EDGE('',*,*,#3482,.T.);
#3645 = ORIENTED_EDGE('',*,*,#3646,.F.);
#3646 = EDGE_CURVE('',#3427,#3483,#3647,.T.);
#3647 = LINE('',#3648,#3649);
#3648 = CARTESIAN_POINT('',(191.1,171.5,2.));
#3649 = VECTOR('',#3650,1.);
#3650 = DIRECTION('',(-3.330669073875E-16,4.440892098501E-16,1.));
#3651 = PLANE('',#3652);
#3652 = AXIS2_PLACEMENT_3D('',#3653,#3654,#3655);
#3653 = CARTESIAN_POINT('',(191.3,171.3,2.));
#3654 = DIRECTION('',(0.707106781187,0.707106781187,-7.850462293419E-17)
  );
#3655 = DIRECTION('',(3.330669073875E-16,-4.440892098501E-16,-1.));
#3656 = ADVANCED_FACE('',(#3657,#3671),#3721,.F.);
#3657 = FACE_BOUND('',#3658,.F.);
#3658 = EDGE_LOOP('',(#3659,#3660,#3661,#3662,#3663,#3664,#3665,#3666,
    #3667,#3668,#3669,#3670));
#3659 = ORIENTED_EDGE('',*,*,#2471,.T.);
#3660 = ORIENTED_EDGE('',*,*,#2502,.F.);
#3661 = ORIENTED_EDGE('',*,*,#2527,.T.);
#3662 = ORIENTED_EDGE('',*,*,#2560,.F.);
#3663 = ORIENTED_EDGE('',*,*,#2576,.T.);
#3664 = ORIENTED_EDGE('',*,*,#2609,.F.);
#3665 = ORIENTED_EDGE('',*,*,#2625,.T.);
#3666 = ORIENTED_EDGE('',*,*,#2658,.F.);
#3667 = ORIENTED_EDGE('',*,*,#2674,.T.);
#3668 = ORIENTED_EDGE('',*,*,#2698,.F.);
#3669 = ORIENTED_EDGE('',*,*,#2723,.T.);
#3670 = ORIENTED_EDGE('',*,*,#2747,.F.);
#3671 = FACE_BOUND('',#3672,.F.);
#3672 = EDGE_LOOP('',(#3673,#3683,#3691,#3699,#3707,#3715));
#3673 = ORIENTED_EDGE('',*,*,#3674,.F.);
#3674 = EDGE_CURVE('',#3675,#3677,#3679,.T.);
#3675 = VERTEX_POINT('',#3676);
#3676 = CARTESIAN_POINT('',(61.434314575051,8.4,7.6));
#3677 = VERTEX_POINT('',#3678);
#3678 = CARTESIAN_POINT('',(60.4,8.4,7.6));
#3679 = LINE('',#3680,#3681);
#3680 = CARTESIAN_POINT('',(61.6,8.4,7.6));
#3681 = VECTOR('',#3682,1.);
#3682 = DIRECTION('',(-1.,1.224646799147E-16,-1.110223024625E-16));
#3683 = ORIENTED_EDGE('',*,*,#3684,.F.);
#3684 = EDGE_CURVE('',#3685,#3675,#3687,.T.);
#3685 = VERTEX_POINT('',#3686);
#3686 = CARTESIAN_POINT('',(62.,8.965685424949,7.6));
#3687 = LINE('',#3688,#3689);
#3688 = CARTESIAN_POINT('',(62.117157287525,9.082842712475,7.6));
#3689 = VECTOR('',#3690,1.);
#3690 = DIRECTION('',(-0.707106781187,-0.707106781187,7.850462293419E-17
    ));
#3691 = ORIENTED_EDGE('',*,*,#3692,.F.);
#3692 = EDGE_CURVE('',#3693,#3685,#3695,.T.);
#3693 = VERTEX_POINT('',#3694);
#3694 = CARTESIAN_POINT('',(62.,11.034314575051,7.6));
#3695 = LINE('',#3696,#3697);
#3696 = CARTESIAN_POINT('',(62.,11.2,7.6));
#3697 = VECTOR('',#3698,1.);
#3698 = DIRECTION('',(1.110223024625E-16,-1.,2.22044604925E-16));
#3699 = ORIENTED_EDGE('',*,*,#3700,.F.);
#3700 = EDGE_CURVE('',#3701,#3693,#3703,.T.);
#3701 = VERTEX_POINT('',#3702);
#3702 = CARTESIAN_POINT('',(61.434314575051,11.6,7.6));
#3703 = LINE('',#3704,#3705);
#3704 = CARTESIAN_POINT('',(61.317157287525,11.717157287525,7.6));
#3705 = VECTOR('',#3706,1.);
#3706 = DIRECTION('',(0.707106781187,-0.707106781187,2.355138688026E-16)
  );
#3707 = ORIENTED_EDGE('',*,*,#3708,.F.);
#3708 = EDGE_CURVE('',#3709,#3701,#3711,.T.);
#3709 = VERTEX_POINT('',#3710);
#3710 = CARTESIAN_POINT('',(60.4,11.6,7.6));
#3711 = LINE('',#3712,#3713);
#3712 = CARTESIAN_POINT('',(60.,11.6,7.6));
#3713 = VECTOR('',#3714,1.);
#3714 = DIRECTION('',(1.,1.232595164408E-32,1.110223024625E-16));
#3715 = ORIENTED_EDGE('',*,*,#3716,.F.);
#3716 = EDGE_CURVE('',#3677,#3709,#3717,.T.);
#3717 = LINE('',#3718,#3719);
#3718 = CARTESIAN_POINT('',(60.4,8.,7.6));
#3719 = VECTOR('',#3720,1.);
#3720 = DIRECTION('',(1.110223024625E-16,1.,-2.22044604925E-16));
#3721 = PLANE('',#3722);
#3722 = AXIS2_PLACEMENT_3D('',#3723,#3724,#3725);
#3723 = CARTESIAN_POINT('',(61.069760351747,10.,7.6));
#3724 = DIRECTION('',(1.110223024625E-16,-2.22044604925E-16,-1.));
#3725 = DIRECTION('',(-1.,-1.232595164408E-32,-1.110223024625E-16));
#3726 = ADVANCED_FACE('',(#3727),#3741,.F.);
#3727 = FACE_BOUND('',#3728,.F.);
#3728 = EDGE_LOOP('',(#3729,#3730,#3731,#3732,#3733,#3734,#3735,#3736,
    #3737,#3738,#3739,#3740));
#3729 = ORIENTED_EDGE('',*,*,#3026,.F.);
#3730 = ORIENTED_EDGE('',*,*,#2765,.T.);
#3731 = ORIENTED_EDGE('',*,*,#2805,.F.);
#3732 = ORIENTED_EDGE('',*,*,#2821,.T.);
#3733 = ORIENTED_EDGE('',*,*,#2845,.T.);
#3734 = ORIENTED_EDGE('',*,*,#2887,.F.);
#3735 = ORIENTED_EDGE('',*,*,#2878,.F.);
#3736 = ORIENTED_EDGE('',*,*,#2903,.F.);
#3737 = ORIENTED_EDGE('',*,*,#2936,.F.);
#3738 = ORIENTED_EDGE('',*,*,#2952,.T.);
#3739 = ORIENTED_EDGE('',*,*,#2976,.F.);
#3740 = ORIENTED_EDGE('',*,*,#3000,.F.);
#3741 = PLANE('',#3742);
#3742 = AXIS2_PLACEMENT_3D('',#3743,#3744,#3745);
#3743 = CARTESIAN_POINT('',(64.908150716429,9.510132564992,7.6));
#3744 = DIRECTION('',(1.110223024625E-16,-2.22044604925E-16,-1.));
#3745 = DIRECTION('',(-1.,-1.232595164408E-32,-1.110223024625E-16));
#3746 = ADVANCED_FACE('',(#3747),#3772,.F.);
#3747 = FACE_BOUND('',#3748,.T.);
#3748 = EDGE_LOOP('',(#3749,#3757,#3765,#3771));
#3749 = ORIENTED_EDGE('',*,*,#3750,.T.);
#3750 = EDGE_CURVE('',#3331,#3751,#3753,.T.);
#3751 = VERTEX_POINT('',#3752);
#3752 = CARTESIAN_POINT('',(32.4,190.75,2.4));
#3753 = LINE('',#3754,#3755);
#3754 = CARTESIAN_POINT('',(32.8,191.15,2.8));
#3755 = VECTOR('',#3756,1.);
#3756 = DIRECTION('',(0.57735026919,0.57735026919,0.57735026919));
#3757 = ORIENTED_EDGE('',*,*,#3758,.T.);
#3758 = EDGE_CURVE('',#3751,#3759,#3761,.T.);
#3759 = VERTEX_POINT('',#3760);
#3760 = CARTESIAN_POINT('',(159.1,190.75,2.4));
#3761 = LINE('',#3762,#3763);
#3762 = CARTESIAN_POINT('',(32.,190.75,2.4));
#3763 = VECTOR('',#3764,1.);
#3764 = DIRECTION('',(1.,2.22044604925E-16,3.330669073875E-16));
#3765 = ORIENTED_EDGE('',*,*,#3766,.F.);
#3766 = EDGE_CURVE('',#3339,#3759,#3767,.T.);
#3767 = LINE('',#3768,#3769);
#3768 = CARTESIAN_POINT('',(137.45,212.4,24.05));
#3769 = VECTOR('',#3770,1.);
#3770 = DIRECTION('',(-0.57735026919,0.57735026919,0.57735026919));
#3771 = ORIENTED_EDGE('',*,*,#3338,.F.);
#3772 = PLANE('',#3773);
#3773 = AXIS2_PLACEMENT_3D('',#3774,#3775,#3776);
#3774 = CARTESIAN_POINT('',(32.,190.55,2.2));
#3775 = DIRECTION('',(-7.850462293419E-17,-0.707106781187,0.707106781187
    ));
#3776 = DIRECTION('',(-1.,-2.22044604925E-16,-3.330669073875E-16));
#3777 = ADVANCED_FACE('',(#3778),#3796,.F.);
#3778 = FACE_BOUND('',#3779,.T.);
#3779 = EDGE_LOOP('',(#3780,#3788,#3789,#3790));
#3780 = ORIENTED_EDGE('',*,*,#3781,.F.);
#3781 = EDGE_CURVE('',#3363,#3782,#3784,.T.);
#3782 = VERTEX_POINT('',#3783);
#3783 = CARTESIAN_POINT('',(159.1,190.75,5.6));
#3784 = LINE('',#3785,#3786);
#3785 = CARTESIAN_POINT('',(138.11666666666,211.73333333333,
    -15.38333333333));
#3786 = VECTOR('',#3787,1.);
#3787 = DIRECTION('',(-0.57735026919,0.57735026919,-0.57735026919));
#3788 = ORIENTED_EDGE('',*,*,#3362,.T.);
#3789 = ORIENTED_EDGE('',*,*,#3766,.T.);
#3790 = ORIENTED_EDGE('',*,*,#3791,.F.);
#3791 = EDGE_CURVE('',#3782,#3759,#3792,.T.);
#3792 = LINE('',#3793,#3794);
#3793 = CARTESIAN_POINT('',(159.1,190.75,6.));
#3794 = VECTOR('',#3795,1.);
#3795 = DIRECTION('',(3.330669073875E-16,-4.440892098501E-16,-1.));
#3796 = PLANE('',#3797);
#3797 = AXIS2_PLACEMENT_3D('',#3798,#3799,#3800);
#3798 = CARTESIAN_POINT('',(159.3,190.55,6.));
#3799 = DIRECTION('',(-0.707106781187,-0.707106781187,7.850462293419E-17
    ));
#3800 = DIRECTION('',(-3.330669073875E-16,4.440892098501E-16,1.));
#3801 = ADVANCED_FACE('',(#3802),#3820,.T.);
#3802 = FACE_BOUND('',#3803,.F.);
#3803 = EDGE_LOOP('',(#3804,#3812,#3818,#3819));
#3804 = ORIENTED_EDGE('',*,*,#3805,.T.);
#3805 = EDGE_CURVE('',#3386,#3806,#3808,.T.);
#3806 = VERTEX_POINT('',#3807);
#3807 = CARTESIAN_POINT('',(32.4,190.75,5.6));
#3808 = LINE('',#3809,#3810);
#3809 = CARTESIAN_POINT('',(32.133333333333,190.48333333333,
    5.866666666667));
#3810 = VECTOR('',#3811,1.);
#3811 = DIRECTION('',(0.57735026919,0.57735026919,-0.57735026919));
#3812 = ORIENTED_EDGE('',*,*,#3813,.T.);
#3813 = EDGE_CURVE('',#3806,#3782,#3814,.T.);
#3814 = LINE('',#3815,#3816);
#3815 = CARTESIAN_POINT('',(32.,190.75,5.6));
#3816 = VECTOR('',#3817,1.);
#3817 = DIRECTION('',(1.,2.22044604925E-16,3.330669073875E-16));
#3818 = ORIENTED_EDGE('',*,*,#3781,.F.);
#3819 = ORIENTED_EDGE('',*,*,#3393,.F.);
#3820 = PLANE('',#3821);
#3821 = AXIS2_PLACEMENT_3D('',#3822,#3823,#3824);
#3822 = CARTESIAN_POINT('',(32.,190.55,5.8));
#3823 = DIRECTION('',(-3.925231146709E-16,0.707106781187,0.707106781187)
  );
#3824 = DIRECTION('',(-1.,-2.22044604925E-16,-3.330669073875E-16));
#3825 = ADVANCED_FACE('',(#3826),#3837,.T.);
#3826 = FACE_BOUND('',#3827,.F.);
#3827 = EDGE_LOOP('',(#3828,#3829,#3830,#3831));
#3828 = ORIENTED_EDGE('',*,*,#3805,.F.);
#3829 = ORIENTED_EDGE('',*,*,#3410,.T.);
#3830 = ORIENTED_EDGE('',*,*,#3750,.T.);
#3831 = ORIENTED_EDGE('',*,*,#3832,.F.);
#3832 = EDGE_CURVE('',#3806,#3751,#3833,.T.);
#3833 = LINE('',#3834,#3835);
#3834 = CARTESIAN_POINT('',(32.4,190.75,6.));
#3835 = VECTOR('',#3836,1.);
#3836 = DIRECTION('',(3.330669073875E-16,-4.440892098501E-16,-1.));
#3837 = PLANE('',#3838);
#3838 = AXIS2_PLACEMENT_3D('',#3839,#3840,#3841);
#3839 = CARTESIAN_POINT('',(32.2,190.55,6.));
#3840 = DIRECTION('',(-0.707106781187,0.707106781187,-5.495323605393E-16
    ));
#3841 = DIRECTION('',(-3.330669073875E-16,4.440892098501E-16,1.));
#3842 = ADVANCED_FACE('',(#3843),#3849,.F.);
#3843 = FACE_BOUND('',#3844,.F.);
#3844 = EDGE_LOOP('',(#3845,#3846,#3847,#3848));
#3845 = ORIENTED_EDGE('',*,*,#3444,.F.);
#3846 = ORIENTED_EDGE('',*,*,#3646,.T.);
#3847 = ORIENTED_EDGE('',*,*,#3493,.T.);
#3848 = ORIENTED_EDGE('',*,*,#3468,.F.);
#3849 = PLANE('',#3850);
#3850 = AXIS2_PLACEMENT_3D('',#3851,#3852,#3853);
#3851 = CARTESIAN_POINT('',(191.5,171.5,2.));
#3852 = DIRECTION('',(2.22044604925E-16,-1.,4.440892098501E-16));
#3853 = DIRECTION('',(-3.330669073875E-16,4.440892098501E-16,1.));
#3854 = ADVANCED_FACE('',(#3855),#3880,.T.);
#3855 = FACE_BOUND('',#3856,.T.);
#3856 = EDGE_LOOP('',(#3857,#3858,#3866,#3874));
#3857 = ORIENTED_EDGE('',*,*,#3674,.F.);
#3858 = ORIENTED_EDGE('',*,*,#3859,.F.);
#3859 = EDGE_CURVE('',#3860,#3675,#3862,.T.);
#3860 = VERTEX_POINT('',#3861);
#3861 = CARTESIAN_POINT('',(61.434314575051,8.4,8.));
#3862 = LINE('',#3863,#3864);
#3863 = CARTESIAN_POINT('',(61.434314575051,8.4,7.6));
#3864 = VECTOR('',#3865,1.);
#3865 = DIRECTION('',(1.110223024625E-16,-2.22044604925E-16,-1.));
#3866 = ORIENTED_EDGE('',*,*,#3867,.T.);
#3867 = EDGE_CURVE('',#3860,#3868,#3870,.T.);
#3868 = VERTEX_POINT('',#3869);
#3869 = CARTESIAN_POINT('',(60.4,8.4,8.));
#3870 = LINE('',#3871,#3872);
#3871 = CARTESIAN_POINT('',(32.8,8.4,8.));
#3872 = VECTOR('',#3873,1.);
#3873 = DIRECTION('',(-1.,1.224646799147E-16,-3.330669073875E-16));
#3874 = ORIENTED_EDGE('',*,*,#3875,.F.);
#3875 = EDGE_CURVE('',#3677,#3868,#3876,.T.);
#3876 = LINE('',#3877,#3878);
#3877 = CARTESIAN_POINT('',(60.4,8.4,7.6));
#3878 = VECTOR('',#3879,1.);
#3879 = DIRECTION('',(-1.110223024625E-16,2.22044604925E-16,1.));
#3880 = PLANE('',#3881);
#3881 = AXIS2_PLACEMENT_3D('',#3882,#3883,#3884);
#3882 = CARTESIAN_POINT('',(61.6,8.4,7.6));
#3883 = DIRECTION('',(-1.224646799147E-16,-1.,2.22044604925E-16));
#3884 = DIRECTION('',(-1.110223024625E-16,2.22044604925E-16,1.));
#3885 = ADVANCED_FACE('',(#3886),#3904,.T.);
#3886 = FACE_BOUND('',#3887,.T.);
#3887 = EDGE_LOOP('',(#3888,#3889,#3897,#3903));
#3888 = ORIENTED_EDGE('',*,*,#3684,.F.);
#3889 = ORIENTED_EDGE('',*,*,#3890,.F.);
#3890 = EDGE_CURVE('',#3891,#3685,#3893,.T.);
#3891 = VERTEX_POINT('',#3892);
#3892 = CARTESIAN_POINT('',(62.,8.965685424949,8.));
#3893 = LINE('',#3894,#3895);
#3894 = CARTESIAN_POINT('',(62.,8.965685424949,7.6));
#3895 = VECTOR('',#3896,1.);
#3896 = DIRECTION('',(1.110223024625E-16,-2.22044604925E-16,-1.));
#3897 = ORIENTED_EDGE('',*,*,#3898,.T.);
#3898 = EDGE_CURVE('',#3891,#3860,#3899,.T.);
#3899 = LINE('',#3900,#3901);
#3900 = CARTESIAN_POINT('',(92.254657287525,39.220342712475,8.));
#3901 = VECTOR('',#3902,1.);
#3902 = DIRECTION('',(-0.707106781187,-0.707106781187,7.850462293419E-17
    ));
#3903 = ORIENTED_EDGE('',*,*,#3859,.T.);
#3904 = PLANE('',#3905);
#3905 = AXIS2_PLACEMENT_3D('',#3906,#3907,#3908);
#3906 = CARTESIAN_POINT('',(62.117157287525,9.082842712475,7.6));
#3907 = DIRECTION('',(0.707106781187,-0.707106781187,2.355138688026E-16)
  );
#3908 = DIRECTION('',(-1.110223024625E-16,2.22044604925E-16,1.));
#3909 = ADVANCED_FACE('',(#3910),#3928,.T.);
#3910 = FACE_BOUND('',#3911,.T.);
#3911 = EDGE_LOOP('',(#3912,#3913,#3921,#3927));
#3912 = ORIENTED_EDGE('',*,*,#3692,.F.);
#3913 = ORIENTED_EDGE('',*,*,#3914,.F.);
#3914 = EDGE_CURVE('',#3915,#3693,#3917,.T.);
#3915 = VERTEX_POINT('',#3916);
#3916 = CARTESIAN_POINT('',(62.,11.034314575051,8.));
#3917 = LINE('',#3918,#3919);
#3918 = CARTESIAN_POINT('',(62.,11.034314575051,7.6));
#3919 = VECTOR('',#3920,1.);
#3920 = DIRECTION('',(1.110223024625E-16,-2.22044604925E-16,-1.));
#3921 = ORIENTED_EDGE('',*,*,#3922,.T.);
#3922 = EDGE_CURVE('',#3915,#3891,#3923,.T.);
#3923 = LINE('',#3924,#3925);
#3924 = CARTESIAN_POINT('',(62.,99.475,8.));
#3925 = VECTOR('',#3926,1.);
#3926 = DIRECTION('',(1.110223024625E-16,-1.,4.440892098501E-16));
#3927 = ORIENTED_EDGE('',*,*,#3890,.T.);
#3928 = PLANE('',#3929);
#3929 = AXIS2_PLACEMENT_3D('',#3930,#3931,#3932);
#3930 = CARTESIAN_POINT('',(62.,11.2,7.6));
#3931 = DIRECTION('',(1.,1.110223024625E-16,1.110223024625E-16));
#3932 = DIRECTION('',(-1.110223024625E-16,2.22044604925E-16,1.));
#3933 = ADVANCED_FACE('',(#3934),#3952,.T.);
#3934 = FACE_BOUND('',#3935,.T.);
#3935 = EDGE_LOOP('',(#3936,#3937,#3945,#3951));
#3936 = ORIENTED_EDGE('',*,*,#3700,.F.);
#3937 = ORIENTED_EDGE('',*,*,#3938,.F.);
#3938 = EDGE_CURVE('',#3939,#3701,#3941,.T.);
#3939 = VERTEX_POINT('',#3940);
#3940 = CARTESIAN_POINT('',(61.434314575051,11.6,8.));
#3941 = LINE('',#3942,#3943);
#3942 = CARTESIAN_POINT('',(61.434314575051,11.6,7.6));
#3943 = VECTOR('',#3944,1.);
#3944 = DIRECTION('',(1.110223024625E-16,-2.22044604925E-16,-1.));
#3945 = ORIENTED_EDGE('',*,*,#3946,.T.);
#3946 = EDGE_CURVE('',#3939,#3915,#3947,.T.);
#3947 = LINE('',#3948,#3949);
#3948 = CARTESIAN_POINT('',(2.979657287525,70.054657287525,8.));
#3949 = VECTOR('',#3950,1.);
#3950 = DIRECTION('',(0.707106781187,-0.707106781187,5.495323605393E-16)
  );
#3951 = ORIENTED_EDGE('',*,*,#3914,.T.);
#3952 = PLANE('',#3953);
#3953 = AXIS2_PLACEMENT_3D('',#3954,#3955,#3956);
#3954 = CARTESIAN_POINT('',(61.317157287525,11.717157287525,7.6));
#3955 = DIRECTION('',(0.707106781187,0.707106781187,-7.850462293419E-17)
  );
#3956 = DIRECTION('',(-1.110223024625E-16,2.22044604925E-16,1.));
#3957 = ADVANCED_FACE('',(#3958),#3976,.T.);
#3958 = FACE_BOUND('',#3959,.T.);
#3959 = EDGE_LOOP('',(#3960,#3961,#3969,#3975));
#3960 = ORIENTED_EDGE('',*,*,#3708,.F.);
#3961 = ORIENTED_EDGE('',*,*,#3962,.F.);
#3962 = EDGE_CURVE('',#3963,#3709,#3965,.T.);
#3963 = VERTEX_POINT('',#3964);
#3964 = CARTESIAN_POINT('',(60.4,11.6,8.));
#3965 = LINE('',#3966,#3967);
#3966 = CARTESIAN_POINT('',(60.4,11.6,7.6));
#3967 = VECTOR('',#3968,1.);
#3968 = DIRECTION('',(1.110223024625E-16,-2.22044604925E-16,-1.));
#3969 = ORIENTED_EDGE('',*,*,#3970,.T.);
#3970 = EDGE_CURVE('',#3963,#3939,#3971,.T.);
#3971 = LINE('',#3972,#3973);
#3972 = CARTESIAN_POINT('',(32.,11.6,8.));
#3973 = VECTOR('',#3974,1.);
#3974 = DIRECTION('',(1.,6.162975822039E-32,3.330669073875E-16));
#3975 = ORIENTED_EDGE('',*,*,#3938,.T.);
#3976 = PLANE('',#3977);
#3977 = AXIS2_PLACEMENT_3D('',#3978,#3979,#3980);
#3978 = CARTESIAN_POINT('',(60.,11.6,7.6));
#3979 = DIRECTION('',(1.232595164408E-32,1.,-2.22044604925E-16));
#3980 = DIRECTION('',(-1.110223024625E-16,2.22044604925E-16,1.));
#3981 = ADVANCED_FACE('',(#3982),#3993,.T.);
#3982 = FACE_BOUND('',#3983,.T.);
#3983 = EDGE_LOOP('',(#3984,#3985,#3986,#3992));
#3984 = ORIENTED_EDGE('',*,*,#3716,.F.);
#3985 = ORIENTED_EDGE('',*,*,#3875,.T.);
#3986 = ORIENTED_EDGE('',*,*,#3987,.T.);
#3987 = EDGE_CURVE('',#3868,#3963,#3988,.T.);
#3988 = LINE('',#3989,#3990);
#3989 = CARTESIAN_POINT('',(60.4,97.875,8.));
#3990 = VECTOR('',#3991,1.);
#3991 = DIRECTION('',(1.110223024625E-16,1.,-4.440892098501E-16));
#3992 = ORIENTED_EDGE('',*,*,#3962,.T.);
#3993 = PLANE('',#3994);
#3994 = AXIS2_PLACEMENT_3D('',#3995,#3996,#3997);
#3995 = CARTESIAN_POINT('',(60.4,8.,7.6));
#3996 = DIRECTION('',(-1.,1.110223024625E-16,-1.110223024625E-16));
#3997 = DIRECTION('',(-1.110223024625E-16,2.22044604925E-16,1.));
#3998 = ADVANCED_FACE('',(#3999),#4005,.F.);
#3999 = FACE_BOUND('',#4000,.F.);
#4000 = EDGE_LOOP('',(#4001,#4002,#4003,#4004));
#4001 = ORIENTED_EDGE('',*,*,#3832,.T.);
#4002 = ORIENTED_EDGE('',*,*,#3758,.T.);
#4003 = ORIENTED_EDGE('',*,*,#3791,.F.);
#4004 = ORIENTED_EDGE('',*,*,#3813,.F.);
#4005 = PLANE('',#4006);
#4006 = AXIS2_PLACEMENT_3D('',#4007,#4008,#4009);
#4007 = CARTESIAN_POINT('',(32.,190.75,6.));
#4008 = DIRECTION('',(2.22044604925E-16,-1.,4.440892098501E-16));
#4009 = DIRECTION('',(3.330669073875E-16,-4.440892098501E-16,-1.));
#4010 = ADVANCED_FACE('',(#4011),#4019,.F.);
#4011 = FACE_BOUND('',#4012,.F.);
#4012 = EDGE_LOOP('',(#4013,#4014,#4015,#4016,#4017,#4018));
#4013 = ORIENTED_EDGE('',*,*,#3898,.T.);
#4014 = ORIENTED_EDGE('',*,*,#3867,.T.);
#4015 = ORIENTED_EDGE('',*,*,#3987,.T.);
#4016 = ORIENTED_EDGE('',*,*,#3970,.T.);
#4017 = ORIENTED_EDGE('',*,*,#3946,.T.);
#4018 = ORIENTED_EDGE('',*,*,#3922,.T.);
#4019 = PLANE('',#4020);
#4020 = AXIS2_PLACEMENT_3D('',#4021,#4022,#4023);
#4021 = CARTESIAN_POINT('',(4.,187.75,8.));
#4022 = DIRECTION('',(3.330669073875E-16,-4.440892098501E-16,-1.));
#4023 = DIRECTION('',(1.,2.22044604925E-16,3.330669073875E-16));
#4024 = ( GEOMETRIC_REPRESENTATION_CONTEXT(3)
GLOBAL_UNCERTAINTY_ASSIGNED_CONTEXT((#4028))
GLOBAL_UNIT_ASSIGNED_CONTEXT((#4025,#4026,#4027)) REPRESENTATION_CONTEXT
('Context #1','3D Context with UNIT and UNCERTAINTY') );
#4025 = ( LENGTH_UNIT() NAMED_UNIT(*) SI_UNIT(.MILLI.,.METRE.) );
#4026 = ( NAMED_UNIT(*) PLANE_ANGLE_UNIT() SI_UNIT($,.RADIAN.) );
#4027 = ( NAMED_UNIT(*) SI_UNIT($,.STERADIAN.) SOLID_ANGLE_UNIT() );
#4028 = UNCERTAINTY_MEASURE_WITH_UNIT(LENGTH_MEASURE(1.E-07),#4025,
  'distance_accuracy_value','confusion accuracy');
#4029 = PRODUCT_RELATED_PRODUCT_CATEGORY('part',$,(#7));
ENDSEC;
END-ISO-10303-21;
