ISO-10303-21;
HEADER;
FILE_DESCRIPTION(('FreeCAD Model'),'2;1');
FILE_NAME('Open CASCADE Shape Model','2026-10-09T08:39:34',('FreeCAD'),(
    'FreeCAD'),'Open CASCADE STEP processor 7.8','FreeCAD','Unknown');
FILE_SCHEMA(('AUTOMOTIVE_DESIGN { 1 0 10303 214 1 1 1 1 }'));
ENDSEC;
DATA;
#1 = APPLICATION_PROTOCOL_DEFINITION('international standard',
  'automotive_design',2000,#2);
#2 = APPLICATION_CONTEXT(
  'core data for automotive mechanical design processes');
#3 = SHAPE_DEFINITION_REPRESENTATION(#4,#10);
#4 = PRODUCT_DEFINITION_SHAPE('','',#5);
#5 = PRODUCT_DEFINITION('design','',#6,#9);
#6 = PRODUCT_DEFINITION_FORMATION('','',#7);
#7 = PRODUCT('Open CASCADE STEP translator 7.8 1',
  'Open CASCADE STEP translator 7.8 1','',(#8));
#8 = PRODUCT_CONTEXT('',#2,'mechanical');
#9 = PRODUCT_DEFINITION_CONTEXT('part definition',#2,'design');
#10 = ADVANCED_BREP_SHAPE_REPRESENTATION('',(#11,#15),#4254);
#11 = AXIS2_PLACEMENT_3D('',#12,#13,#14);
#12 = CARTESIAN_POINT('',(0.,0.,0.));
#13 = DIRECTION('',(0.,0.,1.));
#14 = DIRECTION('',(1.,0.,-0.));
#15 = MANIFOLD_SOLID_BREP('',#16);
#16 = CLOSED_SHELL('',(#17,#57,#208,#354,#442,#1165,#1177,#1201,#1259,
    #1283,#1300,#1358,#1375,#1400,#1425,#1456,#1480,#1504,#1521,#1546,
    #1571,#1596,#1618,#1635,#1652,#1664,#1689,#1714,#1739,#1764,#1789,
    #1813,#1837,#1854,#1878,#1902,#1919,#1931,#1943,#1955,#1967,#1998,
    #2022,#2046,#2070,#2094,#2111,#2142,#2166,#2190,#2214,#2238,#2255,
    #2286,#2310,#2334,#2358,#2382,#2399,#2430,#2454,#2478,#2502,#2526,
    #2543,#2574,#2598,#2622,#2646,#2670,#2687,#2728,#2752,#2776,#2800,
    #2834,#2858,#2883,#2907,#2932,#2949,#2980,#3005,#3029,#3053,#3087,
    #3111,#3136,#3160,#3184,#3208,#3226,#3257,#3281,#3305,#3329,#3353,
    #3370,#3401,#3425,#3449,#3473,#3497,#3514,#3545,#3569,#3593,#3617,
    #3641,#3658,#3700,#3724,#3751,#3768,#3810,#3834,#3861,#3878,#3909,
    #3933,#3957,#3974,#3991,#4008,#4025,#4042,#4059,#4076,#4093,#4110,
    #4130,#4150,#4162,#4187,#4199,#4224,#4236,#4245));
#17 = ADVANCED_FACE('',(#18),#52,.F.);
#18 = FACE_BOUND('',#19,.F.);
#19 = EDGE_LOOP('',(#20,#30,#38,#46));
#20 = ORIENTED_EDGE('',*,*,#21,.F.);
#21 = EDGE_CURVE('',#22,#24,#26,.T.);
#22 = VERTEX_POINT('',#23);
#23 = CARTESIAN_POINT('',(0.,187.75,8.));
#24 = VERTEX_POINT('',#25);
#25 = CARTESIAN_POINT('',(0.,187.75,-2.84217094304E-14));
#26 = LINE('',#27,#28);
#27 = CARTESIAN_POINT('',(0.,187.75,8.));
#28 = VECTOR('',#29,1.);
#29 = DIRECTION('',(0.,-4.440892098501E-16,-1.));
#30 = ORIENTED_EDGE('',*,*,#31,.T.);
#31 = EDGE_CURVE('',#22,#32,#34,.T.);
#32 = VERTEX_POINT('',#33);
#33 = CARTESIAN_POINT('',(0.,0.,8.));
#34 = LINE('',#35,#36);
#35 = CARTESIAN_POINT('',(0.,187.75,8.));
#36 = VECTOR('',#37,1.);
#37 = DIRECTION('',(0.,-1.,4.440892098501E-16));
#38 = ORIENTED_EDGE('',*,*,#39,.T.);
#39 = EDGE_CURVE('',#32,#40,#42,.T.);
#40 = VERTEX_POINT('',#41);
#41 = CARTESIAN_POINT('',(0.,0.,1.136868377216E-13));
#42 = LINE('',#43,#44);
#43 = CARTESIAN_POINT('',(0.,0.,8.));
#44 = VECTOR('',#45,1.);
#45 = DIRECTION('',(0.,-4.440892098501E-16,-1.));
#46 = ORIENTED_EDGE('',*,*,#47,.F.);
#47 = EDGE_CURVE('',#24,#40,#48,.T.);
#48 = LINE('',#49,#50);
#49 = CARTESIAN_POINT('',(0.,187.75,0.));
#50 = VECTOR('',#51,1.);
#51 = DIRECTION('',(0.,-1.,4.440892098501E-16));
#52 = PLANE('',#53);
#53 = AXIS2_PLACEMENT_3D('',#54,#55,#56);
#54 = CARTESIAN_POINT('',(0.,187.75,8.));
#55 = DIRECTION('',(1.,0.,0.));
#56 = DIRECTION('',(0.,-4.440892098501E-16,-1.));
#57 = ADVANCED_FACE('',(#58,#147,#158,#169),#203,.T.);
#58 = FACE_BOUND('',#59,.T.);
#59 = EDGE_LOOP('',(#60,#61,#69,#77,#85,#93,#101,#109,#117,#125,#133,
    #141));
#60 = ORIENTED_EDGE('',*,*,#21,.F.);
#61 = ORIENTED_EDGE('',*,*,#62,.T.);
#62 = EDGE_CURVE('',#22,#63,#65,.T.);
#63 = VERTEX_POINT('',#64);
#64 = CARTESIAN_POINT('',(34.,187.75,8.));
#65 = LINE('',#66,#67);
#66 = CARTESIAN_POINT('',(0.,187.75,8.));
#67 = VECTOR('',#68,1.);
#68 = DIRECTION('',(1.,0.,0.));
#69 = ORIENTED_EDGE('',*,*,#70,.F.);
#70 = EDGE_CURVE('',#71,#63,#73,.T.);
#71 = VERTEX_POINT('',#72);
#72 = CARTESIAN_POINT('',(34.,187.75,22.));
#73 = LINE('',#74,#75);
#74 = CARTESIAN_POINT('',(34.,187.75,22.));
#75 = VECTOR('',#76,1.);
#76 = DIRECTION('',(0.,-6.661338147751E-16,-1.));
#77 = ORIENTED_EDGE('',*,*,#78,.F.);
#78 = EDGE_CURVE('',#79,#71,#81,.T.);
#79 = VERTEX_POINT('',#80);
#80 = CARTESIAN_POINT('',(46.,187.75,22.));
#81 = LINE('',#82,#83);
#82 = CARTESIAN_POINT('',(46.,187.75,22.));
#83 = VECTOR('',#84,1.);
#84 = DIRECTION('',(-1.,0.,-0.));
#85 = ORIENTED_EDGE('',*,*,#86,.T.);
#86 = EDGE_CURVE('',#79,#87,#89,.T.);
#87 = VERTEX_POINT('',#88);
#88 = CARTESIAN_POINT('',(46.,187.75,8.));
#89 = LINE('',#90,#91);
#90 = CARTESIAN_POINT('',(46.,187.75,22.));
#91 = VECTOR('',#92,1.);
#92 = DIRECTION('',(0.,-6.661338147751E-16,-1.));
#93 = ORIENTED_EDGE('',*,*,#94,.T.);
#94 = EDGE_CURVE('',#87,#95,#97,.T.);
#95 = VERTEX_POINT('',#96);
#96 = CARTESIAN_POINT('',(154.,187.75,8.));
#97 = LINE('',#98,#99);
#98 = CARTESIAN_POINT('',(0.,187.75,8.));
#99 = VECTOR('',#100,1.);
#100 = DIRECTION('',(1.,0.,0.));
#101 = ORIENTED_EDGE('',*,*,#102,.F.);
#102 = EDGE_CURVE('',#103,#95,#105,.T.);
#103 = VERTEX_POINT('',#104);
#104 = CARTESIAN_POINT('',(154.,187.75,22.));
#105 = LINE('',#106,#107);
#106 = CARTESIAN_POINT('',(154.,187.75,22.));
#107 = VECTOR('',#108,1.);
#108 = DIRECTION('',(0.,-6.661338147751E-16,-1.));
#109 = ORIENTED_EDGE('',*,*,#110,.F.);
#110 = EDGE_CURVE('',#111,#103,#113,.T.);
#111 = VERTEX_POINT('',#112);
#112 = CARTESIAN_POINT('',(166.,187.75,22.));
#113 = LINE('',#114,#115);
#114 = CARTESIAN_POINT('',(166.,187.75,22.));
#115 = VECTOR('',#116,1.);
#116 = DIRECTION('',(-1.,0.,-0.));
#117 = ORIENTED_EDGE('',*,*,#118,.T.);
#118 = EDGE_CURVE('',#111,#119,#121,.T.);
#119 = VERTEX_POINT('',#120);
#120 = CARTESIAN_POINT('',(166.,187.75,8.));
#121 = LINE('',#122,#123);
#122 = CARTESIAN_POINT('',(166.,187.75,22.));
#123 = VECTOR('',#124,1.);
#124 = DIRECTION('',(0.,-6.661338147751E-16,-1.));
#125 = ORIENTED_EDGE('',*,*,#126,.T.);
#126 = EDGE_CURVE('',#119,#127,#129,.T.);
#127 = VERTEX_POINT('',#128);
#128 = CARTESIAN_POINT('',(200.,187.75,8.));
#129 = LINE('',#130,#131);
#130 = CARTESIAN_POINT('',(0.,187.75,8.));
#131 = VECTOR('',#132,1.);
#132 = DIRECTION('',(1.,0.,0.));
#133 = ORIENTED_EDGE('',*,*,#134,.T.);
#134 = EDGE_CURVE('',#127,#135,#137,.T.);
#135 = VERTEX_POINT('',#136);
#136 = CARTESIAN_POINT('',(200.,187.75,-2.84217094304E-14));
#137 = LINE('',#138,#139);
#138 = CARTESIAN_POINT('',(200.,187.75,8.));
#139 = VECTOR('',#140,1.);
#140 = DIRECTION('',(0.,-4.440892098501E-16,-1.));
#141 = ORIENTED_EDGE('',*,*,#142,.F.);
#142 = EDGE_CURVE('',#24,#135,#143,.T.);
#143 = LINE('',#144,#145);
#144 = CARTESIAN_POINT('',(0.,187.75,0.));
#145 = VECTOR('',#146,1.);
#146 = DIRECTION('',(1.,0.,0.));
#147 = FACE_BOUND('',#148,.T.);
#148 = EDGE_LOOP('',(#149));
#149 = ORIENTED_EDGE('',*,*,#150,.T.);
#150 = EDGE_CURVE('',#151,#151,#153,.T.);
#151 = VERTEX_POINT('',#152);
#152 = CARTESIAN_POINT('',(38.2,187.75,14.));
#153 = CIRCLE('',#154,1.8);
#154 = AXIS2_PLACEMENT_3D('',#155,#156,#157);
#155 = CARTESIAN_POINT('',(40.,187.75,14.));
#156 = DIRECTION('',(-0.,-1.,6.661338147751E-16));
#157 = DIRECTION('',(-1.,0.,-0.));
#158 = FACE_BOUND('',#159,.T.);
#159 = EDGE_LOOP('',(#160));
#160 = ORIENTED_EDGE('',*,*,#161,.T.);
#161 = EDGE_CURVE('',#162,#162,#164,.T.);
#162 = VERTEX_POINT('',#163);
#163 = CARTESIAN_POINT('',(158.2,187.75,14.));
#164 = CIRCLE('',#165,1.8);
#165 = AXIS2_PLACEMENT_3D('',#166,#167,#168);
#166 = CARTESIAN_POINT('',(160.,187.75,14.));
#167 = DIRECTION('',(-0.,-1.,6.661338147751E-16));
#168 = DIRECTION('',(-1.,0.,-0.));
#169 = FACE_BOUND('',#170,.T.);
#170 = EDGE_LOOP('',(#171,#181,#189,#197));
#171 = ORIENTED_EDGE('',*,*,#172,.T.);
#172 = EDGE_CURVE('',#173,#175,#177,.T.);
#173 = VERTEX_POINT('',#174);
#174 = CARTESIAN_POINT('',(28.,187.75,2.));
#175 = VERTEX_POINT('',#176);
#176 = CARTESIAN_POINT('',(172.,187.75,2.));
#177 = LINE('',#178,#179);
#178 = CARTESIAN_POINT('',(14.,187.75,2.));
#179 = VECTOR('',#180,1.);
#180 = DIRECTION('',(1.,-0.,0.));
#181 = ORIENTED_EDGE('',*,*,#182,.T.);
#182 = EDGE_CURVE('',#175,#183,#185,.T.);
#183 = VERTEX_POINT('',#184);
#184 = CARTESIAN_POINT('',(172.,187.75,6.));
#185 = LINE('',#186,#187);
#186 = CARTESIAN_POINT('',(172.,187.75,7.));
#187 = VECTOR('',#188,1.);
#188 = DIRECTION('',(0.,4.440892098501E-16,1.));
#189 = ORIENTED_EDGE('',*,*,#190,.F.);
#190 = EDGE_CURVE('',#191,#183,#193,.T.);
#191 = VERTEX_POINT('',#192);
#192 = CARTESIAN_POINT('',(28.,187.75,6.));
#193 = LINE('',#194,#195);
#194 = CARTESIAN_POINT('',(14.,187.75,6.));
#195 = VECTOR('',#196,1.);
#196 = DIRECTION('',(1.,-0.,0.));
#197 = ORIENTED_EDGE('',*,*,#198,.F.);
#198 = EDGE_CURVE('',#173,#191,#199,.T.);
#199 = LINE('',#200,#201);
#200 = CARTESIAN_POINT('',(28.,187.75,7.));
#201 = VECTOR('',#202,1.);
#202 = DIRECTION('',(0.,4.440892098501E-16,1.));
#203 = PLANE('',#204);
#204 = AXIS2_PLACEMENT_3D('',#205,#206,#207);
#205 = CARTESIAN_POINT('',(100.,187.75,6.016949152542));
#206 = DIRECTION('',(0.,1.,-6.661338147751E-16));
#207 = DIRECTION('',(1.,-0.,0.));
#208 = ADVANCED_FACE('',(#209,#227,#238,#249,#260,#294,#305,#316,#327,
    #338),#349,.T.);
#209 = FACE_BOUND('',#210,.T.);
#210 = EDGE_LOOP('',(#211,#212,#213,#221));
#211 = ORIENTED_EDGE('',*,*,#47,.F.);
#212 = ORIENTED_EDGE('',*,*,#142,.T.);
#213 = ORIENTED_EDGE('',*,*,#214,.T.);
#214 = EDGE_CURVE('',#135,#215,#217,.T.);
#215 = VERTEX_POINT('',#216);
#216 = CARTESIAN_POINT('',(200.,0.,1.136868377216E-13));
#217 = LINE('',#218,#219);
#218 = CARTESIAN_POINT('',(200.,187.75,0.));
#219 = VECTOR('',#220,1.);
#220 = DIRECTION('',(0.,-1.,4.440892098501E-16));
#221 = ORIENTED_EDGE('',*,*,#222,.F.);
#222 = EDGE_CURVE('',#40,#215,#223,.T.);
#223 = LINE('',#224,#225);
#224 = CARTESIAN_POINT('',(0.,0.,8.348877145181E-14));
#225 = VECTOR('',#226,1.);
#226 = DIRECTION('',(1.,0.,0.));
#227 = FACE_BOUND('',#228,.T.);
#228 = EDGE_LOOP('',(#229));
#229 = ORIENTED_EDGE('',*,*,#230,.F.);
#230 = EDGE_CURVE('',#231,#231,#233,.T.);
#231 = VERTEX_POINT('',#232);
#232 = CARTESIAN_POINT('',(13.8,175.75,-2.84217094304E-14));
#233 = CIRCLE('',#234,1.8);
#234 = AXIS2_PLACEMENT_3D('',#235,#236,#237);
#235 = CARTESIAN_POINT('',(12.,175.75,5.329070518201E-15));
#236 = DIRECTION('',(0.,-4.440892098501E-16,-1.));
#237 = DIRECTION('',(1.,0.,0.));
#238 = FACE_BOUND('',#239,.T.);
#239 = EDGE_LOOP('',(#240));
#240 = ORIENTED_EDGE('',*,*,#241,.F.);
#241 = EDGE_CURVE('',#242,#242,#244,.T.);
#242 = VERTEX_POINT('',#243);
#243 = CARTESIAN_POINT('',(101.8,175.75,-2.84217094304E-14));
#244 = CIRCLE('',#245,1.8);
#245 = AXIS2_PLACEMENT_3D('',#246,#247,#248);
#246 = CARTESIAN_POINT('',(100.,175.75,5.329070518201E-15));
#247 = DIRECTION('',(0.,-4.440892098501E-16,-1.));
#248 = DIRECTION('',(1.,0.,0.));
#249 = FACE_BOUND('',#250,.T.);
#250 = EDGE_LOOP('',(#251));
#251 = ORIENTED_EDGE('',*,*,#252,.F.);
#252 = EDGE_CURVE('',#253,#253,#255,.T.);
#253 = VERTEX_POINT('',#254);
#254 = CARTESIAN_POINT('',(13.8,93.875,2.84217094304E-14));
#255 = CIRCLE('',#256,1.8);
#256 = AXIS2_PLACEMENT_3D('',#257,#258,#259);
#257 = CARTESIAN_POINT('',(12.,93.875,4.174438572591E-14));
#258 = DIRECTION('',(0.,-4.440892098501E-16,-1.));
#259 = DIRECTION('',(1.,0.,0.));
#260 = FACE_BOUND('',#261,.T.);
#261 = EDGE_LOOP('',(#262,#272,#280,#288));
#262 = ORIENTED_EDGE('',*,*,#263,.T.);
#263 = EDGE_CURVE('',#264,#266,#268,.T.);
#264 = VERTEX_POINT('',#265);
#265 = CARTESIAN_POINT('',(176.,163.75,0.));
#266 = VERTEX_POINT('',#267);
#267 = CARTESIAN_POINT('',(24.,163.75,0.));
#268 = LINE('',#269,#270);
#269 = CARTESIAN_POINT('',(12.,163.75,1.06581410364E-14));
#270 = VECTOR('',#271,1.);
#271 = DIRECTION('',(-1.,0.,-0.));
#272 = ORIENTED_EDGE('',*,*,#273,.T.);
#273 = EDGE_CURVE('',#266,#274,#276,.T.);
#274 = VERTEX_POINT('',#275);
#275 = CARTESIAN_POINT('',(24.,24.,5.684341886081E-14));
#276 = LINE('',#277,#278);
#277 = CARTESIAN_POINT('',(24.,175.75,5.329070518201E-15));
#278 = VECTOR('',#279,1.);
#279 = DIRECTION('',(0.,-1.,4.440892098501E-16));
#280 = ORIENTED_EDGE('',*,*,#281,.F.);
#281 = EDGE_CURVE('',#282,#274,#284,.T.);
#282 = VERTEX_POINT('',#283);
#283 = CARTESIAN_POINT('',(176.,24.,5.684341886081E-14));
#284 = LINE('',#285,#286);
#285 = CARTESIAN_POINT('',(12.,24.,7.283063041541E-14));
#286 = VECTOR('',#287,1.);
#287 = DIRECTION('',(-1.,0.,-0.));
#288 = ORIENTED_EDGE('',*,*,#289,.F.);
#289 = EDGE_CURVE('',#264,#282,#290,.T.);
#290 = LINE('',#291,#292);
#291 = CARTESIAN_POINT('',(176.,175.75,5.329070518201E-15));
#292 = VECTOR('',#293,1.);
#293 = DIRECTION('',(0.,-1.,4.440892098501E-16));
#294 = FACE_BOUND('',#295,.T.);
#295 = EDGE_LOOP('',(#296));
#296 = ORIENTED_EDGE('',*,*,#297,.F.);
#297 = EDGE_CURVE('',#298,#298,#300,.T.);
#298 = VERTEX_POINT('',#299);
#299 = CARTESIAN_POINT('',(189.8,175.75,-2.84217094304E-14));
#300 = CIRCLE('',#301,1.8);
#301 = AXIS2_PLACEMENT_3D('',#302,#303,#304);
#302 = CARTESIAN_POINT('',(188.,175.75,5.329070518201E-15));
#303 = DIRECTION('',(0.,-4.440892098501E-16,-1.));
#304 = DIRECTION('',(1.,0.,0.));
#305 = FACE_BOUND('',#306,.T.);
#306 = EDGE_LOOP('',(#307));
#307 = ORIENTED_EDGE('',*,*,#308,.F.);
#308 = EDGE_CURVE('',#309,#309,#311,.T.);
#309 = VERTEX_POINT('',#310);
#310 = CARTESIAN_POINT('',(189.8,93.875,2.84217094304E-14));
#311 = CIRCLE('',#312,1.8);
#312 = AXIS2_PLACEMENT_3D('',#313,#314,#315);
#313 = CARTESIAN_POINT('',(188.,93.875,4.174438572591E-14));
#314 = DIRECTION('',(0.,-4.440892098501E-16,-1.));
#315 = DIRECTION('',(1.,0.,0.));
#316 = FACE_BOUND('',#317,.T.);
#317 = EDGE_LOOP('',(#318));
#318 = ORIENTED_EDGE('',*,*,#319,.F.);
#319 = EDGE_CURVE('',#320,#320,#322,.T.);
#320 = VERTEX_POINT('',#321);
#321 = CARTESIAN_POINT('',(13.8,12.,5.684341886081E-14));
#322 = CIRCLE('',#323,1.8);
#323 = AXIS2_PLACEMENT_3D('',#324,#325,#326);
#324 = CARTESIAN_POINT('',(12.,12.,7.815970093361E-14));
#325 = DIRECTION('',(0.,-4.440892098501E-16,-1.));
#326 = DIRECTION('',(1.,0.,0.));
#327 = FACE_BOUND('',#328,.T.);
#328 = EDGE_LOOP('',(#329));
#329 = ORIENTED_EDGE('',*,*,#330,.F.);
#330 = EDGE_CURVE('',#331,#331,#333,.T.);
#331 = VERTEX_POINT('',#332);
#332 = CARTESIAN_POINT('',(101.8,12.,5.684341886081E-14));
#333 = CIRCLE('',#334,1.8);
#334 = AXIS2_PLACEMENT_3D('',#335,#336,#337);
#335 = CARTESIAN_POINT('',(100.,12.,7.815970093361E-14));
#336 = DIRECTION('',(0.,-4.440892098501E-16,-1.));
#337 = DIRECTION('',(1.,0.,0.));
#338 = FACE_BOUND('',#339,.T.);
#339 = EDGE_LOOP('',(#340));
#340 = ORIENTED_EDGE('',*,*,#341,.F.);
#341 = EDGE_CURVE('',#342,#342,#344,.T.);
#342 = VERTEX_POINT('',#343);
#343 = CARTESIAN_POINT('',(189.8,12.,5.684341886081E-14));
#344 = CIRCLE('',#345,1.8);
#345 = AXIS2_PLACEMENT_3D('',#346,#347,#348);
#346 = CARTESIAN_POINT('',(188.,12.,7.815970093361E-14));
#347 = DIRECTION('',(0.,-4.440892098501E-16,-1.));
#348 = DIRECTION('',(1.,0.,0.));
#349 = PLANE('',#350);
#350 = AXIS2_PLACEMENT_3D('',#351,#352,#353);
#351 = CARTESIAN_POINT('',(0.,187.75,0.));
#352 = DIRECTION('',(0.,-4.440892098501E-16,-1.));
#353 = DIRECTION('',(1.,0.,0.));
#354 = ADVANCED_FACE('',(#355),#437,.T.);
#355 = FACE_BOUND('',#356,.T.);
#356 = EDGE_LOOP('',(#357,#365,#366,#367,#375,#383,#391,#399,#407,#415,
    #423,#431));
#357 = ORIENTED_EDGE('',*,*,#358,.F.);
#358 = EDGE_CURVE('',#32,#359,#361,.T.);
#359 = VERTEX_POINT('',#360);
#360 = CARTESIAN_POINT('',(1.75,2.84217094304E-14,8.));
#361 = LINE('',#362,#363);
#362 = CARTESIAN_POINT('',(0.,0.,8.));
#363 = VECTOR('',#364,1.);
#364 = DIRECTION('',(1.,0.,0.));
#365 = ORIENTED_EDGE('',*,*,#39,.T.);
#366 = ORIENTED_EDGE('',*,*,#222,.T.);
#367 = ORIENTED_EDGE('',*,*,#368,.F.);
#368 = EDGE_CURVE('',#369,#215,#371,.T.);
#369 = VERTEX_POINT('',#370);
#370 = CARTESIAN_POINT('',(200.,0.,8.));
#371 = LINE('',#372,#373);
#372 = CARTESIAN_POINT('',(200.,0.,8.));
#373 = VECTOR('',#374,1.);
#374 = DIRECTION('',(0.,-4.440892098501E-16,-1.));
#375 = ORIENTED_EDGE('',*,*,#376,.F.);
#376 = EDGE_CURVE('',#377,#369,#379,.T.);
#377 = VERTEX_POINT('',#378);
#378 = CARTESIAN_POINT('',(198.25,2.84217094304E-14,8.));
#379 = LINE('',#380,#381);
#380 = CARTESIAN_POINT('',(0.,0.,8.));
#381 = VECTOR('',#382,1.);
#382 = DIRECTION('',(1.,0.,0.));
#383 = ORIENTED_EDGE('',*,*,#384,.T.);
#384 = EDGE_CURVE('',#377,#385,#387,.T.);
#385 = VERTEX_POINT('',#386);
#386 = CARTESIAN_POINT('',(198.25,0.,4.));
#387 = LINE('',#388,#389);
#388 = CARTESIAN_POINT('',(198.25,0.,8.));
#389 = VECTOR('',#390,1.);
#390 = DIRECTION('',(0.,-4.440892098501E-16,-1.));
#391 = ORIENTED_EDGE('',*,*,#392,.F.);
#392 = EDGE_CURVE('',#393,#385,#395,.T.);
#393 = VERTEX_POINT('',#394);
#394 = CARTESIAN_POINT('',(193.75,0.,4.));
#395 = LINE('',#396,#397);
#396 = CARTESIAN_POINT('',(99.125,0.,4.));
#397 = VECTOR('',#398,1.);
#398 = DIRECTION('',(1.,0.,0.));
#399 = ORIENTED_EDGE('',*,*,#400,.F.);
#400 = EDGE_CURVE('',#401,#393,#403,.T.);
#401 = VERTEX_POINT('',#402);
#402 = CARTESIAN_POINT('',(193.75,2.84217094304E-14,8.));
#403 = LINE('',#404,#405);
#404 = CARTESIAN_POINT('',(193.75,0.,8.));
#405 = VECTOR('',#406,1.);
#406 = DIRECTION('',(0.,-4.440892098501E-16,-1.));
#407 = ORIENTED_EDGE('',*,*,#408,.F.);
#408 = EDGE_CURVE('',#409,#401,#411,.T.);
#409 = VERTEX_POINT('',#410);
#410 = CARTESIAN_POINT('',(6.25,2.84217094304E-14,8.));
#411 = LINE('',#412,#413);
#412 = CARTESIAN_POINT('',(0.,0.,8.));
#413 = VECTOR('',#414,1.);
#414 = DIRECTION('',(1.,0.,0.));
#415 = ORIENTED_EDGE('',*,*,#416,.T.);
#416 = EDGE_CURVE('',#409,#417,#419,.T.);
#417 = VERTEX_POINT('',#418);
#418 = CARTESIAN_POINT('',(6.25,0.,4.));
#419 = LINE('',#420,#421);
#420 = CARTESIAN_POINT('',(6.25,0.,8.));
#421 = VECTOR('',#422,1.);
#422 = DIRECTION('',(0.,-4.440892098501E-16,-1.));
#423 = ORIENTED_EDGE('',*,*,#424,.F.);
#424 = EDGE_CURVE('',#425,#417,#427,.T.);
#425 = VERTEX_POINT('',#426);
#426 = CARTESIAN_POINT('',(1.75,0.,4.));
#427 = LINE('',#428,#429);
#428 = CARTESIAN_POINT('',(3.125,0.,4.));
#429 = VECTOR('',#430,1.);
#430 = DIRECTION('',(1.,0.,0.));
#431 = ORIENTED_EDGE('',*,*,#432,.F.);
#432 = EDGE_CURVE('',#359,#425,#433,.T.);
#433 = LINE('',#434,#435);
#434 = CARTESIAN_POINT('',(1.75,0.,8.));
#435 = VECTOR('',#436,1.);
#436 = DIRECTION('',(0.,-4.440892098501E-16,-1.));
#437 = PLANE('',#438);
#438 = AXIS2_PLACEMENT_3D('',#439,#440,#441);
#439 = CARTESIAN_POINT('',(0.,0.,8.));
#440 = DIRECTION('',(0.,-1.,4.440892098501E-16));
#441 = DIRECTION('',(0.,-4.440892098501E-16,-1.));
#442 = ADVANCED_FACE('',(#443,#546,#596,#646,#696,#746,#796,#882,#976,
    #1010,#1060,#1110),#1160,.F.);
#443 = FACE_BOUND('',#444,.F.);
#444 = EDGE_LOOP('',(#445,#446,#447,#448,#456,#464,#470,#471,#479,#487,
    #493,#494,#500,#501,#509,#517,#523,#524,#532,#540));
#445 = ORIENTED_EDGE('',*,*,#358,.F.);
#446 = ORIENTED_EDGE('',*,*,#31,.F.);
#447 = ORIENTED_EDGE('',*,*,#62,.T.);
#448 = ORIENTED_EDGE('',*,*,#449,.F.);
#449 = EDGE_CURVE('',#450,#63,#452,.T.);
#450 = VERTEX_POINT('',#451);
#451 = CARTESIAN_POINT('',(34.,173.75,8.));
#452 = LINE('',#453,#454);
#453 = CARTESIAN_POINT('',(34.,187.75,8.));
#454 = VECTOR('',#455,1.);
#455 = DIRECTION('',(-0.,1.,-4.440892098501E-16));
#456 = ORIENTED_EDGE('',*,*,#457,.F.);
#457 = EDGE_CURVE('',#458,#450,#460,.T.);
#458 = VERTEX_POINT('',#459);
#459 = CARTESIAN_POINT('',(46.,173.75,8.));
#460 = LINE('',#461,#462);
#461 = CARTESIAN_POINT('',(23.,173.75,8.));
#462 = VECTOR('',#463,1.);
#463 = DIRECTION('',(-1.,0.,0.));
#464 = ORIENTED_EDGE('',*,*,#465,.T.);
#465 = EDGE_CURVE('',#458,#87,#466,.T.);
#466 = LINE('',#467,#468);
#467 = CARTESIAN_POINT('',(46.,187.75,8.));
#468 = VECTOR('',#469,1.);
#469 = DIRECTION('',(-0.,1.,-4.440892098501E-16));
#470 = ORIENTED_EDGE('',*,*,#94,.T.);
#471 = ORIENTED_EDGE('',*,*,#472,.F.);
#472 = EDGE_CURVE('',#473,#95,#475,.T.);
#473 = VERTEX_POINT('',#474);
#474 = CARTESIAN_POINT('',(154.,173.75,8.));
#475 = LINE('',#476,#477);
#476 = CARTESIAN_POINT('',(154.,187.75,8.));
#477 = VECTOR('',#478,1.);
#478 = DIRECTION('',(-0.,1.,-4.440892098501E-16));
#479 = ORIENTED_EDGE('',*,*,#480,.F.);
#480 = EDGE_CURVE('',#481,#473,#483,.T.);
#481 = VERTEX_POINT('',#482);
#482 = CARTESIAN_POINT('',(166.,173.75,8.));
#483 = LINE('',#484,#485);
#484 = CARTESIAN_POINT('',(83.,173.75,8.));
#485 = VECTOR('',#486,1.);
#486 = DIRECTION('',(-1.,0.,0.));
#487 = ORIENTED_EDGE('',*,*,#488,.T.);
#488 = EDGE_CURVE('',#481,#119,#489,.T.);
#489 = LINE('',#490,#491);
#490 = CARTESIAN_POINT('',(166.,187.75,8.));
#491 = VECTOR('',#492,1.);
#492 = DIRECTION('',(-0.,1.,-4.440892098501E-16));
#493 = ORIENTED_EDGE('',*,*,#126,.T.);
#494 = ORIENTED_EDGE('',*,*,#495,.T.);
#495 = EDGE_CURVE('',#127,#369,#496,.T.);
#496 = LINE('',#497,#498);
#497 = CARTESIAN_POINT('',(200.,187.75,8.));
#498 = VECTOR('',#499,1.);
#499 = DIRECTION('',(0.,-1.,4.440892098501E-16));
#500 = ORIENTED_EDGE('',*,*,#376,.F.);
#501 = ORIENTED_EDGE('',*,*,#502,.F.);
#502 = EDGE_CURVE('',#503,#377,#505,.T.);
#503 = VERTEX_POINT('',#504);
#504 = CARTESIAN_POINT('',(198.25,171.75,8.));
#505 = LINE('',#506,#507);
#506 = CARTESIAN_POINT('',(198.25,171.75,8.));
#507 = VECTOR('',#508,1.);
#508 = DIRECTION('',(0.,-1.,6.661338147751E-16));
#509 = ORIENTED_EDGE('',*,*,#510,.T.);
#510 = EDGE_CURVE('',#503,#511,#513,.T.);
#511 = VERTEX_POINT('',#512);
#512 = CARTESIAN_POINT('',(193.75,171.75,8.));
#513 = LINE('',#514,#515);
#514 = CARTESIAN_POINT('',(198.25,171.75,8.));
#515 = VECTOR('',#516,1.);
#516 = DIRECTION('',(-1.,0.,-0.));
#517 = ORIENTED_EDGE('',*,*,#518,.T.);
#518 = EDGE_CURVE('',#511,#401,#519,.T.);
#519 = LINE('',#520,#521);
#520 = CARTESIAN_POINT('',(193.75,171.75,8.));
#521 = VECTOR('',#522,1.);
#522 = DIRECTION('',(0.,-1.,6.661338147751E-16));
#523 = ORIENTED_EDGE('',*,*,#408,.F.);
#524 = ORIENTED_EDGE('',*,*,#525,.F.);
#525 = EDGE_CURVE('',#526,#409,#528,.T.);
#526 = VERTEX_POINT('',#527);
#527 = CARTESIAN_POINT('',(6.25,171.75,8.));
#528 = LINE('',#529,#530);
#529 = CARTESIAN_POINT('',(6.25,171.75,8.));
#530 = VECTOR('',#531,1.);
#531 = DIRECTION('',(0.,-1.,6.661338147751E-16));
#532 = ORIENTED_EDGE('',*,*,#533,.T.);
#533 = EDGE_CURVE('',#526,#534,#536,.T.);
#534 = VERTEX_POINT('',#535);
#535 = CARTESIAN_POINT('',(1.75,171.75,8.));
#536 = LINE('',#537,#538);
#537 = CARTESIAN_POINT('',(6.25,171.75,8.));
#538 = VECTOR('',#539,1.);
#539 = DIRECTION('',(-1.,0.,-0.));
#540 = ORIENTED_EDGE('',*,*,#541,.T.);
#541 = EDGE_CURVE('',#534,#359,#542,.T.);
#542 = LINE('',#543,#544);
#543 = CARTESIAN_POINT('',(1.75,171.75,8.));
#544 = VECTOR('',#545,1.);
#545 = DIRECTION('',(0.,-1.,6.661338147751E-16));
#546 = FACE_BOUND('',#547,.F.);
#547 = EDGE_LOOP('',(#548,#558,#566,#574,#582,#590));
#548 = ORIENTED_EDGE('',*,*,#549,.T.);
#549 = EDGE_CURVE('',#550,#552,#554,.T.);
#550 = VERTEX_POINT('',#551);
#551 = CARTESIAN_POINT('',(9.05,174.04681670589,8.));
#552 = VERTEX_POINT('',#553);
#553 = CARTESIAN_POINT('',(12.,172.34363341178,8.));
#554 = LINE('',#555,#556);
#555 = CARTESIAN_POINT('',(4.164423788647,176.86750544666,8.));
#556 = VECTOR('',#557,1.);
#557 = DIRECTION('',(0.866025403784,-0.5,2.22044604925E-16));
#558 = ORIENTED_EDGE('',*,*,#559,.T.);
#559 = EDGE_CURVE('',#552,#560,#562,.T.);
#560 = VERTEX_POINT('',#561);
#561 = CARTESIAN_POINT('',(14.95,174.04681670589,8.));
#562 = LINE('',#563,#564);
#563 = CARTESIAN_POINT('',(12.310576211353,172.52294467101,8.));
#564 = VECTOR('',#565,1.);
#565 = DIRECTION('',(0.866025403784,0.5,-2.22044604925E-16));
#566 = ORIENTED_EDGE('',*,*,#567,.T.);
#567 = EDGE_CURVE('',#560,#568,#570,.T.);
#568 = VERTEX_POINT('',#569);
#569 = CARTESIAN_POINT('',(14.95,177.4531832941,8.));
#570 = LINE('',#571,#572);
#571 = CARTESIAN_POINT('',(14.95,182.60159164705,8.));
#572 = VECTOR('',#573,1.);
#573 = DIRECTION('',(-5.214814064769E-16,1.,-4.440892098501E-16));
#574 = ORIENTED_EDGE('',*,*,#575,.T.);
#575 = EDGE_CURVE('',#568,#576,#578,.T.);
#576 = VERTEX_POINT('',#577);
#577 = CARTESIAN_POINT('',(12.,179.15636658821,8.));
#578 = LINE('',#579,#580);
#579 = CARTESIAN_POINT('',(5.639423788647,182.82864697604,8.));
#580 = VECTOR('',#581,1.);
#581 = DIRECTION('',(-0.866025403784,0.5,-2.22044604925E-16));
#582 = ORIENTED_EDGE('',*,*,#583,.T.);
#583 = EDGE_CURVE('',#576,#584,#586,.T.);
#584 = VERTEX_POINT('',#585);
#585 = CARTESIAN_POINT('',(9.05,177.4531832941,8.));
#586 = LINE('',#587,#588);
#587 = CARTESIAN_POINT('',(7.885576211353,176.78090290628,8.));
#588 = VECTOR('',#589,1.);
#589 = DIRECTION('',(-0.866025403784,-0.5,2.22044604925E-16));
#590 = ORIENTED_EDGE('',*,*,#591,.T.);
#591 = EDGE_CURVE('',#584,#550,#592,.T.);
#592 = LINE('',#593,#594);
#593 = CARTESIAN_POINT('',(9.05,180.89840835294,8.));
#594 = VECTOR('',#595,1.);
#595 = DIRECTION('',(-5.214814064769E-16,-1.,4.440892098501E-16));
#596 = FACE_BOUND('',#597,.F.);
#597 = EDGE_LOOP('',(#598,#608,#616,#624,#632,#640));
#598 = ORIENTED_EDGE('',*,*,#599,.T.);
#599 = EDGE_CURVE('',#600,#602,#604,.T.);
#600 = VERTEX_POINT('',#601);
#601 = CARTESIAN_POINT('',(97.05,174.04681670589,8.));
#602 = VERTEX_POINT('',#603);
#603 = CARTESIAN_POINT('',(100.,172.34363341178,8.));
#604 = LINE('',#605,#606);
#605 = CARTESIAN_POINT('',(59.164423788647,195.92006432992,8.));
#606 = VECTOR('',#607,1.);
#607 = DIRECTION('',(0.866025403784,-0.5,2.22044604925E-16));
#608 = ORIENTED_EDGE('',*,*,#609,.T.);
#609 = EDGE_CURVE('',#602,#610,#612,.T.);
#610 = VERTEX_POINT('',#611);
#611 = CARTESIAN_POINT('',(102.95,174.04681670589,8.));
#612 = LINE('',#613,#614);
#613 = CARTESIAN_POINT('',(67.310576211353,153.47038578775,8.));
#614 = VECTOR('',#615,1.);
#615 = DIRECTION('',(0.866025403784,0.5,-2.22044604925E-16));
#616 = ORIENTED_EDGE('',*,*,#617,.T.);
#617 = EDGE_CURVE('',#610,#618,#620,.T.);
#618 = VERTEX_POINT('',#619);
#619 = CARTESIAN_POINT('',(102.95,177.4531832941,8.));
#620 = LINE('',#621,#622);
#621 = CARTESIAN_POINT('',(102.95,182.60159164705,8.));
#622 = VECTOR('',#623,1.);
#623 = DIRECTION('',(0.,1.,-4.440892098501E-16));
#624 = ORIENTED_EDGE('',*,*,#625,.T.);
#625 = EDGE_CURVE('',#618,#626,#628,.T.);
#626 = VERTEX_POINT('',#627);
#627 = CARTESIAN_POINT('',(100.,179.15636658821,8.));
#628 = LINE('',#629,#630);
#629 = CARTESIAN_POINT('',(60.639423788647,201.8812058593,8.));
#630 = VECTOR('',#631,1.);
#631 = DIRECTION('',(-0.866025403784,0.5,-2.22044604925E-16));
#632 = ORIENTED_EDGE('',*,*,#633,.T.);
#633 = EDGE_CURVE('',#626,#634,#636,.T.);
#634 = VERTEX_POINT('',#635);
#635 = CARTESIAN_POINT('',(97.05,177.4531832941,8.));
#636 = LINE('',#637,#638);
#637 = CARTESIAN_POINT('',(62.885576211353,157.72834402302,8.));
#638 = VECTOR('',#639,1.);
#639 = DIRECTION('',(-0.866025403784,-0.5,2.22044604925E-16));
#640 = ORIENTED_EDGE('',*,*,#641,.T.);
#641 = EDGE_CURVE('',#634,#600,#642,.T.);
#642 = LINE('',#643,#644);
#643 = CARTESIAN_POINT('',(97.05,180.89840835294,8.));
#644 = VECTOR('',#645,1.);
#645 = DIRECTION('',(0.,-1.,4.440892098501E-16));
#646 = FACE_BOUND('',#647,.F.);
#647 = EDGE_LOOP('',(#648,#658,#666,#674,#682,#690));
#648 = ORIENTED_EDGE('',*,*,#649,.T.);
#649 = EDGE_CURVE('',#650,#652,#654,.T.);
#650 = VERTEX_POINT('',#651);
#651 = CARTESIAN_POINT('',(185.05,174.04681670589,8.));
#652 = VERTEX_POINT('',#653);
#653 = CARTESIAN_POINT('',(188.,172.34363341178,8.));
#654 = LINE('',#655,#656);
#655 = CARTESIAN_POINT('',(114.16442378864,214.97262321317,8.));
#656 = VECTOR('',#657,1.);
#657 = DIRECTION('',(0.866025403784,-0.5,2.22044604925E-16));
#658 = ORIENTED_EDGE('',*,*,#659,.T.);
#659 = EDGE_CURVE('',#652,#660,#662,.T.);
#660 = VERTEX_POINT('',#661);
#661 = CARTESIAN_POINT('',(190.95,174.04681670589,8.));
#662 = LINE('',#663,#664);
#663 = CARTESIAN_POINT('',(122.31057621135,134.41782690449,8.));
#664 = VECTOR('',#665,1.);
#665 = DIRECTION('',(0.866025403784,0.5,-2.22044604925E-16));
#666 = ORIENTED_EDGE('',*,*,#667,.T.);
#667 = EDGE_CURVE('',#660,#668,#670,.T.);
#668 = VERTEX_POINT('',#669);
#669 = CARTESIAN_POINT('',(190.95,177.4531832941,8.));
#670 = LINE('',#671,#672);
#671 = CARTESIAN_POINT('',(190.95,182.60159164705,8.));
#672 = VECTOR('',#673,1.);
#673 = DIRECTION('',(0.,1.,-4.440892098501E-16));
#674 = ORIENTED_EDGE('',*,*,#675,.T.);
#675 = EDGE_CURVE('',#668,#676,#678,.T.);
#676 = VERTEX_POINT('',#677);
#677 = CARTESIAN_POINT('',(188.,179.15636658821,8.));
#678 = LINE('',#679,#680);
#679 = CARTESIAN_POINT('',(115.63942378864,220.93376474256,8.));
#680 = VECTOR('',#681,1.);
#681 = DIRECTION('',(-0.866025403784,0.5,-2.22044604925E-16));
#682 = ORIENTED_EDGE('',*,*,#683,.T.);
#683 = EDGE_CURVE('',#676,#684,#686,.T.);
#684 = VERTEX_POINT('',#685);
#685 = CARTESIAN_POINT('',(185.05,177.4531832941,8.));
#686 = LINE('',#687,#688);
#687 = CARTESIAN_POINT('',(117.88557621135,138.67578513976,8.));
#688 = VECTOR('',#689,1.);
#689 = DIRECTION('',(-0.866025403784,-0.5,2.22044604925E-16));
#690 = ORIENTED_EDGE('',*,*,#691,.T.);
#691 = EDGE_CURVE('',#684,#650,#692,.T.);
#692 = LINE('',#693,#694);
#693 = CARTESIAN_POINT('',(185.05,180.89840835294,8.));
#694 = VECTOR('',#695,1.);
#695 = DIRECTION('',(0.,-1.,4.440892098501E-16));
#696 = FACE_BOUND('',#697,.F.);
#697 = EDGE_LOOP('',(#698,#708,#716,#724,#732,#740));
#698 = ORIENTED_EDGE('',*,*,#699,.T.);
#699 = EDGE_CURVE('',#700,#702,#704,.T.);
#700 = VERTEX_POINT('',#701);
#701 = CARTESIAN_POINT('',(9.05,92.171816705891,8.));
#702 = VERTEX_POINT('',#703);
#703 = CARTESIAN_POINT('',(12.,90.468633411781,8.));
#704 = LINE('',#705,#706);
#705 = CARTESIAN_POINT('',(-13.56203369506,105.22688044666,8.));
#706 = VECTOR('',#707,1.);
#707 = DIRECTION('',(0.866025403784,-0.5,2.22044604925E-16));
#708 = ORIENTED_EDGE('',*,*,#709,.T.);
#709 = EDGE_CURVE('',#702,#710,#712,.T.);
#710 = VERTEX_POINT('',#711);
#711 = CARTESIAN_POINT('',(14.95,92.171816705891,8.));
#712 = LINE('',#713,#714);
#713 = CARTESIAN_POINT('',(30.037033695066,100.88231967101,8.));
#714 = VECTOR('',#715,1.);
#715 = DIRECTION('',(0.866025403784,0.5,-2.22044604925E-16));
#716 = ORIENTED_EDGE('',*,*,#717,.T.);
#717 = EDGE_CURVE('',#710,#718,#720,.T.);
#718 = VERTEX_POINT('',#719);
#719 = CARTESIAN_POINT('',(14.95,95.578183294109,8.));
#720 = LINE('',#721,#722);
#721 = CARTESIAN_POINT('',(14.95,141.66409164705,8.));
#722 = VECTOR('',#723,1.);
#723 = DIRECTION('',(-5.214814064769E-16,1.,-4.440892098501E-16));
#724 = ORIENTED_EDGE('',*,*,#725,.T.);
#725 = EDGE_CURVE('',#718,#726,#728,.T.);
#726 = VERTEX_POINT('',#727);
#727 = CARTESIAN_POINT('',(12.,97.281366588219,8.));
#728 = LINE('',#729,#730);
#729 = CARTESIAN_POINT('',(-12.08703369506,111.18802197604,8.));
#730 = VECTOR('',#731,1.);
#731 = DIRECTION('',(-0.866025403784,0.5,-2.22044604925E-16));
#732 = ORIENTED_EDGE('',*,*,#733,.T.);
#733 = EDGE_CURVE('',#726,#734,#736,.T.);
#734 = VERTEX_POINT('',#735);
#735 = CARTESIAN_POINT('',(9.05,95.578183294109,8.));
#736 = LINE('',#737,#738);
#737 = CARTESIAN_POINT('',(25.612033695066,105.14027790628,8.));
#738 = VECTOR('',#739,1.);
#739 = DIRECTION('',(-0.866025403784,-0.5,2.22044604925E-16));
#740 = ORIENTED_EDGE('',*,*,#741,.T.);
#741 = EDGE_CURVE('',#734,#700,#742,.T.);
#742 = LINE('',#743,#744);
#743 = CARTESIAN_POINT('',(9.05,139.96090835294,8.));
#744 = VECTOR('',#745,1.);
#745 = DIRECTION('',(-5.214814064769E-16,-1.,4.440892098501E-16));
#746 = FACE_BOUND('',#747,.F.);
#747 = EDGE_LOOP('',(#748,#758,#766,#774,#782,#790));
#748 = ORIENTED_EDGE('',*,*,#749,.T.);
#749 = EDGE_CURVE('',#750,#752,#754,.T.);
#750 = VERTEX_POINT('',#751);
#751 = CARTESIAN_POINT('',(9.05,10.296816705891,8.));
#752 = VERTEX_POINT('',#753);
#753 = CARTESIAN_POINT('',(12.,8.593633411781,8.));
#754 = LINE('',#755,#756);
#755 = CARTESIAN_POINT('',(-31.28849117877,33.586255446662,8.));
#756 = VECTOR('',#757,1.);
#757 = DIRECTION('',(0.866025403784,-0.5,2.22044604925E-16));
#758 = ORIENTED_EDGE('',*,*,#759,.T.);
#759 = EDGE_CURVE('',#752,#760,#762,.T.);
#760 = VERTEX_POINT('',#761);
#761 = CARTESIAN_POINT('',(14.95,10.296816705891,8.));
#762 = LINE('',#763,#764);
#763 = CARTESIAN_POINT('',(47.763491178779,29.24169467101,8.));
#764 = VECTOR('',#765,1.);
#765 = DIRECTION('',(0.866025403784,0.5,-2.22044604925E-16));
#766 = ORIENTED_EDGE('',*,*,#767,.T.);
#767 = EDGE_CURVE('',#760,#768,#770,.T.);
#768 = VERTEX_POINT('',#769);
#769 = CARTESIAN_POINT('',(14.95,13.703183294109,8.));
#770 = LINE('',#771,#772);
#771 = CARTESIAN_POINT('',(14.95,100.72659164705,8.));
#772 = VECTOR('',#773,1.);
#773 = DIRECTION('',(-5.214814064769E-16,1.,-4.440892098501E-16));
#774 = ORIENTED_EDGE('',*,*,#775,.T.);
#775 = EDGE_CURVE('',#768,#776,#778,.T.);
#776 = VERTEX_POINT('',#777);
#777 = CARTESIAN_POINT('',(12.,15.406366588219,8.));
#778 = LINE('',#779,#780);
#779 = CARTESIAN_POINT('',(-29.81349117877,39.547396976044,8.));
#780 = VECTOR('',#781,1.);
#781 = DIRECTION('',(-0.866025403784,0.5,-2.22044604925E-16));
#782 = ORIENTED_EDGE('',*,*,#783,.T.);
#783 = EDGE_CURVE('',#776,#784,#786,.T.);
#784 = VERTEX_POINT('',#785);
#785 = CARTESIAN_POINT('',(9.05,13.703183294109,8.));
#786 = LINE('',#787,#788);
#787 = CARTESIAN_POINT('',(43.338491178779,33.499652906283,8.));
#788 = VECTOR('',#789,1.);
#789 = DIRECTION('',(-0.866025403784,-0.5,2.22044604925E-16));
#790 = ORIENTED_EDGE('',*,*,#791,.T.);
#791 = EDGE_CURVE('',#784,#750,#792,.T.);
#792 = LINE('',#793,#794);
#793 = CARTESIAN_POINT('',(9.05,99.023408352945,8.));
#794 = VECTOR('',#795,1.);
#795 = DIRECTION('',(-5.214814064769E-16,-1.,4.440892098501E-16));
#796 = FACE_BOUND('',#797,.F.);
#797 = EDGE_LOOP('',(#798,#809,#817,#826,#834,#843,#851,#860,#868,#876)
  );
#798 = ORIENTED_EDGE('',*,*,#799,.T.);
#799 = EDGE_CURVE('',#800,#802,#804,.T.);
#800 = VERTEX_POINT('',#801);
#801 = CARTESIAN_POINT('',(62.4,12.6,8.));
#802 = VERTEX_POINT('',#803);
#803 = CARTESIAN_POINT('',(62.4,13.4,8.));
#804 = CIRCLE('',#805,0.4);
#805 = AXIS2_PLACEMENT_3D('',#806,#807,#808);
#806 = CARTESIAN_POINT('',(62.4,13.,8.));
#807 = DIRECTION('',(-0.,4.440892098501E-16,1.));
#808 = DIRECTION('',(1.,0.,0.));
#809 = ORIENTED_EDGE('',*,*,#810,.T.);
#810 = EDGE_CURVE('',#802,#811,#813,.T.);
#811 = VERTEX_POINT('',#812);
#812 = CARTESIAN_POINT('',(60.,13.4,8.));
#813 = LINE('',#814,#815);
#814 = CARTESIAN_POINT('',(31.2,13.4,8.));
#815 = VECTOR('',#816,1.);
#816 = DIRECTION('',(-1.,1.224646799147E-16,-5.438524293788E-32));
#817 = ORIENTED_EDGE('',*,*,#818,.T.);
#818 = EDGE_CURVE('',#811,#819,#821,.T.);
#819 = VERTEX_POINT('',#820);
#820 = CARTESIAN_POINT('',(59.6,13.,8.));
#821 = CIRCLE('',#822,0.4);
#822 = AXIS2_PLACEMENT_3D('',#823,#824,#825);
#823 = CARTESIAN_POINT('',(60.,13.,8.));
#824 = DIRECTION('',(-0.,4.440892098501E-16,1.));
#825 = DIRECTION('',(1.,0.,0.));
#826 = ORIENTED_EDGE('',*,*,#827,.T.);
#827 = EDGE_CURVE('',#819,#828,#830,.T.);
#828 = VERTEX_POINT('',#829);
#829 = CARTESIAN_POINT('',(59.6,9.,8.));
#830 = LINE('',#831,#832);
#831 = CARTESIAN_POINT('',(59.6,100.375,8.));
#832 = VECTOR('',#833,1.);
#833 = DIRECTION('',(1.110223024625E-16,-1.,4.440892098501E-16));
#834 = ORIENTED_EDGE('',*,*,#835,.T.);
#835 = EDGE_CURVE('',#828,#836,#838,.T.);
#836 = VERTEX_POINT('',#837);
#837 = CARTESIAN_POINT('',(60.,8.6,8.));
#838 = CIRCLE('',#839,0.4);
#839 = AXIS2_PLACEMENT_3D('',#840,#841,#842);
#840 = CARTESIAN_POINT('',(60.,9.,8.));
#841 = DIRECTION('',(-0.,4.440892098501E-16,1.));
#842 = DIRECTION('',(1.,0.,0.));
#843 = ORIENTED_EDGE('',*,*,#844,.T.);
#844 = EDGE_CURVE('',#836,#845,#847,.T.);
#845 = VERTEX_POINT('',#846);
#846 = CARTESIAN_POINT('',(62.4,8.6,8.));
#847 = LINE('',#848,#849);
#848 = CARTESIAN_POINT('',(30.,8.6,8.));
#849 = VECTOR('',#850,1.);
#850 = DIRECTION('',(1.,0.,0.));
#851 = ORIENTED_EDGE('',*,*,#852,.T.);
#852 = EDGE_CURVE('',#845,#853,#855,.T.);
#853 = VERTEX_POINT('',#854);
#854 = CARTESIAN_POINT('',(62.4,9.4,8.));
#855 = CIRCLE('',#856,0.4);
#856 = AXIS2_PLACEMENT_3D('',#857,#858,#859);
#857 = CARTESIAN_POINT('',(62.4,9.,8.));
#858 = DIRECTION('',(-0.,4.440892098501E-16,1.));
#859 = DIRECTION('',(1.,0.,0.));
#860 = ORIENTED_EDGE('',*,*,#861,.F.);
#861 = EDGE_CURVE('',#862,#853,#864,.T.);
#862 = VERTEX_POINT('',#863);
#863 = CARTESIAN_POINT('',(60.4,9.4,8.));
#864 = LINE('',#865,#866);
#865 = CARTESIAN_POINT('',(30.,9.4,8.));
#866 = VECTOR('',#867,1.);
#867 = DIRECTION('',(1.,0.,0.));
#868 = ORIENTED_EDGE('',*,*,#869,.F.);
#869 = EDGE_CURVE('',#870,#862,#872,.T.);
#870 = VERTEX_POINT('',#871);
#871 = CARTESIAN_POINT('',(60.4,12.6,8.));
#872 = LINE('',#873,#874);
#873 = CARTESIAN_POINT('',(60.4,100.375,8.));
#874 = VECTOR('',#875,1.);
#875 = DIRECTION('',(1.110223024625E-16,-1.,4.440892098501E-16));
#876 = ORIENTED_EDGE('',*,*,#877,.F.);
#877 = EDGE_CURVE('',#800,#870,#878,.T.);
#878 = LINE('',#879,#880);
#879 = CARTESIAN_POINT('',(31.2,12.6,8.));
#880 = VECTOR('',#881,1.);
#881 = DIRECTION('',(-1.,1.224646799147E-16,-5.438524293788E-32));
#882 = FACE_BOUND('',#883,.F.);
#883 = EDGE_LOOP('',(#884,#894,#903,#911,#919,#927,#936,#944,#953,#961,
    #969));
#884 = ORIENTED_EDGE('',*,*,#885,.F.);
#885 = EDGE_CURVE('',#886,#888,#890,.T.);
#886 = VERTEX_POINT('',#887);
#887 = CARTESIAN_POINT('',(63.887652476223,12.249878019022,8.));
#888 = VERTEX_POINT('',#889);
#889 = CARTESIAN_POINT('',(64.687652476223,13.249878019022,8.));
#890 = LINE('',#891,#892);
#891 = CARTESIAN_POINT('',(94.226676866467,50.173658506827,8.));
#892 = VECTOR('',#893,1.);
#893 = DIRECTION('',(0.624695047554,0.780868809443,-3.467754125821E-16)
  );
#894 = ORIENTED_EDGE('',*,*,#895,.T.);
#895 = EDGE_CURVE('',#886,#896,#898,.T.);
#896 = VERTEX_POINT('',#897);
#897 = CARTESIAN_POINT('',(64.512347523777,11.750121980978,8.));
#898 = CIRCLE('',#899,0.4);
#899 = AXIS2_PLACEMENT_3D('',#900,#901,#902);
#900 = CARTESIAN_POINT('',(64.2,12.,8.));
#901 = DIRECTION('',(-0.,4.440892098501E-16,1.));
#902 = DIRECTION('',(1.,0.,0.));
#903 = ORIENTED_EDGE('',*,*,#904,.T.);
#904 = EDGE_CURVE('',#896,#905,#907,.T.);
#905 = VERTEX_POINT('',#906);
#906 = CARTESIAN_POINT('',(64.6,11.859687576257,8.));
#907 = LINE('',#908,#909);
#908 = CARTESIAN_POINT('',(94.851371914021,49.673902468783,8.));
#909 = VECTOR('',#910,1.);
#910 = DIRECTION('',(0.624695047554,0.780868809443,-3.467754125821E-16)
  );
#911 = ORIENTED_EDGE('',*,*,#912,.T.);
#912 = EDGE_CURVE('',#905,#913,#915,.T.);
#913 = VERTEX_POINT('',#914);
#914 = CARTESIAN_POINT('',(64.6,9.4,8.));
#915 = LINE('',#916,#917);
#916 = CARTESIAN_POINT('',(64.6,100.375,8.));
#917 = VECTOR('',#918,1.);
#918 = DIRECTION('',(1.110223024625E-16,-1.,4.440892098501E-16));
#919 = ORIENTED_EDGE('',*,*,#920,.F.);
#920 = EDGE_CURVE('',#921,#913,#923,.T.);
#921 = VERTEX_POINT('',#922);
#922 = CARTESIAN_POINT('',(63.8,9.4,8.));
#923 = LINE('',#924,#925);
#924 = CARTESIAN_POINT('',(31.9,9.4,8.));
#925 = VECTOR('',#926,1.);
#926 = DIRECTION('',(1.,0.,0.));
#927 = ORIENTED_EDGE('',*,*,#928,.T.);
#928 = EDGE_CURVE('',#921,#929,#931,.T.);
#929 = VERTEX_POINT('',#930);
#930 = CARTESIAN_POINT('',(63.8,8.6,8.));
#931 = CIRCLE('',#932,0.4);
#932 = AXIS2_PLACEMENT_3D('',#933,#934,#935);
#933 = CARTESIAN_POINT('',(63.8,9.,8.));
#934 = DIRECTION('',(-0.,4.440892098501E-16,1.));
#935 = DIRECTION('',(1.,0.,0.));
#936 = ORIENTED_EDGE('',*,*,#937,.T.);
#937 = EDGE_CURVE('',#929,#938,#940,.T.);
#938 = VERTEX_POINT('',#939);
#939 = CARTESIAN_POINT('',(66.2,8.6,8.));
#940 = LINE('',#941,#942);
#941 = CARTESIAN_POINT('',(31.9,8.6,8.));
#942 = VECTOR('',#943,1.);
#943 = DIRECTION('',(1.,0.,0.));
#944 = ORIENTED_EDGE('',*,*,#945,.T.);
#945 = EDGE_CURVE('',#938,#946,#948,.T.);
#946 = VERTEX_POINT('',#947);
#947 = CARTESIAN_POINT('',(66.2,9.4,8.));
#948 = CIRCLE('',#949,0.4);
#949 = AXIS2_PLACEMENT_3D('',#950,#951,#952);
#950 = CARTESIAN_POINT('',(66.2,9.,8.));
#951 = DIRECTION('',(-0.,4.440892098501E-16,1.));
#952 = DIRECTION('',(1.,0.,0.));
#953 = ORIENTED_EDGE('',*,*,#954,.F.);
#954 = EDGE_CURVE('',#955,#946,#957,.T.);
#955 = VERTEX_POINT('',#956);
#956 = CARTESIAN_POINT('',(65.4,9.4,8.));
#957 = LINE('',#958,#959);
#958 = CARTESIAN_POINT('',(31.9,9.4,8.));
#959 = VECTOR('',#960,1.);
#960 = DIRECTION('',(1.,0.,0.));
#961 = ORIENTED_EDGE('',*,*,#962,.F.);
#962 = EDGE_CURVE('',#963,#955,#965,.T.);
#963 = VERTEX_POINT('',#964);
#964 = CARTESIAN_POINT('',(65.4,13.,8.));
#965 = LINE('',#966,#967);
#966 = CARTESIAN_POINT('',(65.4,100.375,8.));
#967 = VECTOR('',#968,1.);
#968 = DIRECTION('',(1.110223024625E-16,-1.,4.440892098501E-16));
#969 = ORIENTED_EDGE('',*,*,#970,.T.);
#970 = EDGE_CURVE('',#963,#888,#971,.T.);
#971 = CIRCLE('',#972,0.4);
#972 = AXIS2_PLACEMENT_3D('',#973,#974,#975);
#973 = CARTESIAN_POINT('',(65.,13.,8.));
#974 = DIRECTION('',(-0.,4.440892098501E-16,1.));
#975 = DIRECTION('',(1.,0.,0.));
#976 = FACE_BOUND('',#977,.F.);
#977 = EDGE_LOOP('',(#978,#988,#996,#1004));
#978 = ORIENTED_EDGE('',*,*,#979,.T.);
#979 = EDGE_CURVE('',#980,#982,#984,.T.);
#980 = VERTEX_POINT('',#981);
#981 = CARTESIAN_POINT('',(176.,163.75,8.));
#982 = VERTEX_POINT('',#983);
#983 = CARTESIAN_POINT('',(24.,163.75,8.));
#984 = LINE('',#985,#986);
#985 = CARTESIAN_POINT('',(12.,163.75,8.));
#986 = VECTOR('',#987,1.);
#987 = DIRECTION('',(-1.,0.,-0.));
#988 = ORIENTED_EDGE('',*,*,#989,.T.);
#989 = EDGE_CURVE('',#982,#990,#992,.T.);
#990 = VERTEX_POINT('',#991);
#991 = CARTESIAN_POINT('',(24.,24.,8.));
#992 = LINE('',#993,#994);
#993 = CARTESIAN_POINT('',(24.,175.75,8.));
#994 = VECTOR('',#995,1.);
#995 = DIRECTION('',(0.,-1.,4.440892098501E-16));
#996 = ORIENTED_EDGE('',*,*,#997,.F.);
#997 = EDGE_CURVE('',#998,#990,#1000,.T.);
#998 = VERTEX_POINT('',#999);
#999 = CARTESIAN_POINT('',(176.,24.,8.));
#1000 = LINE('',#1001,#1002);
#1001 = CARTESIAN_POINT('',(12.,24.,8.));
#1002 = VECTOR('',#1003,1.);
#1003 = DIRECTION('',(-1.,0.,-0.));
#1004 = ORIENTED_EDGE('',*,*,#1005,.F.);
#1005 = EDGE_CURVE('',#980,#998,#1006,.T.);
#1006 = LINE('',#1007,#1008);
#1007 = CARTESIAN_POINT('',(176.,175.75,8.));
#1008 = VECTOR('',#1009,1.);
#1009 = DIRECTION('',(0.,-1.,4.440892098501E-16));
#1010 = FACE_BOUND('',#1011,.F.);
#1011 = EDGE_LOOP('',(#1012,#1022,#1030,#1038,#1046,#1054));
#1012 = ORIENTED_EDGE('',*,*,#1013,.T.);
#1013 = EDGE_CURVE('',#1014,#1016,#1018,.T.);
#1014 = VERTEX_POINT('',#1015);
#1015 = CARTESIAN_POINT('',(185.05,92.171816705891,8.));
#1016 = VERTEX_POINT('',#1017);
#1017 = CARTESIAN_POINT('',(188.,90.468633411781,8.));
#1018 = LINE('',#1019,#1020);
#1019 = CARTESIAN_POINT('',(96.437966304934,143.33199821317,8.));
#1020 = VECTOR('',#1021,1.);
#1021 = DIRECTION('',(0.866025403784,-0.5,2.22044604925E-16));
#1022 = ORIENTED_EDGE('',*,*,#1023,.T.);
#1023 = EDGE_CURVE('',#1016,#1024,#1026,.T.);
#1024 = VERTEX_POINT('',#1025);
#1025 = CARTESIAN_POINT('',(190.95,92.171816705891,8.));
#1026 = LINE('',#1027,#1028);
#1027 = CARTESIAN_POINT('',(140.03703369506,62.777201904495,8.));
#1028 = VECTOR('',#1029,1.);
#1029 = DIRECTION('',(0.866025403784,0.5,-2.22044604925E-16));
#1030 = ORIENTED_EDGE('',*,*,#1031,.T.);
#1031 = EDGE_CURVE('',#1024,#1032,#1034,.T.);
#1032 = VERTEX_POINT('',#1033);
#1033 = CARTESIAN_POINT('',(190.95,95.578183294109,8.));
#1034 = LINE('',#1035,#1036);
#1035 = CARTESIAN_POINT('',(190.95,141.66409164705,8.));
#1036 = VECTOR('',#1037,1.);
#1037 = DIRECTION('',(0.,1.,-4.440892098501E-16));
#1038 = ORIENTED_EDGE('',*,*,#1039,.T.);
#1039 = EDGE_CURVE('',#1032,#1040,#1042,.T.);
#1040 = VERTEX_POINT('',#1041);
#1041 = CARTESIAN_POINT('',(188.,97.281366588219,8.));
#1042 = LINE('',#1043,#1044);
#1043 = CARTESIAN_POINT('',(97.912966304934,149.29313974256,8.));
#1044 = VECTOR('',#1045,1.);
#1045 = DIRECTION('',(-0.866025403784,0.5,-2.22044604925E-16));
#1046 = ORIENTED_EDGE('',*,*,#1047,.T.);
#1047 = EDGE_CURVE('',#1040,#1048,#1050,.T.);
#1048 = VERTEX_POINT('',#1049);
#1049 = CARTESIAN_POINT('',(185.05,95.578183294109,8.));
#1050 = LINE('',#1051,#1052);
#1051 = CARTESIAN_POINT('',(135.61203369506,67.035160139768,8.));
#1052 = VECTOR('',#1053,1.);
#1053 = DIRECTION('',(-0.866025403784,-0.5,2.22044604925E-16));
#1054 = ORIENTED_EDGE('',*,*,#1055,.T.);
#1055 = EDGE_CURVE('',#1048,#1014,#1056,.T.);
#1056 = LINE('',#1057,#1058);
#1057 = CARTESIAN_POINT('',(185.05,139.96090835294,8.));
#1058 = VECTOR('',#1059,1.);
#1059 = DIRECTION('',(0.,-1.,4.440892098501E-16));
#1060 = FACE_BOUND('',#1061,.F.);
#1061 = EDGE_LOOP('',(#1062,#1072,#1080,#1088,#1096,#1104));
#1062 = ORIENTED_EDGE('',*,*,#1063,.T.);
#1063 = EDGE_CURVE('',#1064,#1066,#1068,.T.);
#1064 = VERTEX_POINT('',#1065);
#1065 = CARTESIAN_POINT('',(97.05,10.296816705891,8.));
#1066 = VERTEX_POINT('',#1067);
#1067 = CARTESIAN_POINT('',(100.,8.593633411781,8.));
#1068 = LINE('',#1069,#1070);
#1069 = CARTESIAN_POINT('',(23.711508821221,52.638814329919,8.));
#1070 = VECTOR('',#1071,1.);
#1071 = DIRECTION('',(0.866025403784,-0.5,2.22044604925E-16));
#1072 = ORIENTED_EDGE('',*,*,#1073,.T.);
#1073 = EDGE_CURVE('',#1066,#1074,#1076,.T.);
#1074 = VERTEX_POINT('',#1075);
#1075 = CARTESIAN_POINT('',(102.95,10.296816705891,8.));
#1076 = LINE('',#1077,#1078);
#1077 = CARTESIAN_POINT('',(102.76349117877,10.189135787752,8.));
#1078 = VECTOR('',#1079,1.);
#1079 = DIRECTION('',(0.866025403784,0.5,-2.22044604925E-16));
#1080 = ORIENTED_EDGE('',*,*,#1081,.T.);
#1081 = EDGE_CURVE('',#1074,#1082,#1084,.T.);
#1082 = VERTEX_POINT('',#1083);
#1083 = CARTESIAN_POINT('',(102.95,13.703183294109,8.));
#1084 = LINE('',#1085,#1086);
#1085 = CARTESIAN_POINT('',(102.95,100.72659164705,8.));
#1086 = VECTOR('',#1087,1.);
#1087 = DIRECTION('',(0.,1.,-4.440892098501E-16));
#1088 = ORIENTED_EDGE('',*,*,#1089,.T.);
#1089 = EDGE_CURVE('',#1082,#1090,#1092,.T.);
#1090 = VERTEX_POINT('',#1091);
#1091 = CARTESIAN_POINT('',(100.,15.406366588219,8.));
#1092 = LINE('',#1093,#1094);
#1093 = CARTESIAN_POINT('',(25.186508821221,58.599955859302,8.));
#1094 = VECTOR('',#1095,1.);
#1095 = DIRECTION('',(-0.866025403784,0.5,-2.22044604925E-16));
#1096 = ORIENTED_EDGE('',*,*,#1097,.T.);
#1097 = EDGE_CURVE('',#1090,#1098,#1100,.T.);
#1098 = VERTEX_POINT('',#1099);
#1099 = CARTESIAN_POINT('',(97.05,13.703183294109,8.));
#1100 = LINE('',#1101,#1102);
#1101 = CARTESIAN_POINT('',(98.338491178778,14.447094023026,8.));
#1102 = VECTOR('',#1103,1.);
#1103 = DIRECTION('',(-0.866025403784,-0.5,2.22044604925E-16));
#1104 = ORIENTED_EDGE('',*,*,#1105,.T.);
#1105 = EDGE_CURVE('',#1098,#1064,#1106,.T.);
#1106 = LINE('',#1107,#1108);
#1107 = CARTESIAN_POINT('',(97.05,99.023408352945,8.));
#1108 = VECTOR('',#1109,1.);
#1109 = DIRECTION('',(0.,-1.,4.440892098501E-16));
#1110 = FACE_BOUND('',#1111,.F.);
#1111 = EDGE_LOOP('',(#1112,#1122,#1130,#1138,#1146,#1154));
#1112 = ORIENTED_EDGE('',*,*,#1113,.T.);
#1113 = EDGE_CURVE('',#1114,#1116,#1118,.T.);
#1114 = VERTEX_POINT('',#1115);
#1115 = CARTESIAN_POINT('',(185.05,10.296816705891,8.));
#1116 = VERTEX_POINT('',#1117);
#1117 = CARTESIAN_POINT('',(188.,8.593633411781,8.));
#1118 = LINE('',#1119,#1120);
#1119 = CARTESIAN_POINT('',(78.711508821221,71.691373213177,8.));
#1120 = VECTOR('',#1121,1.);
#1121 = DIRECTION('',(0.866025403784,-0.5,2.22044604925E-16));
#1122 = ORIENTED_EDGE('',*,*,#1123,.T.);
#1123 = EDGE_CURVE('',#1116,#1124,#1126,.T.);
#1124 = VERTEX_POINT('',#1125);
#1125 = CARTESIAN_POINT('',(190.95,10.296816705891,8.));
#1126 = LINE('',#1127,#1128);
#1127 = CARTESIAN_POINT('',(157.76349117877,-8.863423095505,8.));
#1128 = VECTOR('',#1129,1.);
#1129 = DIRECTION('',(0.866025403784,0.5,-2.22044604925E-16));
#1130 = ORIENTED_EDGE('',*,*,#1131,.T.);
#1131 = EDGE_CURVE('',#1124,#1132,#1134,.T.);
#1132 = VERTEX_POINT('',#1133);
#1133 = CARTESIAN_POINT('',(190.95,13.703183294109,8.));
#1134 = LINE('',#1135,#1136);
#1135 = CARTESIAN_POINT('',(190.95,100.72659164705,8.));
#1136 = VECTOR('',#1137,1.);
#1137 = DIRECTION('',(0.,1.,-4.440892098501E-16));
#1138 = ORIENTED_EDGE('',*,*,#1139,.T.);
#1139 = EDGE_CURVE('',#1132,#1140,#1142,.T.);
#1140 = VERTEX_POINT('',#1141);
#1141 = CARTESIAN_POINT('',(188.,15.406366588219,8.));
#1142 = LINE('',#1143,#1144);
#1143 = CARTESIAN_POINT('',(80.186508821221,77.65251474256,8.));
#1144 = VECTOR('',#1145,1.);
#1145 = DIRECTION('',(-0.866025403784,0.5,-2.22044604925E-16));
#1146 = ORIENTED_EDGE('',*,*,#1147,.T.);
#1147 = EDGE_CURVE('',#1140,#1148,#1150,.T.);
#1148 = VERTEX_POINT('',#1149);
#1149 = CARTESIAN_POINT('',(185.05,13.703183294109,8.));
#1150 = LINE('',#1151,#1152);
#1151 = CARTESIAN_POINT('',(153.33849117877,-4.605464860232,8.));
#1152 = VECTOR('',#1153,1.);
#1153 = DIRECTION('',(-0.866025403784,-0.5,2.22044604925E-16));
#1154 = ORIENTED_EDGE('',*,*,#1155,.T.);
#1155 = EDGE_CURVE('',#1148,#1114,#1156,.T.);
#1156 = LINE('',#1157,#1158);
#1157 = CARTESIAN_POINT('',(185.05,99.023408352945,8.));
#1158 = VECTOR('',#1159,1.);
#1159 = DIRECTION('',(0.,-1.,4.440892098501E-16));
#1160 = PLANE('',#1161);
#1161 = AXIS2_PLACEMENT_3D('',#1162,#1163,#1164);
#1162 = CARTESIAN_POINT('',(0.,187.75,8.));
#1163 = DIRECTION('',(0.,-4.440892098501E-16,-1.));
#1164 = DIRECTION('',(1.,0.,0.));
#1165 = ADVANCED_FACE('',(#1166),#1172,.T.);
#1166 = FACE_BOUND('',#1167,.T.);
#1167 = EDGE_LOOP('',(#1168,#1169,#1170,#1171));
#1168 = ORIENTED_EDGE('',*,*,#134,.F.);
#1169 = ORIENTED_EDGE('',*,*,#495,.T.);
#1170 = ORIENTED_EDGE('',*,*,#368,.T.);
#1171 = ORIENTED_EDGE('',*,*,#214,.F.);
#1172 = PLANE('',#1173);
#1173 = AXIS2_PLACEMENT_3D('',#1174,#1175,#1176);
#1174 = CARTESIAN_POINT('',(200.,187.75,8.));
#1175 = DIRECTION('',(1.,0.,0.));
#1176 = DIRECTION('',(0.,-4.440892098501E-16,-1.));
#1177 = ADVANCED_FACE('',(#1178),#1196,.T.);
#1178 = FACE_BOUND('',#1179,.T.);
#1179 = EDGE_LOOP('',(#1180,#1188,#1194,#1195));
#1180 = ORIENTED_EDGE('',*,*,#1181,.F.);
#1181 = EDGE_CURVE('',#1182,#450,#1184,.T.);
#1182 = VERTEX_POINT('',#1183);
#1183 = CARTESIAN_POINT('',(34.,173.75,22.));
#1184 = LINE('',#1185,#1186);
#1185 = CARTESIAN_POINT('',(34.,173.75,22.));
#1186 = VECTOR('',#1187,1.);
#1187 = DIRECTION('',(0.,-6.661338147751E-16,-1.));
#1188 = ORIENTED_EDGE('',*,*,#1189,.F.);
#1189 = EDGE_CURVE('',#71,#1182,#1190,.T.);
#1190 = LINE('',#1191,#1192);
#1191 = CARTESIAN_POINT('',(34.,187.75,22.));
#1192 = VECTOR('',#1193,1.);
#1193 = DIRECTION('',(0.,-1.,6.661338147751E-16));
#1194 = ORIENTED_EDGE('',*,*,#70,.T.);
#1195 = ORIENTED_EDGE('',*,*,#449,.F.);
#1196 = PLANE('',#1197);
#1197 = AXIS2_PLACEMENT_3D('',#1198,#1199,#1200);
#1198 = CARTESIAN_POINT('',(34.,187.75,22.));
#1199 = DIRECTION('',(-1.,0.,-0.));
#1200 = DIRECTION('',(0.,-1.,6.661338147751E-16));
#1201 = ADVANCED_FACE('',(#1202,#1220),#1254,.F.);
#1202 = FACE_BOUND('',#1203,.F.);
#1203 = EDGE_LOOP('',(#1204,#1205,#1213,#1219));
#1204 = ORIENTED_EDGE('',*,*,#78,.F.);
#1205 = ORIENTED_EDGE('',*,*,#1206,.T.);
#1206 = EDGE_CURVE('',#79,#1207,#1209,.T.);
#1207 = VERTEX_POINT('',#1208);
#1208 = CARTESIAN_POINT('',(46.,173.75,22.));
#1209 = LINE('',#1210,#1211);
#1210 = CARTESIAN_POINT('',(46.,187.75,22.));
#1211 = VECTOR('',#1212,1.);
#1212 = DIRECTION('',(0.,-1.,6.661338147751E-16));
#1213 = ORIENTED_EDGE('',*,*,#1214,.T.);
#1214 = EDGE_CURVE('',#1207,#1182,#1215,.T.);
#1215 = LINE('',#1216,#1217);
#1216 = CARTESIAN_POINT('',(46.,173.75,22.));
#1217 = VECTOR('',#1218,1.);
#1218 = DIRECTION('',(-1.,0.,-0.));
#1219 = ORIENTED_EDGE('',*,*,#1189,.F.);
#1220 = FACE_BOUND('',#1221,.F.);
#1221 = EDGE_LOOP('',(#1222,#1232,#1240,#1248));
#1222 = ORIENTED_EDGE('',*,*,#1223,.F.);
#1223 = EDGE_CURVE('',#1224,#1226,#1228,.T.);
#1224 = VERTEX_POINT('',#1225);
#1225 = CARTESIAN_POINT('',(42.95,177.35,22.));
#1226 = VERTEX_POINT('',#1227);
#1227 = CARTESIAN_POINT('',(37.05,177.35,22.));
#1228 = LINE('',#1229,#1230);
#1229 = CARTESIAN_POINT('',(44.475,177.35,22.));
#1230 = VECTOR('',#1231,1.);
#1231 = DIRECTION('',(-1.,0.,-0.));
#1232 = ORIENTED_EDGE('',*,*,#1233,.T.);
#1233 = EDGE_CURVE('',#1224,#1234,#1236,.T.);
#1234 = VERTEX_POINT('',#1235);
#1235 = CARTESIAN_POINT('',(42.95,181.55,22.));
#1236 = LINE('',#1237,#1238);
#1237 = CARTESIAN_POINT('',(42.95,184.65,22.));
#1238 = VECTOR('',#1239,1.);
#1239 = DIRECTION('',(0.,1.,-6.661338147751E-16));
#1240 = ORIENTED_EDGE('',*,*,#1241,.T.);
#1241 = EDGE_CURVE('',#1234,#1242,#1244,.T.);
#1242 = VERTEX_POINT('',#1243);
#1243 = CARTESIAN_POINT('',(37.05,181.55,22.));
#1244 = LINE('',#1245,#1246);
#1245 = CARTESIAN_POINT('',(44.475,181.55,22.));
#1246 = VECTOR('',#1247,1.);
#1247 = DIRECTION('',(-1.,0.,-0.));
#1248 = ORIENTED_EDGE('',*,*,#1249,.F.);
#1249 = EDGE_CURVE('',#1226,#1242,#1250,.T.);
#1250 = LINE('',#1251,#1252);
#1251 = CARTESIAN_POINT('',(37.05,184.65,22.));
#1252 = VECTOR('',#1253,1.);
#1253 = DIRECTION('',(0.,1.,-6.661338147751E-16));
#1254 = PLANE('',#1255);
#1255 = AXIS2_PLACEMENT_3D('',#1256,#1257,#1258);
#1256 = CARTESIAN_POINT('',(46.,187.75,22.));
#1257 = DIRECTION('',(0.,-6.661338147751E-16,-1.));
#1258 = DIRECTION('',(0.,-1.,6.661338147751E-16));
#1259 = ADVANCED_FACE('',(#1260),#1278,.F.);
#1260 = FACE_BOUND('',#1261,.F.);
#1261 = EDGE_LOOP('',(#1262,#1270,#1276,#1277));
#1262 = ORIENTED_EDGE('',*,*,#1263,.F.);
#1263 = EDGE_CURVE('',#1264,#481,#1266,.T.);
#1264 = VERTEX_POINT('',#1265);
#1265 = CARTESIAN_POINT('',(166.,173.75,22.));
#1266 = LINE('',#1267,#1268);
#1267 = CARTESIAN_POINT('',(166.,173.75,22.));
#1268 = VECTOR('',#1269,1.);
#1269 = DIRECTION('',(0.,-6.661338147751E-16,-1.));
#1270 = ORIENTED_EDGE('',*,*,#1271,.F.);
#1271 = EDGE_CURVE('',#111,#1264,#1272,.T.);
#1272 = LINE('',#1273,#1274);
#1273 = CARTESIAN_POINT('',(166.,187.75,22.));
#1274 = VECTOR('',#1275,1.);
#1275 = DIRECTION('',(0.,-1.,6.661338147751E-16));
#1276 = ORIENTED_EDGE('',*,*,#118,.T.);
#1277 = ORIENTED_EDGE('',*,*,#488,.F.);
#1278 = PLANE('',#1279);
#1279 = AXIS2_PLACEMENT_3D('',#1280,#1281,#1282);
#1280 = CARTESIAN_POINT('',(166.,187.75,22.));
#1281 = DIRECTION('',(-1.,0.,-0.));
#1282 = DIRECTION('',(0.,-1.,6.661338147751E-16));
#1283 = ADVANCED_FACE('',(#1284),#1295,.F.);
#1284 = FACE_BOUND('',#1285,.F.);
#1285 = EDGE_LOOP('',(#1286,#1292,#1293,#1294));
#1286 = ORIENTED_EDGE('',*,*,#1287,.F.);
#1287 = EDGE_CURVE('',#1207,#458,#1288,.T.);
#1288 = LINE('',#1289,#1290);
#1289 = CARTESIAN_POINT('',(46.,173.75,22.));
#1290 = VECTOR('',#1291,1.);
#1291 = DIRECTION('',(0.,-6.661338147751E-16,-1.));
#1292 = ORIENTED_EDGE('',*,*,#1206,.F.);
#1293 = ORIENTED_EDGE('',*,*,#86,.T.);
#1294 = ORIENTED_EDGE('',*,*,#465,.F.);
#1295 = PLANE('',#1296);
#1296 = AXIS2_PLACEMENT_3D('',#1297,#1298,#1299);
#1297 = CARTESIAN_POINT('',(46.,187.75,22.));
#1298 = DIRECTION('',(-1.,0.,-0.));
#1299 = DIRECTION('',(0.,-1.,6.661338147751E-16));
#1300 = ADVANCED_FACE('',(#1301,#1319),#1353,.F.);
#1301 = FACE_BOUND('',#1302,.F.);
#1302 = EDGE_LOOP('',(#1303,#1304,#1305,#1313));
#1303 = ORIENTED_EDGE('',*,*,#110,.F.);
#1304 = ORIENTED_EDGE('',*,*,#1271,.T.);
#1305 = ORIENTED_EDGE('',*,*,#1306,.T.);
#1306 = EDGE_CURVE('',#1264,#1307,#1309,.T.);
#1307 = VERTEX_POINT('',#1308);
#1308 = CARTESIAN_POINT('',(154.,173.75,22.));
#1309 = LINE('',#1310,#1311);
#1310 = CARTESIAN_POINT('',(166.,173.75,22.));
#1311 = VECTOR('',#1312,1.);
#1312 = DIRECTION('',(-1.,0.,-0.));
#1313 = ORIENTED_EDGE('',*,*,#1314,.F.);
#1314 = EDGE_CURVE('',#103,#1307,#1315,.T.);
#1315 = LINE('',#1316,#1317);
#1316 = CARTESIAN_POINT('',(154.,187.75,22.));
#1317 = VECTOR('',#1318,1.);
#1318 = DIRECTION('',(0.,-1.,6.661338147751E-16));
#1319 = FACE_BOUND('',#1320,.F.);
#1320 = EDGE_LOOP('',(#1321,#1331,#1339,#1347));
#1321 = ORIENTED_EDGE('',*,*,#1322,.F.);
#1322 = EDGE_CURVE('',#1323,#1325,#1327,.T.);
#1323 = VERTEX_POINT('',#1324);
#1324 = CARTESIAN_POINT('',(162.95,177.35,22.));
#1325 = VERTEX_POINT('',#1326);
#1326 = CARTESIAN_POINT('',(157.05,177.35,22.));
#1327 = LINE('',#1328,#1329);
#1328 = CARTESIAN_POINT('',(164.475,177.35,22.));
#1329 = VECTOR('',#1330,1.);
#1330 = DIRECTION('',(-1.,0.,-0.));
#1331 = ORIENTED_EDGE('',*,*,#1332,.T.);
#1332 = EDGE_CURVE('',#1323,#1333,#1335,.T.);
#1333 = VERTEX_POINT('',#1334);
#1334 = CARTESIAN_POINT('',(162.95,181.55,22.));
#1335 = LINE('',#1336,#1337);
#1336 = CARTESIAN_POINT('',(162.95,184.65,22.));
#1337 = VECTOR('',#1338,1.);
#1338 = DIRECTION('',(0.,1.,-6.661338147751E-16));
#1339 = ORIENTED_EDGE('',*,*,#1340,.T.);
#1340 = EDGE_CURVE('',#1333,#1341,#1343,.T.);
#1341 = VERTEX_POINT('',#1342);
#1342 = CARTESIAN_POINT('',(157.05,181.55,22.));
#1343 = LINE('',#1344,#1345);
#1344 = CARTESIAN_POINT('',(164.475,181.55,22.));
#1345 = VECTOR('',#1346,1.);
#1346 = DIRECTION('',(-1.,0.,-0.));
#1347 = ORIENTED_EDGE('',*,*,#1348,.F.);
#1348 = EDGE_CURVE('',#1325,#1341,#1349,.T.);
#1349 = LINE('',#1350,#1351);
#1350 = CARTESIAN_POINT('',(157.05,184.65,22.));
#1351 = VECTOR('',#1352,1.);
#1352 = DIRECTION('',(0.,1.,-6.661338147751E-16));
#1353 = PLANE('',#1354);
#1354 = AXIS2_PLACEMENT_3D('',#1355,#1356,#1357);
#1355 = CARTESIAN_POINT('',(166.,187.75,22.));
#1356 = DIRECTION('',(0.,-6.661338147751E-16,-1.));
#1357 = DIRECTION('',(0.,-1.,6.661338147751E-16));
#1358 = ADVANCED_FACE('',(#1359),#1370,.T.);
#1359 = FACE_BOUND('',#1360,.T.);
#1360 = EDGE_LOOP('',(#1361,#1367,#1368,#1369));
#1361 = ORIENTED_EDGE('',*,*,#1362,.F.);
#1362 = EDGE_CURVE('',#1307,#473,#1363,.T.);
#1363 = LINE('',#1364,#1365);
#1364 = CARTESIAN_POINT('',(154.,173.75,22.));
#1365 = VECTOR('',#1366,1.);
#1366 = DIRECTION('',(0.,-6.661338147751E-16,-1.));
#1367 = ORIENTED_EDGE('',*,*,#1314,.F.);
#1368 = ORIENTED_EDGE('',*,*,#102,.T.);
#1369 = ORIENTED_EDGE('',*,*,#472,.F.);
#1370 = PLANE('',#1371);
#1371 = AXIS2_PLACEMENT_3D('',#1372,#1373,#1374);
#1372 = CARTESIAN_POINT('',(154.,187.75,22.));
#1373 = DIRECTION('',(-1.,0.,-0.));
#1374 = DIRECTION('',(0.,-1.,6.661338147751E-16));
#1375 = ADVANCED_FACE('',(#1376),#1395,.F.);
#1376 = FACE_BOUND('',#1377,.F.);
#1377 = EDGE_LOOP('',(#1378,#1379,#1387,#1394));
#1378 = ORIENTED_EDGE('',*,*,#150,.T.);
#1379 = ORIENTED_EDGE('',*,*,#1380,.T.);
#1380 = EDGE_CURVE('',#151,#1381,#1383,.T.);
#1381 = VERTEX_POINT('',#1382);
#1382 = CARTESIAN_POINT('',(38.2,181.55,14.));
#1383 = LINE('',#1384,#1385);
#1384 = CARTESIAN_POINT('',(38.2,192.75,14.));
#1385 = VECTOR('',#1386,1.);
#1386 = DIRECTION('',(0.,-1.,6.661338147751E-16));
#1387 = ORIENTED_EDGE('',*,*,#1388,.F.);
#1388 = EDGE_CURVE('',#1381,#1381,#1389,.T.);
#1389 = CIRCLE('',#1390,1.8);
#1390 = AXIS2_PLACEMENT_3D('',#1391,#1392,#1393);
#1391 = CARTESIAN_POINT('',(40.,181.55,14.));
#1392 = DIRECTION('',(-0.,-1.,6.661338147751E-16));
#1393 = DIRECTION('',(-1.,0.,-0.));
#1394 = ORIENTED_EDGE('',*,*,#1380,.F.);
#1395 = CYLINDRICAL_SURFACE('',#1396,1.8);
#1396 = AXIS2_PLACEMENT_3D('',#1397,#1398,#1399);
#1397 = CARTESIAN_POINT('',(40.,192.75,14.));
#1398 = DIRECTION('',(0.,-1.,6.661338147751E-16));
#1399 = DIRECTION('',(-1.,0.,-0.));
#1400 = ADVANCED_FACE('',(#1401),#1420,.F.);
#1401 = FACE_BOUND('',#1402,.F.);
#1402 = EDGE_LOOP('',(#1403,#1404,#1412,#1419));
#1403 = ORIENTED_EDGE('',*,*,#161,.T.);
#1404 = ORIENTED_EDGE('',*,*,#1405,.T.);
#1405 = EDGE_CURVE('',#162,#1406,#1408,.T.);
#1406 = VERTEX_POINT('',#1407);
#1407 = CARTESIAN_POINT('',(158.2,181.55,14.));
#1408 = LINE('',#1409,#1410);
#1409 = CARTESIAN_POINT('',(158.2,192.75,14.));
#1410 = VECTOR('',#1411,1.);
#1411 = DIRECTION('',(0.,-1.,6.661338147751E-16));
#1412 = ORIENTED_EDGE('',*,*,#1413,.F.);
#1413 = EDGE_CURVE('',#1406,#1406,#1414,.T.);
#1414 = CIRCLE('',#1415,1.8);
#1415 = AXIS2_PLACEMENT_3D('',#1416,#1417,#1418);
#1416 = CARTESIAN_POINT('',(160.,181.55,14.));
#1417 = DIRECTION('',(-0.,-1.,6.661338147751E-16));
#1418 = DIRECTION('',(-1.,0.,-0.));
#1419 = ORIENTED_EDGE('',*,*,#1405,.F.);
#1420 = CYLINDRICAL_SURFACE('',#1421,1.8);
#1421 = AXIS2_PLACEMENT_3D('',#1422,#1423,#1424);
#1422 = CARTESIAN_POINT('',(160.,192.75,14.));
#1423 = DIRECTION('',(0.,-1.,6.661338147751E-16));
#1424 = DIRECTION('',(-1.,0.,-0.));
#1425 = ADVANCED_FACE('',(#1426),#1451,.T.);
#1426 = FACE_BOUND('',#1427,.T.);
#1427 = EDGE_LOOP('',(#1428,#1436,#1444,#1450));
#1428 = ORIENTED_EDGE('',*,*,#1429,.F.);
#1429 = EDGE_CURVE('',#1430,#173,#1432,.T.);
#1430 = VERTEX_POINT('',#1431);
#1431 = CARTESIAN_POINT('',(28.,190.35,2.));
#1432 = LINE('',#1433,#1434);
#1433 = CARTESIAN_POINT('',(28.,190.75,2.));
#1434 = VECTOR('',#1435,1.);
#1435 = DIRECTION('',(0.,-1.,4.440892098501E-16));
#1436 = ORIENTED_EDGE('',*,*,#1437,.T.);
#1437 = EDGE_CURVE('',#1430,#1438,#1440,.T.);
#1438 = VERTEX_POINT('',#1439);
#1439 = CARTESIAN_POINT('',(172.,190.35,2.));
#1440 = LINE('',#1441,#1442);
#1441 = CARTESIAN_POINT('',(28.,190.35,2.));
#1442 = VECTOR('',#1443,1.);
#1443 = DIRECTION('',(1.,0.,0.));
#1444 = ORIENTED_EDGE('',*,*,#1445,.T.);
#1445 = EDGE_CURVE('',#1438,#175,#1446,.T.);
#1446 = LINE('',#1447,#1448);
#1447 = CARTESIAN_POINT('',(172.,190.75,2.));
#1448 = VECTOR('',#1449,1.);
#1449 = DIRECTION('',(0.,-1.,4.440892098501E-16));
#1450 = ORIENTED_EDGE('',*,*,#172,.F.);
#1451 = PLANE('',#1452);
#1452 = AXIS2_PLACEMENT_3D('',#1453,#1454,#1455);
#1453 = CARTESIAN_POINT('',(28.,190.75,2.));
#1454 = DIRECTION('',(0.,-4.440892098501E-16,-1.));
#1455 = DIRECTION('',(1.,0.,0.));
#1456 = ADVANCED_FACE('',(#1457),#1475,.F.);
#1457 = FACE_BOUND('',#1458,.F.);
#1458 = EDGE_LOOP('',(#1459,#1460,#1468,#1474));
#1459 = ORIENTED_EDGE('',*,*,#1429,.F.);
#1460 = ORIENTED_EDGE('',*,*,#1461,.F.);
#1461 = EDGE_CURVE('',#1462,#1430,#1464,.T.);
#1462 = VERTEX_POINT('',#1463);
#1463 = CARTESIAN_POINT('',(28.,190.35,6.));
#1464 = LINE('',#1465,#1466);
#1465 = CARTESIAN_POINT('',(28.,190.35,6.));
#1466 = VECTOR('',#1467,1.);
#1467 = DIRECTION('',(0.,-4.440892098501E-16,-1.));
#1468 = ORIENTED_EDGE('',*,*,#1469,.T.);
#1469 = EDGE_CURVE('',#1462,#191,#1470,.T.);
#1470 = LINE('',#1471,#1472);
#1471 = CARTESIAN_POINT('',(28.,190.75,6.));
#1472 = VECTOR('',#1473,1.);
#1473 = DIRECTION('',(0.,-1.,4.440892098501E-16));
#1474 = ORIENTED_EDGE('',*,*,#198,.F.);
#1475 = PLANE('',#1476);
#1476 = AXIS2_PLACEMENT_3D('',#1477,#1478,#1479);
#1477 = CARTESIAN_POINT('',(28.,190.75,6.));
#1478 = DIRECTION('',(1.,0.,0.));
#1479 = DIRECTION('',(0.,-4.440892098501E-16,-1.));
#1480 = ADVANCED_FACE('',(#1481),#1499,.T.);
#1481 = FACE_BOUND('',#1482,.T.);
#1482 = EDGE_LOOP('',(#1483,#1484,#1492,#1498));
#1483 = ORIENTED_EDGE('',*,*,#1445,.F.);
#1484 = ORIENTED_EDGE('',*,*,#1485,.F.);
#1485 = EDGE_CURVE('',#1486,#1438,#1488,.T.);
#1486 = VERTEX_POINT('',#1487);
#1487 = CARTESIAN_POINT('',(172.,190.35,6.));
#1488 = LINE('',#1489,#1490);
#1489 = CARTESIAN_POINT('',(172.,190.35,6.));
#1490 = VECTOR('',#1491,1.);
#1491 = DIRECTION('',(0.,-4.440892098501E-16,-1.));
#1492 = ORIENTED_EDGE('',*,*,#1493,.T.);
#1493 = EDGE_CURVE('',#1486,#183,#1494,.T.);
#1494 = LINE('',#1495,#1496);
#1495 = CARTESIAN_POINT('',(172.,190.75,6.));
#1496 = VECTOR('',#1497,1.);
#1497 = DIRECTION('',(0.,-1.,4.440892098501E-16));
#1498 = ORIENTED_EDGE('',*,*,#182,.F.);
#1499 = PLANE('',#1500);
#1500 = AXIS2_PLACEMENT_3D('',#1501,#1502,#1503);
#1501 = CARTESIAN_POINT('',(172.,190.75,6.));
#1502 = DIRECTION('',(1.,0.,0.));
#1503 = DIRECTION('',(0.,-4.440892098501E-16,-1.));
#1504 = ADVANCED_FACE('',(#1505),#1516,.F.);
#1505 = FACE_BOUND('',#1506,.F.);
#1506 = EDGE_LOOP('',(#1507,#1508,#1514,#1515));
#1507 = ORIENTED_EDGE('',*,*,#1469,.F.);
#1508 = ORIENTED_EDGE('',*,*,#1509,.T.);
#1509 = EDGE_CURVE('',#1462,#1486,#1510,.T.);
#1510 = LINE('',#1511,#1512);
#1511 = CARTESIAN_POINT('',(28.,190.35,6.));
#1512 = VECTOR('',#1513,1.);
#1513 = DIRECTION('',(1.,0.,0.));
#1514 = ORIENTED_EDGE('',*,*,#1493,.T.);
#1515 = ORIENTED_EDGE('',*,*,#190,.F.);
#1516 = PLANE('',#1517);
#1517 = AXIS2_PLACEMENT_3D('',#1518,#1519,#1520);
#1518 = CARTESIAN_POINT('',(28.,190.75,6.));
#1519 = DIRECTION('',(0.,-4.440892098501E-16,-1.));
#1520 = DIRECTION('',(1.,0.,0.));
#1521 = ADVANCED_FACE('',(#1522),#1541,.F.);
#1522 = FACE_BOUND('',#1523,.F.);
#1523 = EDGE_LOOP('',(#1524,#1532,#1533,#1534));
#1524 = ORIENTED_EDGE('',*,*,#1525,.T.);
#1525 = EDGE_CURVE('',#1526,#231,#1528,.T.);
#1526 = VERTEX_POINT('',#1527);
#1527 = CARTESIAN_POINT('',(13.8,175.75,1.8));
#1528 = LINE('',#1529,#1530);
#1529 = CARTESIAN_POINT('',(13.8,175.75,9.));
#1530 = VECTOR('',#1531,1.);
#1531 = DIRECTION('',(0.,-4.440892098501E-16,-1.));
#1532 = ORIENTED_EDGE('',*,*,#230,.F.);
#1533 = ORIENTED_EDGE('',*,*,#1525,.F.);
#1534 = ORIENTED_EDGE('',*,*,#1535,.T.);
#1535 = EDGE_CURVE('',#1526,#1526,#1536,.T.);
#1536 = CIRCLE('',#1537,1.8);
#1537 = AXIS2_PLACEMENT_3D('',#1538,#1539,#1540);
#1538 = CARTESIAN_POINT('',(12.,175.75,1.8));
#1539 = DIRECTION('',(0.,-4.440892098501E-16,-1.));
#1540 = DIRECTION('',(1.,0.,0.));
#1541 = CYLINDRICAL_SURFACE('',#1542,1.8);
#1542 = AXIS2_PLACEMENT_3D('',#1543,#1544,#1545);
#1543 = CARTESIAN_POINT('',(12.,175.75,9.));
#1544 = DIRECTION('',(0.,-4.440892098501E-16,-1.));
#1545 = DIRECTION('',(1.,0.,0.));
#1546 = ADVANCED_FACE('',(#1547),#1566,.F.);
#1547 = FACE_BOUND('',#1548,.F.);
#1548 = EDGE_LOOP('',(#1549,#1557,#1558,#1559));
#1549 = ORIENTED_EDGE('',*,*,#1550,.T.);
#1550 = EDGE_CURVE('',#1551,#242,#1553,.T.);
#1551 = VERTEX_POINT('',#1552);
#1552 = CARTESIAN_POINT('',(101.8,175.75,1.8));
#1553 = LINE('',#1554,#1555);
#1554 = CARTESIAN_POINT('',(101.8,175.75,9.));
#1555 = VECTOR('',#1556,1.);
#1556 = DIRECTION('',(0.,-4.440892098501E-16,-1.));
#1557 = ORIENTED_EDGE('',*,*,#241,.F.);
#1558 = ORIENTED_EDGE('',*,*,#1550,.F.);
#1559 = ORIENTED_EDGE('',*,*,#1560,.T.);
#1560 = EDGE_CURVE('',#1551,#1551,#1561,.T.);
#1561 = CIRCLE('',#1562,1.8);
#1562 = AXIS2_PLACEMENT_3D('',#1563,#1564,#1565);
#1563 = CARTESIAN_POINT('',(100.,175.75,1.8));
#1564 = DIRECTION('',(0.,-4.440892098501E-16,-1.));
#1565 = DIRECTION('',(1.,0.,0.));
#1566 = CYLINDRICAL_SURFACE('',#1567,1.8);
#1567 = AXIS2_PLACEMENT_3D('',#1568,#1569,#1570);
#1568 = CARTESIAN_POINT('',(100.,175.75,9.));
#1569 = DIRECTION('',(0.,-4.440892098501E-16,-1.));
#1570 = DIRECTION('',(1.,0.,0.));
#1571 = ADVANCED_FACE('',(#1572),#1591,.F.);
#1572 = FACE_BOUND('',#1573,.F.);
#1573 = EDGE_LOOP('',(#1574,#1582,#1583,#1584));
#1574 = ORIENTED_EDGE('',*,*,#1575,.T.);
#1575 = EDGE_CURVE('',#1576,#253,#1578,.T.);
#1576 = VERTEX_POINT('',#1577);
#1577 = CARTESIAN_POINT('',(13.8,93.875,1.8));
#1578 = LINE('',#1579,#1580);
#1579 = CARTESIAN_POINT('',(13.8,93.875,9.));
#1580 = VECTOR('',#1581,1.);
#1581 = DIRECTION('',(0.,-4.440892098501E-16,-1.));
#1582 = ORIENTED_EDGE('',*,*,#252,.F.);
#1583 = ORIENTED_EDGE('',*,*,#1575,.F.);
#1584 = ORIENTED_EDGE('',*,*,#1585,.T.);
#1585 = EDGE_CURVE('',#1576,#1576,#1586,.T.);
#1586 = CIRCLE('',#1587,1.8);
#1587 = AXIS2_PLACEMENT_3D('',#1588,#1589,#1590);
#1588 = CARTESIAN_POINT('',(12.,93.875,1.8));
#1589 = DIRECTION('',(0.,-4.440892098501E-16,-1.));
#1590 = DIRECTION('',(1.,0.,0.));
#1591 = CYLINDRICAL_SURFACE('',#1592,1.8);
#1592 = AXIS2_PLACEMENT_3D('',#1593,#1594,#1595);
#1593 = CARTESIAN_POINT('',(12.,93.875,9.));
#1594 = DIRECTION('',(0.,-4.440892098501E-16,-1.));
#1595 = DIRECTION('',(1.,0.,0.));
#1596 = ADVANCED_FACE('',(#1597),#1613,.T.);
#1597 = FACE_BOUND('',#1598,.T.);
#1598 = EDGE_LOOP('',(#1599,#1605,#1606,#1612));
#1599 = ORIENTED_EDGE('',*,*,#1600,.F.);
#1600 = EDGE_CURVE('',#980,#264,#1601,.T.);
#1601 = LINE('',#1602,#1603);
#1602 = CARTESIAN_POINT('',(176.,163.75,9.));
#1603 = VECTOR('',#1604,1.);
#1604 = DIRECTION('',(0.,-4.440892098501E-16,-1.));
#1605 = ORIENTED_EDGE('',*,*,#979,.T.);
#1606 = ORIENTED_EDGE('',*,*,#1607,.T.);
#1607 = EDGE_CURVE('',#982,#266,#1608,.T.);
#1608 = LINE('',#1609,#1610);
#1609 = CARTESIAN_POINT('',(24.,163.75,9.));
#1610 = VECTOR('',#1611,1.);
#1611 = DIRECTION('',(0.,-4.440892098501E-16,-1.));
#1612 = ORIENTED_EDGE('',*,*,#263,.F.);
#1613 = PLANE('',#1614);
#1614 = AXIS2_PLACEMENT_3D('',#1615,#1616,#1617);
#1615 = CARTESIAN_POINT('',(24.,163.75,9.));
#1616 = DIRECTION('',(0.,-1.,4.440892098501E-16));
#1617 = DIRECTION('',(0.,-4.440892098501E-16,-1.));
#1618 = ADVANCED_FACE('',(#1619),#1630,.F.);
#1619 = FACE_BOUND('',#1620,.F.);
#1620 = EDGE_LOOP('',(#1621,#1622,#1623,#1629));
#1621 = ORIENTED_EDGE('',*,*,#1600,.F.);
#1622 = ORIENTED_EDGE('',*,*,#1005,.T.);
#1623 = ORIENTED_EDGE('',*,*,#1624,.T.);
#1624 = EDGE_CURVE('',#998,#282,#1625,.T.);
#1625 = LINE('',#1626,#1627);
#1626 = CARTESIAN_POINT('',(176.,24.,9.));
#1627 = VECTOR('',#1628,1.);
#1628 = DIRECTION('',(0.,-4.440892098501E-16,-1.));
#1629 = ORIENTED_EDGE('',*,*,#289,.F.);
#1630 = PLANE('',#1631);
#1631 = AXIS2_PLACEMENT_3D('',#1632,#1633,#1634);
#1632 = CARTESIAN_POINT('',(176.,163.75,9.));
#1633 = DIRECTION('',(1.,0.,0.));
#1634 = DIRECTION('',(0.,-4.440892098501E-16,-1.));
#1635 = ADVANCED_FACE('',(#1636),#1647,.T.);
#1636 = FACE_BOUND('',#1637,.T.);
#1637 = EDGE_LOOP('',(#1638,#1639,#1640,#1646));
#1638 = ORIENTED_EDGE('',*,*,#1607,.F.);
#1639 = ORIENTED_EDGE('',*,*,#989,.T.);
#1640 = ORIENTED_EDGE('',*,*,#1641,.T.);
#1641 = EDGE_CURVE('',#990,#274,#1642,.T.);
#1642 = LINE('',#1643,#1644);
#1643 = CARTESIAN_POINT('',(24.,24.,9.));
#1644 = VECTOR('',#1645,1.);
#1645 = DIRECTION('',(0.,-4.440892098501E-16,-1.));
#1646 = ORIENTED_EDGE('',*,*,#273,.F.);
#1647 = PLANE('',#1648);
#1648 = AXIS2_PLACEMENT_3D('',#1649,#1650,#1651);
#1649 = CARTESIAN_POINT('',(24.,163.75,9.));
#1650 = DIRECTION('',(1.,0.,0.));
#1651 = DIRECTION('',(0.,-4.440892098501E-16,-1.));
#1652 = ADVANCED_FACE('',(#1653),#1659,.F.);
#1653 = FACE_BOUND('',#1654,.F.);
#1654 = EDGE_LOOP('',(#1655,#1656,#1657,#1658));
#1655 = ORIENTED_EDGE('',*,*,#1624,.F.);
#1656 = ORIENTED_EDGE('',*,*,#997,.T.);
#1657 = ORIENTED_EDGE('',*,*,#1641,.T.);
#1658 = ORIENTED_EDGE('',*,*,#281,.F.);
#1659 = PLANE('',#1660);
#1660 = AXIS2_PLACEMENT_3D('',#1661,#1662,#1663);
#1661 = CARTESIAN_POINT('',(24.,24.,9.));
#1662 = DIRECTION('',(0.,-1.,4.440892098501E-16));
#1663 = DIRECTION('',(0.,-4.440892098501E-16,-1.));
#1664 = ADVANCED_FACE('',(#1665),#1684,.F.);
#1665 = FACE_BOUND('',#1666,.F.);
#1666 = EDGE_LOOP('',(#1667,#1675,#1676,#1677));
#1667 = ORIENTED_EDGE('',*,*,#1668,.T.);
#1668 = EDGE_CURVE('',#1669,#298,#1671,.T.);
#1669 = VERTEX_POINT('',#1670);
#1670 = CARTESIAN_POINT('',(189.8,175.75,1.8));
#1671 = LINE('',#1672,#1673);
#1672 = CARTESIAN_POINT('',(189.8,175.75,9.));
#1673 = VECTOR('',#1674,1.);
#1674 = DIRECTION('',(0.,-4.440892098501E-16,-1.));
#1675 = ORIENTED_EDGE('',*,*,#297,.F.);
#1676 = ORIENTED_EDGE('',*,*,#1668,.F.);
#1677 = ORIENTED_EDGE('',*,*,#1678,.T.);
#1678 = EDGE_CURVE('',#1669,#1669,#1679,.T.);
#1679 = CIRCLE('',#1680,1.8);
#1680 = AXIS2_PLACEMENT_3D('',#1681,#1682,#1683);
#1681 = CARTESIAN_POINT('',(188.,175.75,1.8));
#1682 = DIRECTION('',(0.,-4.440892098501E-16,-1.));
#1683 = DIRECTION('',(1.,0.,0.));
#1684 = CYLINDRICAL_SURFACE('',#1685,1.8);
#1685 = AXIS2_PLACEMENT_3D('',#1686,#1687,#1688);
#1686 = CARTESIAN_POINT('',(188.,175.75,9.));
#1687 = DIRECTION('',(0.,-4.440892098501E-16,-1.));
#1688 = DIRECTION('',(1.,0.,0.));
#1689 = ADVANCED_FACE('',(#1690),#1709,.F.);
#1690 = FACE_BOUND('',#1691,.F.);
#1691 = EDGE_LOOP('',(#1692,#1700,#1701,#1702));
#1692 = ORIENTED_EDGE('',*,*,#1693,.T.);
#1693 = EDGE_CURVE('',#1694,#309,#1696,.T.);
#1694 = VERTEX_POINT('',#1695);
#1695 = CARTESIAN_POINT('',(189.8,93.875,1.8));
#1696 = LINE('',#1697,#1698);
#1697 = CARTESIAN_POINT('',(189.8,93.875,9.));
#1698 = VECTOR('',#1699,1.);
#1699 = DIRECTION('',(0.,-4.440892098501E-16,-1.));
#1700 = ORIENTED_EDGE('',*,*,#308,.F.);
#1701 = ORIENTED_EDGE('',*,*,#1693,.F.);
#1702 = ORIENTED_EDGE('',*,*,#1703,.T.);
#1703 = EDGE_CURVE('',#1694,#1694,#1704,.T.);
#1704 = CIRCLE('',#1705,1.8);
#1705 = AXIS2_PLACEMENT_3D('',#1706,#1707,#1708);
#1706 = CARTESIAN_POINT('',(188.,93.875,1.8));
#1707 = DIRECTION('',(0.,-4.440892098501E-16,-1.));
#1708 = DIRECTION('',(1.,0.,0.));
#1709 = CYLINDRICAL_SURFACE('',#1710,1.8);
#1710 = AXIS2_PLACEMENT_3D('',#1711,#1712,#1713);
#1711 = CARTESIAN_POINT('',(188.,93.875,9.));
#1712 = DIRECTION('',(0.,-4.440892098501E-16,-1.));
#1713 = DIRECTION('',(1.,0.,0.));
#1714 = ADVANCED_FACE('',(#1715),#1734,.F.);
#1715 = FACE_BOUND('',#1716,.F.);
#1716 = EDGE_LOOP('',(#1717,#1725,#1726,#1727));
#1717 = ORIENTED_EDGE('',*,*,#1718,.T.);
#1718 = EDGE_CURVE('',#1719,#320,#1721,.T.);
#1719 = VERTEX_POINT('',#1720);
#1720 = CARTESIAN_POINT('',(13.8,12.,1.8));
#1721 = LINE('',#1722,#1723);
#1722 = CARTESIAN_POINT('',(13.8,12.,9.));
#1723 = VECTOR('',#1724,1.);
#1724 = DIRECTION('',(0.,-4.440892098501E-16,-1.));
#1725 = ORIENTED_EDGE('',*,*,#319,.F.);
#1726 = ORIENTED_EDGE('',*,*,#1718,.F.);
#1727 = ORIENTED_EDGE('',*,*,#1728,.T.);
#1728 = EDGE_CURVE('',#1719,#1719,#1729,.T.);
#1729 = CIRCLE('',#1730,1.8);
#1730 = AXIS2_PLACEMENT_3D('',#1731,#1732,#1733);
#1731 = CARTESIAN_POINT('',(12.,12.,1.8));
#1732 = DIRECTION('',(0.,-4.440892098501E-16,-1.));
#1733 = DIRECTION('',(1.,0.,0.));
#1734 = CYLINDRICAL_SURFACE('',#1735,1.8);
#1735 = AXIS2_PLACEMENT_3D('',#1736,#1737,#1738);
#1736 = CARTESIAN_POINT('',(12.,12.,9.));
#1737 = DIRECTION('',(0.,-4.440892098501E-16,-1.));
#1738 = DIRECTION('',(1.,0.,0.));
#1739 = ADVANCED_FACE('',(#1740),#1759,.F.);
#1740 = FACE_BOUND('',#1741,.F.);
#1741 = EDGE_LOOP('',(#1742,#1750,#1751,#1752));
#1742 = ORIENTED_EDGE('',*,*,#1743,.T.);
#1743 = EDGE_CURVE('',#1744,#331,#1746,.T.);
#1744 = VERTEX_POINT('',#1745);
#1745 = CARTESIAN_POINT('',(101.8,12.,1.8));
#1746 = LINE('',#1747,#1748);
#1747 = CARTESIAN_POINT('',(101.8,12.,9.));
#1748 = VECTOR('',#1749,1.);
#1749 = DIRECTION('',(0.,-4.440892098501E-16,-1.));
#1750 = ORIENTED_EDGE('',*,*,#330,.F.);
#1751 = ORIENTED_EDGE('',*,*,#1743,.F.);
#1752 = ORIENTED_EDGE('',*,*,#1753,.T.);
#1753 = EDGE_CURVE('',#1744,#1744,#1754,.T.);
#1754 = CIRCLE('',#1755,1.8);
#1755 = AXIS2_PLACEMENT_3D('',#1756,#1757,#1758);
#1756 = CARTESIAN_POINT('',(100.,12.,1.8));
#1757 = DIRECTION('',(0.,-4.440892098501E-16,-1.));
#1758 = DIRECTION('',(1.,0.,0.));
#1759 = CYLINDRICAL_SURFACE('',#1760,1.8);
#1760 = AXIS2_PLACEMENT_3D('',#1761,#1762,#1763);
#1761 = CARTESIAN_POINT('',(100.,12.,9.));
#1762 = DIRECTION('',(0.,-4.440892098501E-16,-1.));
#1763 = DIRECTION('',(1.,0.,0.));
#1764 = ADVANCED_FACE('',(#1765),#1784,.F.);
#1765 = FACE_BOUND('',#1766,.F.);
#1766 = EDGE_LOOP('',(#1767,#1775,#1776,#1777));
#1767 = ORIENTED_EDGE('',*,*,#1768,.T.);
#1768 = EDGE_CURVE('',#1769,#342,#1771,.T.);
#1769 = VERTEX_POINT('',#1770);
#1770 = CARTESIAN_POINT('',(189.8,12.,1.8));
#1771 = LINE('',#1772,#1773);
#1772 = CARTESIAN_POINT('',(189.8,12.,9.));
#1773 = VECTOR('',#1774,1.);
#1774 = DIRECTION('',(0.,-4.440892098501E-16,-1.));
#1775 = ORIENTED_EDGE('',*,*,#341,.F.);
#1776 = ORIENTED_EDGE('',*,*,#1768,.F.);
#1777 = ORIENTED_EDGE('',*,*,#1778,.T.);
#1778 = EDGE_CURVE('',#1769,#1769,#1779,.T.);
#1779 = CIRCLE('',#1780,1.8);
#1780 = AXIS2_PLACEMENT_3D('',#1781,#1782,#1783);
#1781 = CARTESIAN_POINT('',(188.,12.,1.8));
#1782 = DIRECTION('',(0.,-4.440892098501E-16,-1.));
#1783 = DIRECTION('',(1.,0.,0.));
#1784 = CYLINDRICAL_SURFACE('',#1785,1.8);
#1785 = AXIS2_PLACEMENT_3D('',#1786,#1787,#1788);
#1786 = CARTESIAN_POINT('',(188.,12.,9.));
#1787 = DIRECTION('',(0.,-4.440892098501E-16,-1.));
#1788 = DIRECTION('',(1.,0.,0.));
#1789 = ADVANCED_FACE('',(#1790),#1808,.F.);
#1790 = FACE_BOUND('',#1791,.F.);
#1791 = EDGE_LOOP('',(#1792,#1793,#1801,#1807));
#1792 = ORIENTED_EDGE('',*,*,#541,.F.);
#1793 = ORIENTED_EDGE('',*,*,#1794,.T.);
#1794 = EDGE_CURVE('',#534,#1795,#1797,.T.);
#1795 = VERTEX_POINT('',#1796);
#1796 = CARTESIAN_POINT('',(1.75,171.75,4.));
#1797 = LINE('',#1798,#1799);
#1798 = CARTESIAN_POINT('',(1.75,171.75,8.));
#1799 = VECTOR('',#1800,1.);
#1800 = DIRECTION('',(0.,-6.661338147751E-16,-1.));
#1801 = ORIENTED_EDGE('',*,*,#1802,.T.);
#1802 = EDGE_CURVE('',#1795,#425,#1803,.T.);
#1803 = LINE('',#1804,#1805);
#1804 = CARTESIAN_POINT('',(1.75,171.75,4.));
#1805 = VECTOR('',#1806,1.);
#1806 = DIRECTION('',(0.,-1.,6.661338147751E-16));
#1807 = ORIENTED_EDGE('',*,*,#432,.F.);
#1808 = PLANE('',#1809);
#1809 = AXIS2_PLACEMENT_3D('',#1810,#1811,#1812);
#1810 = CARTESIAN_POINT('',(1.75,171.75,8.));
#1811 = DIRECTION('',(-1.,0.,-0.));
#1812 = DIRECTION('',(0.,-1.,6.661338147751E-16));
#1813 = ADVANCED_FACE('',(#1814),#1832,.F.);
#1814 = FACE_BOUND('',#1815,.F.);
#1815 = EDGE_LOOP('',(#1816,#1817,#1825,#1831));
#1816 = ORIENTED_EDGE('',*,*,#1802,.F.);
#1817 = ORIENTED_EDGE('',*,*,#1818,.F.);
#1818 = EDGE_CURVE('',#1819,#1795,#1821,.T.);
#1819 = VERTEX_POINT('',#1820);
#1820 = CARTESIAN_POINT('',(6.25,171.75,4.));
#1821 = LINE('',#1822,#1823);
#1822 = CARTESIAN_POINT('',(6.25,171.75,4.));
#1823 = VECTOR('',#1824,1.);
#1824 = DIRECTION('',(-1.,0.,-0.));
#1825 = ORIENTED_EDGE('',*,*,#1826,.T.);
#1826 = EDGE_CURVE('',#1819,#417,#1827,.T.);
#1827 = LINE('',#1828,#1829);
#1828 = CARTESIAN_POINT('',(6.25,171.75,4.));
#1829 = VECTOR('',#1830,1.);
#1830 = DIRECTION('',(0.,-1.,6.661338147751E-16));
#1831 = ORIENTED_EDGE('',*,*,#424,.F.);
#1832 = PLANE('',#1833);
#1833 = AXIS2_PLACEMENT_3D('',#1834,#1835,#1836);
#1834 = CARTESIAN_POINT('',(6.25,171.75,4.));
#1835 = DIRECTION('',(0.,-6.661338147751E-16,-1.));
#1836 = DIRECTION('',(0.,-1.,6.661338147751E-16));
#1837 = ADVANCED_FACE('',(#1838),#1849,.T.);
#1838 = FACE_BOUND('',#1839,.T.);
#1839 = EDGE_LOOP('',(#1840,#1841,#1847,#1848));
#1840 = ORIENTED_EDGE('',*,*,#525,.F.);
#1841 = ORIENTED_EDGE('',*,*,#1842,.T.);
#1842 = EDGE_CURVE('',#526,#1819,#1843,.T.);
#1843 = LINE('',#1844,#1845);
#1844 = CARTESIAN_POINT('',(6.25,171.75,8.));
#1845 = VECTOR('',#1846,1.);
#1846 = DIRECTION('',(0.,-6.661338147751E-16,-1.));
#1847 = ORIENTED_EDGE('',*,*,#1826,.T.);
#1848 = ORIENTED_EDGE('',*,*,#416,.F.);
#1849 = PLANE('',#1850);
#1850 = AXIS2_PLACEMENT_3D('',#1851,#1852,#1853);
#1851 = CARTESIAN_POINT('',(6.25,171.75,8.));
#1852 = DIRECTION('',(-1.,0.,-0.));
#1853 = DIRECTION('',(0.,-1.,6.661338147751E-16));
#1854 = ADVANCED_FACE('',(#1855),#1873,.F.);
#1855 = FACE_BOUND('',#1856,.F.);
#1856 = EDGE_LOOP('',(#1857,#1858,#1866,#1872));
#1857 = ORIENTED_EDGE('',*,*,#518,.F.);
#1858 = ORIENTED_EDGE('',*,*,#1859,.T.);
#1859 = EDGE_CURVE('',#511,#1860,#1862,.T.);
#1860 = VERTEX_POINT('',#1861);
#1861 = CARTESIAN_POINT('',(193.75,171.75,4.));
#1862 = LINE('',#1863,#1864);
#1863 = CARTESIAN_POINT('',(193.75,171.75,8.));
#1864 = VECTOR('',#1865,1.);
#1865 = DIRECTION('',(0.,-6.661338147751E-16,-1.));
#1866 = ORIENTED_EDGE('',*,*,#1867,.T.);
#1867 = EDGE_CURVE('',#1860,#393,#1868,.T.);
#1868 = LINE('',#1869,#1870);
#1869 = CARTESIAN_POINT('',(193.75,171.75,4.));
#1870 = VECTOR('',#1871,1.);
#1871 = DIRECTION('',(0.,-1.,6.661338147751E-16));
#1872 = ORIENTED_EDGE('',*,*,#400,.F.);
#1873 = PLANE('',#1874);
#1874 = AXIS2_PLACEMENT_3D('',#1875,#1876,#1877);
#1875 = CARTESIAN_POINT('',(193.75,171.75,8.));
#1876 = DIRECTION('',(-1.,0.,-0.));
#1877 = DIRECTION('',(0.,-1.,6.661338147751E-16));
#1878 = ADVANCED_FACE('',(#1879),#1897,.F.);
#1879 = FACE_BOUND('',#1880,.F.);
#1880 = EDGE_LOOP('',(#1881,#1882,#1890,#1896));
#1881 = ORIENTED_EDGE('',*,*,#1867,.F.);
#1882 = ORIENTED_EDGE('',*,*,#1883,.F.);
#1883 = EDGE_CURVE('',#1884,#1860,#1886,.T.);
#1884 = VERTEX_POINT('',#1885);
#1885 = CARTESIAN_POINT('',(198.25,171.75,4.));
#1886 = LINE('',#1887,#1888);
#1887 = CARTESIAN_POINT('',(198.25,171.75,4.));
#1888 = VECTOR('',#1889,1.);
#1889 = DIRECTION('',(-1.,0.,-0.));
#1890 = ORIENTED_EDGE('',*,*,#1891,.T.);
#1891 = EDGE_CURVE('',#1884,#385,#1892,.T.);
#1892 = LINE('',#1893,#1894);
#1893 = CARTESIAN_POINT('',(198.25,171.75,4.));
#1894 = VECTOR('',#1895,1.);
#1895 = DIRECTION('',(0.,-1.,6.661338147751E-16));
#1896 = ORIENTED_EDGE('',*,*,#392,.F.);
#1897 = PLANE('',#1898);
#1898 = AXIS2_PLACEMENT_3D('',#1899,#1900,#1901);
#1899 = CARTESIAN_POINT('',(198.25,171.75,4.));
#1900 = DIRECTION('',(0.,-6.661338147751E-16,-1.));
#1901 = DIRECTION('',(0.,-1.,6.661338147751E-16));
#1902 = ADVANCED_FACE('',(#1903),#1914,.T.);
#1903 = FACE_BOUND('',#1904,.T.);
#1904 = EDGE_LOOP('',(#1905,#1906,#1912,#1913));
#1905 = ORIENTED_EDGE('',*,*,#502,.F.);
#1906 = ORIENTED_EDGE('',*,*,#1907,.T.);
#1907 = EDGE_CURVE('',#503,#1884,#1908,.T.);
#1908 = LINE('',#1909,#1910);
#1909 = CARTESIAN_POINT('',(198.25,171.75,8.));
#1910 = VECTOR('',#1911,1.);
#1911 = DIRECTION('',(0.,-6.661338147751E-16,-1.));
#1912 = ORIENTED_EDGE('',*,*,#1891,.T.);
#1913 = ORIENTED_EDGE('',*,*,#384,.F.);
#1914 = PLANE('',#1915);
#1915 = AXIS2_PLACEMENT_3D('',#1916,#1917,#1918);
#1916 = CARTESIAN_POINT('',(198.25,171.75,8.));
#1917 = DIRECTION('',(-1.,0.,-0.));
#1918 = DIRECTION('',(0.,-1.,6.661338147751E-16));
#1919 = ADVANCED_FACE('',(#1920),#1926,.T.);
#1920 = FACE_BOUND('',#1921,.T.);
#1921 = EDGE_LOOP('',(#1922,#1923,#1924,#1925));
#1922 = ORIENTED_EDGE('',*,*,#1842,.F.);
#1923 = ORIENTED_EDGE('',*,*,#533,.T.);
#1924 = ORIENTED_EDGE('',*,*,#1794,.T.);
#1925 = ORIENTED_EDGE('',*,*,#1818,.F.);
#1926 = PLANE('',#1927);
#1927 = AXIS2_PLACEMENT_3D('',#1928,#1929,#1930);
#1928 = CARTESIAN_POINT('',(6.25,171.75,8.));
#1929 = DIRECTION('',(0.,-1.,6.661338147751E-16));
#1930 = DIRECTION('',(-1.,0.,-0.));
#1931 = ADVANCED_FACE('',(#1932),#1938,.T.);
#1932 = FACE_BOUND('',#1933,.T.);
#1933 = EDGE_LOOP('',(#1934,#1935,#1936,#1937));
#1934 = ORIENTED_EDGE('',*,*,#1287,.F.);
#1935 = ORIENTED_EDGE('',*,*,#1214,.T.);
#1936 = ORIENTED_EDGE('',*,*,#1181,.T.);
#1937 = ORIENTED_EDGE('',*,*,#457,.F.);
#1938 = PLANE('',#1939);
#1939 = AXIS2_PLACEMENT_3D('',#1940,#1941,#1942);
#1940 = CARTESIAN_POINT('',(46.,173.75,22.));
#1941 = DIRECTION('',(0.,-1.,6.661338147751E-16));
#1942 = DIRECTION('',(-1.,0.,-0.));
#1943 = ADVANCED_FACE('',(#1944),#1950,.T.);
#1944 = FACE_BOUND('',#1945,.T.);
#1945 = EDGE_LOOP('',(#1946,#1947,#1948,#1949));
#1946 = ORIENTED_EDGE('',*,*,#1907,.F.);
#1947 = ORIENTED_EDGE('',*,*,#510,.T.);
#1948 = ORIENTED_EDGE('',*,*,#1859,.T.);
#1949 = ORIENTED_EDGE('',*,*,#1883,.F.);
#1950 = PLANE('',#1951);
#1951 = AXIS2_PLACEMENT_3D('',#1952,#1953,#1954);
#1952 = CARTESIAN_POINT('',(198.25,171.75,8.));
#1953 = DIRECTION('',(0.,-1.,6.661338147751E-16));
#1954 = DIRECTION('',(-1.,0.,-0.));
#1955 = ADVANCED_FACE('',(#1956),#1962,.T.);
#1956 = FACE_BOUND('',#1957,.T.);
#1957 = EDGE_LOOP('',(#1958,#1959,#1960,#1961));
#1958 = ORIENTED_EDGE('',*,*,#1263,.F.);
#1959 = ORIENTED_EDGE('',*,*,#1306,.T.);
#1960 = ORIENTED_EDGE('',*,*,#1362,.T.);
#1961 = ORIENTED_EDGE('',*,*,#480,.F.);
#1962 = PLANE('',#1963);
#1963 = AXIS2_PLACEMENT_3D('',#1964,#1965,#1966);
#1964 = CARTESIAN_POINT('',(166.,173.75,22.));
#1965 = DIRECTION('',(0.,-1.,6.661338147751E-16));
#1966 = DIRECTION('',(-1.,0.,-0.));
#1967 = ADVANCED_FACE('',(#1968),#1993,.T.);
#1968 = FACE_BOUND('',#1969,.T.);
#1969 = EDGE_LOOP('',(#1970,#1971,#1979,#1987));
#1970 = ORIENTED_EDGE('',*,*,#549,.T.);
#1971 = ORIENTED_EDGE('',*,*,#1972,.T.);
#1972 = EDGE_CURVE('',#552,#1973,#1975,.T.);
#1973 = VERTEX_POINT('',#1974);
#1974 = CARTESIAN_POINT('',(12.,172.34363341178,1.8));
#1975 = LINE('',#1976,#1977);
#1976 = CARTESIAN_POINT('',(12.,172.34363341178,8.1));
#1977 = VECTOR('',#1978,1.);
#1978 = DIRECTION('',(0.,-4.440892098501E-16,-1.));
#1979 = ORIENTED_EDGE('',*,*,#1980,.T.);
#1980 = EDGE_CURVE('',#1973,#1981,#1983,.T.);
#1981 = VERTEX_POINT('',#1982);
#1982 = CARTESIAN_POINT('',(9.05,174.04681670589,1.8));
#1983 = LINE('',#1984,#1985);
#1984 = CARTESIAN_POINT('',(12.,172.34363341178,1.8));
#1985 = VECTOR('',#1986,1.);
#1986 = DIRECTION('',(-0.866025403784,0.5,-2.22044604925E-16));
#1987 = ORIENTED_EDGE('',*,*,#1988,.F.);
#1988 = EDGE_CURVE('',#550,#1981,#1989,.T.);
#1989 = LINE('',#1990,#1991);
#1990 = CARTESIAN_POINT('',(9.05,174.04681670589,8.1));
#1991 = VECTOR('',#1992,1.);
#1992 = DIRECTION('',(0.,-4.440892098501E-16,-1.));
#1993 = PLANE('',#1994);
#1994 = AXIS2_PLACEMENT_3D('',#1995,#1996,#1997);
#1995 = CARTESIAN_POINT('',(12.,172.34363341178,8.1));
#1996 = DIRECTION('',(0.5,0.866025403784,-3.845925372767E-16));
#1997 = DIRECTION('',(-0.866025403784,0.5,-2.22044604925E-16));
#1998 = ADVANCED_FACE('',(#1999),#2017,.T.);
#1999 = FACE_BOUND('',#2000,.T.);
#2000 = EDGE_LOOP('',(#2001,#2002,#2003,#2011));
#2001 = ORIENTED_EDGE('',*,*,#591,.T.);
#2002 = ORIENTED_EDGE('',*,*,#1988,.T.);
#2003 = ORIENTED_EDGE('',*,*,#2004,.T.);
#2004 = EDGE_CURVE('',#1981,#2005,#2007,.T.);
#2005 = VERTEX_POINT('',#2006);
#2006 = CARTESIAN_POINT('',(9.05,177.4531832941,1.8));
#2007 = LINE('',#2008,#2009);
#2008 = CARTESIAN_POINT('',(9.05,174.04681670589,1.8));
#2009 = VECTOR('',#2010,1.);
#2010 = DIRECTION('',(5.214814064769E-16,1.,-4.440892098501E-16));
#2011 = ORIENTED_EDGE('',*,*,#2012,.F.);
#2012 = EDGE_CURVE('',#584,#2005,#2013,.T.);
#2013 = LINE('',#2014,#2015);
#2014 = CARTESIAN_POINT('',(9.05,177.4531832941,8.1));
#2015 = VECTOR('',#2016,1.);
#2016 = DIRECTION('',(0.,-4.440892098501E-16,-1.));
#2017 = PLANE('',#2018);
#2018 = AXIS2_PLACEMENT_3D('',#2019,#2020,#2021);
#2019 = CARTESIAN_POINT('',(9.05,174.04681670589,8.1));
#2020 = DIRECTION('',(1.,-5.214814064769E-16,2.315842657538E-31));
#2021 = DIRECTION('',(5.214814064769E-16,1.,-4.440892098501E-16));
#2022 = ADVANCED_FACE('',(#2023),#2041,.T.);
#2023 = FACE_BOUND('',#2024,.T.);
#2024 = EDGE_LOOP('',(#2025,#2026,#2034,#2040));
#2025 = ORIENTED_EDGE('',*,*,#559,.T.);
#2026 = ORIENTED_EDGE('',*,*,#2027,.T.);
#2027 = EDGE_CURVE('',#560,#2028,#2030,.T.);
#2028 = VERTEX_POINT('',#2029);
#2029 = CARTESIAN_POINT('',(14.95,174.04681670589,1.8));
#2030 = LINE('',#2031,#2032);
#2031 = CARTESIAN_POINT('',(14.95,174.04681670589,8.1));
#2032 = VECTOR('',#2033,1.);
#2033 = DIRECTION('',(0.,-4.440892098501E-16,-1.));
#2034 = ORIENTED_EDGE('',*,*,#2035,.T.);
#2035 = EDGE_CURVE('',#2028,#1973,#2036,.T.);
#2036 = LINE('',#2037,#2038);
#2037 = CARTESIAN_POINT('',(14.95,174.04681670589,1.8));
#2038 = VECTOR('',#2039,1.);
#2039 = DIRECTION('',(-0.866025403784,-0.5,2.22044604925E-16));
#2040 = ORIENTED_EDGE('',*,*,#1972,.F.);
#2041 = PLANE('',#2042);
#2042 = AXIS2_PLACEMENT_3D('',#2043,#2044,#2045);
#2043 = CARTESIAN_POINT('',(14.95,174.04681670589,8.1));
#2044 = DIRECTION('',(-0.5,0.866025403784,-3.845925372767E-16));
#2045 = DIRECTION('',(-0.866025403784,-0.5,2.22044604925E-16));
#2046 = ADVANCED_FACE('',(#2047),#2065,.T.);
#2047 = FACE_BOUND('',#2048,.T.);
#2048 = EDGE_LOOP('',(#2049,#2050,#2051,#2059));
#2049 = ORIENTED_EDGE('',*,*,#583,.T.);
#2050 = ORIENTED_EDGE('',*,*,#2012,.T.);
#2051 = ORIENTED_EDGE('',*,*,#2052,.T.);
#2052 = EDGE_CURVE('',#2005,#2053,#2055,.T.);
#2053 = VERTEX_POINT('',#2054);
#2054 = CARTESIAN_POINT('',(12.,179.15636658821,1.8));
#2055 = LINE('',#2056,#2057);
#2056 = CARTESIAN_POINT('',(9.05,177.4531832941,1.8));
#2057 = VECTOR('',#2058,1.);
#2058 = DIRECTION('',(0.866025403784,0.5,-2.22044604925E-16));
#2059 = ORIENTED_EDGE('',*,*,#2060,.F.);
#2060 = EDGE_CURVE('',#576,#2053,#2061,.T.);
#2061 = LINE('',#2062,#2063);
#2062 = CARTESIAN_POINT('',(12.,179.15636658821,8.1));
#2063 = VECTOR('',#2064,1.);
#2064 = DIRECTION('',(0.,-4.440892098501E-16,-1.));
#2065 = PLANE('',#2066);
#2066 = AXIS2_PLACEMENT_3D('',#2067,#2068,#2069);
#2067 = CARTESIAN_POINT('',(9.05,177.4531832941,8.1));
#2068 = DIRECTION('',(0.5,-0.866025403784,3.845925372767E-16));
#2069 = DIRECTION('',(0.866025403784,0.5,-2.22044604925E-16));
#2070 = ADVANCED_FACE('',(#2071),#2089,.T.);
#2071 = FACE_BOUND('',#2072,.T.);
#2072 = EDGE_LOOP('',(#2073,#2074,#2082,#2088));
#2073 = ORIENTED_EDGE('',*,*,#567,.T.);
#2074 = ORIENTED_EDGE('',*,*,#2075,.T.);
#2075 = EDGE_CURVE('',#568,#2076,#2078,.T.);
#2076 = VERTEX_POINT('',#2077);
#2077 = CARTESIAN_POINT('',(14.95,177.4531832941,1.8));
#2078 = LINE('',#2079,#2080);
#2079 = CARTESIAN_POINT('',(14.95,177.4531832941,8.1));
#2080 = VECTOR('',#2081,1.);
#2081 = DIRECTION('',(0.,-4.440892098501E-16,-1.));
#2082 = ORIENTED_EDGE('',*,*,#2083,.T.);
#2083 = EDGE_CURVE('',#2076,#2028,#2084,.T.);
#2084 = LINE('',#2085,#2086);
#2085 = CARTESIAN_POINT('',(14.95,177.4531832941,1.8));
#2086 = VECTOR('',#2087,1.);
#2087 = DIRECTION('',(5.214814064769E-16,-1.,4.440892098501E-16));
#2088 = ORIENTED_EDGE('',*,*,#2027,.F.);
#2089 = PLANE('',#2090);
#2090 = AXIS2_PLACEMENT_3D('',#2091,#2092,#2093);
#2091 = CARTESIAN_POINT('',(14.95,177.4531832941,8.1));
#2092 = DIRECTION('',(-1.,-5.214814064769E-16,2.315842657538E-31));
#2093 = DIRECTION('',(5.214814064769E-16,-1.,4.440892098501E-16));
#2094 = ADVANCED_FACE('',(#2095),#2106,.T.);
#2095 = FACE_BOUND('',#2096,.T.);
#2096 = EDGE_LOOP('',(#2097,#2098,#2099,#2105));
#2097 = ORIENTED_EDGE('',*,*,#575,.T.);
#2098 = ORIENTED_EDGE('',*,*,#2060,.T.);
#2099 = ORIENTED_EDGE('',*,*,#2100,.T.);
#2100 = EDGE_CURVE('',#2053,#2076,#2101,.T.);
#2101 = LINE('',#2102,#2103);
#2102 = CARTESIAN_POINT('',(12.,179.15636658821,1.8));
#2103 = VECTOR('',#2104,1.);
#2104 = DIRECTION('',(0.866025403784,-0.5,2.22044604925E-16));
#2105 = ORIENTED_EDGE('',*,*,#2075,.F.);
#2106 = PLANE('',#2107);
#2107 = AXIS2_PLACEMENT_3D('',#2108,#2109,#2110);
#2108 = CARTESIAN_POINT('',(12.,179.15636658821,8.1));
#2109 = DIRECTION('',(-0.5,-0.866025403784,3.845925372767E-16));
#2110 = DIRECTION('',(0.866025403784,-0.5,2.22044604925E-16));
#2111 = ADVANCED_FACE('',(#2112),#2137,.T.);
#2112 = FACE_BOUND('',#2113,.T.);
#2113 = EDGE_LOOP('',(#2114,#2115,#2123,#2131));
#2114 = ORIENTED_EDGE('',*,*,#599,.T.);
#2115 = ORIENTED_EDGE('',*,*,#2116,.T.);
#2116 = EDGE_CURVE('',#602,#2117,#2119,.T.);
#2117 = VERTEX_POINT('',#2118);
#2118 = CARTESIAN_POINT('',(100.,172.34363341178,1.8));
#2119 = LINE('',#2120,#2121);
#2120 = CARTESIAN_POINT('',(100.,172.34363341178,8.1));
#2121 = VECTOR('',#2122,1.);
#2122 = DIRECTION('',(0.,-4.440892098501E-16,-1.));
#2123 = ORIENTED_EDGE('',*,*,#2124,.T.);
#2124 = EDGE_CURVE('',#2117,#2125,#2127,.T.);
#2125 = VERTEX_POINT('',#2126);
#2126 = CARTESIAN_POINT('',(97.05,174.04681670589,1.8));
#2127 = LINE('',#2128,#2129);
#2128 = CARTESIAN_POINT('',(100.,172.34363341178,1.8));
#2129 = VECTOR('',#2130,1.);
#2130 = DIRECTION('',(-0.866025403784,0.5,-2.22044604925E-16));
#2131 = ORIENTED_EDGE('',*,*,#2132,.F.);
#2132 = EDGE_CURVE('',#600,#2125,#2133,.T.);
#2133 = LINE('',#2134,#2135);
#2134 = CARTESIAN_POINT('',(97.05,174.04681670589,8.1));
#2135 = VECTOR('',#2136,1.);
#2136 = DIRECTION('',(0.,-4.440892098501E-16,-1.));
#2137 = PLANE('',#2138);
#2138 = AXIS2_PLACEMENT_3D('',#2139,#2140,#2141);
#2139 = CARTESIAN_POINT('',(100.,172.34363341178,8.1));
#2140 = DIRECTION('',(0.5,0.866025403784,-3.845925372767E-16));
#2141 = DIRECTION('',(-0.866025403784,0.5,-2.22044604925E-16));
#2142 = ADVANCED_FACE('',(#2143),#2161,.T.);
#2143 = FACE_BOUND('',#2144,.T.);
#2144 = EDGE_LOOP('',(#2145,#2146,#2147,#2155));
#2145 = ORIENTED_EDGE('',*,*,#641,.T.);
#2146 = ORIENTED_EDGE('',*,*,#2132,.T.);
#2147 = ORIENTED_EDGE('',*,*,#2148,.T.);
#2148 = EDGE_CURVE('',#2125,#2149,#2151,.T.);
#2149 = VERTEX_POINT('',#2150);
#2150 = CARTESIAN_POINT('',(97.05,177.4531832941,1.8));
#2151 = LINE('',#2152,#2153);
#2152 = CARTESIAN_POINT('',(97.05,174.04681670589,1.8));
#2153 = VECTOR('',#2154,1.);
#2154 = DIRECTION('',(0.,1.,-4.440892098501E-16));
#2155 = ORIENTED_EDGE('',*,*,#2156,.F.);
#2156 = EDGE_CURVE('',#634,#2149,#2157,.T.);
#2157 = LINE('',#2158,#2159);
#2158 = CARTESIAN_POINT('',(97.05,177.4531832941,8.1));
#2159 = VECTOR('',#2160,1.);
#2160 = DIRECTION('',(0.,-4.440892098501E-16,-1.));
#2161 = PLANE('',#2162);
#2162 = AXIS2_PLACEMENT_3D('',#2163,#2164,#2165);
#2163 = CARTESIAN_POINT('',(97.05,174.04681670589,8.1));
#2164 = DIRECTION('',(1.,0.,0.));
#2165 = DIRECTION('',(0.,1.,-4.440892098501E-16));
#2166 = ADVANCED_FACE('',(#2167),#2185,.T.);
#2167 = FACE_BOUND('',#2168,.T.);
#2168 = EDGE_LOOP('',(#2169,#2170,#2178,#2184));
#2169 = ORIENTED_EDGE('',*,*,#609,.T.);
#2170 = ORIENTED_EDGE('',*,*,#2171,.T.);
#2171 = EDGE_CURVE('',#610,#2172,#2174,.T.);
#2172 = VERTEX_POINT('',#2173);
#2173 = CARTESIAN_POINT('',(102.95,174.04681670589,1.8));
#2174 = LINE('',#2175,#2176);
#2175 = CARTESIAN_POINT('',(102.95,174.04681670589,8.1));
#2176 = VECTOR('',#2177,1.);
#2177 = DIRECTION('',(0.,-4.440892098501E-16,-1.));
#2178 = ORIENTED_EDGE('',*,*,#2179,.T.);
#2179 = EDGE_CURVE('',#2172,#2117,#2180,.T.);
#2180 = LINE('',#2181,#2182);
#2181 = CARTESIAN_POINT('',(102.95,174.04681670589,1.8));
#2182 = VECTOR('',#2183,1.);
#2183 = DIRECTION('',(-0.866025403784,-0.5,2.22044604925E-16));
#2184 = ORIENTED_EDGE('',*,*,#2116,.F.);
#2185 = PLANE('',#2186);
#2186 = AXIS2_PLACEMENT_3D('',#2187,#2188,#2189);
#2187 = CARTESIAN_POINT('',(102.95,174.04681670589,8.1));
#2188 = DIRECTION('',(-0.5,0.866025403784,-3.845925372767E-16));
#2189 = DIRECTION('',(-0.866025403784,-0.5,2.22044604925E-16));
#2190 = ADVANCED_FACE('',(#2191),#2209,.T.);
#2191 = FACE_BOUND('',#2192,.T.);
#2192 = EDGE_LOOP('',(#2193,#2194,#2195,#2203));
#2193 = ORIENTED_EDGE('',*,*,#633,.T.);
#2194 = ORIENTED_EDGE('',*,*,#2156,.T.);
#2195 = ORIENTED_EDGE('',*,*,#2196,.T.);
#2196 = EDGE_CURVE('',#2149,#2197,#2199,.T.);
#2197 = VERTEX_POINT('',#2198);
#2198 = CARTESIAN_POINT('',(100.,179.15636658821,1.8));
#2199 = LINE('',#2200,#2201);
#2200 = CARTESIAN_POINT('',(97.05,177.4531832941,1.8));
#2201 = VECTOR('',#2202,1.);
#2202 = DIRECTION('',(0.866025403784,0.5,-2.22044604925E-16));
#2203 = ORIENTED_EDGE('',*,*,#2204,.F.);
#2204 = EDGE_CURVE('',#626,#2197,#2205,.T.);
#2205 = LINE('',#2206,#2207);
#2206 = CARTESIAN_POINT('',(100.,179.15636658821,8.1));
#2207 = VECTOR('',#2208,1.);
#2208 = DIRECTION('',(0.,-4.440892098501E-16,-1.));
#2209 = PLANE('',#2210);
#2210 = AXIS2_PLACEMENT_3D('',#2211,#2212,#2213);
#2211 = CARTESIAN_POINT('',(97.05,177.4531832941,8.1));
#2212 = DIRECTION('',(0.5,-0.866025403784,3.845925372767E-16));
#2213 = DIRECTION('',(0.866025403784,0.5,-2.22044604925E-16));
#2214 = ADVANCED_FACE('',(#2215),#2233,.T.);
#2215 = FACE_BOUND('',#2216,.T.);
#2216 = EDGE_LOOP('',(#2217,#2218,#2226,#2232));
#2217 = ORIENTED_EDGE('',*,*,#617,.T.);
#2218 = ORIENTED_EDGE('',*,*,#2219,.T.);
#2219 = EDGE_CURVE('',#618,#2220,#2222,.T.);
#2220 = VERTEX_POINT('',#2221);
#2221 = CARTESIAN_POINT('',(102.95,177.4531832941,1.8));
#2222 = LINE('',#2223,#2224);
#2223 = CARTESIAN_POINT('',(102.95,177.4531832941,8.1));
#2224 = VECTOR('',#2225,1.);
#2225 = DIRECTION('',(0.,-4.440892098501E-16,-1.));
#2226 = ORIENTED_EDGE('',*,*,#2227,.T.);
#2227 = EDGE_CURVE('',#2220,#2172,#2228,.T.);
#2228 = LINE('',#2229,#2230);
#2229 = CARTESIAN_POINT('',(102.95,177.4531832941,1.8));
#2230 = VECTOR('',#2231,1.);
#2231 = DIRECTION('',(0.,-1.,4.440892098501E-16));
#2232 = ORIENTED_EDGE('',*,*,#2171,.F.);
#2233 = PLANE('',#2234);
#2234 = AXIS2_PLACEMENT_3D('',#2235,#2236,#2237);
#2235 = CARTESIAN_POINT('',(102.95,177.4531832941,8.1));
#2236 = DIRECTION('',(-1.,0.,0.));
#2237 = DIRECTION('',(0.,-1.,4.440892098501E-16));
#2238 = ADVANCED_FACE('',(#2239),#2250,.T.);
#2239 = FACE_BOUND('',#2240,.T.);
#2240 = EDGE_LOOP('',(#2241,#2242,#2243,#2249));
#2241 = ORIENTED_EDGE('',*,*,#625,.T.);
#2242 = ORIENTED_EDGE('',*,*,#2204,.T.);
#2243 = ORIENTED_EDGE('',*,*,#2244,.T.);
#2244 = EDGE_CURVE('',#2197,#2220,#2245,.T.);
#2245 = LINE('',#2246,#2247);
#2246 = CARTESIAN_POINT('',(100.,179.15636658821,1.8));
#2247 = VECTOR('',#2248,1.);
#2248 = DIRECTION('',(0.866025403784,-0.5,2.22044604925E-16));
#2249 = ORIENTED_EDGE('',*,*,#2219,.F.);
#2250 = PLANE('',#2251);
#2251 = AXIS2_PLACEMENT_3D('',#2252,#2253,#2254);
#2252 = CARTESIAN_POINT('',(100.,179.15636658821,8.1));
#2253 = DIRECTION('',(-0.5,-0.866025403784,3.845925372767E-16));
#2254 = DIRECTION('',(0.866025403784,-0.5,2.22044604925E-16));
#2255 = ADVANCED_FACE('',(#2256),#2281,.T.);
#2256 = FACE_BOUND('',#2257,.T.);
#2257 = EDGE_LOOP('',(#2258,#2259,#2267,#2275));
#2258 = ORIENTED_EDGE('',*,*,#649,.T.);
#2259 = ORIENTED_EDGE('',*,*,#2260,.T.);
#2260 = EDGE_CURVE('',#652,#2261,#2263,.T.);
#2261 = VERTEX_POINT('',#2262);
#2262 = CARTESIAN_POINT('',(188.,172.34363341178,1.8));
#2263 = LINE('',#2264,#2265);
#2264 = CARTESIAN_POINT('',(188.,172.34363341178,8.1));
#2265 = VECTOR('',#2266,1.);
#2266 = DIRECTION('',(0.,-4.440892098501E-16,-1.));
#2267 = ORIENTED_EDGE('',*,*,#2268,.T.);
#2268 = EDGE_CURVE('',#2261,#2269,#2271,.T.);
#2269 = VERTEX_POINT('',#2270);
#2270 = CARTESIAN_POINT('',(185.05,174.04681670589,1.8));
#2271 = LINE('',#2272,#2273);
#2272 = CARTESIAN_POINT('',(188.,172.34363341178,1.8));
#2273 = VECTOR('',#2274,1.);
#2274 = DIRECTION('',(-0.866025403784,0.5,-2.22044604925E-16));
#2275 = ORIENTED_EDGE('',*,*,#2276,.F.);
#2276 = EDGE_CURVE('',#650,#2269,#2277,.T.);
#2277 = LINE('',#2278,#2279);
#2278 = CARTESIAN_POINT('',(185.05,174.04681670589,8.1));
#2279 = VECTOR('',#2280,1.);
#2280 = DIRECTION('',(0.,-4.440892098501E-16,-1.));
#2281 = PLANE('',#2282);
#2282 = AXIS2_PLACEMENT_3D('',#2283,#2284,#2285);
#2283 = CARTESIAN_POINT('',(188.,172.34363341178,8.1));
#2284 = DIRECTION('',(0.5,0.866025403784,-3.845925372767E-16));
#2285 = DIRECTION('',(-0.866025403784,0.5,-2.22044604925E-16));
#2286 = ADVANCED_FACE('',(#2287),#2305,.T.);
#2287 = FACE_BOUND('',#2288,.T.);
#2288 = EDGE_LOOP('',(#2289,#2290,#2291,#2299));
#2289 = ORIENTED_EDGE('',*,*,#691,.T.);
#2290 = ORIENTED_EDGE('',*,*,#2276,.T.);
#2291 = ORIENTED_EDGE('',*,*,#2292,.T.);
#2292 = EDGE_CURVE('',#2269,#2293,#2295,.T.);
#2293 = VERTEX_POINT('',#2294);
#2294 = CARTESIAN_POINT('',(185.05,177.4531832941,1.8));
#2295 = LINE('',#2296,#2297);
#2296 = CARTESIAN_POINT('',(185.05,174.04681670589,1.8));
#2297 = VECTOR('',#2298,1.);
#2298 = DIRECTION('',(0.,1.,-4.440892098501E-16));
#2299 = ORIENTED_EDGE('',*,*,#2300,.F.);
#2300 = EDGE_CURVE('',#684,#2293,#2301,.T.);
#2301 = LINE('',#2302,#2303);
#2302 = CARTESIAN_POINT('',(185.05,177.4531832941,8.1));
#2303 = VECTOR('',#2304,1.);
#2304 = DIRECTION('',(0.,-4.440892098501E-16,-1.));
#2305 = PLANE('',#2306);
#2306 = AXIS2_PLACEMENT_3D('',#2307,#2308,#2309);
#2307 = CARTESIAN_POINT('',(185.05,174.04681670589,8.1));
#2308 = DIRECTION('',(1.,0.,0.));
#2309 = DIRECTION('',(0.,1.,-4.440892098501E-16));
#2310 = ADVANCED_FACE('',(#2311),#2329,.T.);
#2311 = FACE_BOUND('',#2312,.T.);
#2312 = EDGE_LOOP('',(#2313,#2314,#2322,#2328));
#2313 = ORIENTED_EDGE('',*,*,#659,.T.);
#2314 = ORIENTED_EDGE('',*,*,#2315,.T.);
#2315 = EDGE_CURVE('',#660,#2316,#2318,.T.);
#2316 = VERTEX_POINT('',#2317);
#2317 = CARTESIAN_POINT('',(190.95,174.04681670589,1.8));
#2318 = LINE('',#2319,#2320);
#2319 = CARTESIAN_POINT('',(190.95,174.04681670589,8.1));
#2320 = VECTOR('',#2321,1.);
#2321 = DIRECTION('',(0.,-4.440892098501E-16,-1.));
#2322 = ORIENTED_EDGE('',*,*,#2323,.T.);
#2323 = EDGE_CURVE('',#2316,#2261,#2324,.T.);
#2324 = LINE('',#2325,#2326);
#2325 = CARTESIAN_POINT('',(190.95,174.04681670589,1.8));
#2326 = VECTOR('',#2327,1.);
#2327 = DIRECTION('',(-0.866025403784,-0.5,2.22044604925E-16));
#2328 = ORIENTED_EDGE('',*,*,#2260,.F.);
#2329 = PLANE('',#2330);
#2330 = AXIS2_PLACEMENT_3D('',#2331,#2332,#2333);
#2331 = CARTESIAN_POINT('',(190.95,174.04681670589,8.1));
#2332 = DIRECTION('',(-0.5,0.866025403784,-3.845925372767E-16));
#2333 = DIRECTION('',(-0.866025403784,-0.5,2.22044604925E-16));
#2334 = ADVANCED_FACE('',(#2335),#2353,.T.);
#2335 = FACE_BOUND('',#2336,.T.);
#2336 = EDGE_LOOP('',(#2337,#2338,#2339,#2347));
#2337 = ORIENTED_EDGE('',*,*,#683,.T.);
#2338 = ORIENTED_EDGE('',*,*,#2300,.T.);
#2339 = ORIENTED_EDGE('',*,*,#2340,.T.);
#2340 = EDGE_CURVE('',#2293,#2341,#2343,.T.);
#2341 = VERTEX_POINT('',#2342);
#2342 = CARTESIAN_POINT('',(188.,179.15636658821,1.8));
#2343 = LINE('',#2344,#2345);
#2344 = CARTESIAN_POINT('',(185.05,177.4531832941,1.8));
#2345 = VECTOR('',#2346,1.);
#2346 = DIRECTION('',(0.866025403784,0.5,-2.22044604925E-16));
#2347 = ORIENTED_EDGE('',*,*,#2348,.F.);
#2348 = EDGE_CURVE('',#676,#2341,#2349,.T.);
#2349 = LINE('',#2350,#2351);
#2350 = CARTESIAN_POINT('',(188.,179.15636658821,8.1));
#2351 = VECTOR('',#2352,1.);
#2352 = DIRECTION('',(0.,-4.440892098501E-16,-1.));
#2353 = PLANE('',#2354);
#2354 = AXIS2_PLACEMENT_3D('',#2355,#2356,#2357);
#2355 = CARTESIAN_POINT('',(185.05,177.4531832941,8.1));
#2356 = DIRECTION('',(0.5,-0.866025403784,3.845925372767E-16));
#2357 = DIRECTION('',(0.866025403784,0.5,-2.22044604925E-16));
#2358 = ADVANCED_FACE('',(#2359),#2377,.T.);
#2359 = FACE_BOUND('',#2360,.T.);
#2360 = EDGE_LOOP('',(#2361,#2362,#2370,#2376));
#2361 = ORIENTED_EDGE('',*,*,#667,.T.);
#2362 = ORIENTED_EDGE('',*,*,#2363,.T.);
#2363 = EDGE_CURVE('',#668,#2364,#2366,.T.);
#2364 = VERTEX_POINT('',#2365);
#2365 = CARTESIAN_POINT('',(190.95,177.4531832941,1.8));
#2366 = LINE('',#2367,#2368);
#2367 = CARTESIAN_POINT('',(190.95,177.4531832941,8.1));
#2368 = VECTOR('',#2369,1.);
#2369 = DIRECTION('',(0.,-4.440892098501E-16,-1.));
#2370 = ORIENTED_EDGE('',*,*,#2371,.T.);
#2371 = EDGE_CURVE('',#2364,#2316,#2372,.T.);
#2372 = LINE('',#2373,#2374);
#2373 = CARTESIAN_POINT('',(190.95,177.4531832941,1.8));
#2374 = VECTOR('',#2375,1.);
#2375 = DIRECTION('',(0.,-1.,4.440892098501E-16));
#2376 = ORIENTED_EDGE('',*,*,#2315,.F.);
#2377 = PLANE('',#2378);
#2378 = AXIS2_PLACEMENT_3D('',#2379,#2380,#2381);
#2379 = CARTESIAN_POINT('',(190.95,177.4531832941,8.1));
#2380 = DIRECTION('',(-1.,0.,0.));
#2381 = DIRECTION('',(0.,-1.,4.440892098501E-16));
#2382 = ADVANCED_FACE('',(#2383),#2394,.T.);
#2383 = FACE_BOUND('',#2384,.T.);
#2384 = EDGE_LOOP('',(#2385,#2386,#2387,#2393));
#2385 = ORIENTED_EDGE('',*,*,#675,.T.);
#2386 = ORIENTED_EDGE('',*,*,#2348,.T.);
#2387 = ORIENTED_EDGE('',*,*,#2388,.T.);
#2388 = EDGE_CURVE('',#2341,#2364,#2389,.T.);
#2389 = LINE('',#2390,#2391);
#2390 = CARTESIAN_POINT('',(188.,179.15636658821,1.8));
#2391 = VECTOR('',#2392,1.);
#2392 = DIRECTION('',(0.866025403784,-0.5,2.22044604925E-16));
#2393 = ORIENTED_EDGE('',*,*,#2363,.F.);
#2394 = PLANE('',#2395);
#2395 = AXIS2_PLACEMENT_3D('',#2396,#2397,#2398);
#2396 = CARTESIAN_POINT('',(188.,179.15636658821,8.1));
#2397 = DIRECTION('',(-0.5,-0.866025403784,3.845925372767E-16));
#2398 = DIRECTION('',(0.866025403784,-0.5,2.22044604925E-16));
#2399 = ADVANCED_FACE('',(#2400),#2425,.T.);
#2400 = FACE_BOUND('',#2401,.T.);
#2401 = EDGE_LOOP('',(#2402,#2403,#2411,#2419));
#2402 = ORIENTED_EDGE('',*,*,#699,.T.);
#2403 = ORIENTED_EDGE('',*,*,#2404,.T.);
#2404 = EDGE_CURVE('',#702,#2405,#2407,.T.);
#2405 = VERTEX_POINT('',#2406);
#2406 = CARTESIAN_POINT('',(12.,90.468633411781,1.8));
#2407 = LINE('',#2408,#2409);
#2408 = CARTESIAN_POINT('',(12.,90.468633411781,8.1));
#2409 = VECTOR('',#2410,1.);
#2410 = DIRECTION('',(0.,-4.440892098501E-16,-1.));
#2411 = ORIENTED_EDGE('',*,*,#2412,.T.);
#2412 = EDGE_CURVE('',#2405,#2413,#2415,.T.);
#2413 = VERTEX_POINT('',#2414);
#2414 = CARTESIAN_POINT('',(9.05,92.171816705891,1.8));
#2415 = LINE('',#2416,#2417);
#2416 = CARTESIAN_POINT('',(12.,90.468633411781,1.8));
#2417 = VECTOR('',#2418,1.);
#2418 = DIRECTION('',(-0.866025403784,0.5,-2.22044604925E-16));
#2419 = ORIENTED_EDGE('',*,*,#2420,.F.);
#2420 = EDGE_CURVE('',#700,#2413,#2421,.T.);
#2421 = LINE('',#2422,#2423);
#2422 = CARTESIAN_POINT('',(9.05,92.171816705891,8.1));
#2423 = VECTOR('',#2424,1.);
#2424 = DIRECTION('',(0.,-4.440892098501E-16,-1.));
#2425 = PLANE('',#2426);
#2426 = AXIS2_PLACEMENT_3D('',#2427,#2428,#2429);
#2427 = CARTESIAN_POINT('',(12.,90.468633411781,8.1));
#2428 = DIRECTION('',(0.5,0.866025403784,-3.845925372767E-16));
#2429 = DIRECTION('',(-0.866025403784,0.5,-2.22044604925E-16));
#2430 = ADVANCED_FACE('',(#2431),#2449,.T.);
#2431 = FACE_BOUND('',#2432,.T.);
#2432 = EDGE_LOOP('',(#2433,#2434,#2435,#2443));
#2433 = ORIENTED_EDGE('',*,*,#741,.T.);
#2434 = ORIENTED_EDGE('',*,*,#2420,.T.);
#2435 = ORIENTED_EDGE('',*,*,#2436,.T.);
#2436 = EDGE_CURVE('',#2413,#2437,#2439,.T.);
#2437 = VERTEX_POINT('',#2438);
#2438 = CARTESIAN_POINT('',(9.05,95.578183294109,1.8));
#2439 = LINE('',#2440,#2441);
#2440 = CARTESIAN_POINT('',(9.05,92.171816705891,1.8));
#2441 = VECTOR('',#2442,1.);
#2442 = DIRECTION('',(5.214814064769E-16,1.,-4.440892098501E-16));
#2443 = ORIENTED_EDGE('',*,*,#2444,.F.);
#2444 = EDGE_CURVE('',#734,#2437,#2445,.T.);
#2445 = LINE('',#2446,#2447);
#2446 = CARTESIAN_POINT('',(9.05,95.578183294109,8.1));
#2447 = VECTOR('',#2448,1.);
#2448 = DIRECTION('',(0.,-4.440892098501E-16,-1.));
#2449 = PLANE('',#2450);
#2450 = AXIS2_PLACEMENT_3D('',#2451,#2452,#2453);
#2451 = CARTESIAN_POINT('',(9.05,92.171816705891,8.1));
#2452 = DIRECTION('',(1.,-5.214814064769E-16,2.315842657538E-31));
#2453 = DIRECTION('',(5.214814064769E-16,1.,-4.440892098501E-16));
#2454 = ADVANCED_FACE('',(#2455),#2473,.T.);
#2455 = FACE_BOUND('',#2456,.T.);
#2456 = EDGE_LOOP('',(#2457,#2458,#2466,#2472));
#2457 = ORIENTED_EDGE('',*,*,#709,.T.);
#2458 = ORIENTED_EDGE('',*,*,#2459,.T.);
#2459 = EDGE_CURVE('',#710,#2460,#2462,.T.);
#2460 = VERTEX_POINT('',#2461);
#2461 = CARTESIAN_POINT('',(14.95,92.171816705891,1.8));
#2462 = LINE('',#2463,#2464);
#2463 = CARTESIAN_POINT('',(14.95,92.171816705891,8.1));
#2464 = VECTOR('',#2465,1.);
#2465 = DIRECTION('',(0.,-4.440892098501E-16,-1.));
#2466 = ORIENTED_EDGE('',*,*,#2467,.T.);
#2467 = EDGE_CURVE('',#2460,#2405,#2468,.T.);
#2468 = LINE('',#2469,#2470);
#2469 = CARTESIAN_POINT('',(14.95,92.171816705891,1.8));
#2470 = VECTOR('',#2471,1.);
#2471 = DIRECTION('',(-0.866025403784,-0.5,2.22044604925E-16));
#2472 = ORIENTED_EDGE('',*,*,#2404,.F.);
#2473 = PLANE('',#2474);
#2474 = AXIS2_PLACEMENT_3D('',#2475,#2476,#2477);
#2475 = CARTESIAN_POINT('',(14.95,92.171816705891,8.1));
#2476 = DIRECTION('',(-0.5,0.866025403784,-3.845925372767E-16));
#2477 = DIRECTION('',(-0.866025403784,-0.5,2.22044604925E-16));
#2478 = ADVANCED_FACE('',(#2479),#2497,.T.);
#2479 = FACE_BOUND('',#2480,.T.);
#2480 = EDGE_LOOP('',(#2481,#2482,#2483,#2491));
#2481 = ORIENTED_EDGE('',*,*,#733,.T.);
#2482 = ORIENTED_EDGE('',*,*,#2444,.T.);
#2483 = ORIENTED_EDGE('',*,*,#2484,.T.);
#2484 = EDGE_CURVE('',#2437,#2485,#2487,.T.);
#2485 = VERTEX_POINT('',#2486);
#2486 = CARTESIAN_POINT('',(12.,97.281366588219,1.8));
#2487 = LINE('',#2488,#2489);
#2488 = CARTESIAN_POINT('',(9.05,95.578183294109,1.8));
#2489 = VECTOR('',#2490,1.);
#2490 = DIRECTION('',(0.866025403784,0.5,-2.22044604925E-16));
#2491 = ORIENTED_EDGE('',*,*,#2492,.F.);
#2492 = EDGE_CURVE('',#726,#2485,#2493,.T.);
#2493 = LINE('',#2494,#2495);
#2494 = CARTESIAN_POINT('',(12.,97.281366588219,8.1));
#2495 = VECTOR('',#2496,1.);
#2496 = DIRECTION('',(0.,-4.440892098501E-16,-1.));
#2497 = PLANE('',#2498);
#2498 = AXIS2_PLACEMENT_3D('',#2499,#2500,#2501);
#2499 = CARTESIAN_POINT('',(9.05,95.578183294109,8.1));
#2500 = DIRECTION('',(0.5,-0.866025403784,3.845925372767E-16));
#2501 = DIRECTION('',(0.866025403784,0.5,-2.22044604925E-16));
#2502 = ADVANCED_FACE('',(#2503),#2521,.T.);
#2503 = FACE_BOUND('',#2504,.T.);
#2504 = EDGE_LOOP('',(#2505,#2506,#2514,#2520));
#2505 = ORIENTED_EDGE('',*,*,#717,.T.);
#2506 = ORIENTED_EDGE('',*,*,#2507,.T.);
#2507 = EDGE_CURVE('',#718,#2508,#2510,.T.);
#2508 = VERTEX_POINT('',#2509);
#2509 = CARTESIAN_POINT('',(14.95,95.578183294109,1.8));
#2510 = LINE('',#2511,#2512);
#2511 = CARTESIAN_POINT('',(14.95,95.578183294109,8.1));
#2512 = VECTOR('',#2513,1.);
#2513 = DIRECTION('',(0.,-4.440892098501E-16,-1.));
#2514 = ORIENTED_EDGE('',*,*,#2515,.T.);
#2515 = EDGE_CURVE('',#2508,#2460,#2516,.T.);
#2516 = LINE('',#2517,#2518);
#2517 = CARTESIAN_POINT('',(14.95,95.578183294109,1.8));
#2518 = VECTOR('',#2519,1.);
#2519 = DIRECTION('',(5.214814064769E-16,-1.,4.440892098501E-16));
#2520 = ORIENTED_EDGE('',*,*,#2459,.F.);
#2521 = PLANE('',#2522);
#2522 = AXIS2_PLACEMENT_3D('',#2523,#2524,#2525);
#2523 = CARTESIAN_POINT('',(14.95,95.578183294109,8.1));
#2524 = DIRECTION('',(-1.,-5.214814064769E-16,2.315842657538E-31));
#2525 = DIRECTION('',(5.214814064769E-16,-1.,4.440892098501E-16));
#2526 = ADVANCED_FACE('',(#2527),#2538,.T.);
#2527 = FACE_BOUND('',#2528,.T.);
#2528 = EDGE_LOOP('',(#2529,#2530,#2531,#2537));
#2529 = ORIENTED_EDGE('',*,*,#725,.T.);
#2530 = ORIENTED_EDGE('',*,*,#2492,.T.);
#2531 = ORIENTED_EDGE('',*,*,#2532,.T.);
#2532 = EDGE_CURVE('',#2485,#2508,#2533,.T.);
#2533 = LINE('',#2534,#2535);
#2534 = CARTESIAN_POINT('',(12.,97.281366588219,1.8));
#2535 = VECTOR('',#2536,1.);
#2536 = DIRECTION('',(0.866025403784,-0.5,2.22044604925E-16));
#2537 = ORIENTED_EDGE('',*,*,#2507,.F.);
#2538 = PLANE('',#2539);
#2539 = AXIS2_PLACEMENT_3D('',#2540,#2541,#2542);
#2540 = CARTESIAN_POINT('',(12.,97.281366588219,8.1));
#2541 = DIRECTION('',(-0.5,-0.866025403784,3.845925372767E-16));
#2542 = DIRECTION('',(0.866025403784,-0.5,2.22044604925E-16));
#2543 = ADVANCED_FACE('',(#2544),#2569,.T.);
#2544 = FACE_BOUND('',#2545,.T.);
#2545 = EDGE_LOOP('',(#2546,#2547,#2555,#2563));
#2546 = ORIENTED_EDGE('',*,*,#749,.T.);
#2547 = ORIENTED_EDGE('',*,*,#2548,.T.);
#2548 = EDGE_CURVE('',#752,#2549,#2551,.T.);
#2549 = VERTEX_POINT('',#2550);
#2550 = CARTESIAN_POINT('',(12.,8.593633411781,1.8));
#2551 = LINE('',#2552,#2553);
#2552 = CARTESIAN_POINT('',(12.,8.593633411781,8.1));
#2553 = VECTOR('',#2554,1.);
#2554 = DIRECTION('',(0.,-4.440892098501E-16,-1.));
#2555 = ORIENTED_EDGE('',*,*,#2556,.T.);
#2556 = EDGE_CURVE('',#2549,#2557,#2559,.T.);
#2557 = VERTEX_POINT('',#2558);
#2558 = CARTESIAN_POINT('',(9.05,10.296816705891,1.8));
#2559 = LINE('',#2560,#2561);
#2560 = CARTESIAN_POINT('',(12.,8.593633411781,1.8));
#2561 = VECTOR('',#2562,1.);
#2562 = DIRECTION('',(-0.866025403784,0.5,-2.22044604925E-16));
#2563 = ORIENTED_EDGE('',*,*,#2564,.F.);
#2564 = EDGE_CURVE('',#750,#2557,#2565,.T.);
#2565 = LINE('',#2566,#2567);
#2566 = CARTESIAN_POINT('',(9.05,10.296816705891,8.1));
#2567 = VECTOR('',#2568,1.);
#2568 = DIRECTION('',(0.,-4.440892098501E-16,-1.));
#2569 = PLANE('',#2570);
#2570 = AXIS2_PLACEMENT_3D('',#2571,#2572,#2573);
#2571 = CARTESIAN_POINT('',(12.,8.593633411781,8.1));
#2572 = DIRECTION('',(0.5,0.866025403784,-3.845925372767E-16));
#2573 = DIRECTION('',(-0.866025403784,0.5,-2.22044604925E-16));
#2574 = ADVANCED_FACE('',(#2575),#2593,.T.);
#2575 = FACE_BOUND('',#2576,.T.);
#2576 = EDGE_LOOP('',(#2577,#2578,#2579,#2587));
#2577 = ORIENTED_EDGE('',*,*,#791,.T.);
#2578 = ORIENTED_EDGE('',*,*,#2564,.T.);
#2579 = ORIENTED_EDGE('',*,*,#2580,.T.);
#2580 = EDGE_CURVE('',#2557,#2581,#2583,.T.);
#2581 = VERTEX_POINT('',#2582);
#2582 = CARTESIAN_POINT('',(9.05,13.703183294109,1.8));
#2583 = LINE('',#2584,#2585);
#2584 = CARTESIAN_POINT('',(9.05,10.296816705891,1.8));
#2585 = VECTOR('',#2586,1.);
#2586 = DIRECTION('',(5.214814064769E-16,1.,-4.440892098501E-16));
#2587 = ORIENTED_EDGE('',*,*,#2588,.F.);
#2588 = EDGE_CURVE('',#784,#2581,#2589,.T.);
#2589 = LINE('',#2590,#2591);
#2590 = CARTESIAN_POINT('',(9.05,13.703183294109,8.1));
#2591 = VECTOR('',#2592,1.);
#2592 = DIRECTION('',(0.,-4.440892098501E-16,-1.));
#2593 = PLANE('',#2594);
#2594 = AXIS2_PLACEMENT_3D('',#2595,#2596,#2597);
#2595 = CARTESIAN_POINT('',(9.05,10.296816705891,8.1));
#2596 = DIRECTION('',(1.,-5.214814064769E-16,2.315842657538E-31));
#2597 = DIRECTION('',(5.214814064769E-16,1.,-4.440892098501E-16));
#2598 = ADVANCED_FACE('',(#2599),#2617,.T.);
#2599 = FACE_BOUND('',#2600,.T.);
#2600 = EDGE_LOOP('',(#2601,#2602,#2610,#2616));
#2601 = ORIENTED_EDGE('',*,*,#759,.T.);
#2602 = ORIENTED_EDGE('',*,*,#2603,.T.);
#2603 = EDGE_CURVE('',#760,#2604,#2606,.T.);
#2604 = VERTEX_POINT('',#2605);
#2605 = CARTESIAN_POINT('',(14.95,10.296816705891,1.8));
#2606 = LINE('',#2607,#2608);
#2607 = CARTESIAN_POINT('',(14.95,10.296816705891,8.1));
#2608 = VECTOR('',#2609,1.);
#2609 = DIRECTION('',(0.,-4.440892098501E-16,-1.));
#2610 = ORIENTED_EDGE('',*,*,#2611,.T.);
#2611 = EDGE_CURVE('',#2604,#2549,#2612,.T.);
#2612 = LINE('',#2613,#2614);
#2613 = CARTESIAN_POINT('',(14.95,10.296816705891,1.8));
#2614 = VECTOR('',#2615,1.);
#2615 = DIRECTION('',(-0.866025403784,-0.5,2.22044604925E-16));
#2616 = ORIENTED_EDGE('',*,*,#2548,.F.);
#2617 = PLANE('',#2618);
#2618 = AXIS2_PLACEMENT_3D('',#2619,#2620,#2621);
#2619 = CARTESIAN_POINT('',(14.95,10.296816705891,8.1));
#2620 = DIRECTION('',(-0.5,0.866025403784,-3.845925372767E-16));
#2621 = DIRECTION('',(-0.866025403784,-0.5,2.22044604925E-16));
#2622 = ADVANCED_FACE('',(#2623),#2641,.T.);
#2623 = FACE_BOUND('',#2624,.T.);
#2624 = EDGE_LOOP('',(#2625,#2626,#2627,#2635));
#2625 = ORIENTED_EDGE('',*,*,#783,.T.);
#2626 = ORIENTED_EDGE('',*,*,#2588,.T.);
#2627 = ORIENTED_EDGE('',*,*,#2628,.T.);
#2628 = EDGE_CURVE('',#2581,#2629,#2631,.T.);
#2629 = VERTEX_POINT('',#2630);
#2630 = CARTESIAN_POINT('',(12.,15.406366588219,1.8));
#2631 = LINE('',#2632,#2633);
#2632 = CARTESIAN_POINT('',(9.05,13.703183294109,1.8));
#2633 = VECTOR('',#2634,1.);
#2634 = DIRECTION('',(0.866025403784,0.5,-2.22044604925E-16));
#2635 = ORIENTED_EDGE('',*,*,#2636,.F.);
#2636 = EDGE_CURVE('',#776,#2629,#2637,.T.);
#2637 = LINE('',#2638,#2639);
#2638 = CARTESIAN_POINT('',(12.,15.406366588219,8.1));
#2639 = VECTOR('',#2640,1.);
#2640 = DIRECTION('',(0.,-4.440892098501E-16,-1.));
#2641 = PLANE('',#2642);
#2642 = AXIS2_PLACEMENT_3D('',#2643,#2644,#2645);
#2643 = CARTESIAN_POINT('',(9.05,13.703183294109,8.1));
#2644 = DIRECTION('',(0.5,-0.866025403784,3.845925372767E-16));
#2645 = DIRECTION('',(0.866025403784,0.5,-2.22044604925E-16));
#2646 = ADVANCED_FACE('',(#2647),#2665,.T.);
#2647 = FACE_BOUND('',#2648,.T.);
#2648 = EDGE_LOOP('',(#2649,#2650,#2658,#2664));
#2649 = ORIENTED_EDGE('',*,*,#767,.T.);
#2650 = ORIENTED_EDGE('',*,*,#2651,.T.);
#2651 = EDGE_CURVE('',#768,#2652,#2654,.T.);
#2652 = VERTEX_POINT('',#2653);
#2653 = CARTESIAN_POINT('',(14.95,13.703183294109,1.8));
#2654 = LINE('',#2655,#2656);
#2655 = CARTESIAN_POINT('',(14.95,13.703183294109,8.1));
#2656 = VECTOR('',#2657,1.);
#2657 = DIRECTION('',(0.,-4.440892098501E-16,-1.));
#2658 = ORIENTED_EDGE('',*,*,#2659,.T.);
#2659 = EDGE_CURVE('',#2652,#2604,#2660,.T.);
#2660 = LINE('',#2661,#2662);
#2661 = CARTESIAN_POINT('',(14.95,13.703183294109,1.8));
#2662 = VECTOR('',#2663,1.);
#2663 = DIRECTION('',(5.214814064769E-16,-1.,4.440892098501E-16));
#2664 = ORIENTED_EDGE('',*,*,#2603,.F.);
#2665 = PLANE('',#2666);
#2666 = AXIS2_PLACEMENT_3D('',#2667,#2668,#2669);
#2667 = CARTESIAN_POINT('',(14.95,13.703183294109,8.1));
#2668 = DIRECTION('',(-1.,-5.214814064769E-16,2.315842657538E-31));
#2669 = DIRECTION('',(5.214814064769E-16,-1.,4.440892098501E-16));
#2670 = ADVANCED_FACE('',(#2671),#2682,.T.);
#2671 = FACE_BOUND('',#2672,.T.);
#2672 = EDGE_LOOP('',(#2673,#2674,#2675,#2681));
#2673 = ORIENTED_EDGE('',*,*,#775,.T.);
#2674 = ORIENTED_EDGE('',*,*,#2636,.T.);
#2675 = ORIENTED_EDGE('',*,*,#2676,.T.);
#2676 = EDGE_CURVE('',#2629,#2652,#2677,.T.);
#2677 = LINE('',#2678,#2679);
#2678 = CARTESIAN_POINT('',(12.,15.406366588219,1.8));
#2679 = VECTOR('',#2680,1.);
#2680 = DIRECTION('',(0.866025403784,-0.5,2.22044604925E-16));
#2681 = ORIENTED_EDGE('',*,*,#2651,.F.);
#2682 = PLANE('',#2683);
#2683 = AXIS2_PLACEMENT_3D('',#2684,#2685,#2686);
#2684 = CARTESIAN_POINT('',(12.,15.406366588219,8.1));
#2685 = DIRECTION('',(-0.5,-0.866025403784,3.845925372767E-16));
#2686 = DIRECTION('',(0.866025403784,-0.5,2.22044604925E-16));
#2687 = ADVANCED_FACE('',(#2688),#2723,.F.);
#2688 = FACE_BOUND('',#2689,.F.);
#2689 = EDGE_LOOP('',(#2690,#2701,#2710,#2716,#2717));
#2690 = ORIENTED_EDGE('',*,*,#2691,.T.);
#2691 = EDGE_CURVE('',#2692,#2694,#2696,.T.);
#2692 = VERTEX_POINT('',#2693);
#2693 = CARTESIAN_POINT('',(62.4,12.6,7.6));
#2694 = VERTEX_POINT('',#2695);
#2695 = CARTESIAN_POINT('',(62.8,13.,7.6));
#2696 = CIRCLE('',#2697,0.4);
#2697 = AXIS2_PLACEMENT_3D('',#2698,#2699,#2700);
#2698 = CARTESIAN_POINT('',(62.4,13.,7.6));
#2699 = DIRECTION('',(-0.,4.440892098501E-16,1.));
#2700 = DIRECTION('',(1.,0.,0.));
#2701 = ORIENTED_EDGE('',*,*,#2702,.T.);
#2702 = EDGE_CURVE('',#2694,#2703,#2705,.T.);
#2703 = VERTEX_POINT('',#2704);
#2704 = CARTESIAN_POINT('',(62.4,13.4,7.6));
#2705 = CIRCLE('',#2706,0.4);
#2706 = AXIS2_PLACEMENT_3D('',#2707,#2708,#2709);
#2707 = CARTESIAN_POINT('',(62.4,13.,7.6));
#2708 = DIRECTION('',(-0.,4.440892098501E-16,1.));
#2709 = DIRECTION('',(1.,0.,0.));
#2710 = ORIENTED_EDGE('',*,*,#2711,.T.);
#2711 = EDGE_CURVE('',#2703,#802,#2712,.T.);
#2712 = LINE('',#2713,#2714);
#2713 = CARTESIAN_POINT('',(62.4,13.4,7.6));
#2714 = VECTOR('',#2715,1.);
#2715 = DIRECTION('',(0.,4.440892098501E-16,1.));
#2716 = ORIENTED_EDGE('',*,*,#799,.F.);
#2717 = ORIENTED_EDGE('',*,*,#2718,.F.);
#2718 = EDGE_CURVE('',#2692,#800,#2719,.T.);
#2719 = LINE('',#2720,#2721);
#2720 = CARTESIAN_POINT('',(62.4,12.6,7.6));
#2721 = VECTOR('',#2722,1.);
#2722 = DIRECTION('',(0.,4.440892098501E-16,1.));
#2723 = CYLINDRICAL_SURFACE('',#2724,0.4);
#2724 = AXIS2_PLACEMENT_3D('',#2725,#2726,#2727);
#2725 = CARTESIAN_POINT('',(62.4,13.,7.6));
#2726 = DIRECTION('',(0.,4.440892098501E-16,1.));
#2727 = DIRECTION('',(1.,0.,0.));
#2728 = ADVANCED_FACE('',(#2729),#2747,.F.);
#2729 = FACE_BOUND('',#2730,.F.);
#2730 = EDGE_LOOP('',(#2731,#2739,#2740,#2741));
#2731 = ORIENTED_EDGE('',*,*,#2732,.F.);
#2732 = EDGE_CURVE('',#2692,#2733,#2735,.T.);
#2733 = VERTEX_POINT('',#2734);
#2734 = CARTESIAN_POINT('',(60.4,12.6,7.6));
#2735 = LINE('',#2736,#2737);
#2736 = CARTESIAN_POINT('',(62.4,12.6,7.6));
#2737 = VECTOR('',#2738,1.);
#2738 = DIRECTION('',(-1.,1.224646799147E-16,-5.438524293788E-32));
#2739 = ORIENTED_EDGE('',*,*,#2718,.T.);
#2740 = ORIENTED_EDGE('',*,*,#877,.T.);
#2741 = ORIENTED_EDGE('',*,*,#2742,.F.);
#2742 = EDGE_CURVE('',#2733,#870,#2743,.T.);
#2743 = LINE('',#2744,#2745);
#2744 = CARTESIAN_POINT('',(60.4,12.6,7.6));
#2745 = VECTOR('',#2746,1.);
#2746 = DIRECTION('',(0.,4.440892098501E-16,1.));
#2747 = PLANE('',#2748);
#2748 = AXIS2_PLACEMENT_3D('',#2749,#2750,#2751);
#2749 = CARTESIAN_POINT('',(62.4,12.6,7.6));
#2750 = DIRECTION('',(-1.224646799147E-16,-1.,4.440892098501E-16));
#2751 = DIRECTION('',(0.,4.440892098501E-16,1.));
#2752 = ADVANCED_FACE('',(#2753),#2771,.F.);
#2753 = FACE_BOUND('',#2754,.F.);
#2754 = EDGE_LOOP('',(#2755,#2763,#2764,#2765));
#2755 = ORIENTED_EDGE('',*,*,#2756,.F.);
#2756 = EDGE_CURVE('',#2733,#2757,#2759,.T.);
#2757 = VERTEX_POINT('',#2758);
#2758 = CARTESIAN_POINT('',(60.4,9.4,7.6));
#2759 = LINE('',#2760,#2761);
#2760 = CARTESIAN_POINT('',(60.4,13.,7.6));
#2761 = VECTOR('',#2762,1.);
#2762 = DIRECTION('',(1.110223024625E-16,-1.,4.440892098501E-16));
#2763 = ORIENTED_EDGE('',*,*,#2742,.T.);
#2764 = ORIENTED_EDGE('',*,*,#869,.T.);
#2765 = ORIENTED_EDGE('',*,*,#2766,.F.);
#2766 = EDGE_CURVE('',#2757,#862,#2767,.T.);
#2767 = LINE('',#2768,#2769);
#2768 = CARTESIAN_POINT('',(60.4,9.4,7.6));
#2769 = VECTOR('',#2770,1.);
#2770 = DIRECTION('',(0.,4.440892098501E-16,1.));
#2771 = PLANE('',#2772);
#2772 = AXIS2_PLACEMENT_3D('',#2773,#2774,#2775);
#2773 = CARTESIAN_POINT('',(60.4,13.,7.6));
#2774 = DIRECTION('',(1.,1.110223024625E-16,-4.930380657631E-32));
#2775 = DIRECTION('',(0.,4.440892098501E-16,1.));
#2776 = ADVANCED_FACE('',(#2777),#2795,.F.);
#2777 = FACE_BOUND('',#2778,.F.);
#2778 = EDGE_LOOP('',(#2779,#2787,#2788,#2789));
#2779 = ORIENTED_EDGE('',*,*,#2780,.F.);
#2780 = EDGE_CURVE('',#2757,#2781,#2783,.T.);
#2781 = VERTEX_POINT('',#2782);
#2782 = CARTESIAN_POINT('',(62.4,9.4,7.6));
#2783 = LINE('',#2784,#2785);
#2784 = CARTESIAN_POINT('',(60.,9.4,7.6));
#2785 = VECTOR('',#2786,1.);
#2786 = DIRECTION('',(1.,0.,0.));
#2787 = ORIENTED_EDGE('',*,*,#2766,.T.);
#2788 = ORIENTED_EDGE('',*,*,#861,.T.);
#2789 = ORIENTED_EDGE('',*,*,#2790,.F.);
#2790 = EDGE_CURVE('',#2781,#853,#2791,.T.);
#2791 = LINE('',#2792,#2793);
#2792 = CARTESIAN_POINT('',(62.4,9.4,7.6));
#2793 = VECTOR('',#2794,1.);
#2794 = DIRECTION('',(0.,4.440892098501E-16,1.));
#2795 = PLANE('',#2796);
#2796 = AXIS2_PLACEMENT_3D('',#2797,#2798,#2799);
#2797 = CARTESIAN_POINT('',(60.,9.4,7.6));
#2798 = DIRECTION('',(0.,1.,-4.440892098501E-16));
#2799 = DIRECTION('',(0.,4.440892098501E-16,1.));
#2800 = ADVANCED_FACE('',(#2801),#2829,.F.);
#2801 = FACE_BOUND('',#2802,.F.);
#2802 = EDGE_LOOP('',(#2803,#2804,#2812,#2821,#2828));
#2803 = ORIENTED_EDGE('',*,*,#852,.F.);
#2804 = ORIENTED_EDGE('',*,*,#2805,.F.);
#2805 = EDGE_CURVE('',#2806,#845,#2808,.T.);
#2806 = VERTEX_POINT('',#2807);
#2807 = CARTESIAN_POINT('',(62.4,8.6,7.6));
#2808 = LINE('',#2809,#2810);
#2809 = CARTESIAN_POINT('',(62.4,8.6,7.6));
#2810 = VECTOR('',#2811,1.);
#2811 = DIRECTION('',(0.,4.440892098501E-16,1.));
#2812 = ORIENTED_EDGE('',*,*,#2813,.T.);
#2813 = EDGE_CURVE('',#2806,#2814,#2816,.T.);
#2814 = VERTEX_POINT('',#2815);
#2815 = CARTESIAN_POINT('',(62.8,9.,7.6));
#2816 = CIRCLE('',#2817,0.4);
#2817 = AXIS2_PLACEMENT_3D('',#2818,#2819,#2820);
#2818 = CARTESIAN_POINT('',(62.4,9.,7.6));
#2819 = DIRECTION('',(-0.,4.440892098501E-16,1.));
#2820 = DIRECTION('',(1.,0.,0.));
#2821 = ORIENTED_EDGE('',*,*,#2822,.T.);
#2822 = EDGE_CURVE('',#2814,#2781,#2823,.T.);
#2823 = CIRCLE('',#2824,0.4);
#2824 = AXIS2_PLACEMENT_3D('',#2825,#2826,#2827);
#2825 = CARTESIAN_POINT('',(62.4,9.,7.6));
#2826 = DIRECTION('',(-0.,4.440892098501E-16,1.));
#2827 = DIRECTION('',(1.,0.,0.));
#2828 = ORIENTED_EDGE('',*,*,#2790,.T.);
#2829 = CYLINDRICAL_SURFACE('',#2830,0.4);
#2830 = AXIS2_PLACEMENT_3D('',#2831,#2832,#2833);
#2831 = CARTESIAN_POINT('',(62.4,9.,7.6));
#2832 = DIRECTION('',(0.,4.440892098501E-16,1.));
#2833 = DIRECTION('',(1.,0.,0.));
#2834 = ADVANCED_FACE('',(#2835),#2853,.T.);
#2835 = FACE_BOUND('',#2836,.T.);
#2836 = EDGE_LOOP('',(#2837,#2845,#2851,#2852));
#2837 = ORIENTED_EDGE('',*,*,#2838,.F.);
#2838 = EDGE_CURVE('',#2839,#2806,#2841,.T.);
#2839 = VERTEX_POINT('',#2840);
#2840 = CARTESIAN_POINT('',(60.,8.6,7.6));
#2841 = LINE('',#2842,#2843);
#2842 = CARTESIAN_POINT('',(60.,8.6,7.6));
#2843 = VECTOR('',#2844,1.);
#2844 = DIRECTION('',(1.,0.,0.));
#2845 = ORIENTED_EDGE('',*,*,#2846,.T.);
#2846 = EDGE_CURVE('',#2839,#836,#2847,.T.);
#2847 = LINE('',#2848,#2849);
#2848 = CARTESIAN_POINT('',(60.,8.6,7.6));
#2849 = VECTOR('',#2850,1.);
#2850 = DIRECTION('',(0.,4.440892098501E-16,1.));
#2851 = ORIENTED_EDGE('',*,*,#844,.T.);
#2852 = ORIENTED_EDGE('',*,*,#2805,.F.);
#2853 = PLANE('',#2854);
#2854 = AXIS2_PLACEMENT_3D('',#2855,#2856,#2857);
#2855 = CARTESIAN_POINT('',(60.,8.6,7.6));
#2856 = DIRECTION('',(0.,1.,-4.440892098501E-16));
#2857 = DIRECTION('',(0.,4.440892098501E-16,1.));
#2858 = ADVANCED_FACE('',(#2859),#2878,.F.);
#2859 = FACE_BOUND('',#2860,.F.);
#2860 = EDGE_LOOP('',(#2861,#2870,#2871,#2872));
#2861 = ORIENTED_EDGE('',*,*,#2862,.T.);
#2862 = EDGE_CURVE('',#2863,#2839,#2865,.T.);
#2863 = VERTEX_POINT('',#2864);
#2864 = CARTESIAN_POINT('',(59.6,9.,7.6));
#2865 = CIRCLE('',#2866,0.4);
#2866 = AXIS2_PLACEMENT_3D('',#2867,#2868,#2869);
#2867 = CARTESIAN_POINT('',(60.,9.,7.6));
#2868 = DIRECTION('',(-0.,4.440892098501E-16,1.));
#2869 = DIRECTION('',(1.,0.,0.));
#2870 = ORIENTED_EDGE('',*,*,#2846,.T.);
#2871 = ORIENTED_EDGE('',*,*,#835,.F.);
#2872 = ORIENTED_EDGE('',*,*,#2873,.F.);
#2873 = EDGE_CURVE('',#2863,#828,#2874,.T.);
#2874 = LINE('',#2875,#2876);
#2875 = CARTESIAN_POINT('',(59.6,9.,7.6));
#2876 = VECTOR('',#2877,1.);
#2877 = DIRECTION('',(0.,4.440892098501E-16,1.));
#2878 = CYLINDRICAL_SURFACE('',#2879,0.4);
#2879 = AXIS2_PLACEMENT_3D('',#2880,#2881,#2882);
#2880 = CARTESIAN_POINT('',(60.,9.,7.6));
#2881 = DIRECTION('',(0.,4.440892098501E-16,1.));
#2882 = DIRECTION('',(1.,0.,0.));
#2883 = ADVANCED_FACE('',(#2884),#2902,.T.);
#2884 = FACE_BOUND('',#2885,.T.);
#2885 = EDGE_LOOP('',(#2886,#2894,#2900,#2901));
#2886 = ORIENTED_EDGE('',*,*,#2887,.F.);
#2887 = EDGE_CURVE('',#2888,#2863,#2890,.T.);
#2888 = VERTEX_POINT('',#2889);
#2889 = CARTESIAN_POINT('',(59.6,13.,7.6));
#2890 = LINE('',#2891,#2892);
#2891 = CARTESIAN_POINT('',(59.6,13.,7.6));
#2892 = VECTOR('',#2893,1.);
#2893 = DIRECTION('',(1.110223024625E-16,-1.,4.440892098501E-16));
#2894 = ORIENTED_EDGE('',*,*,#2895,.T.);
#2895 = EDGE_CURVE('',#2888,#819,#2896,.T.);
#2896 = LINE('',#2897,#2898);
#2897 = CARTESIAN_POINT('',(59.6,13.,7.6));
#2898 = VECTOR('',#2899,1.);
#2899 = DIRECTION('',(0.,4.440892098501E-16,1.));
#2900 = ORIENTED_EDGE('',*,*,#827,.T.);
#2901 = ORIENTED_EDGE('',*,*,#2873,.F.);
#2902 = PLANE('',#2903);
#2903 = AXIS2_PLACEMENT_3D('',#2904,#2905,#2906);
#2904 = CARTESIAN_POINT('',(59.6,13.,7.6));
#2905 = DIRECTION('',(1.,1.110223024625E-16,-4.930380657631E-32));
#2906 = DIRECTION('',(0.,4.440892098501E-16,1.));
#2907 = ADVANCED_FACE('',(#2908),#2927,.F.);
#2908 = FACE_BOUND('',#2909,.F.);
#2909 = EDGE_LOOP('',(#2910,#2911,#2919,#2926));
#2910 = ORIENTED_EDGE('',*,*,#818,.F.);
#2911 = ORIENTED_EDGE('',*,*,#2912,.F.);
#2912 = EDGE_CURVE('',#2913,#811,#2915,.T.);
#2913 = VERTEX_POINT('',#2914);
#2914 = CARTESIAN_POINT('',(60.,13.4,7.6));
#2915 = LINE('',#2916,#2917);
#2916 = CARTESIAN_POINT('',(60.,13.4,7.6));
#2917 = VECTOR('',#2918,1.);
#2918 = DIRECTION('',(0.,4.440892098501E-16,1.));
#2919 = ORIENTED_EDGE('',*,*,#2920,.T.);
#2920 = EDGE_CURVE('',#2913,#2888,#2921,.T.);
#2921 = CIRCLE('',#2922,0.4);
#2922 = AXIS2_PLACEMENT_3D('',#2923,#2924,#2925);
#2923 = CARTESIAN_POINT('',(60.,13.,7.6));
#2924 = DIRECTION('',(-0.,4.440892098501E-16,1.));
#2925 = DIRECTION('',(1.,0.,0.));
#2926 = ORIENTED_EDGE('',*,*,#2895,.T.);
#2927 = CYLINDRICAL_SURFACE('',#2928,0.4);
#2928 = AXIS2_PLACEMENT_3D('',#2929,#2930,#2931);
#2929 = CARTESIAN_POINT('',(60.,13.,7.6));
#2930 = DIRECTION('',(0.,4.440892098501E-16,1.));
#2931 = DIRECTION('',(1.,0.,0.));
#2932 = ADVANCED_FACE('',(#2933),#2944,.T.);
#2933 = FACE_BOUND('',#2934,.T.);
#2934 = EDGE_LOOP('',(#2935,#2941,#2942,#2943));
#2935 = ORIENTED_EDGE('',*,*,#2936,.F.);
#2936 = EDGE_CURVE('',#2703,#2913,#2937,.T.);
#2937 = LINE('',#2938,#2939);
#2938 = CARTESIAN_POINT('',(62.4,13.4,7.6));
#2939 = VECTOR('',#2940,1.);
#2940 = DIRECTION('',(-1.,1.224646799147E-16,-5.438524293788E-32));
#2941 = ORIENTED_EDGE('',*,*,#2711,.T.);
#2942 = ORIENTED_EDGE('',*,*,#810,.T.);
#2943 = ORIENTED_EDGE('',*,*,#2912,.F.);
#2944 = PLANE('',#2945);
#2945 = AXIS2_PLACEMENT_3D('',#2946,#2947,#2948);
#2946 = CARTESIAN_POINT('',(62.4,13.4,7.6));
#2947 = DIRECTION('',(-1.224646799147E-16,-1.,4.440892098501E-16));
#2948 = DIRECTION('',(0.,4.440892098501E-16,1.));
#2949 = ADVANCED_FACE('',(#2950),#2975,.F.);
#2950 = FACE_BOUND('',#2951,.F.);
#2951 = EDGE_LOOP('',(#2952,#2962,#2968,#2969));
#2952 = ORIENTED_EDGE('',*,*,#2953,.F.);
#2953 = EDGE_CURVE('',#2954,#2956,#2958,.T.);
#2954 = VERTEX_POINT('',#2955);
#2955 = CARTESIAN_POINT('',(63.887652476223,12.249878019022,7.6));
#2956 = VERTEX_POINT('',#2957);
#2957 = CARTESIAN_POINT('',(64.687652476223,13.249878019022,7.6));
#2958 = LINE('',#2959,#2960);
#2959 = CARTESIAN_POINT('',(63.887652476223,12.249878019022,7.6));
#2960 = VECTOR('',#2961,1.);
#2961 = DIRECTION('',(0.624695047554,0.780868809443,-3.467754125821E-16)
  );
#2962 = ORIENTED_EDGE('',*,*,#2963,.T.);
#2963 = EDGE_CURVE('',#2954,#886,#2964,.T.);
#2964 = LINE('',#2965,#2966);
#2965 = CARTESIAN_POINT('',(63.887652476223,12.249878019022,7.6));
#2966 = VECTOR('',#2967,1.);
#2967 = DIRECTION('',(0.,4.440892098501E-16,1.));
#2968 = ORIENTED_EDGE('',*,*,#885,.T.);
#2969 = ORIENTED_EDGE('',*,*,#2970,.F.);
#2970 = EDGE_CURVE('',#2956,#888,#2971,.T.);
#2971 = LINE('',#2972,#2973);
#2972 = CARTESIAN_POINT('',(64.687652476223,13.249878019022,7.6));
#2973 = VECTOR('',#2974,1.);
#2974 = DIRECTION('',(0.,4.440892098501E-16,1.));
#2975 = PLANE('',#2976);
#2976 = AXIS2_PLACEMENT_3D('',#2977,#2978,#2979);
#2977 = CARTESIAN_POINT('',(63.887652476223,12.249878019022,7.6));
#2978 = DIRECTION('',(-0.780868809443,0.624695047554,-2.774203300657E-16
    ));
#2979 = DIRECTION('',(0.,4.440892098501E-16,1.));
#2980 = ADVANCED_FACE('',(#2981),#3000,.F.);
#2981 = FACE_BOUND('',#2982,.F.);
#2982 = EDGE_LOOP('',(#2983,#2984,#2992,#2999));
#2983 = ORIENTED_EDGE('',*,*,#970,.F.);
#2984 = ORIENTED_EDGE('',*,*,#2985,.F.);
#2985 = EDGE_CURVE('',#2986,#963,#2988,.T.);
#2986 = VERTEX_POINT('',#2987);
#2987 = CARTESIAN_POINT('',(65.4,13.,7.6));
#2988 = LINE('',#2989,#2990);
#2989 = CARTESIAN_POINT('',(65.4,13.,7.6));
#2990 = VECTOR('',#2991,1.);
#2991 = DIRECTION('',(0.,4.440892098501E-16,1.));
#2992 = ORIENTED_EDGE('',*,*,#2993,.T.);
#2993 = EDGE_CURVE('',#2986,#2956,#2994,.T.);
#2994 = CIRCLE('',#2995,0.4);
#2995 = AXIS2_PLACEMENT_3D('',#2996,#2997,#2998);
#2996 = CARTESIAN_POINT('',(65.,13.,7.6));
#2997 = DIRECTION('',(-0.,4.440892098501E-16,1.));
#2998 = DIRECTION('',(1.,0.,0.));
#2999 = ORIENTED_EDGE('',*,*,#2970,.T.);
#3000 = CYLINDRICAL_SURFACE('',#3001,0.4);
#3001 = AXIS2_PLACEMENT_3D('',#3002,#3003,#3004);
#3002 = CARTESIAN_POINT('',(65.,13.,7.6));
#3003 = DIRECTION('',(0.,4.440892098501E-16,1.));
#3004 = DIRECTION('',(1.,0.,0.));
#3005 = ADVANCED_FACE('',(#3006),#3024,.F.);
#3006 = FACE_BOUND('',#3007,.F.);
#3007 = EDGE_LOOP('',(#3008,#3016,#3017,#3018));
#3008 = ORIENTED_EDGE('',*,*,#3009,.F.);
#3009 = EDGE_CURVE('',#2986,#3010,#3012,.T.);
#3010 = VERTEX_POINT('',#3011);
#3011 = CARTESIAN_POINT('',(65.4,9.4,7.6));
#3012 = LINE('',#3013,#3014);
#3013 = CARTESIAN_POINT('',(65.4,13.,7.6));
#3014 = VECTOR('',#3015,1.);
#3015 = DIRECTION('',(1.110223024625E-16,-1.,4.440892098501E-16));
#3016 = ORIENTED_EDGE('',*,*,#2985,.T.);
#3017 = ORIENTED_EDGE('',*,*,#962,.T.);
#3018 = ORIENTED_EDGE('',*,*,#3019,.F.);
#3019 = EDGE_CURVE('',#3010,#955,#3020,.T.);
#3020 = LINE('',#3021,#3022);
#3021 = CARTESIAN_POINT('',(65.4,9.4,7.6));
#3022 = VECTOR('',#3023,1.);
#3023 = DIRECTION('',(0.,4.440892098501E-16,1.));
#3024 = PLANE('',#3025);
#3025 = AXIS2_PLACEMENT_3D('',#3026,#3027,#3028);
#3026 = CARTESIAN_POINT('',(65.4,13.,7.6));
#3027 = DIRECTION('',(1.,1.110223024625E-16,-4.930380657631E-32));
#3028 = DIRECTION('',(0.,4.440892098501E-16,1.));
#3029 = ADVANCED_FACE('',(#3030),#3048,.F.);
#3030 = FACE_BOUND('',#3031,.F.);
#3031 = EDGE_LOOP('',(#3032,#3040,#3041,#3042));
#3032 = ORIENTED_EDGE('',*,*,#3033,.F.);
#3033 = EDGE_CURVE('',#3010,#3034,#3036,.T.);
#3034 = VERTEX_POINT('',#3035);
#3035 = CARTESIAN_POINT('',(66.2,9.4,7.6));
#3036 = LINE('',#3037,#3038);
#3037 = CARTESIAN_POINT('',(63.8,9.4,7.6));
#3038 = VECTOR('',#3039,1.);
#3039 = DIRECTION('',(1.,0.,0.));
#3040 = ORIENTED_EDGE('',*,*,#3019,.T.);
#3041 = ORIENTED_EDGE('',*,*,#954,.T.);
#3042 = ORIENTED_EDGE('',*,*,#3043,.F.);
#3043 = EDGE_CURVE('',#3034,#946,#3044,.T.);
#3044 = LINE('',#3045,#3046);
#3045 = CARTESIAN_POINT('',(66.2,9.4,7.6));
#3046 = VECTOR('',#3047,1.);
#3047 = DIRECTION('',(0.,4.440892098501E-16,1.));
#3048 = PLANE('',#3049);
#3049 = AXIS2_PLACEMENT_3D('',#3050,#3051,#3052);
#3050 = CARTESIAN_POINT('',(63.8,9.4,7.6));
#3051 = DIRECTION('',(0.,1.,-4.440892098501E-16));
#3052 = DIRECTION('',(0.,4.440892098501E-16,1.));
#3053 = ADVANCED_FACE('',(#3054),#3082,.F.);
#3054 = FACE_BOUND('',#3055,.F.);
#3055 = EDGE_LOOP('',(#3056,#3057,#3065,#3074,#3081));
#3056 = ORIENTED_EDGE('',*,*,#945,.F.);
#3057 = ORIENTED_EDGE('',*,*,#3058,.F.);
#3058 = EDGE_CURVE('',#3059,#938,#3061,.T.);
#3059 = VERTEX_POINT('',#3060);
#3060 = CARTESIAN_POINT('',(66.2,8.6,7.6));
#3061 = LINE('',#3062,#3063);
#3062 = CARTESIAN_POINT('',(66.2,8.6,7.6));
#3063 = VECTOR('',#3064,1.);
#3064 = DIRECTION('',(0.,4.440892098501E-16,1.));
#3065 = ORIENTED_EDGE('',*,*,#3066,.T.);
#3066 = EDGE_CURVE('',#3059,#3067,#3069,.T.);
#3067 = VERTEX_POINT('',#3068);
#3068 = CARTESIAN_POINT('',(66.6,9.,7.6));
#3069 = CIRCLE('',#3070,0.4);
#3070 = AXIS2_PLACEMENT_3D('',#3071,#3072,#3073);
#3071 = CARTESIAN_POINT('',(66.2,9.,7.6));
#3072 = DIRECTION('',(-0.,4.440892098501E-16,1.));
#3073 = DIRECTION('',(1.,0.,0.));
#3074 = ORIENTED_EDGE('',*,*,#3075,.T.);
#3075 = EDGE_CURVE('',#3067,#3034,#3076,.T.);
#3076 = CIRCLE('',#3077,0.4);
#3077 = AXIS2_PLACEMENT_3D('',#3078,#3079,#3080);
#3078 = CARTESIAN_POINT('',(66.2,9.,7.6));
#3079 = DIRECTION('',(-0.,4.440892098501E-16,1.));
#3080 = DIRECTION('',(1.,0.,0.));
#3081 = ORIENTED_EDGE('',*,*,#3043,.T.);
#3082 = CYLINDRICAL_SURFACE('',#3083,0.4);
#3083 = AXIS2_PLACEMENT_3D('',#3084,#3085,#3086);
#3084 = CARTESIAN_POINT('',(66.2,9.,7.6));
#3085 = DIRECTION('',(0.,4.440892098501E-16,1.));
#3086 = DIRECTION('',(1.,0.,0.));
#3087 = ADVANCED_FACE('',(#3088),#3106,.T.);
#3088 = FACE_BOUND('',#3089,.T.);
#3089 = EDGE_LOOP('',(#3090,#3098,#3104,#3105));
#3090 = ORIENTED_EDGE('',*,*,#3091,.F.);
#3091 = EDGE_CURVE('',#3092,#3059,#3094,.T.);
#3092 = VERTEX_POINT('',#3093);
#3093 = CARTESIAN_POINT('',(63.8,8.6,7.6));
#3094 = LINE('',#3095,#3096);
#3095 = CARTESIAN_POINT('',(63.8,8.6,7.6));
#3096 = VECTOR('',#3097,1.);
#3097 = DIRECTION('',(1.,0.,0.));
#3098 = ORIENTED_EDGE('',*,*,#3099,.T.);
#3099 = EDGE_CURVE('',#3092,#929,#3100,.T.);
#3100 = LINE('',#3101,#3102);
#3101 = CARTESIAN_POINT('',(63.8,8.6,7.6));
#3102 = VECTOR('',#3103,1.);
#3103 = DIRECTION('',(0.,4.440892098501E-16,1.));
#3104 = ORIENTED_EDGE('',*,*,#937,.T.);
#3105 = ORIENTED_EDGE('',*,*,#3058,.F.);
#3106 = PLANE('',#3107);
#3107 = AXIS2_PLACEMENT_3D('',#3108,#3109,#3110);
#3108 = CARTESIAN_POINT('',(63.8,8.6,7.6));
#3109 = DIRECTION('',(0.,1.,-4.440892098501E-16));
#3110 = DIRECTION('',(0.,4.440892098501E-16,1.));
#3111 = ADVANCED_FACE('',(#3112),#3131,.F.);
#3112 = FACE_BOUND('',#3113,.F.);
#3113 = EDGE_LOOP('',(#3114,#3115,#3123,#3130));
#3114 = ORIENTED_EDGE('',*,*,#928,.F.);
#3115 = ORIENTED_EDGE('',*,*,#3116,.F.);
#3116 = EDGE_CURVE('',#3117,#921,#3119,.T.);
#3117 = VERTEX_POINT('',#3118);
#3118 = CARTESIAN_POINT('',(63.8,9.4,7.6));
#3119 = LINE('',#3120,#3121);
#3120 = CARTESIAN_POINT('',(63.8,9.4,7.6));
#3121 = VECTOR('',#3122,1.);
#3122 = DIRECTION('',(0.,4.440892098501E-16,1.));
#3123 = ORIENTED_EDGE('',*,*,#3124,.T.);
#3124 = EDGE_CURVE('',#3117,#3092,#3125,.T.);
#3125 = CIRCLE('',#3126,0.4);
#3126 = AXIS2_PLACEMENT_3D('',#3127,#3128,#3129);
#3127 = CARTESIAN_POINT('',(63.8,9.,7.6));
#3128 = DIRECTION('',(-0.,4.440892098501E-16,1.));
#3129 = DIRECTION('',(1.,0.,0.));
#3130 = ORIENTED_EDGE('',*,*,#3099,.T.);
#3131 = CYLINDRICAL_SURFACE('',#3132,0.4);
#3132 = AXIS2_PLACEMENT_3D('',#3133,#3134,#3135);
#3133 = CARTESIAN_POINT('',(63.8,9.,7.6));
#3134 = DIRECTION('',(0.,4.440892098501E-16,1.));
#3135 = DIRECTION('',(1.,0.,0.));
#3136 = ADVANCED_FACE('',(#3137),#3155,.F.);
#3137 = FACE_BOUND('',#3138,.F.);
#3138 = EDGE_LOOP('',(#3139,#3147,#3148,#3149));
#3139 = ORIENTED_EDGE('',*,*,#3140,.F.);
#3140 = EDGE_CURVE('',#3117,#3141,#3143,.T.);
#3141 = VERTEX_POINT('',#3142);
#3142 = CARTESIAN_POINT('',(64.6,9.4,7.6));
#3143 = LINE('',#3144,#3145);
#3144 = CARTESIAN_POINT('',(63.8,9.4,7.6));
#3145 = VECTOR('',#3146,1.);
#3146 = DIRECTION('',(1.,0.,0.));
#3147 = ORIENTED_EDGE('',*,*,#3116,.T.);
#3148 = ORIENTED_EDGE('',*,*,#920,.T.);
#3149 = ORIENTED_EDGE('',*,*,#3150,.F.);
#3150 = EDGE_CURVE('',#3141,#913,#3151,.T.);
#3151 = LINE('',#3152,#3153);
#3152 = CARTESIAN_POINT('',(64.6,9.4,7.6));
#3153 = VECTOR('',#3154,1.);
#3154 = DIRECTION('',(0.,4.440892098501E-16,1.));
#3155 = PLANE('',#3156);
#3156 = AXIS2_PLACEMENT_3D('',#3157,#3158,#3159);
#3157 = CARTESIAN_POINT('',(63.8,9.4,7.6));
#3158 = DIRECTION('',(0.,1.,-4.440892098501E-16));
#3159 = DIRECTION('',(0.,4.440892098501E-16,1.));
#3160 = ADVANCED_FACE('',(#3161),#3179,.T.);
#3161 = FACE_BOUND('',#3162,.T.);
#3162 = EDGE_LOOP('',(#3163,#3171,#3177,#3178));
#3163 = ORIENTED_EDGE('',*,*,#3164,.F.);
#3164 = EDGE_CURVE('',#3165,#3141,#3167,.T.);
#3165 = VERTEX_POINT('',#3166);
#3166 = CARTESIAN_POINT('',(64.6,11.859687576257,7.6));
#3167 = LINE('',#3168,#3169);
#3168 = CARTESIAN_POINT('',(64.6,13.,7.6));
#3169 = VECTOR('',#3170,1.);
#3170 = DIRECTION('',(1.110223024625E-16,-1.,4.440892098501E-16));
#3171 = ORIENTED_EDGE('',*,*,#3172,.F.);
#3172 = EDGE_CURVE('',#905,#3165,#3173,.T.);
#3173 = LINE('',#3174,#3175);
#3174 = CARTESIAN_POINT('',(64.6,11.859687576257,7.6));
#3175 = VECTOR('',#3176,1.);
#3176 = DIRECTION('',(0.,-4.440892098501E-16,-1.));
#3177 = ORIENTED_EDGE('',*,*,#912,.T.);
#3178 = ORIENTED_EDGE('',*,*,#3150,.F.);
#3179 = PLANE('',#3180);
#3180 = AXIS2_PLACEMENT_3D('',#3181,#3182,#3183);
#3181 = CARTESIAN_POINT('',(64.6,13.,7.6));
#3182 = DIRECTION('',(1.,1.110223024625E-16,-4.930380657631E-32));
#3183 = DIRECTION('',(0.,4.440892098501E-16,1.));
#3184 = ADVANCED_FACE('',(#3185),#3203,.T.);
#3185 = FACE_BOUND('',#3186,.T.);
#3186 = EDGE_LOOP('',(#3187,#3195,#3201,#3202));
#3187 = ORIENTED_EDGE('',*,*,#3188,.F.);
#3188 = EDGE_CURVE('',#3189,#3165,#3191,.T.);
#3189 = VERTEX_POINT('',#3190);
#3190 = CARTESIAN_POINT('',(64.512347523777,11.750121980978,7.6));
#3191 = LINE('',#3192,#3193);
#3192 = CARTESIAN_POINT('',(64.512347523777,11.750121980978,7.6));
#3193 = VECTOR('',#3194,1.);
#3194 = DIRECTION('',(0.624695047554,0.780868809443,-3.467754125821E-16)
  );
#3195 = ORIENTED_EDGE('',*,*,#3196,.T.);
#3196 = EDGE_CURVE('',#3189,#896,#3197,.T.);
#3197 = LINE('',#3198,#3199);
#3198 = CARTESIAN_POINT('',(64.512347523777,11.750121980978,7.6));
#3199 = VECTOR('',#3200,1.);
#3200 = DIRECTION('',(0.,4.440892098501E-16,1.));
#3201 = ORIENTED_EDGE('',*,*,#904,.T.);
#3202 = ORIENTED_EDGE('',*,*,#3172,.T.);
#3203 = PLANE('',#3204);
#3204 = AXIS2_PLACEMENT_3D('',#3205,#3206,#3207);
#3205 = CARTESIAN_POINT('',(64.512347523777,11.750121980978,7.6));
#3206 = DIRECTION('',(-0.780868809443,0.624695047554,-2.774203300657E-16
    ));
#3207 = DIRECTION('',(0.,4.440892098501E-16,1.));
#3208 = ADVANCED_FACE('',(#3209),#3221,.F.);
#3209 = FACE_BOUND('',#3210,.F.);
#3210 = EDGE_LOOP('',(#3211,#3212,#3213,#3220));
#3211 = ORIENTED_EDGE('',*,*,#895,.F.);
#3212 = ORIENTED_EDGE('',*,*,#2963,.F.);
#3213 = ORIENTED_EDGE('',*,*,#3214,.T.);
#3214 = EDGE_CURVE('',#2954,#3189,#3215,.T.);
#3215 = CIRCLE('',#3216,0.4);
#3216 = AXIS2_PLACEMENT_3D('',#3217,#3218,#3219);
#3217 = CARTESIAN_POINT('',(64.2,12.,7.6));
#3218 = DIRECTION('',(-0.,4.440892098501E-16,1.));
#3219 = DIRECTION('',(1.,0.,0.));
#3220 = ORIENTED_EDGE('',*,*,#3196,.T.);
#3221 = CYLINDRICAL_SURFACE('',#3222,0.4);
#3222 = AXIS2_PLACEMENT_3D('',#3223,#3224,#3225);
#3223 = CARTESIAN_POINT('',(64.2,12.,7.6));
#3224 = DIRECTION('',(0.,4.440892098501E-16,1.));
#3225 = DIRECTION('',(1.,0.,0.));
#3226 = ADVANCED_FACE('',(#3227),#3252,.T.);
#3227 = FACE_BOUND('',#3228,.T.);
#3228 = EDGE_LOOP('',(#3229,#3230,#3238,#3246));
#3229 = ORIENTED_EDGE('',*,*,#1013,.T.);
#3230 = ORIENTED_EDGE('',*,*,#3231,.T.);
#3231 = EDGE_CURVE('',#1016,#3232,#3234,.T.);
#3232 = VERTEX_POINT('',#3233);
#3233 = CARTESIAN_POINT('',(188.,90.468633411781,1.8));
#3234 = LINE('',#3235,#3236);
#3235 = CARTESIAN_POINT('',(188.,90.468633411781,8.1));
#3236 = VECTOR('',#3237,1.);
#3237 = DIRECTION('',(0.,-4.440892098501E-16,-1.));
#3238 = ORIENTED_EDGE('',*,*,#3239,.T.);
#3239 = EDGE_CURVE('',#3232,#3240,#3242,.T.);
#3240 = VERTEX_POINT('',#3241);
#3241 = CARTESIAN_POINT('',(185.05,92.171816705891,1.8));
#3242 = LINE('',#3243,#3244);
#3243 = CARTESIAN_POINT('',(188.,90.468633411781,1.8));
#3244 = VECTOR('',#3245,1.);
#3245 = DIRECTION('',(-0.866025403784,0.5,-2.22044604925E-16));
#3246 = ORIENTED_EDGE('',*,*,#3247,.F.);
#3247 = EDGE_CURVE('',#1014,#3240,#3248,.T.);
#3248 = LINE('',#3249,#3250);
#3249 = CARTESIAN_POINT('',(185.05,92.171816705891,8.1));
#3250 = VECTOR('',#3251,1.);
#3251 = DIRECTION('',(0.,-4.440892098501E-16,-1.));
#3252 = PLANE('',#3253);
#3253 = AXIS2_PLACEMENT_3D('',#3254,#3255,#3256);
#3254 = CARTESIAN_POINT('',(188.,90.468633411781,8.1));
#3255 = DIRECTION('',(0.5,0.866025403784,-3.845925372767E-16));
#3256 = DIRECTION('',(-0.866025403784,0.5,-2.22044604925E-16));
#3257 = ADVANCED_FACE('',(#3258),#3276,.T.);
#3258 = FACE_BOUND('',#3259,.T.);
#3259 = EDGE_LOOP('',(#3260,#3261,#3262,#3270));
#3260 = ORIENTED_EDGE('',*,*,#1055,.T.);
#3261 = ORIENTED_EDGE('',*,*,#3247,.T.);
#3262 = ORIENTED_EDGE('',*,*,#3263,.T.);
#3263 = EDGE_CURVE('',#3240,#3264,#3266,.T.);
#3264 = VERTEX_POINT('',#3265);
#3265 = CARTESIAN_POINT('',(185.05,95.578183294109,1.8));
#3266 = LINE('',#3267,#3268);
#3267 = CARTESIAN_POINT('',(185.05,92.171816705891,1.8));
#3268 = VECTOR('',#3269,1.);
#3269 = DIRECTION('',(0.,1.,-4.440892098501E-16));
#3270 = ORIENTED_EDGE('',*,*,#3271,.F.);
#3271 = EDGE_CURVE('',#1048,#3264,#3272,.T.);
#3272 = LINE('',#3273,#3274);
#3273 = CARTESIAN_POINT('',(185.05,95.578183294109,8.1));
#3274 = VECTOR('',#3275,1.);
#3275 = DIRECTION('',(0.,-4.440892098501E-16,-1.));
#3276 = PLANE('',#3277);
#3277 = AXIS2_PLACEMENT_3D('',#3278,#3279,#3280);
#3278 = CARTESIAN_POINT('',(185.05,92.171816705891,8.1));
#3279 = DIRECTION('',(1.,0.,0.));
#3280 = DIRECTION('',(0.,1.,-4.440892098501E-16));
#3281 = ADVANCED_FACE('',(#3282),#3300,.T.);
#3282 = FACE_BOUND('',#3283,.T.);
#3283 = EDGE_LOOP('',(#3284,#3285,#3293,#3299));
#3284 = ORIENTED_EDGE('',*,*,#1023,.T.);
#3285 = ORIENTED_EDGE('',*,*,#3286,.T.);
#3286 = EDGE_CURVE('',#1024,#3287,#3289,.T.);
#3287 = VERTEX_POINT('',#3288);
#3288 = CARTESIAN_POINT('',(190.95,92.171816705891,1.8));
#3289 = LINE('',#3290,#3291);
#3290 = CARTESIAN_POINT('',(190.95,92.171816705891,8.1));
#3291 = VECTOR('',#3292,1.);
#3292 = DIRECTION('',(0.,-4.440892098501E-16,-1.));
#3293 = ORIENTED_EDGE('',*,*,#3294,.T.);
#3294 = EDGE_CURVE('',#3287,#3232,#3295,.T.);
#3295 = LINE('',#3296,#3297);
#3296 = CARTESIAN_POINT('',(190.95,92.171816705891,1.8));
#3297 = VECTOR('',#3298,1.);
#3298 = DIRECTION('',(-0.866025403784,-0.5,2.22044604925E-16));
#3299 = ORIENTED_EDGE('',*,*,#3231,.F.);
#3300 = PLANE('',#3301);
#3301 = AXIS2_PLACEMENT_3D('',#3302,#3303,#3304);
#3302 = CARTESIAN_POINT('',(190.95,92.171816705891,8.1));
#3303 = DIRECTION('',(-0.5,0.866025403784,-3.845925372767E-16));
#3304 = DIRECTION('',(-0.866025403784,-0.5,2.22044604925E-16));
#3305 = ADVANCED_FACE('',(#3306),#3324,.T.);
#3306 = FACE_BOUND('',#3307,.T.);
#3307 = EDGE_LOOP('',(#3308,#3309,#3310,#3318));
#3308 = ORIENTED_EDGE('',*,*,#1047,.T.);
#3309 = ORIENTED_EDGE('',*,*,#3271,.T.);
#3310 = ORIENTED_EDGE('',*,*,#3311,.T.);
#3311 = EDGE_CURVE('',#3264,#3312,#3314,.T.);
#3312 = VERTEX_POINT('',#3313);
#3313 = CARTESIAN_POINT('',(188.,97.281366588219,1.8));
#3314 = LINE('',#3315,#3316);
#3315 = CARTESIAN_POINT('',(185.05,95.578183294109,1.8));
#3316 = VECTOR('',#3317,1.);
#3317 = DIRECTION('',(0.866025403784,0.5,-2.22044604925E-16));
#3318 = ORIENTED_EDGE('',*,*,#3319,.F.);
#3319 = EDGE_CURVE('',#1040,#3312,#3320,.T.);
#3320 = LINE('',#3321,#3322);
#3321 = CARTESIAN_POINT('',(188.,97.281366588219,8.1));
#3322 = VECTOR('',#3323,1.);
#3323 = DIRECTION('',(0.,-4.440892098501E-16,-1.));
#3324 = PLANE('',#3325);
#3325 = AXIS2_PLACEMENT_3D('',#3326,#3327,#3328);
#3326 = CARTESIAN_POINT('',(185.05,95.578183294109,8.1));
#3327 = DIRECTION('',(0.5,-0.866025403784,3.845925372767E-16));
#3328 = DIRECTION('',(0.866025403784,0.5,-2.22044604925E-16));
#3329 = ADVANCED_FACE('',(#3330),#3348,.T.);
#3330 = FACE_BOUND('',#3331,.T.);
#3331 = EDGE_LOOP('',(#3332,#3333,#3341,#3347));
#3332 = ORIENTED_EDGE('',*,*,#1031,.T.);
#3333 = ORIENTED_EDGE('',*,*,#3334,.T.);
#3334 = EDGE_CURVE('',#1032,#3335,#3337,.T.);
#3335 = VERTEX_POINT('',#3336);
#3336 = CARTESIAN_POINT('',(190.95,95.578183294109,1.8));
#3337 = LINE('',#3338,#3339);
#3338 = CARTESIAN_POINT('',(190.95,95.578183294109,8.1));
#3339 = VECTOR('',#3340,1.);
#3340 = DIRECTION('',(0.,-4.440892098501E-16,-1.));
#3341 = ORIENTED_EDGE('',*,*,#3342,.T.);
#3342 = EDGE_CURVE('',#3335,#3287,#3343,.T.);
#3343 = LINE('',#3344,#3345);
#3344 = CARTESIAN_POINT('',(190.95,95.578183294109,1.8));
#3345 = VECTOR('',#3346,1.);
#3346 = DIRECTION('',(0.,-1.,4.440892098501E-16));
#3347 = ORIENTED_EDGE('',*,*,#3286,.F.);
#3348 = PLANE('',#3349);
#3349 = AXIS2_PLACEMENT_3D('',#3350,#3351,#3352);
#3350 = CARTESIAN_POINT('',(190.95,95.578183294109,8.1));
#3351 = DIRECTION('',(-1.,0.,0.));
#3352 = DIRECTION('',(0.,-1.,4.440892098501E-16));
#3353 = ADVANCED_FACE('',(#3354),#3365,.T.);
#3354 = FACE_BOUND('',#3355,.T.);
#3355 = EDGE_LOOP('',(#3356,#3357,#3358,#3364));
#3356 = ORIENTED_EDGE('',*,*,#1039,.T.);
#3357 = ORIENTED_EDGE('',*,*,#3319,.T.);
#3358 = ORIENTED_EDGE('',*,*,#3359,.T.);
#3359 = EDGE_CURVE('',#3312,#3335,#3360,.T.);
#3360 = LINE('',#3361,#3362);
#3361 = CARTESIAN_POINT('',(188.,97.281366588219,1.8));
#3362 = VECTOR('',#3363,1.);
#3363 = DIRECTION('',(0.866025403784,-0.5,2.22044604925E-16));
#3364 = ORIENTED_EDGE('',*,*,#3334,.F.);
#3365 = PLANE('',#3366);
#3366 = AXIS2_PLACEMENT_3D('',#3367,#3368,#3369);
#3367 = CARTESIAN_POINT('',(188.,97.281366588219,8.1));
#3368 = DIRECTION('',(-0.5,-0.866025403784,3.845925372767E-16));
#3369 = DIRECTION('',(0.866025403784,-0.5,2.22044604925E-16));
#3370 = ADVANCED_FACE('',(#3371),#3396,.T.);
#3371 = FACE_BOUND('',#3372,.T.);
#3372 = EDGE_LOOP('',(#3373,#3374,#3382,#3390));
#3373 = ORIENTED_EDGE('',*,*,#1063,.T.);
#3374 = ORIENTED_EDGE('',*,*,#3375,.T.);
#3375 = EDGE_CURVE('',#1066,#3376,#3378,.T.);
#3376 = VERTEX_POINT('',#3377);
#3377 = CARTESIAN_POINT('',(100.,8.593633411781,1.8));
#3378 = LINE('',#3379,#3380);
#3379 = CARTESIAN_POINT('',(100.,8.593633411781,8.1));
#3380 = VECTOR('',#3381,1.);
#3381 = DIRECTION('',(0.,-4.440892098501E-16,-1.));
#3382 = ORIENTED_EDGE('',*,*,#3383,.T.);
#3383 = EDGE_CURVE('',#3376,#3384,#3386,.T.);
#3384 = VERTEX_POINT('',#3385);
#3385 = CARTESIAN_POINT('',(97.05,10.296816705891,1.8));
#3386 = LINE('',#3387,#3388);
#3387 = CARTESIAN_POINT('',(100.,8.593633411781,1.8));
#3388 = VECTOR('',#3389,1.);
#3389 = DIRECTION('',(-0.866025403784,0.5,-2.22044604925E-16));
#3390 = ORIENTED_EDGE('',*,*,#3391,.F.);
#3391 = EDGE_CURVE('',#1064,#3384,#3392,.T.);
#3392 = LINE('',#3393,#3394);
#3393 = CARTESIAN_POINT('',(97.05,10.296816705891,8.1));
#3394 = VECTOR('',#3395,1.);
#3395 = DIRECTION('',(0.,-4.440892098501E-16,-1.));
#3396 = PLANE('',#3397);
#3397 = AXIS2_PLACEMENT_3D('',#3398,#3399,#3400);
#3398 = CARTESIAN_POINT('',(100.,8.593633411781,8.1));
#3399 = DIRECTION('',(0.5,0.866025403784,-3.845925372767E-16));
#3400 = DIRECTION('',(-0.866025403784,0.5,-2.22044604925E-16));
#3401 = ADVANCED_FACE('',(#3402),#3420,.T.);
#3402 = FACE_BOUND('',#3403,.T.);
#3403 = EDGE_LOOP('',(#3404,#3405,#3406,#3414));
#3404 = ORIENTED_EDGE('',*,*,#1105,.T.);
#3405 = ORIENTED_EDGE('',*,*,#3391,.T.);
#3406 = ORIENTED_EDGE('',*,*,#3407,.T.);
#3407 = EDGE_CURVE('',#3384,#3408,#3410,.T.);
#3408 = VERTEX_POINT('',#3409);
#3409 = CARTESIAN_POINT('',(97.05,13.703183294109,1.8));
#3410 = LINE('',#3411,#3412);
#3411 = CARTESIAN_POINT('',(97.05,10.296816705891,1.8));
#3412 = VECTOR('',#3413,1.);
#3413 = DIRECTION('',(0.,1.,-4.440892098501E-16));
#3414 = ORIENTED_EDGE('',*,*,#3415,.F.);
#3415 = EDGE_CURVE('',#1098,#3408,#3416,.T.);
#3416 = LINE('',#3417,#3418);
#3417 = CARTESIAN_POINT('',(97.05,13.703183294109,8.1));
#3418 = VECTOR('',#3419,1.);
#3419 = DIRECTION('',(0.,-4.440892098501E-16,-1.));
#3420 = PLANE('',#3421);
#3421 = AXIS2_PLACEMENT_3D('',#3422,#3423,#3424);
#3422 = CARTESIAN_POINT('',(97.05,10.296816705891,8.1));
#3423 = DIRECTION('',(1.,0.,0.));
#3424 = DIRECTION('',(0.,1.,-4.440892098501E-16));
#3425 = ADVANCED_FACE('',(#3426),#3444,.T.);
#3426 = FACE_BOUND('',#3427,.T.);
#3427 = EDGE_LOOP('',(#3428,#3429,#3437,#3443));
#3428 = ORIENTED_EDGE('',*,*,#1073,.T.);
#3429 = ORIENTED_EDGE('',*,*,#3430,.T.);
#3430 = EDGE_CURVE('',#1074,#3431,#3433,.T.);
#3431 = VERTEX_POINT('',#3432);
#3432 = CARTESIAN_POINT('',(102.95,10.296816705891,1.8));
#3433 = LINE('',#3434,#3435);
#3434 = CARTESIAN_POINT('',(102.95,10.296816705891,8.1));
#3435 = VECTOR('',#3436,1.);
#3436 = DIRECTION('',(0.,-4.440892098501E-16,-1.));
#3437 = ORIENTED_EDGE('',*,*,#3438,.T.);
#3438 = EDGE_CURVE('',#3431,#3376,#3439,.T.);
#3439 = LINE('',#3440,#3441);
#3440 = CARTESIAN_POINT('',(102.95,10.296816705891,1.8));
#3441 = VECTOR('',#3442,1.);
#3442 = DIRECTION('',(-0.866025403784,-0.5,2.22044604925E-16));
#3443 = ORIENTED_EDGE('',*,*,#3375,.F.);
#3444 = PLANE('',#3445);
#3445 = AXIS2_PLACEMENT_3D('',#3446,#3447,#3448);
#3446 = CARTESIAN_POINT('',(102.95,10.296816705891,8.1));
#3447 = DIRECTION('',(-0.5,0.866025403784,-3.845925372767E-16));
#3448 = DIRECTION('',(-0.866025403784,-0.5,2.22044604925E-16));
#3449 = ADVANCED_FACE('',(#3450),#3468,.T.);
#3450 = FACE_BOUND('',#3451,.T.);
#3451 = EDGE_LOOP('',(#3452,#3453,#3454,#3462));
#3452 = ORIENTED_EDGE('',*,*,#1097,.T.);
#3453 = ORIENTED_EDGE('',*,*,#3415,.T.);
#3454 = ORIENTED_EDGE('',*,*,#3455,.T.);
#3455 = EDGE_CURVE('',#3408,#3456,#3458,.T.);
#3456 = VERTEX_POINT('',#3457);
#3457 = CARTESIAN_POINT('',(100.,15.406366588219,1.8));
#3458 = LINE('',#3459,#3460);
#3459 = CARTESIAN_POINT('',(97.05,13.703183294109,1.8));
#3460 = VECTOR('',#3461,1.);
#3461 = DIRECTION('',(0.866025403784,0.5,-2.22044604925E-16));
#3462 = ORIENTED_EDGE('',*,*,#3463,.F.);
#3463 = EDGE_CURVE('',#1090,#3456,#3464,.T.);
#3464 = LINE('',#3465,#3466);
#3465 = CARTESIAN_POINT('',(100.,15.406366588219,8.1));
#3466 = VECTOR('',#3467,1.);
#3467 = DIRECTION('',(0.,-4.440892098501E-16,-1.));
#3468 = PLANE('',#3469);
#3469 = AXIS2_PLACEMENT_3D('',#3470,#3471,#3472);
#3470 = CARTESIAN_POINT('',(97.05,13.703183294109,8.1));
#3471 = DIRECTION('',(0.5,-0.866025403784,3.845925372767E-16));
#3472 = DIRECTION('',(0.866025403784,0.5,-2.22044604925E-16));
#3473 = ADVANCED_FACE('',(#3474),#3492,.T.);
#3474 = FACE_BOUND('',#3475,.T.);
#3475 = EDGE_LOOP('',(#3476,#3477,#3485,#3491));
#3476 = ORIENTED_EDGE('',*,*,#1081,.T.);
#3477 = ORIENTED_EDGE('',*,*,#3478,.T.);
#3478 = EDGE_CURVE('',#1082,#3479,#3481,.T.);
#3479 = VERTEX_POINT('',#3480);
#3480 = CARTESIAN_POINT('',(102.95,13.703183294109,1.8));
#3481 = LINE('',#3482,#3483);
#3482 = CARTESIAN_POINT('',(102.95,13.703183294109,8.1));
#3483 = VECTOR('',#3484,1.);
#3484 = DIRECTION('',(0.,-4.440892098501E-16,-1.));
#3485 = ORIENTED_EDGE('',*,*,#3486,.T.);
#3486 = EDGE_CURVE('',#3479,#3431,#3487,.T.);
#3487 = LINE('',#3488,#3489);
#3488 = CARTESIAN_POINT('',(102.95,13.703183294109,1.8));
#3489 = VECTOR('',#3490,1.);
#3490 = DIRECTION('',(0.,-1.,4.440892098501E-16));
#3491 = ORIENTED_EDGE('',*,*,#3430,.F.);
#3492 = PLANE('',#3493);
#3493 = AXIS2_PLACEMENT_3D('',#3494,#3495,#3496);
#3494 = CARTESIAN_POINT('',(102.95,13.703183294109,8.1));
#3495 = DIRECTION('',(-1.,0.,0.));
#3496 = DIRECTION('',(0.,-1.,4.440892098501E-16));
#3497 = ADVANCED_FACE('',(#3498),#3509,.T.);
#3498 = FACE_BOUND('',#3499,.T.);
#3499 = EDGE_LOOP('',(#3500,#3501,#3502,#3508));
#3500 = ORIENTED_EDGE('',*,*,#1089,.T.);
#3501 = ORIENTED_EDGE('',*,*,#3463,.T.);
#3502 = ORIENTED_EDGE('',*,*,#3503,.T.);
#3503 = EDGE_CURVE('',#3456,#3479,#3504,.T.);
#3504 = LINE('',#3505,#3506);
#3505 = CARTESIAN_POINT('',(100.,15.406366588219,1.8));
#3506 = VECTOR('',#3507,1.);
#3507 = DIRECTION('',(0.866025403784,-0.5,2.22044604925E-16));
#3508 = ORIENTED_EDGE('',*,*,#3478,.F.);
#3509 = PLANE('',#3510);
#3510 = AXIS2_PLACEMENT_3D('',#3511,#3512,#3513);
#3511 = CARTESIAN_POINT('',(100.,15.406366588219,8.1));
#3512 = DIRECTION('',(-0.5,-0.866025403784,3.845925372767E-16));
#3513 = DIRECTION('',(0.866025403784,-0.5,2.22044604925E-16));
#3514 = ADVANCED_FACE('',(#3515),#3540,.T.);
#3515 = FACE_BOUND('',#3516,.T.);
#3516 = EDGE_LOOP('',(#3517,#3518,#3526,#3534));
#3517 = ORIENTED_EDGE('',*,*,#1113,.T.);
#3518 = ORIENTED_EDGE('',*,*,#3519,.T.);
#3519 = EDGE_CURVE('',#1116,#3520,#3522,.T.);
#3520 = VERTEX_POINT('',#3521);
#3521 = CARTESIAN_POINT('',(188.,8.593633411781,1.8));
#3522 = LINE('',#3523,#3524);
#3523 = CARTESIAN_POINT('',(188.,8.593633411781,8.1));
#3524 = VECTOR('',#3525,1.);
#3525 = DIRECTION('',(0.,-4.440892098501E-16,-1.));
#3526 = ORIENTED_EDGE('',*,*,#3527,.T.);
#3527 = EDGE_CURVE('',#3520,#3528,#3530,.T.);
#3528 = VERTEX_POINT('',#3529);
#3529 = CARTESIAN_POINT('',(185.05,10.296816705891,1.8));
#3530 = LINE('',#3531,#3532);
#3531 = CARTESIAN_POINT('',(188.,8.593633411781,1.8));
#3532 = VECTOR('',#3533,1.);
#3533 = DIRECTION('',(-0.866025403784,0.5,-2.22044604925E-16));
#3534 = ORIENTED_EDGE('',*,*,#3535,.F.);
#3535 = EDGE_CURVE('',#1114,#3528,#3536,.T.);
#3536 = LINE('',#3537,#3538);
#3537 = CARTESIAN_POINT('',(185.05,10.296816705891,8.1));
#3538 = VECTOR('',#3539,1.);
#3539 = DIRECTION('',(0.,-4.440892098501E-16,-1.));
#3540 = PLANE('',#3541);
#3541 = AXIS2_PLACEMENT_3D('',#3542,#3543,#3544);
#3542 = CARTESIAN_POINT('',(188.,8.593633411781,8.1));
#3543 = DIRECTION('',(0.5,0.866025403784,-3.845925372767E-16));
#3544 = DIRECTION('',(-0.866025403784,0.5,-2.22044604925E-16));
#3545 = ADVANCED_FACE('',(#3546),#3564,.T.);
#3546 = FACE_BOUND('',#3547,.T.);
#3547 = EDGE_LOOP('',(#3548,#3549,#3550,#3558));
#3548 = ORIENTED_EDGE('',*,*,#1155,.T.);
#3549 = ORIENTED_EDGE('',*,*,#3535,.T.);
#3550 = ORIENTED_EDGE('',*,*,#3551,.T.);
#3551 = EDGE_CURVE('',#3528,#3552,#3554,.T.);
#3552 = VERTEX_POINT('',#3553);
#3553 = CARTESIAN_POINT('',(185.05,13.703183294109,1.8));
#3554 = LINE('',#3555,#3556);
#3555 = CARTESIAN_POINT('',(185.05,10.296816705891,1.8));
#3556 = VECTOR('',#3557,1.);
#3557 = DIRECTION('',(0.,1.,-4.440892098501E-16));
#3558 = ORIENTED_EDGE('',*,*,#3559,.F.);
#3559 = EDGE_CURVE('',#1148,#3552,#3560,.T.);
#3560 = LINE('',#3561,#3562);
#3561 = CARTESIAN_POINT('',(185.05,13.703183294109,8.1));
#3562 = VECTOR('',#3563,1.);
#3563 = DIRECTION('',(0.,-4.440892098501E-16,-1.));
#3564 = PLANE('',#3565);
#3565 = AXIS2_PLACEMENT_3D('',#3566,#3567,#3568);
#3566 = CARTESIAN_POINT('',(185.05,10.296816705891,8.1));
#3567 = DIRECTION('',(1.,0.,0.));
#3568 = DIRECTION('',(0.,1.,-4.440892098501E-16));
#3569 = ADVANCED_FACE('',(#3570),#3588,.T.);
#3570 = FACE_BOUND('',#3571,.T.);
#3571 = EDGE_LOOP('',(#3572,#3573,#3581,#3587));
#3572 = ORIENTED_EDGE('',*,*,#1123,.T.);
#3573 = ORIENTED_EDGE('',*,*,#3574,.T.);
#3574 = EDGE_CURVE('',#1124,#3575,#3577,.T.);
#3575 = VERTEX_POINT('',#3576);
#3576 = CARTESIAN_POINT('',(190.95,10.296816705891,1.8));
#3577 = LINE('',#3578,#3579);
#3578 = CARTESIAN_POINT('',(190.95,10.296816705891,8.1));
#3579 = VECTOR('',#3580,1.);
#3580 = DIRECTION('',(0.,-4.440892098501E-16,-1.));
#3581 = ORIENTED_EDGE('',*,*,#3582,.T.);
#3582 = EDGE_CURVE('',#3575,#3520,#3583,.T.);
#3583 = LINE('',#3584,#3585);
#3584 = CARTESIAN_POINT('',(190.95,10.296816705891,1.8));
#3585 = VECTOR('',#3586,1.);
#3586 = DIRECTION('',(-0.866025403784,-0.5,2.22044604925E-16));
#3587 = ORIENTED_EDGE('',*,*,#3519,.F.);
#3588 = PLANE('',#3589);
#3589 = AXIS2_PLACEMENT_3D('',#3590,#3591,#3592);
#3590 = CARTESIAN_POINT('',(190.95,10.296816705891,8.1));
#3591 = DIRECTION('',(-0.5,0.866025403784,-3.845925372767E-16));
#3592 = DIRECTION('',(-0.866025403784,-0.5,2.22044604925E-16));
#3593 = ADVANCED_FACE('',(#3594),#3612,.T.);
#3594 = FACE_BOUND('',#3595,.T.);
#3595 = EDGE_LOOP('',(#3596,#3597,#3598,#3606));
#3596 = ORIENTED_EDGE('',*,*,#1147,.T.);
#3597 = ORIENTED_EDGE('',*,*,#3559,.T.);
#3598 = ORIENTED_EDGE('',*,*,#3599,.T.);
#3599 = EDGE_CURVE('',#3552,#3600,#3602,.T.);
#3600 = VERTEX_POINT('',#3601);
#3601 = CARTESIAN_POINT('',(188.,15.406366588219,1.8));
#3602 = LINE('',#3603,#3604);
#3603 = CARTESIAN_POINT('',(185.05,13.703183294109,1.8));
#3604 = VECTOR('',#3605,1.);
#3605 = DIRECTION('',(0.866025403784,0.5,-2.22044604925E-16));
#3606 = ORIENTED_EDGE('',*,*,#3607,.F.);
#3607 = EDGE_CURVE('',#1140,#3600,#3608,.T.);
#3608 = LINE('',#3609,#3610);
#3609 = CARTESIAN_POINT('',(188.,15.406366588219,8.1));
#3610 = VECTOR('',#3611,1.);
#3611 = DIRECTION('',(0.,-4.440892098501E-16,-1.));
#3612 = PLANE('',#3613);
#3613 = AXIS2_PLACEMENT_3D('',#3614,#3615,#3616);
#3614 = CARTESIAN_POINT('',(185.05,13.703183294109,8.1));
#3615 = DIRECTION('',(0.5,-0.866025403784,3.845925372767E-16));
#3616 = DIRECTION('',(0.866025403784,0.5,-2.22044604925E-16));
#3617 = ADVANCED_FACE('',(#3618),#3636,.T.);
#3618 = FACE_BOUND('',#3619,.T.);
#3619 = EDGE_LOOP('',(#3620,#3621,#3629,#3635));
#3620 = ORIENTED_EDGE('',*,*,#1131,.T.);
#3621 = ORIENTED_EDGE('',*,*,#3622,.T.);
#3622 = EDGE_CURVE('',#1132,#3623,#3625,.T.);
#3623 = VERTEX_POINT('',#3624);
#3624 = CARTESIAN_POINT('',(190.95,13.703183294109,1.8));
#3625 = LINE('',#3626,#3627);
#3626 = CARTESIAN_POINT('',(190.95,13.703183294109,8.1));
#3627 = VECTOR('',#3628,1.);
#3628 = DIRECTION('',(0.,-4.440892098501E-16,-1.));
#3629 = ORIENTED_EDGE('',*,*,#3630,.T.);
#3630 = EDGE_CURVE('',#3623,#3575,#3631,.T.);
#3631 = LINE('',#3632,#3633);
#3632 = CARTESIAN_POINT('',(190.95,13.703183294109,1.8));
#3633 = VECTOR('',#3634,1.);
#3634 = DIRECTION('',(0.,-1.,4.440892098501E-16));
#3635 = ORIENTED_EDGE('',*,*,#3574,.F.);
#3636 = PLANE('',#3637);
#3637 = AXIS2_PLACEMENT_3D('',#3638,#3639,#3640);
#3638 = CARTESIAN_POINT('',(190.95,13.703183294109,8.1));
#3639 = DIRECTION('',(-1.,0.,0.));
#3640 = DIRECTION('',(0.,-1.,4.440892098501E-16));
#3641 = ADVANCED_FACE('',(#3642),#3653,.T.);
#3642 = FACE_BOUND('',#3643,.T.);
#3643 = EDGE_LOOP('',(#3644,#3645,#3646,#3652));
#3644 = ORIENTED_EDGE('',*,*,#1139,.T.);
#3645 = ORIENTED_EDGE('',*,*,#3607,.T.);
#3646 = ORIENTED_EDGE('',*,*,#3647,.T.);
#3647 = EDGE_CURVE('',#3600,#3623,#3648,.T.);
#3648 = LINE('',#3649,#3650);
#3649 = CARTESIAN_POINT('',(188.,15.406366588219,1.8));
#3650 = VECTOR('',#3651,1.);
#3651 = DIRECTION('',(0.866025403784,-0.5,2.22044604925E-16));
#3652 = ORIENTED_EDGE('',*,*,#3622,.F.);
#3653 = PLANE('',#3654);
#3654 = AXIS2_PLACEMENT_3D('',#3655,#3656,#3657);
#3655 = CARTESIAN_POINT('',(188.,15.406366588219,8.1));
#3656 = DIRECTION('',(-0.5,-0.866025403784,3.845925372767E-16));
#3657 = DIRECTION('',(0.866025403784,-0.5,2.22044604925E-16));
#3658 = ADVANCED_FACE('',(#3659,#3684),#3695,.F.);
#3659 = FACE_BOUND('',#3660,.F.);
#3660 = EDGE_LOOP('',(#3661,#3669,#3670,#3678));
#3661 = ORIENTED_EDGE('',*,*,#3662,.F.);
#3662 = EDGE_CURVE('',#1224,#3663,#3665,.T.);
#3663 = VERTEX_POINT('',#3664);
#3664 = CARTESIAN_POINT('',(42.95,177.35,10.5));
#3665 = LINE('',#3666,#3667);
#3666 = CARTESIAN_POINT('',(42.95,177.35,22.1));
#3667 = VECTOR('',#3668,1.);
#3668 = DIRECTION('',(0.,-6.661338147751E-16,-1.));
#3669 = ORIENTED_EDGE('',*,*,#1223,.T.);
#3670 = ORIENTED_EDGE('',*,*,#3671,.T.);
#3671 = EDGE_CURVE('',#1226,#3672,#3674,.T.);
#3672 = VERTEX_POINT('',#3673);
#3673 = CARTESIAN_POINT('',(37.05,177.35,10.5));
#3674 = LINE('',#3675,#3676);
#3675 = CARTESIAN_POINT('',(37.05,177.35,22.1));
#3676 = VECTOR('',#3677,1.);
#3677 = DIRECTION('',(0.,-6.661338147751E-16,-1.));
#3678 = ORIENTED_EDGE('',*,*,#3679,.F.);
#3679 = EDGE_CURVE('',#3663,#3672,#3680,.T.);
#3680 = LINE('',#3681,#3682);
#3681 = CARTESIAN_POINT('',(42.95,177.35,10.5));
#3682 = VECTOR('',#3683,1.);
#3683 = DIRECTION('',(-1.,0.,-0.));
#3684 = FACE_BOUND('',#3685,.F.);
#3685 = EDGE_LOOP('',(#3686));
#3686 = ORIENTED_EDGE('',*,*,#3687,.F.);
#3687 = EDGE_CURVE('',#3688,#3688,#3690,.T.);
#3688 = VERTEX_POINT('',#3689);
#3689 = CARTESIAN_POINT('',(38.2,177.35,14.));
#3690 = CIRCLE('',#3691,1.8);
#3691 = AXIS2_PLACEMENT_3D('',#3692,#3693,#3694);
#3692 = CARTESIAN_POINT('',(40.,177.35,14.));
#3693 = DIRECTION('',(-0.,-1.,6.661338147751E-16));
#3694 = DIRECTION('',(-1.,0.,-0.));
#3695 = PLANE('',#3696);
#3696 = AXIS2_PLACEMENT_3D('',#3697,#3698,#3699);
#3697 = CARTESIAN_POINT('',(42.95,177.35,22.1));
#3698 = DIRECTION('',(0.,-1.,6.661338147751E-16));
#3699 = DIRECTION('',(-1.,0.,-0.));
#3700 = ADVANCED_FACE('',(#3701),#3719,.F.);
#3701 = FACE_BOUND('',#3702,.F.);
#3702 = EDGE_LOOP('',(#3703,#3704,#3705,#3713));
#3703 = ORIENTED_EDGE('',*,*,#3671,.F.);
#3704 = ORIENTED_EDGE('',*,*,#1249,.T.);
#3705 = ORIENTED_EDGE('',*,*,#3706,.T.);
#3706 = EDGE_CURVE('',#1242,#3707,#3709,.T.);
#3707 = VERTEX_POINT('',#3708);
#3708 = CARTESIAN_POINT('',(37.05,181.55,10.5));
#3709 = LINE('',#3710,#3711);
#3710 = CARTESIAN_POINT('',(37.05,181.55,22.1));
#3711 = VECTOR('',#3712,1.);
#3712 = DIRECTION('',(0.,-6.661338147751E-16,-1.));
#3713 = ORIENTED_EDGE('',*,*,#3714,.T.);
#3714 = EDGE_CURVE('',#3707,#3672,#3715,.T.);
#3715 = LINE('',#3716,#3717);
#3716 = CARTESIAN_POINT('',(37.05,181.55,10.5));
#3717 = VECTOR('',#3718,1.);
#3718 = DIRECTION('',(0.,-1.,6.661338147751E-16));
#3719 = PLANE('',#3720);
#3720 = AXIS2_PLACEMENT_3D('',#3721,#3722,#3723);
#3721 = CARTESIAN_POINT('',(37.05,181.55,22.1));
#3722 = DIRECTION('',(-1.,0.,-0.));
#3723 = DIRECTION('',(0.,-1.,6.661338147751E-16));
#3724 = ADVANCED_FACE('',(#3725,#3743),#3746,.T.);
#3725 = FACE_BOUND('',#3726,.T.);
#3726 = EDGE_LOOP('',(#3727,#3735,#3736,#3737));
#3727 = ORIENTED_EDGE('',*,*,#3728,.F.);
#3728 = EDGE_CURVE('',#1234,#3729,#3731,.T.);
#3729 = VERTEX_POINT('',#3730);
#3730 = CARTESIAN_POINT('',(42.95,181.55,10.5));
#3731 = LINE('',#3732,#3733);
#3732 = CARTESIAN_POINT('',(42.95,181.55,22.1));
#3733 = VECTOR('',#3734,1.);
#3734 = DIRECTION('',(0.,-6.661338147751E-16,-1.));
#3735 = ORIENTED_EDGE('',*,*,#1241,.T.);
#3736 = ORIENTED_EDGE('',*,*,#3706,.T.);
#3737 = ORIENTED_EDGE('',*,*,#3738,.F.);
#3738 = EDGE_CURVE('',#3729,#3707,#3739,.T.);
#3739 = LINE('',#3740,#3741);
#3740 = CARTESIAN_POINT('',(42.95,181.55,10.5));
#3741 = VECTOR('',#3742,1.);
#3742 = DIRECTION('',(-1.,0.,-0.));
#3743 = FACE_BOUND('',#3744,.T.);
#3744 = EDGE_LOOP('',(#3745));
#3745 = ORIENTED_EDGE('',*,*,#1388,.F.);
#3746 = PLANE('',#3747);
#3747 = AXIS2_PLACEMENT_3D('',#3748,#3749,#3750);
#3748 = CARTESIAN_POINT('',(42.95,181.55,22.1));
#3749 = DIRECTION('',(0.,-1.,6.661338147751E-16));
#3750 = DIRECTION('',(-1.,0.,-0.));
#3751 = ADVANCED_FACE('',(#3752),#3763,.T.);
#3752 = FACE_BOUND('',#3753,.T.);
#3753 = EDGE_LOOP('',(#3754,#3755,#3756,#3757));
#3754 = ORIENTED_EDGE('',*,*,#3662,.F.);
#3755 = ORIENTED_EDGE('',*,*,#1233,.T.);
#3756 = ORIENTED_EDGE('',*,*,#3728,.T.);
#3757 = ORIENTED_EDGE('',*,*,#3758,.T.);
#3758 = EDGE_CURVE('',#3729,#3663,#3759,.T.);
#3759 = LINE('',#3760,#3761);
#3760 = CARTESIAN_POINT('',(42.95,181.55,10.5));
#3761 = VECTOR('',#3762,1.);
#3762 = DIRECTION('',(0.,-1.,6.661338147751E-16));
#3763 = PLANE('',#3764);
#3764 = AXIS2_PLACEMENT_3D('',#3765,#3766,#3767);
#3765 = CARTESIAN_POINT('',(42.95,181.55,22.1));
#3766 = DIRECTION('',(-1.,0.,-0.));
#3767 = DIRECTION('',(0.,-1.,6.661338147751E-16));
#3768 = ADVANCED_FACE('',(#3769,#3794),#3805,.F.);
#3769 = FACE_BOUND('',#3770,.F.);
#3770 = EDGE_LOOP('',(#3771,#3779,#3780,#3788));
#3771 = ORIENTED_EDGE('',*,*,#3772,.F.);
#3772 = EDGE_CURVE('',#1323,#3773,#3775,.T.);
#3773 = VERTEX_POINT('',#3774);
#3774 = CARTESIAN_POINT('',(162.95,177.35,10.5));
#3775 = LINE('',#3776,#3777);
#3776 = CARTESIAN_POINT('',(162.95,177.35,22.1));
#3777 = VECTOR('',#3778,1.);
#3778 = DIRECTION('',(0.,-6.661338147751E-16,-1.));
#3779 = ORIENTED_EDGE('',*,*,#1322,.T.);
#3780 = ORIENTED_EDGE('',*,*,#3781,.T.);
#3781 = EDGE_CURVE('',#1325,#3782,#3784,.T.);
#3782 = VERTEX_POINT('',#3783);
#3783 = CARTESIAN_POINT('',(157.05,177.35,10.5));
#3784 = LINE('',#3785,#3786);
#3785 = CARTESIAN_POINT('',(157.05,177.35,22.1));
#3786 = VECTOR('',#3787,1.);
#3787 = DIRECTION('',(0.,-6.661338147751E-16,-1.));
#3788 = ORIENTED_EDGE('',*,*,#3789,.F.);
#3789 = EDGE_CURVE('',#3773,#3782,#3790,.T.);
#3790 = LINE('',#3791,#3792);
#3791 = CARTESIAN_POINT('',(162.95,177.35,10.5));
#3792 = VECTOR('',#3793,1.);
#3793 = DIRECTION('',(-1.,0.,-0.));
#3794 = FACE_BOUND('',#3795,.F.);
#3795 = EDGE_LOOP('',(#3796));
#3796 = ORIENTED_EDGE('',*,*,#3797,.F.);
#3797 = EDGE_CURVE('',#3798,#3798,#3800,.T.);
#3798 = VERTEX_POINT('',#3799);
#3799 = CARTESIAN_POINT('',(158.2,177.35,14.));
#3800 = CIRCLE('',#3801,1.8);
#3801 = AXIS2_PLACEMENT_3D('',#3802,#3803,#3804);
#3802 = CARTESIAN_POINT('',(160.,177.35,14.));
#3803 = DIRECTION('',(-0.,-1.,6.661338147751E-16));
#3804 = DIRECTION('',(-1.,0.,-0.));
#3805 = PLANE('',#3806);
#3806 = AXIS2_PLACEMENT_3D('',#3807,#3808,#3809);
#3807 = CARTESIAN_POINT('',(162.95,177.35,22.1));
#3808 = DIRECTION('',(0.,-1.,6.661338147751E-16));
#3809 = DIRECTION('',(-1.,0.,-0.));
#3810 = ADVANCED_FACE('',(#3811),#3829,.F.);
#3811 = FACE_BOUND('',#3812,.F.);
#3812 = EDGE_LOOP('',(#3813,#3814,#3815,#3823));
#3813 = ORIENTED_EDGE('',*,*,#3781,.F.);
#3814 = ORIENTED_EDGE('',*,*,#1348,.T.);
#3815 = ORIENTED_EDGE('',*,*,#3816,.T.);
#3816 = EDGE_CURVE('',#1341,#3817,#3819,.T.);
#3817 = VERTEX_POINT('',#3818);
#3818 = CARTESIAN_POINT('',(157.05,181.55,10.5));
#3819 = LINE('',#3820,#3821);
#3820 = CARTESIAN_POINT('',(157.05,181.55,22.1));
#3821 = VECTOR('',#3822,1.);
#3822 = DIRECTION('',(0.,-6.661338147751E-16,-1.));
#3823 = ORIENTED_EDGE('',*,*,#3824,.T.);
#3824 = EDGE_CURVE('',#3817,#3782,#3825,.T.);
#3825 = LINE('',#3826,#3827);
#3826 = CARTESIAN_POINT('',(157.05,181.55,10.5));
#3827 = VECTOR('',#3828,1.);
#3828 = DIRECTION('',(0.,-1.,6.661338147751E-16));
#3829 = PLANE('',#3830);
#3830 = AXIS2_PLACEMENT_3D('',#3831,#3832,#3833);
#3831 = CARTESIAN_POINT('',(157.05,181.55,22.1));
#3832 = DIRECTION('',(-1.,0.,-0.));
#3833 = DIRECTION('',(0.,-1.,6.661338147751E-16));
#3834 = ADVANCED_FACE('',(#3835,#3853),#3856,.T.);
#3835 = FACE_BOUND('',#3836,.T.);
#3836 = EDGE_LOOP('',(#3837,#3845,#3846,#3847));
#3837 = ORIENTED_EDGE('',*,*,#3838,.F.);
#3838 = EDGE_CURVE('',#1333,#3839,#3841,.T.);
#3839 = VERTEX_POINT('',#3840);
#3840 = CARTESIAN_POINT('',(162.95,181.55,10.5));
#3841 = LINE('',#3842,#3843);
#3842 = CARTESIAN_POINT('',(162.95,181.55,22.1));
#3843 = VECTOR('',#3844,1.);
#3844 = DIRECTION('',(0.,-6.661338147751E-16,-1.));
#3845 = ORIENTED_EDGE('',*,*,#1340,.T.);
#3846 = ORIENTED_EDGE('',*,*,#3816,.T.);
#3847 = ORIENTED_EDGE('',*,*,#3848,.F.);
#3848 = EDGE_CURVE('',#3839,#3817,#3849,.T.);
#3849 = LINE('',#3850,#3851);
#3850 = CARTESIAN_POINT('',(162.95,181.55,10.5));
#3851 = VECTOR('',#3852,1.);
#3852 = DIRECTION('',(-1.,0.,-0.));
#3853 = FACE_BOUND('',#3854,.T.);
#3854 = EDGE_LOOP('',(#3855));
#3855 = ORIENTED_EDGE('',*,*,#1413,.F.);
#3856 = PLANE('',#3857);
#3857 = AXIS2_PLACEMENT_3D('',#3858,#3859,#3860);
#3858 = CARTESIAN_POINT('',(162.95,181.55,22.1));
#3859 = DIRECTION('',(0.,-1.,6.661338147751E-16));
#3860 = DIRECTION('',(-1.,0.,-0.));
#3861 = ADVANCED_FACE('',(#3862),#3873,.T.);
#3862 = FACE_BOUND('',#3863,.T.);
#3863 = EDGE_LOOP('',(#3864,#3865,#3866,#3867));
#3864 = ORIENTED_EDGE('',*,*,#3772,.F.);
#3865 = ORIENTED_EDGE('',*,*,#1332,.T.);
#3866 = ORIENTED_EDGE('',*,*,#3838,.T.);
#3867 = ORIENTED_EDGE('',*,*,#3868,.T.);
#3868 = EDGE_CURVE('',#3839,#3773,#3869,.T.);
#3869 = LINE('',#3870,#3871);
#3870 = CARTESIAN_POINT('',(162.95,181.55,10.5));
#3871 = VECTOR('',#3872,1.);
#3872 = DIRECTION('',(0.,-1.,6.661338147751E-16));
#3873 = PLANE('',#3874);
#3874 = AXIS2_PLACEMENT_3D('',#3875,#3876,#3877);
#3875 = CARTESIAN_POINT('',(162.95,181.55,22.1));
#3876 = DIRECTION('',(-1.,0.,-0.));
#3877 = DIRECTION('',(0.,-1.,6.661338147751E-16));
#3878 = ADVANCED_FACE('',(#3879),#3904,.F.);
#3879 = FACE_BOUND('',#3880,.T.);
#3880 = EDGE_LOOP('',(#3881,#3889,#3897,#3903));
#3881 = ORIENTED_EDGE('',*,*,#3882,.T.);
#3882 = EDGE_CURVE('',#1430,#3883,#3885,.T.);
#3883 = VERTEX_POINT('',#3884);
#3884 = CARTESIAN_POINT('',(28.4,190.75,2.4));
#3885 = LINE('',#3886,#3887);
#3886 = CARTESIAN_POINT('',(28.8,191.15,2.8));
#3887 = VECTOR('',#3888,1.);
#3888 = DIRECTION('',(0.57735026919,0.57735026919,0.57735026919));
#3889 = ORIENTED_EDGE('',*,*,#3890,.T.);
#3890 = EDGE_CURVE('',#3883,#3891,#3893,.T.);
#3891 = VERTEX_POINT('',#3892);
#3892 = CARTESIAN_POINT('',(171.6,190.75,2.4));
#3893 = LINE('',#3894,#3895);
#3894 = CARTESIAN_POINT('',(28.,190.75,2.4));
#3895 = VECTOR('',#3896,1.);
#3896 = DIRECTION('',(1.,0.,0.));
#3897 = ORIENTED_EDGE('',*,*,#3898,.F.);
#3898 = EDGE_CURVE('',#1438,#3891,#3899,.T.);
#3899 = LINE('',#3900,#3901);
#3900 = CARTESIAN_POINT('',(147.2,215.15,26.8));
#3901 = VECTOR('',#3902,1.);
#3902 = DIRECTION('',(-0.57735026919,0.57735026919,0.57735026919));
#3903 = ORIENTED_EDGE('',*,*,#1437,.F.);
#3904 = PLANE('',#3905);
#3905 = AXIS2_PLACEMENT_3D('',#3906,#3907,#3908);
#3906 = CARTESIAN_POINT('',(28.,190.55,2.2));
#3907 = DIRECTION('',(0.,-0.707106781187,0.707106781187));
#3908 = DIRECTION('',(-1.,0.,0.));
#3909 = ADVANCED_FACE('',(#3910),#3928,.T.);
#3910 = FACE_BOUND('',#3911,.F.);
#3911 = EDGE_LOOP('',(#3912,#3920,#3921,#3922));
#3912 = ORIENTED_EDGE('',*,*,#3913,.F.);
#3913 = EDGE_CURVE('',#1462,#3914,#3916,.T.);
#3914 = VERTEX_POINT('',#3915);
#3915 = CARTESIAN_POINT('',(28.4,190.75,5.6));
#3916 = LINE('',#3917,#3918);
#3917 = CARTESIAN_POINT('',(28.133333333333,190.48333333333,
    5.866666666667));
#3918 = VECTOR('',#3919,1.);
#3919 = DIRECTION('',(0.57735026919,0.57735026919,-0.57735026919));
#3920 = ORIENTED_EDGE('',*,*,#1461,.T.);
#3921 = ORIENTED_EDGE('',*,*,#3882,.T.);
#3922 = ORIENTED_EDGE('',*,*,#3923,.F.);
#3923 = EDGE_CURVE('',#3914,#3883,#3924,.T.);
#3924 = LINE('',#3925,#3926);
#3925 = CARTESIAN_POINT('',(28.4,190.75,6.));
#3926 = VECTOR('',#3927,1.);
#3927 = DIRECTION('',(0.,-4.440892098501E-16,-1.));
#3928 = PLANE('',#3929);
#3929 = AXIS2_PLACEMENT_3D('',#3930,#3931,#3932);
#3930 = CARTESIAN_POINT('',(28.2,190.55,6.));
#3931 = DIRECTION('',(-0.707106781187,0.707106781187,-3.140184917368E-16
    ));
#3932 = DIRECTION('',(-0.,4.440892098501E-16,1.));
#3933 = ADVANCED_FACE('',(#3934),#3952,.F.);
#3934 = FACE_BOUND('',#3935,.T.);
#3935 = EDGE_LOOP('',(#3936,#3944,#3945,#3946));
#3936 = ORIENTED_EDGE('',*,*,#3937,.F.);
#3937 = EDGE_CURVE('',#1486,#3938,#3940,.T.);
#3938 = VERTEX_POINT('',#3939);
#3939 = CARTESIAN_POINT('',(171.6,190.75,5.6));
#3940 = LINE('',#3941,#3942);
#3941 = CARTESIAN_POINT('',(147.86666666666,214.48333333333,
    -18.13333333333));
#3942 = VECTOR('',#3943,1.);
#3943 = DIRECTION('',(-0.57735026919,0.57735026919,-0.57735026919));
#3944 = ORIENTED_EDGE('',*,*,#1485,.T.);
#3945 = ORIENTED_EDGE('',*,*,#3898,.T.);
#3946 = ORIENTED_EDGE('',*,*,#3947,.F.);
#3947 = EDGE_CURVE('',#3938,#3891,#3948,.T.);
#3948 = LINE('',#3949,#3950);
#3949 = CARTESIAN_POINT('',(171.6,190.75,6.));
#3950 = VECTOR('',#3951,1.);
#3951 = DIRECTION('',(0.,-4.440892098501E-16,-1.));
#3952 = PLANE('',#3953);
#3953 = AXIS2_PLACEMENT_3D('',#3954,#3955,#3956);
#3954 = CARTESIAN_POINT('',(171.8,190.55,6.));
#3955 = DIRECTION('',(-0.707106781187,-0.707106781187,3.140184917368E-16
    ));
#3956 = DIRECTION('',(-0.,4.440892098501E-16,1.));
#3957 = ADVANCED_FACE('',(#3958),#3969,.T.);
#3958 = FACE_BOUND('',#3959,.F.);
#3959 = EDGE_LOOP('',(#3960,#3961,#3967,#3968));
#3960 = ORIENTED_EDGE('',*,*,#3913,.T.);
#3961 = ORIENTED_EDGE('',*,*,#3962,.T.);
#3962 = EDGE_CURVE('',#3914,#3938,#3963,.T.);
#3963 = LINE('',#3964,#3965);
#3964 = CARTESIAN_POINT('',(28.,190.75,5.6));
#3965 = VECTOR('',#3966,1.);
#3966 = DIRECTION('',(1.,0.,0.));
#3967 = ORIENTED_EDGE('',*,*,#3937,.F.);
#3968 = ORIENTED_EDGE('',*,*,#1509,.F.);
#3969 = PLANE('',#3970);
#3970 = AXIS2_PLACEMENT_3D('',#3971,#3972,#3973);
#3971 = CARTESIAN_POINT('',(28.,190.55,5.8));
#3972 = DIRECTION('',(0.,0.707106781187,0.707106781187));
#3973 = DIRECTION('',(-1.,0.,0.));
#3974 = ADVANCED_FACE('',(#3975,#3983),#3986,.F.);
#3975 = FACE_BOUND('',#3976,.F.);
#3976 = EDGE_LOOP('',(#3977,#3978,#3979,#3980,#3981,#3982));
#3977 = ORIENTED_EDGE('',*,*,#2035,.T.);
#3978 = ORIENTED_EDGE('',*,*,#1980,.T.);
#3979 = ORIENTED_EDGE('',*,*,#2004,.T.);
#3980 = ORIENTED_EDGE('',*,*,#2052,.T.);
#3981 = ORIENTED_EDGE('',*,*,#2100,.T.);
#3982 = ORIENTED_EDGE('',*,*,#2083,.T.);
#3983 = FACE_BOUND('',#3984,.F.);
#3984 = EDGE_LOOP('',(#3985));
#3985 = ORIENTED_EDGE('',*,*,#1535,.F.);
#3986 = PLANE('',#3987);
#3987 = AXIS2_PLACEMENT_3D('',#3988,#3989,#3990);
#3988 = CARTESIAN_POINT('',(12.,175.75,1.8));
#3989 = DIRECTION('',(0.,-4.440892098501E-16,-1.));
#3990 = DIRECTION('',(1.,0.,0.));
#3991 = ADVANCED_FACE('',(#3992,#4000),#4003,.F.);
#3992 = FACE_BOUND('',#3993,.F.);
#3993 = EDGE_LOOP('',(#3994,#3995,#3996,#3997,#3998,#3999));
#3994 = ORIENTED_EDGE('',*,*,#2179,.T.);
#3995 = ORIENTED_EDGE('',*,*,#2124,.T.);
#3996 = ORIENTED_EDGE('',*,*,#2148,.T.);
#3997 = ORIENTED_EDGE('',*,*,#2196,.T.);
#3998 = ORIENTED_EDGE('',*,*,#2244,.T.);
#3999 = ORIENTED_EDGE('',*,*,#2227,.T.);
#4000 = FACE_BOUND('',#4001,.F.);
#4001 = EDGE_LOOP('',(#4002));
#4002 = ORIENTED_EDGE('',*,*,#1560,.F.);
#4003 = PLANE('',#4004);
#4004 = AXIS2_PLACEMENT_3D('',#4005,#4006,#4007);
#4005 = CARTESIAN_POINT('',(100.,175.75,1.8));
#4006 = DIRECTION('',(0.,-4.440892098501E-16,-1.));
#4007 = DIRECTION('',(1.,0.,0.));
#4008 = ADVANCED_FACE('',(#4009,#4017),#4020,.F.);
#4009 = FACE_BOUND('',#4010,.F.);
#4010 = EDGE_LOOP('',(#4011,#4012,#4013,#4014,#4015,#4016));
#4011 = ORIENTED_EDGE('',*,*,#2467,.T.);
#4012 = ORIENTED_EDGE('',*,*,#2412,.T.);
#4013 = ORIENTED_EDGE('',*,*,#2436,.T.);
#4014 = ORIENTED_EDGE('',*,*,#2484,.T.);
#4015 = ORIENTED_EDGE('',*,*,#2532,.T.);
#4016 = ORIENTED_EDGE('',*,*,#2515,.T.);
#4017 = FACE_BOUND('',#4018,.F.);
#4018 = EDGE_LOOP('',(#4019));
#4019 = ORIENTED_EDGE('',*,*,#1585,.F.);
#4020 = PLANE('',#4021);
#4021 = AXIS2_PLACEMENT_3D('',#4022,#4023,#4024);
#4022 = CARTESIAN_POINT('',(12.,93.875,1.8));
#4023 = DIRECTION('',(0.,-4.440892098501E-16,-1.));
#4024 = DIRECTION('',(1.,0.,0.));
#4025 = ADVANCED_FACE('',(#4026,#4034),#4037,.F.);
#4026 = FACE_BOUND('',#4027,.F.);
#4027 = EDGE_LOOP('',(#4028,#4029,#4030,#4031,#4032,#4033));
#4028 = ORIENTED_EDGE('',*,*,#2323,.T.);
#4029 = ORIENTED_EDGE('',*,*,#2268,.T.);
#4030 = ORIENTED_EDGE('',*,*,#2292,.T.);
#4031 = ORIENTED_EDGE('',*,*,#2340,.T.);
#4032 = ORIENTED_EDGE('',*,*,#2388,.T.);
#4033 = ORIENTED_EDGE('',*,*,#2371,.T.);
#4034 = FACE_BOUND('',#4035,.F.);
#4035 = EDGE_LOOP('',(#4036));
#4036 = ORIENTED_EDGE('',*,*,#1678,.F.);
#4037 = PLANE('',#4038);
#4038 = AXIS2_PLACEMENT_3D('',#4039,#4040,#4041);
#4039 = CARTESIAN_POINT('',(188.,175.75,1.8));
#4040 = DIRECTION('',(0.,-4.440892098501E-16,-1.));
#4041 = DIRECTION('',(1.,0.,0.));
#4042 = ADVANCED_FACE('',(#4043,#4051),#4054,.F.);
#4043 = FACE_BOUND('',#4044,.F.);
#4044 = EDGE_LOOP('',(#4045,#4046,#4047,#4048,#4049,#4050));
#4045 = ORIENTED_EDGE('',*,*,#3294,.T.);
#4046 = ORIENTED_EDGE('',*,*,#3239,.T.);
#4047 = ORIENTED_EDGE('',*,*,#3263,.T.);
#4048 = ORIENTED_EDGE('',*,*,#3311,.T.);
#4049 = ORIENTED_EDGE('',*,*,#3359,.T.);
#4050 = ORIENTED_EDGE('',*,*,#3342,.T.);
#4051 = FACE_BOUND('',#4052,.F.);
#4052 = EDGE_LOOP('',(#4053));
#4053 = ORIENTED_EDGE('',*,*,#1703,.F.);
#4054 = PLANE('',#4055);
#4055 = AXIS2_PLACEMENT_3D('',#4056,#4057,#4058);
#4056 = CARTESIAN_POINT('',(188.,93.875,1.8));
#4057 = DIRECTION('',(0.,-4.440892098501E-16,-1.));
#4058 = DIRECTION('',(1.,0.,0.));
#4059 = ADVANCED_FACE('',(#4060,#4068),#4071,.F.);
#4060 = FACE_BOUND('',#4061,.F.);
#4061 = EDGE_LOOP('',(#4062,#4063,#4064,#4065,#4066,#4067));
#4062 = ORIENTED_EDGE('',*,*,#2611,.T.);
#4063 = ORIENTED_EDGE('',*,*,#2556,.T.);
#4064 = ORIENTED_EDGE('',*,*,#2580,.T.);
#4065 = ORIENTED_EDGE('',*,*,#2628,.T.);
#4066 = ORIENTED_EDGE('',*,*,#2676,.T.);
#4067 = ORIENTED_EDGE('',*,*,#2659,.T.);
#4068 = FACE_BOUND('',#4069,.F.);
#4069 = EDGE_LOOP('',(#4070));
#4070 = ORIENTED_EDGE('',*,*,#1728,.F.);
#4071 = PLANE('',#4072);
#4072 = AXIS2_PLACEMENT_3D('',#4073,#4074,#4075);
#4073 = CARTESIAN_POINT('',(12.,12.,1.8));
#4074 = DIRECTION('',(0.,-4.440892098501E-16,-1.));
#4075 = DIRECTION('',(1.,0.,0.));
#4076 = ADVANCED_FACE('',(#4077,#4085),#4088,.F.);
#4077 = FACE_BOUND('',#4078,.F.);
#4078 = EDGE_LOOP('',(#4079,#4080,#4081,#4082,#4083,#4084));
#4079 = ORIENTED_EDGE('',*,*,#3438,.T.);
#4080 = ORIENTED_EDGE('',*,*,#3383,.T.);
#4081 = ORIENTED_EDGE('',*,*,#3407,.T.);
#4082 = ORIENTED_EDGE('',*,*,#3455,.T.);
#4083 = ORIENTED_EDGE('',*,*,#3503,.T.);
#4084 = ORIENTED_EDGE('',*,*,#3486,.T.);
#4085 = FACE_BOUND('',#4086,.F.);
#4086 = EDGE_LOOP('',(#4087));
#4087 = ORIENTED_EDGE('',*,*,#1753,.F.);
#4088 = PLANE('',#4089);
#4089 = AXIS2_PLACEMENT_3D('',#4090,#4091,#4092);
#4090 = CARTESIAN_POINT('',(100.,12.,1.8));
#4091 = DIRECTION('',(0.,-4.440892098501E-16,-1.));
#4092 = DIRECTION('',(1.,0.,0.));
#4093 = ADVANCED_FACE('',(#4094,#4102),#4105,.F.);
#4094 = FACE_BOUND('',#4095,.F.);
#4095 = EDGE_LOOP('',(#4096,#4097,#4098,#4099,#4100,#4101));
#4096 = ORIENTED_EDGE('',*,*,#3582,.T.);
#4097 = ORIENTED_EDGE('',*,*,#3527,.T.);
#4098 = ORIENTED_EDGE('',*,*,#3551,.T.);
#4099 = ORIENTED_EDGE('',*,*,#3599,.T.);
#4100 = ORIENTED_EDGE('',*,*,#3647,.T.);
#4101 = ORIENTED_EDGE('',*,*,#3630,.T.);
#4102 = FACE_BOUND('',#4103,.F.);
#4103 = EDGE_LOOP('',(#4104));
#4104 = ORIENTED_EDGE('',*,*,#1778,.F.);
#4105 = PLANE('',#4106);
#4106 = AXIS2_PLACEMENT_3D('',#4107,#4108,#4109);
#4107 = CARTESIAN_POINT('',(188.,12.,1.8));
#4108 = DIRECTION('',(0.,-4.440892098501E-16,-1.));
#4109 = DIRECTION('',(1.,0.,0.));
#4110 = ADVANCED_FACE('',(#4111),#4125,.F.);
#4111 = FACE_BOUND('',#4112,.F.);
#4112 = EDGE_LOOP('',(#4113,#4114,#4115,#4116,#4117,#4118,#4119,#4120,
    #4121,#4122,#4123,#4124));
#4113 = ORIENTED_EDGE('',*,*,#2691,.F.);
#4114 = ORIENTED_EDGE('',*,*,#2732,.T.);
#4115 = ORIENTED_EDGE('',*,*,#2756,.T.);
#4116 = ORIENTED_EDGE('',*,*,#2780,.T.);
#4117 = ORIENTED_EDGE('',*,*,#2822,.F.);
#4118 = ORIENTED_EDGE('',*,*,#2813,.F.);
#4119 = ORIENTED_EDGE('',*,*,#2838,.F.);
#4120 = ORIENTED_EDGE('',*,*,#2862,.F.);
#4121 = ORIENTED_EDGE('',*,*,#2887,.F.);
#4122 = ORIENTED_EDGE('',*,*,#2920,.F.);
#4123 = ORIENTED_EDGE('',*,*,#2936,.F.);
#4124 = ORIENTED_EDGE('',*,*,#2702,.F.);
#4125 = PLANE('',#4126);
#4126 = AXIS2_PLACEMENT_3D('',#4127,#4128,#4129);
#4127 = CARTESIAN_POINT('',(60.877593760339,11.,7.6));
#4128 = DIRECTION('',(-0.,-4.440892098501E-16,-1.));
#4129 = DIRECTION('',(-1.,0.,0.));
#4130 = ADVANCED_FACE('',(#4131),#4145,.F.);
#4131 = FACE_BOUND('',#4132,.F.);
#4132 = EDGE_LOOP('',(#4133,#4134,#4135,#4136,#4137,#4138,#4139,#4140,
    #4141,#4142,#4143,#4144));
#4133 = ORIENTED_EDGE('',*,*,#3214,.F.);
#4134 = ORIENTED_EDGE('',*,*,#2953,.T.);
#4135 = ORIENTED_EDGE('',*,*,#2993,.F.);
#4136 = ORIENTED_EDGE('',*,*,#3009,.T.);
#4137 = ORIENTED_EDGE('',*,*,#3033,.T.);
#4138 = ORIENTED_EDGE('',*,*,#3075,.F.);
#4139 = ORIENTED_EDGE('',*,*,#3066,.F.);
#4140 = ORIENTED_EDGE('',*,*,#3091,.F.);
#4141 = ORIENTED_EDGE('',*,*,#3124,.F.);
#4142 = ORIENTED_EDGE('',*,*,#3140,.T.);
#4143 = ORIENTED_EDGE('',*,*,#3164,.F.);
#4144 = ORIENTED_EDGE('',*,*,#3188,.F.);
#4145 = PLANE('',#4146);
#4146 = AXIS2_PLACEMENT_3D('',#4147,#4148,#4149);
#4147 = CARTESIAN_POINT('',(64.908150716429,10.510132564992,7.6));
#4148 = DIRECTION('',(-0.,-4.440892098501E-16,-1.));
#4149 = DIRECTION('',(-1.,0.,0.));
#4150 = ADVANCED_FACE('',(#4151),#4157,.F.);
#4151 = FACE_BOUND('',#4152,.F.);
#4152 = EDGE_LOOP('',(#4153,#4154,#4155,#4156));
#4153 = ORIENTED_EDGE('',*,*,#3738,.F.);
#4154 = ORIENTED_EDGE('',*,*,#3758,.T.);
#4155 = ORIENTED_EDGE('',*,*,#3679,.T.);
#4156 = ORIENTED_EDGE('',*,*,#3714,.F.);
#4157 = PLANE('',#4158);
#4158 = AXIS2_PLACEMENT_3D('',#4159,#4160,#4161);
#4159 = CARTESIAN_POINT('',(42.95,181.55,10.5));
#4160 = DIRECTION('',(0.,-6.661338147751E-16,-1.));
#4161 = DIRECTION('',(0.,-1.,6.661338147751E-16));
#4162 = ADVANCED_FACE('',(#4163),#4182,.F.);
#4163 = FACE_BOUND('',#4164,.F.);
#4164 = EDGE_LOOP('',(#4165,#4166,#4174,#4181));
#4165 = ORIENTED_EDGE('',*,*,#3687,.T.);
#4166 = ORIENTED_EDGE('',*,*,#4167,.T.);
#4167 = EDGE_CURVE('',#3688,#4168,#4170,.T.);
#4168 = VERTEX_POINT('',#4169);
#4169 = CARTESIAN_POINT('',(38.2,175.75,14.));
#4170 = LINE('',#4171,#4172);
#4171 = CARTESIAN_POINT('',(38.2,192.75,14.));
#4172 = VECTOR('',#4173,1.);
#4173 = DIRECTION('',(0.,-1.,6.661338147751E-16));
#4174 = ORIENTED_EDGE('',*,*,#4175,.F.);
#4175 = EDGE_CURVE('',#4168,#4168,#4176,.T.);
#4176 = CIRCLE('',#4177,1.8);
#4177 = AXIS2_PLACEMENT_3D('',#4178,#4179,#4180);
#4178 = CARTESIAN_POINT('',(40.,175.75,14.));
#4179 = DIRECTION('',(-0.,-1.,6.661338147751E-16));
#4180 = DIRECTION('',(-1.,0.,-0.));
#4181 = ORIENTED_EDGE('',*,*,#4167,.F.);
#4182 = CYLINDRICAL_SURFACE('',#4183,1.8);
#4183 = AXIS2_PLACEMENT_3D('',#4184,#4185,#4186);
#4184 = CARTESIAN_POINT('',(40.,192.75,14.));
#4185 = DIRECTION('',(0.,-1.,6.661338147751E-16));
#4186 = DIRECTION('',(-1.,0.,-0.));
#4187 = ADVANCED_FACE('',(#4188),#4194,.F.);
#4188 = FACE_BOUND('',#4189,.F.);
#4189 = EDGE_LOOP('',(#4190,#4191,#4192,#4193));
#4190 = ORIENTED_EDGE('',*,*,#3848,.F.);
#4191 = ORIENTED_EDGE('',*,*,#3868,.T.);
#4192 = ORIENTED_EDGE('',*,*,#3789,.T.);
#4193 = ORIENTED_EDGE('',*,*,#3824,.F.);
#4194 = PLANE('',#4195);
#4195 = AXIS2_PLACEMENT_3D('',#4196,#4197,#4198);
#4196 = CARTESIAN_POINT('',(162.95,181.55,10.5));
#4197 = DIRECTION('',(0.,-6.661338147751E-16,-1.));
#4198 = DIRECTION('',(0.,-1.,6.661338147751E-16));
#4199 = ADVANCED_FACE('',(#4200),#4219,.F.);
#4200 = FACE_BOUND('',#4201,.F.);
#4201 = EDGE_LOOP('',(#4202,#4203,#4211,#4218));
#4202 = ORIENTED_EDGE('',*,*,#3797,.T.);
#4203 = ORIENTED_EDGE('',*,*,#4204,.T.);
#4204 = EDGE_CURVE('',#3798,#4205,#4207,.T.);
#4205 = VERTEX_POINT('',#4206);
#4206 = CARTESIAN_POINT('',(158.2,175.75,14.));
#4207 = LINE('',#4208,#4209);
#4208 = CARTESIAN_POINT('',(158.2,192.75,14.));
#4209 = VECTOR('',#4210,1.);
#4210 = DIRECTION('',(0.,-1.,6.661338147751E-16));
#4211 = ORIENTED_EDGE('',*,*,#4212,.F.);
#4212 = EDGE_CURVE('',#4205,#4205,#4213,.T.);
#4213 = CIRCLE('',#4214,1.8);
#4214 = AXIS2_PLACEMENT_3D('',#4215,#4216,#4217);
#4215 = CARTESIAN_POINT('',(160.,175.75,14.));
#4216 = DIRECTION('',(-0.,-1.,6.661338147751E-16));
#4217 = DIRECTION('',(-1.,0.,-0.));
#4218 = ORIENTED_EDGE('',*,*,#4204,.F.);
#4219 = CYLINDRICAL_SURFACE('',#4220,1.8);
#4220 = AXIS2_PLACEMENT_3D('',#4221,#4222,#4223);
#4221 = CARTESIAN_POINT('',(160.,192.75,14.));
#4222 = DIRECTION('',(0.,-1.,6.661338147751E-16));
#4223 = DIRECTION('',(-1.,0.,-0.));
#4224 = ADVANCED_FACE('',(#4225),#4231,.F.);
#4225 = FACE_BOUND('',#4226,.F.);
#4226 = EDGE_LOOP('',(#4227,#4228,#4229,#4230));
#4227 = ORIENTED_EDGE('',*,*,#3923,.T.);
#4228 = ORIENTED_EDGE('',*,*,#3890,.T.);
#4229 = ORIENTED_EDGE('',*,*,#3947,.F.);
#4230 = ORIENTED_EDGE('',*,*,#3962,.F.);
#4231 = PLANE('',#4232);
#4232 = AXIS2_PLACEMENT_3D('',#4233,#4234,#4235);
#4233 = CARTESIAN_POINT('',(28.,190.75,6.));
#4234 = DIRECTION('',(0.,-1.,4.440892098501E-16));
#4235 = DIRECTION('',(0.,-4.440892098501E-16,-1.));
#4236 = ADVANCED_FACE('',(#4237),#4240,.F.);
#4237 = FACE_BOUND('',#4238,.F.);
#4238 = EDGE_LOOP('',(#4239));
#4239 = ORIENTED_EDGE('',*,*,#4175,.T.);
#4240 = PLANE('',#4241);
#4241 = AXIS2_PLACEMENT_3D('',#4242,#4243,#4244);
#4242 = CARTESIAN_POINT('',(40.,175.75,14.));
#4243 = DIRECTION('',(0.,-1.,6.661338147751E-16));
#4244 = DIRECTION('',(-1.,0.,-0.));
#4245 = ADVANCED_FACE('',(#4246),#4249,.F.);
#4246 = FACE_BOUND('',#4247,.F.);
#4247 = EDGE_LOOP('',(#4248));
#4248 = ORIENTED_EDGE('',*,*,#4212,.T.);
#4249 = PLANE('',#4250);
#4250 = AXIS2_PLACEMENT_3D('',#4251,#4252,#4253);
#4251 = CARTESIAN_POINT('',(160.,175.75,14.));
#4252 = DIRECTION('',(0.,-1.,6.661338147751E-16));
#4253 = DIRECTION('',(-1.,0.,-0.));
#4254 = ( GEOMETRIC_REPRESENTATION_CONTEXT(3)
GLOBAL_UNCERTAINTY_ASSIGNED_CONTEXT((#4258))
GLOBAL_UNIT_ASSIGNED_CONTEXT((#4255,#4256,#4257)) REPRESENTATION_CONTEXT
('Context #1','3D Context with UNIT and UNCERTAINTY') );
#4255 = ( LENGTH_UNIT() NAMED_UNIT(*) SI_UNIT(.MILLI.,.METRE.) );
#4256 = ( NAMED_UNIT(*) PLANE_ANGLE_UNIT() SI_UNIT($,.RADIAN.) );
#4257 = ( NAMED_UNIT(*) SI_UNIT($,.STERADIAN.) SOLID_ANGLE_UNIT() );
#4258 = UNCERTAINTY_MEASURE_WITH_UNIT(LENGTH_MEASURE(1.E-07),#4255,
  'distance_accuracy_value','confusion accuracy');
#4259 = PRODUCT_RELATED_PRODUCT_CATEGORY('part',$,(#7));
ENDSEC;
END-ISO-10303-21;
