ISO-10303-21;
HEADER;
FILE_DESCRIPTION(('FreeCAD Model'),'2;1');
FILE_NAME('Open CASCADE Shape Model','2026-10-09T08:39:35',('FreeCAD'),(
    'FreeCAD'),'Open CASCADE STEP processor 7.8','FreeCAD','Unknown');
FILE_SCHEMA(('AUTOMOTIVE_DESIGN { 1 0 10303 214 1 1 1 1 }'));
ENDSEC;
DATA;
#1 = APPLICATION_PROTOCOL_DEFINITION('international standard',
  'automotive_design',2000,#2);
#2 = APPLICATION_CONTEXT(
  'core data for automotive mechanical design processes');
#3 = SHAPE_DEFINITION_REPRESENTATION(#4,#10);
#4 = PRODUCT_DEFINITION_SHAPE('','',#5);
#5 = PRODUCT_DEFINITION('design','',#6,#9);
#6 = PRODUCT_DEFINITION_FORMATION('','',#7);
#7 = PRODUCT('Open CASCADE STEP translator 7.8 9',
  'Open CASCADE STEP translator 7.8 9','',(#8));
#8 = PRODUCT_CONTEXT('',#2,'mechanical');
#9 = PRODUCT_DEFINITION_CONTEXT('part definition',#2,'design');
#10 = ADVANCED_BREP_SHAPE_REPRESENTATION('',(#11,#15),#4627);
#11 = AXIS2_PLACEMENT_3D('',#12,#13,#14);
#12 = CARTESIAN_POINT('',(0.,0.,0.));
#13 = DIRECTION('',(0.,0.,1.));
#14 = DIRECTION('',(1.,0.,-0.));
#15 = MANIFOLD_SOLID_BREP('',#16);
#16 = CLOSED_SHELL('',(#17,#57,#208,#310,#398,#784,#796,#820,#878,#902,
    #926,#984,#1248,#1265,#1296,#1320,#1344,#1361,#1386,#1411,#1436,
    #1461,#1491,#1508,#1525,#1537,#1562,#1587,#1611,#1635,#1652,#1676,
    #1700,#1717,#1729,#1741,#1772,#1796,#1820,#1844,#1868,#1885,#1916,
    #1940,#1964,#1988,#2012,#2029,#2060,#2084,#2108,#2132,#2156,#2173,
    #2204,#2228,#2252,#2280,#2311,#2335,#2359,#2383,#2407,#2424,#2455,
    #2479,#2503,#2531,#2573,#2597,#2624,#2641,#2683,#2707,#2734,#2751,
    #2782,#2807,#2831,#2856,#2880,#2905,#2929,#2953,#2978,#3002,#3027,
    #3051,#3076,#3100,#3125,#3149,#3167,#3198,#3223,#3247,#3271,#3305,
    #3329,#3354,#3378,#3402,#3426,#3444,#3475,#3499,#3523,#3540,#3557,
    #3574,#3591,#3608,#3654,#3679,#3725,#3750,#3762,#3787,#3799,#3824,
    #3949,#3969,#3981,#4015,#4039,#4074,#4091,#4125,#4149,#4184,#4201,
    #4210,#4219,#4250,#4274,#4298,#4322,#4346,#4363,#4394,#4418,#4442,
    #4466,#4490,#4507,#4519,#4544,#4556,#4581,#4595,#4609,#4618));
#17 = ADVANCED_FACE('',(#18),#52,.F.);
#18 = FACE_BOUND('',#19,.F.);
#19 = EDGE_LOOP('',(#20,#30,#38,#46));
#20 = ORIENTED_EDGE('',*,*,#21,.F.);
#21 = EDGE_CURVE('',#22,#24,#26,.T.);
#22 = VERTEX_POINT('',#23);
#23 = CARTESIAN_POINT('',(0.,187.75,8.));
#24 = VERTEX_POINT('',#25);
#25 = CARTESIAN_POINT('',(0.,187.75,8.337774914935E-14));
#26 = LINE('',#27,#28);
#27 = CARTESIAN_POINT('',(0.,187.75,8.));
#28 = VECTOR('',#29,1.);
#29 = DIRECTION('',(0.,4.440892098501E-16,-1.));
#30 = ORIENTED_EDGE('',*,*,#31,.T.);
#31 = EDGE_CURVE('',#22,#32,#34,.T.);
#32 = VERTEX_POINT('',#33);
#33 = CARTESIAN_POINT('',(0.,0.,8.));
#34 = LINE('',#35,#36);
#35 = CARTESIAN_POINT('',(0.,187.75,8.));
#36 = VECTOR('',#37,1.);
#37 = DIRECTION('',(0.,-1.,-4.440892098501E-16));
#38 = ORIENTED_EDGE('',*,*,#39,.T.);
#39 = EDGE_CURVE('',#32,#40,#42,.T.);
#40 = VERTEX_POINT('',#41);
#41 = CARTESIAN_POINT('',(0.,0.,5.551115123126E-17));
#42 = LINE('',#43,#44);
#43 = CARTESIAN_POINT('',(0.,0.,8.));
#44 = VECTOR('',#45,1.);
#45 = DIRECTION('',(0.,4.440892098501E-16,-1.));
#46 = ORIENTED_EDGE('',*,*,#47,.F.);
#47 = EDGE_CURVE('',#24,#40,#48,.T.);
#48 = LINE('',#49,#50);
#49 = CARTESIAN_POINT('',(0.,187.75,8.348877145181E-14));
#50 = VECTOR('',#51,1.);
#51 = DIRECTION('',(0.,-1.,-4.440892098501E-16));
#52 = PLANE('',#53);
#53 = AXIS2_PLACEMENT_3D('',#54,#55,#56);
#54 = CARTESIAN_POINT('',(0.,187.75,8.));
#55 = DIRECTION('',(1.,0.,0.));
#56 = DIRECTION('',(0.,4.440892098501E-16,-1.));
#57 = ADVANCED_FACE('',(#58,#147,#181,#192),#203,.T.);
#58 = FACE_BOUND('',#59,.T.);
#59 = EDGE_LOOP('',(#60,#61,#69,#77,#85,#93,#101,#109,#117,#125,#133,
    #141));
#60 = ORIENTED_EDGE('',*,*,#21,.F.);
#61 = ORIENTED_EDGE('',*,*,#62,.T.);
#62 = EDGE_CURVE('',#22,#63,#65,.T.);
#63 = VERTEX_POINT('',#64);
#64 = CARTESIAN_POINT('',(34.,187.75,8.));
#65 = LINE('',#66,#67);
#66 = CARTESIAN_POINT('',(0.,187.75,8.));
#67 = VECTOR('',#68,1.);
#68 = DIRECTION('',(1.,0.,0.));
#69 = ORIENTED_EDGE('',*,*,#70,.T.);
#70 = EDGE_CURVE('',#63,#71,#73,.T.);
#71 = VERTEX_POINT('',#72);
#72 = CARTESIAN_POINT('',(34.,187.75,22.));
#73 = LINE('',#74,#75);
#74 = CARTESIAN_POINT('',(34.,187.75,7.5));
#75 = VECTOR('',#76,1.);
#76 = DIRECTION('',(0.,-6.661338147751E-16,1.));
#77 = ORIENTED_EDGE('',*,*,#78,.T.);
#78 = EDGE_CURVE('',#71,#79,#81,.T.);
#79 = VERTEX_POINT('',#80);
#80 = CARTESIAN_POINT('',(46.,187.75,22.));
#81 = LINE('',#82,#83);
#82 = CARTESIAN_POINT('',(34.,187.75,22.));
#83 = VECTOR('',#84,1.);
#84 = DIRECTION('',(1.,0.,0.));
#85 = ORIENTED_EDGE('',*,*,#86,.F.);
#86 = EDGE_CURVE('',#87,#79,#89,.T.);
#87 = VERTEX_POINT('',#88);
#88 = CARTESIAN_POINT('',(46.,187.75,8.));
#89 = LINE('',#90,#91);
#90 = CARTESIAN_POINT('',(46.,187.75,7.5));
#91 = VECTOR('',#92,1.);
#92 = DIRECTION('',(0.,-6.661338147751E-16,1.));
#93 = ORIENTED_EDGE('',*,*,#94,.T.);
#94 = EDGE_CURVE('',#87,#95,#97,.T.);
#95 = VERTEX_POINT('',#96);
#96 = CARTESIAN_POINT('',(154.,187.75,8.));
#97 = LINE('',#98,#99);
#98 = CARTESIAN_POINT('',(0.,187.75,8.));
#99 = VECTOR('',#100,1.);
#100 = DIRECTION('',(1.,0.,0.));
#101 = ORIENTED_EDGE('',*,*,#102,.T.);
#102 = EDGE_CURVE('',#95,#103,#105,.T.);
#103 = VERTEX_POINT('',#104);
#104 = CARTESIAN_POINT('',(154.,187.75,22.));
#105 = LINE('',#106,#107);
#106 = CARTESIAN_POINT('',(154.,187.75,7.5));
#107 = VECTOR('',#108,1.);
#108 = DIRECTION('',(0.,-6.661338147751E-16,1.));
#109 = ORIENTED_EDGE('',*,*,#110,.T.);
#110 = EDGE_CURVE('',#103,#111,#113,.T.);
#111 = VERTEX_POINT('',#112);
#112 = CARTESIAN_POINT('',(166.,187.75,22.));
#113 = LINE('',#114,#115);
#114 = CARTESIAN_POINT('',(154.,187.75,22.));
#115 = VECTOR('',#116,1.);
#116 = DIRECTION('',(1.,0.,0.));
#117 = ORIENTED_EDGE('',*,*,#118,.F.);
#118 = EDGE_CURVE('',#119,#111,#121,.T.);
#119 = VERTEX_POINT('',#120);
#120 = CARTESIAN_POINT('',(166.,187.75,8.));
#121 = LINE('',#122,#123);
#122 = CARTESIAN_POINT('',(166.,187.75,7.5));
#123 = VECTOR('',#124,1.);
#124 = DIRECTION('',(0.,-6.661338147751E-16,1.));
#125 = ORIENTED_EDGE('',*,*,#126,.T.);
#126 = EDGE_CURVE('',#119,#127,#129,.T.);
#127 = VERTEX_POINT('',#128);
#128 = CARTESIAN_POINT('',(200.,187.75,8.));
#129 = LINE('',#130,#131);
#130 = CARTESIAN_POINT('',(0.,187.75,8.));
#131 = VECTOR('',#132,1.);
#132 = DIRECTION('',(1.,0.,0.));
#133 = ORIENTED_EDGE('',*,*,#134,.T.);
#134 = EDGE_CURVE('',#127,#135,#137,.T.);
#135 = VERTEX_POINT('',#136);
#136 = CARTESIAN_POINT('',(200.,187.75,8.337774914935E-14));
#137 = LINE('',#138,#139);
#138 = CARTESIAN_POINT('',(200.,187.75,8.));
#139 = VECTOR('',#140,1.);
#140 = DIRECTION('',(0.,4.440892098501E-16,-1.));
#141 = ORIENTED_EDGE('',*,*,#142,.F.);
#142 = EDGE_CURVE('',#24,#135,#143,.T.);
#143 = LINE('',#144,#145);
#144 = CARTESIAN_POINT('',(0.,187.75,8.348877145181E-14));
#145 = VECTOR('',#146,1.);
#146 = DIRECTION('',(1.,0.,0.));
#147 = FACE_BOUND('',#148,.T.);
#148 = EDGE_LOOP('',(#149,#159,#167,#175));
#149 = ORIENTED_EDGE('',*,*,#150,.T.);
#150 = EDGE_CURVE('',#151,#153,#155,.T.);
#151 = VERTEX_POINT('',#152);
#152 = CARTESIAN_POINT('',(28.,187.75,2.));
#153 = VERTEX_POINT('',#154);
#154 = CARTESIAN_POINT('',(172.,187.75,2.));
#155 = LINE('',#156,#157);
#156 = CARTESIAN_POINT('',(14.,187.75,2.));
#157 = VECTOR('',#158,1.);
#158 = DIRECTION('',(1.,0.,0.));
#159 = ORIENTED_EDGE('',*,*,#160,.T.);
#160 = EDGE_CURVE('',#153,#161,#163,.T.);
#161 = VERTEX_POINT('',#162);
#162 = CARTESIAN_POINT('',(172.,187.75,6.));
#163 = LINE('',#164,#165);
#164 = CARTESIAN_POINT('',(172.,187.75,7.));
#165 = VECTOR('',#166,1.);
#166 = DIRECTION('',(0.,-4.440892098501E-16,1.));
#167 = ORIENTED_EDGE('',*,*,#168,.F.);
#168 = EDGE_CURVE('',#169,#161,#171,.T.);
#169 = VERTEX_POINT('',#170);
#170 = CARTESIAN_POINT('',(28.,187.75,6.));
#171 = LINE('',#172,#173);
#172 = CARTESIAN_POINT('',(14.,187.75,6.));
#173 = VECTOR('',#174,1.);
#174 = DIRECTION('',(1.,0.,0.));
#175 = ORIENTED_EDGE('',*,*,#176,.F.);
#176 = EDGE_CURVE('',#151,#169,#177,.T.);
#177 = LINE('',#178,#179);
#178 = CARTESIAN_POINT('',(28.,187.75,7.));
#179 = VECTOR('',#180,1.);
#180 = DIRECTION('',(0.,-4.440892098501E-16,1.));
#181 = FACE_BOUND('',#182,.T.);
#182 = EDGE_LOOP('',(#183));
#183 = ORIENTED_EDGE('',*,*,#184,.T.);
#184 = EDGE_CURVE('',#185,#185,#187,.T.);
#185 = VERTEX_POINT('',#186);
#186 = CARTESIAN_POINT('',(161.8,187.75,14.));
#187 = CIRCLE('',#188,1.8);
#188 = AXIS2_PLACEMENT_3D('',#189,#190,#191);
#189 = CARTESIAN_POINT('',(160.,187.75,14.));
#190 = DIRECTION('',(0.,-1.,-6.661338147751E-16));
#191 = DIRECTION('',(1.,0.,0.));
#192 = FACE_BOUND('',#193,.T.);
#193 = EDGE_LOOP('',(#194));
#194 = ORIENTED_EDGE('',*,*,#195,.T.);
#195 = EDGE_CURVE('',#196,#196,#198,.T.);
#196 = VERTEX_POINT('',#197);
#197 = CARTESIAN_POINT('',(41.8,187.75,14.));
#198 = CIRCLE('',#199,1.8);
#199 = AXIS2_PLACEMENT_3D('',#200,#201,#202);
#200 = CARTESIAN_POINT('',(40.,187.75,14.));
#201 = DIRECTION('',(0.,-1.,-6.661338147751E-16));
#202 = DIRECTION('',(1.,0.,0.));
#203 = PLANE('',#204);
#204 = AXIS2_PLACEMENT_3D('',#205,#206,#207);
#205 = CARTESIAN_POINT('',(100.,187.75,6.016949152542));
#206 = DIRECTION('',(-0.,1.,6.661338147751E-16));
#207 = DIRECTION('',(-1.,-0.,0.));
#208 = ADVANCED_FACE('',(#209,#227,#238,#249,#283,#294),#305,.T.);
#209 = FACE_BOUND('',#210,.T.);
#210 = EDGE_LOOP('',(#211,#212,#213,#221));
#211 = ORIENTED_EDGE('',*,*,#47,.F.);
#212 = ORIENTED_EDGE('',*,*,#142,.T.);
#213 = ORIENTED_EDGE('',*,*,#214,.T.);
#214 = EDGE_CURVE('',#135,#215,#217,.T.);
#215 = VERTEX_POINT('',#216);
#216 = CARTESIAN_POINT('',(200.,0.,5.551115123126E-17));
#217 = LINE('',#218,#219);
#218 = CARTESIAN_POINT('',(200.,187.75,8.348877145181E-14));
#219 = VECTOR('',#220,1.);
#220 = DIRECTION('',(0.,-1.,-4.440892098501E-16));
#221 = ORIENTED_EDGE('',*,*,#222,.F.);
#222 = EDGE_CURVE('',#40,#215,#223,.T.);
#223 = LINE('',#224,#225);
#224 = CARTESIAN_POINT('',(0.,0.,0.));
#225 = VECTOR('',#226,1.);
#226 = DIRECTION('',(1.,0.,0.));
#227 = FACE_BOUND('',#228,.T.);
#228 = EDGE_LOOP('',(#229));
#229 = ORIENTED_EDGE('',*,*,#230,.T.);
#230 = EDGE_CURVE('',#231,#231,#233,.T.);
#231 = VERTEX_POINT('',#232);
#232 = CARTESIAN_POINT('',(11.5,145.95,6.481759573518E-14));
#233 = CIRCLE('',#234,1.8);
#234 = AXIS2_PLACEMENT_3D('',#235,#236,#237);
#235 = CARTESIAN_POINT('',(11.5,147.75,6.561418075535E-14));
#236 = DIRECTION('',(0.,-6.661338147751E-16,1.));
#237 = DIRECTION('',(0.,-1.,-6.661338147751E-16));
#238 = FACE_BOUND('',#239,.T.);
#239 = EDGE_LOOP('',(#240));
#240 = ORIENTED_EDGE('',*,*,#241,.T.);
#241 = EDGE_CURVE('',#242,#242,#244,.T.);
#242 = VERTEX_POINT('',#243);
#243 = CARTESIAN_POINT('',(188.5,145.95,6.481759573518E-14));
#244 = CIRCLE('',#245,1.8);
#245 = AXIS2_PLACEMENT_3D('',#246,#247,#248);
#246 = CARTESIAN_POINT('',(188.5,147.75,6.561418075535E-14));
#247 = DIRECTION('',(0.,-6.661338147751E-16,1.));
#248 = DIRECTION('',(0.,-1.,-6.661338147751E-16));
#249 = FACE_BOUND('',#250,.T.);
#250 = EDGE_LOOP('',(#251,#261,#269,#277));
#251 = ORIENTED_EDGE('',*,*,#252,.T.);
#252 = EDGE_CURVE('',#253,#255,#257,.T.);
#253 = VERTEX_POINT('',#254);
#254 = CARTESIAN_POINT('',(176.,173.75,7.76045894213E-14));
#255 = VERTEX_POINT('',#256);
#256 = CARTESIAN_POINT('',(24.,173.75,7.76045894213E-14));
#257 = LINE('',#258,#259);
#258 = CARTESIAN_POINT('',(12.,173.75,7.638334409421E-14));
#259 = VECTOR('',#260,1.);
#260 = DIRECTION('',(-1.,0.,0.));
#261 = ORIENTED_EDGE('',*,*,#262,.T.);
#262 = EDGE_CURVE('',#255,#263,#265,.T.);
#263 = VERTEX_POINT('',#264);
#264 = CARTESIAN_POINT('',(24.,15.75,6.994405055138E-15));
#265 = LINE('',#266,#267);
#266 = CARTESIAN_POINT('',(24.,180.75,7.993605777301E-14));
#267 = VECTOR('',#268,1.);
#268 = DIRECTION('',(0.,-1.,-4.440892098501E-16));
#269 = ORIENTED_EDGE('',*,*,#270,.F.);
#270 = EDGE_CURVE('',#271,#263,#273,.T.);
#271 = VERTEX_POINT('',#272);
#272 = CARTESIAN_POINT('',(176.,15.75,6.994405055138E-15));
#273 = LINE('',#274,#275);
#274 = CARTESIAN_POINT('',(12.,15.75,7.105427357601E-15));
#275 = VECTOR('',#276,1.);
#276 = DIRECTION('',(-1.,0.,0.));
#277 = ORIENTED_EDGE('',*,*,#278,.F.);
#278 = EDGE_CURVE('',#253,#271,#279,.T.);
#279 = LINE('',#280,#281);
#280 = CARTESIAN_POINT('',(176.,180.75,7.993605777301E-14));
#281 = VECTOR('',#282,1.);
#282 = DIRECTION('',(0.,-1.,-4.440892098501E-16));
#283 = FACE_BOUND('',#284,.T.);
#284 = EDGE_LOOP('',(#285));
#285 = ORIENTED_EDGE('',*,*,#286,.T.);
#286 = EDGE_CURVE('',#287,#287,#289,.T.);
#287 = VERTEX_POINT('',#288);
#288 = CARTESIAN_POINT('',(11.5,41.95,1.863231791077E-14));
#289 = CIRCLE('',#290,1.8);
#290 = AXIS2_PLACEMENT_3D('',#291,#292,#293);
#291 = CARTESIAN_POINT('',(11.5,43.75,1.942890293094E-14));
#292 = DIRECTION('',(0.,-6.661338147751E-16,1.));
#293 = DIRECTION('',(0.,-1.,-6.661338147751E-16));
#294 = FACE_BOUND('',#295,.T.);
#295 = EDGE_LOOP('',(#296));
#296 = ORIENTED_EDGE('',*,*,#297,.T.);
#297 = EDGE_CURVE('',#298,#298,#300,.T.);
#298 = VERTEX_POINT('',#299);
#299 = CARTESIAN_POINT('',(188.5,41.95,1.863231791077E-14));
#300 = CIRCLE('',#301,1.8);
#301 = AXIS2_PLACEMENT_3D('',#302,#303,#304);
#302 = CARTESIAN_POINT('',(188.5,43.75,1.942890293094E-14));
#303 = DIRECTION('',(0.,-6.661338147751E-16,1.));
#304 = DIRECTION('',(0.,-1.,-6.661338147751E-16));
#305 = PLANE('',#306);
#306 = AXIS2_PLACEMENT_3D('',#307,#308,#309);
#307 = CARTESIAN_POINT('',(0.,187.75,8.348877145181E-14));
#308 = DIRECTION('',(0.,4.440892098501E-16,-1.));
#309 = DIRECTION('',(1.,0.,0.));
#310 = ADVANCED_FACE('',(#311),#393,.T.);
#311 = FACE_BOUND('',#312,.T.);
#312 = EDGE_LOOP('',(#313,#321,#322,#323,#331,#339,#347,#355,#363,#371,
    #379,#387));
#313 = ORIENTED_EDGE('',*,*,#314,.F.);
#314 = EDGE_CURVE('',#32,#315,#317,.T.);
#315 = VERTEX_POINT('',#316);
#316 = CARTESIAN_POINT('',(1.75,0.,8.));
#317 = LINE('',#318,#319);
#318 = CARTESIAN_POINT('',(0.,0.,8.));
#319 = VECTOR('',#320,1.);
#320 = DIRECTION('',(1.,0.,0.));
#321 = ORIENTED_EDGE('',*,*,#39,.T.);
#322 = ORIENTED_EDGE('',*,*,#222,.T.);
#323 = ORIENTED_EDGE('',*,*,#324,.F.);
#324 = EDGE_CURVE('',#325,#215,#327,.T.);
#325 = VERTEX_POINT('',#326);
#326 = CARTESIAN_POINT('',(200.,0.,8.));
#327 = LINE('',#328,#329);
#328 = CARTESIAN_POINT('',(200.,0.,8.));
#329 = VECTOR('',#330,1.);
#330 = DIRECTION('',(0.,4.440892098501E-16,-1.));
#331 = ORIENTED_EDGE('',*,*,#332,.F.);
#332 = EDGE_CURVE('',#333,#325,#335,.T.);
#333 = VERTEX_POINT('',#334);
#334 = CARTESIAN_POINT('',(198.25,0.,8.));
#335 = LINE('',#336,#337);
#336 = CARTESIAN_POINT('',(0.,0.,8.));
#337 = VECTOR('',#338,1.);
#338 = DIRECTION('',(1.,0.,0.));
#339 = ORIENTED_EDGE('',*,*,#340,.F.);
#340 = EDGE_CURVE('',#341,#333,#343,.T.);
#341 = VERTEX_POINT('',#342);
#342 = CARTESIAN_POINT('',(198.25,0.,4.));
#343 = LINE('',#344,#345);
#344 = CARTESIAN_POINT('',(198.25,0.,6.));
#345 = VECTOR('',#346,1.);
#346 = DIRECTION('',(0.,-4.440892098501E-16,1.));
#347 = ORIENTED_EDGE('',*,*,#348,.T.);
#348 = EDGE_CURVE('',#341,#349,#351,.T.);
#349 = VERTEX_POINT('',#350);
#350 = CARTESIAN_POINT('',(193.75,0.,4.));
#351 = LINE('',#352,#353);
#352 = CARTESIAN_POINT('',(96.875,0.,4.));
#353 = VECTOR('',#354,1.);
#354 = DIRECTION('',(-1.,0.,-0.));
#355 = ORIENTED_EDGE('',*,*,#356,.T.);
#356 = EDGE_CURVE('',#349,#357,#359,.T.);
#357 = VERTEX_POINT('',#358);
#358 = CARTESIAN_POINT('',(193.75,0.,8.));
#359 = LINE('',#360,#361);
#360 = CARTESIAN_POINT('',(193.75,0.,6.));
#361 = VECTOR('',#362,1.);
#362 = DIRECTION('',(0.,-4.440892098501E-16,1.));
#363 = ORIENTED_EDGE('',*,*,#364,.F.);
#364 = EDGE_CURVE('',#365,#357,#367,.T.);
#365 = VERTEX_POINT('',#366);
#366 = CARTESIAN_POINT('',(6.25,0.,8.));
#367 = LINE('',#368,#369);
#368 = CARTESIAN_POINT('',(0.,0.,8.));
#369 = VECTOR('',#370,1.);
#370 = DIRECTION('',(1.,0.,0.));
#371 = ORIENTED_EDGE('',*,*,#372,.F.);
#372 = EDGE_CURVE('',#373,#365,#375,.T.);
#373 = VERTEX_POINT('',#374);
#374 = CARTESIAN_POINT('',(6.25,0.,4.));
#375 = LINE('',#376,#377);
#376 = CARTESIAN_POINT('',(6.25,0.,6.));
#377 = VECTOR('',#378,1.);
#378 = DIRECTION('',(0.,-4.440892098501E-16,1.));
#379 = ORIENTED_EDGE('',*,*,#380,.T.);
#380 = EDGE_CURVE('',#373,#381,#383,.T.);
#381 = VERTEX_POINT('',#382);
#382 = CARTESIAN_POINT('',(1.75,0.,4.));
#383 = LINE('',#384,#385);
#384 = CARTESIAN_POINT('',(0.875,0.,4.));
#385 = VECTOR('',#386,1.);
#386 = DIRECTION('',(-1.,0.,-0.));
#387 = ORIENTED_EDGE('',*,*,#388,.T.);
#388 = EDGE_CURVE('',#381,#315,#389,.T.);
#389 = LINE('',#390,#391);
#390 = CARTESIAN_POINT('',(1.75,0.,6.));
#391 = VECTOR('',#392,1.);
#392 = DIRECTION('',(0.,-4.440892098501E-16,1.));
#393 = PLANE('',#394);
#394 = AXIS2_PLACEMENT_3D('',#395,#396,#397);
#395 = CARTESIAN_POINT('',(0.,0.,8.));
#396 = DIRECTION('',(0.,-1.,-4.440892098501E-16));
#397 = DIRECTION('',(0.,4.440892098501E-16,-1.));
#398 = ADVANCED_FACE('',(#399,#511,#561,#611,#661,#695,#745),#779,.F.);
#399 = FACE_BOUND('',#400,.F.);
#400 = EDGE_LOOP('',(#401,#402,#403,#404,#412,#420,#428,#436,#444,#452,
    #458,#459,#465,#466,#474,#482,#488,#489,#497,#505));
#401 = ORIENTED_EDGE('',*,*,#314,.F.);
#402 = ORIENTED_EDGE('',*,*,#31,.F.);
#403 = ORIENTED_EDGE('',*,*,#62,.T.);
#404 = ORIENTED_EDGE('',*,*,#405,.T.);
#405 = EDGE_CURVE('',#63,#406,#408,.T.);
#406 = VERTEX_POINT('',#407);
#407 = CARTESIAN_POINT('',(34.,173.75,8.));
#408 = LINE('',#409,#410);
#409 = CARTESIAN_POINT('',(34.,187.75,8.));
#410 = VECTOR('',#411,1.);
#411 = DIRECTION('',(0.,-1.,-4.440892098501E-16));
#412 = ORIENTED_EDGE('',*,*,#413,.T.);
#413 = EDGE_CURVE('',#406,#414,#416,.T.);
#414 = VERTEX_POINT('',#415);
#415 = CARTESIAN_POINT('',(24.,173.75,8.));
#416 = LINE('',#417,#418);
#417 = CARTESIAN_POINT('',(12.,173.75,8.));
#418 = VECTOR('',#419,1.);
#419 = DIRECTION('',(-1.,0.,0.));
#420 = ORIENTED_EDGE('',*,*,#421,.T.);
#421 = EDGE_CURVE('',#414,#422,#424,.T.);
#422 = VERTEX_POINT('',#423);
#423 = CARTESIAN_POINT('',(24.,15.75,8.));
#424 = LINE('',#425,#426);
#425 = CARTESIAN_POINT('',(24.,180.75,8.));
#426 = VECTOR('',#427,1.);
#427 = DIRECTION('',(0.,-1.,-4.440892098501E-16));
#428 = ORIENTED_EDGE('',*,*,#429,.F.);
#429 = EDGE_CURVE('',#430,#422,#432,.T.);
#430 = VERTEX_POINT('',#431);
#431 = CARTESIAN_POINT('',(176.,15.75,8.));
#432 = LINE('',#433,#434);
#433 = CARTESIAN_POINT('',(12.,15.75,8.));
#434 = VECTOR('',#435,1.);
#435 = DIRECTION('',(-1.,0.,0.));
#436 = ORIENTED_EDGE('',*,*,#437,.F.);
#437 = EDGE_CURVE('',#438,#430,#440,.T.);
#438 = VERTEX_POINT('',#439);
#439 = CARTESIAN_POINT('',(176.,173.75,8.));
#440 = LINE('',#441,#442);
#441 = CARTESIAN_POINT('',(176.,180.75,8.));
#442 = VECTOR('',#443,1.);
#443 = DIRECTION('',(0.,-1.,-4.440892098501E-16));
#444 = ORIENTED_EDGE('',*,*,#445,.T.);
#445 = EDGE_CURVE('',#438,#446,#448,.T.);
#446 = VERTEX_POINT('',#447);
#447 = CARTESIAN_POINT('',(166.,173.75,8.));
#448 = LINE('',#449,#450);
#449 = CARTESIAN_POINT('',(12.,173.75,8.));
#450 = VECTOR('',#451,1.);
#451 = DIRECTION('',(-1.,0.,0.));
#452 = ORIENTED_EDGE('',*,*,#453,.F.);
#453 = EDGE_CURVE('',#119,#446,#454,.T.);
#454 = LINE('',#455,#456);
#455 = CARTESIAN_POINT('',(166.,187.75,8.));
#456 = VECTOR('',#457,1.);
#457 = DIRECTION('',(0.,-1.,-4.440892098501E-16));
#458 = ORIENTED_EDGE('',*,*,#126,.T.);
#459 = ORIENTED_EDGE('',*,*,#460,.T.);
#460 = EDGE_CURVE('',#127,#325,#461,.T.);
#461 = LINE('',#462,#463);
#462 = CARTESIAN_POINT('',(200.,187.75,8.));
#463 = VECTOR('',#464,1.);
#464 = DIRECTION('',(0.,-1.,-4.440892098501E-16));
#465 = ORIENTED_EDGE('',*,*,#332,.F.);
#466 = ORIENTED_EDGE('',*,*,#467,.F.);
#467 = EDGE_CURVE('',#468,#333,#470,.T.);
#468 = VERTEX_POINT('',#469);
#469 = CARTESIAN_POINT('',(198.25,171.75,8.));
#470 = LINE('',#471,#472);
#471 = CARTESIAN_POINT('',(198.25,171.75,8.));
#472 = VECTOR('',#473,1.);
#473 = DIRECTION('',(0.,-1.,-6.661338147751E-16));
#474 = ORIENTED_EDGE('',*,*,#475,.F.);
#475 = EDGE_CURVE('',#476,#468,#478,.T.);
#476 = VERTEX_POINT('',#477);
#477 = CARTESIAN_POINT('',(193.75,171.75,8.));
#478 = LINE('',#479,#480);
#479 = CARTESIAN_POINT('',(193.75,171.75,8.));
#480 = VECTOR('',#481,1.);
#481 = DIRECTION('',(1.,0.,0.));
#482 = ORIENTED_EDGE('',*,*,#483,.T.);
#483 = EDGE_CURVE('',#476,#357,#484,.T.);
#484 = LINE('',#485,#486);
#485 = CARTESIAN_POINT('',(193.75,171.75,8.));
#486 = VECTOR('',#487,1.);
#487 = DIRECTION('',(0.,-1.,-6.661338147751E-16));
#488 = ORIENTED_EDGE('',*,*,#364,.F.);
#489 = ORIENTED_EDGE('',*,*,#490,.F.);
#490 = EDGE_CURVE('',#491,#365,#493,.T.);
#491 = VERTEX_POINT('',#492);
#492 = CARTESIAN_POINT('',(6.25,171.75,8.));
#493 = LINE('',#494,#495);
#494 = CARTESIAN_POINT('',(6.25,171.75,8.));
#495 = VECTOR('',#496,1.);
#496 = DIRECTION('',(0.,-1.,-6.661338147751E-16));
#497 = ORIENTED_EDGE('',*,*,#498,.F.);
#498 = EDGE_CURVE('',#499,#491,#501,.T.);
#499 = VERTEX_POINT('',#500);
#500 = CARTESIAN_POINT('',(1.75,171.75,8.));
#501 = LINE('',#502,#503);
#502 = CARTESIAN_POINT('',(1.75,171.75,8.));
#503 = VECTOR('',#504,1.);
#504 = DIRECTION('',(1.,0.,0.));
#505 = ORIENTED_EDGE('',*,*,#506,.T.);
#506 = EDGE_CURVE('',#499,#315,#507,.T.);
#507 = LINE('',#508,#509);
#508 = CARTESIAN_POINT('',(1.75,171.75,8.));
#509 = VECTOR('',#510,1.);
#510 = DIRECTION('',(0.,-1.,-6.661338147751E-16));
#511 = FACE_BOUND('',#512,.F.);
#512 = EDGE_LOOP('',(#513,#523,#531,#539,#547,#555));
#513 = ORIENTED_EDGE('',*,*,#514,.T.);
#514 = EDGE_CURVE('',#515,#517,#519,.T.);
#515 = VERTEX_POINT('',#516);
#516 = CARTESIAN_POINT('',(14.45,146.04681670589,8.));
#517 = VERTEX_POINT('',#518);
#518 = CARTESIAN_POINT('',(14.45,149.4531832941,8.));
#519 = LINE('',#520,#521);
#520 = CARTESIAN_POINT('',(14.45,166.89840835294,8.));
#521 = VECTOR('',#522,1.);
#522 = DIRECTION('',(2.607407032384E-16,1.,4.440892098501E-16));
#523 = ORIENTED_EDGE('',*,*,#524,.T.);
#524 = EDGE_CURVE('',#517,#525,#527,.T.);
#525 = VERTEX_POINT('',#526);
#526 = CARTESIAN_POINT('',(11.5,151.15636658821,8.));
#527 = LINE('',#528,#529);
#528 = CARTESIAN_POINT('',(0.739745962156,157.36880215351,8.));
#529 = VECTOR('',#530,1.);
#530 = DIRECTION('',(-0.866025403784,0.5,2.22044604925E-16));
#531 = ORIENTED_EDGE('',*,*,#532,.T.);
#532 = EDGE_CURVE('',#525,#533,#535,.T.);
#533 = VERTEX_POINT('',#534);
#534 = CARTESIAN_POINT('',(8.55,149.4531832941,8.));
#535 = LINE('',#536,#537);
#536 = CARTESIAN_POINT('',(15.110254037844,153.24074772881,8.));
#537 = VECTOR('',#538,1.);
#538 = DIRECTION('',(-0.866025403784,-0.5,-2.22044604925E-16));
#539 = ORIENTED_EDGE('',*,*,#540,.T.);
#540 = EDGE_CURVE('',#533,#541,#543,.T.);
#541 = VERTEX_POINT('',#542);
#542 = CARTESIAN_POINT('',(8.55,146.04681670589,8.));
#543 = LINE('',#544,#545);
#544 = CARTESIAN_POINT('',(8.55,168.60159164705,8.));
#545 = VECTOR('',#546,1.);
#546 = DIRECTION('',(1.303703516192E-16,-1.,-4.440892098501E-16));
#547 = ORIENTED_EDGE('',*,*,#548,.T.);
#548 = EDGE_CURVE('',#541,#549,#551,.T.);
#549 = VERTEX_POINT('',#550);
#550 = CARTESIAN_POINT('',(11.5,144.34363341178,8.));
#551 = LINE('',#552,#553);
#552 = CARTESIAN_POINT('',(-3.685254037844,153.11084391824,8.));
#553 = VECTOR('',#554,1.);
#554 = DIRECTION('',(0.866025403784,-0.5,-2.22044604925E-16));
#555 = ORIENTED_EDGE('',*,*,#556,.T.);
#556 = EDGE_CURVE('',#549,#515,#557,.T.);
#557 = LINE('',#558,#559);
#558 = CARTESIAN_POINT('',(16.585254037844,147.27960619942,8.));
#559 = VECTOR('',#560,1.);
#560 = DIRECTION('',(0.866025403784,0.5,2.22044604925E-16));
#561 = FACE_BOUND('',#562,.F.);
#562 = EDGE_LOOP('',(#563,#573,#581,#589,#597,#605));
#563 = ORIENTED_EDGE('',*,*,#564,.T.);
#564 = EDGE_CURVE('',#565,#567,#569,.T.);
#565 = VERTEX_POINT('',#566);
#566 = CARTESIAN_POINT('',(191.45,146.04681670589,8.));
#567 = VERTEX_POINT('',#568);
#568 = CARTESIAN_POINT('',(191.45,149.4531832941,8.));
#569 = LINE('',#570,#571);
#570 = CARTESIAN_POINT('',(191.45,166.89840835294,8.));
#571 = VECTOR('',#572,1.);
#572 = DIRECTION('',(2.607407032384E-16,1.,4.440892098501E-16));
#573 = ORIENTED_EDGE('',*,*,#574,.T.);
#574 = EDGE_CURVE('',#567,#575,#577,.T.);
#575 = VERTEX_POINT('',#576);
#576 = CARTESIAN_POINT('',(188.5,151.15636658821,8.));
#577 = LINE('',#578,#579);
#578 = CARTESIAN_POINT('',(111.36474596215,195.69042627097,8.));
#579 = VECTOR('',#580,1.);
#580 = DIRECTION('',(-0.866025403784,0.5,2.22044604925E-16));
#581 = ORIENTED_EDGE('',*,*,#582,.T.);
#582 = EDGE_CURVE('',#575,#583,#585,.T.);
#583 = VERTEX_POINT('',#584);
#584 = CARTESIAN_POINT('',(185.55,149.4531832941,8.));
#585 = LINE('',#586,#587);
#586 = CARTESIAN_POINT('',(125.73525403784,114.91912361135,8.));
#587 = VECTOR('',#588,1.);
#588 = DIRECTION('',(-0.866025403784,-0.5,-2.22044604925E-16));
#589 = ORIENTED_EDGE('',*,*,#590,.T.);
#590 = EDGE_CURVE('',#583,#591,#593,.T.);
#591 = VERTEX_POINT('',#592);
#592 = CARTESIAN_POINT('',(185.55,146.04681670589,8.));
#593 = LINE('',#594,#595);
#594 = CARTESIAN_POINT('',(185.55,168.60159164705,8.));
#595 = VECTOR('',#596,1.);
#596 = DIRECTION('',(1.303703516192E-16,-1.,-4.440892098501E-16));
#597 = ORIENTED_EDGE('',*,*,#598,.T.);
#598 = EDGE_CURVE('',#591,#599,#601,.T.);
#599 = VERTEX_POINT('',#600);
#600 = CARTESIAN_POINT('',(188.5,144.34363341178,8.));
#601 = LINE('',#602,#603);
#602 = CARTESIAN_POINT('',(106.93974596215,191.4324680357,8.));
#603 = VECTOR('',#604,1.);
#604 = DIRECTION('',(0.866025403784,-0.5,-2.22044604925E-16));
#605 = ORIENTED_EDGE('',*,*,#606,.T.);
#606 = EDGE_CURVE('',#599,#565,#607,.T.);
#607 = LINE('',#608,#609);
#608 = CARTESIAN_POINT('',(127.21025403784,108.95798208196,8.));
#609 = VECTOR('',#610,1.);
#610 = DIRECTION('',(0.866025403784,0.5,2.22044604925E-16));
#611 = FACE_BOUND('',#612,.F.);
#612 = EDGE_LOOP('',(#613,#623,#631,#639,#647,#655));
#613 = ORIENTED_EDGE('',*,*,#614,.T.);
#614 = EDGE_CURVE('',#615,#617,#619,.T.);
#615 = VERTEX_POINT('',#616);
#616 = CARTESIAN_POINT('',(14.45,42.046816705891,8.));
#617 = VERTEX_POINT('',#618);
#618 = CARTESIAN_POINT('',(14.45,45.453183294109,8.));
#619 = LINE('',#620,#621);
#620 = CARTESIAN_POINT('',(14.45,114.89840835294,8.));
#621 = VECTOR('',#622,1.);
#622 = DIRECTION('',(2.607407032384E-16,1.,4.440892098501E-16));
#623 = ORIENTED_EDGE('',*,*,#624,.T.);
#624 = EDGE_CURVE('',#617,#625,#627,.T.);
#625 = VERTEX_POINT('',#626);
#626 = CARTESIAN_POINT('',(11.5,47.156366588219,8.));
#627 = LINE('',#628,#629);
#628 = CARTESIAN_POINT('',(-21.77691453624,66.368802153517,8.));
#629 = VECTOR('',#630,1.);
#630 = DIRECTION('',(-0.866025403784,0.5,2.22044604925E-16));
#631 = ORIENTED_EDGE('',*,*,#632,.T.);
#632 = EDGE_CURVE('',#625,#633,#635,.T.);
#633 = VERTEX_POINT('',#634);
#634 = CARTESIAN_POINT('',(8.55,45.453183294109,8.));
#635 = LINE('',#636,#637);
#636 = CARTESIAN_POINT('',(37.62691453624,62.240747728811,8.));
#637 = VECTOR('',#638,1.);
#638 = DIRECTION('',(-0.866025403784,-0.5,-2.22044604925E-16));
#639 = ORIENTED_EDGE('',*,*,#640,.T.);
#640 = EDGE_CURVE('',#633,#641,#643,.T.);
#641 = VERTEX_POINT('',#642);
#642 = CARTESIAN_POINT('',(8.55,42.046816705891,8.));
#643 = LINE('',#644,#645);
#644 = CARTESIAN_POINT('',(8.55,116.60159164705,8.));
#645 = VECTOR('',#646,1.);
#646 = DIRECTION('',(1.303703516192E-16,-1.,-4.440892098501E-16));
#647 = ORIENTED_EDGE('',*,*,#648,.T.);
#648 = EDGE_CURVE('',#641,#649,#651,.T.);
#649 = VERTEX_POINT('',#650);
#650 = CARTESIAN_POINT('',(11.5,40.343633411781,8.));
#651 = LINE('',#652,#653);
#652 = CARTESIAN_POINT('',(-26.20191453624,62.110843918244,8.));
#653 = VECTOR('',#654,1.);
#654 = DIRECTION('',(0.866025403784,-0.5,-2.22044604925E-16));
#655 = ORIENTED_EDGE('',*,*,#656,.T.);
#656 = EDGE_CURVE('',#649,#615,#657,.T.);
#657 = LINE('',#658,#659);
#658 = CARTESIAN_POINT('',(39.10191453624,56.279606199428,8.));
#659 = VECTOR('',#660,1.);
#660 = DIRECTION('',(0.866025403784,0.5,2.22044604925E-16));
#661 = FACE_BOUND('',#662,.F.);
#662 = EDGE_LOOP('',(#663,#673,#681,#689));
#663 = ORIENTED_EDGE('',*,*,#664,.T.);
#664 = EDGE_CURVE('',#665,#667,#669,.T.);
#665 = VERTEX_POINT('',#666);
#666 = CARTESIAN_POINT('',(51.,13.75,8.));
#667 = VERTEX_POINT('',#668);
#668 = CARTESIAN_POINT('',(39.,13.75,8.));
#669 = LINE('',#670,#671);
#670 = CARTESIAN_POINT('',(19.5,13.75,8.));
#671 = VECTOR('',#672,1.);
#672 = DIRECTION('',(-1.,-0.,0.));
#673 = ORIENTED_EDGE('',*,*,#674,.T.);
#674 = EDGE_CURVE('',#667,#675,#677,.T.);
#675 = VERTEX_POINT('',#676);
#676 = CARTESIAN_POINT('',(39.,2.75,8.));
#677 = LINE('',#678,#679);
#678 = CARTESIAN_POINT('',(39.,100.75,8.));
#679 = VECTOR('',#680,1.);
#680 = DIRECTION('',(0.,-1.,-4.440892098501E-16));
#681 = ORIENTED_EDGE('',*,*,#682,.F.);
#682 = EDGE_CURVE('',#683,#675,#685,.T.);
#683 = VERTEX_POINT('',#684);
#684 = CARTESIAN_POINT('',(51.,2.75,8.));
#685 = LINE('',#686,#687);
#686 = CARTESIAN_POINT('',(19.5,2.75,8.));
#687 = VECTOR('',#688,1.);
#688 = DIRECTION('',(-1.,-0.,0.));
#689 = ORIENTED_EDGE('',*,*,#690,.F.);
#690 = EDGE_CURVE('',#665,#683,#691,.T.);
#691 = LINE('',#692,#693);
#692 = CARTESIAN_POINT('',(51.,100.75,8.));
#693 = VECTOR('',#694,1.);
#694 = DIRECTION('',(0.,-1.,-4.440892098501E-16));
#695 = FACE_BOUND('',#696,.F.);
#696 = EDGE_LOOP('',(#697,#707,#715,#723,#731,#739));
#697 = ORIENTED_EDGE('',*,*,#698,.T.);
#698 = EDGE_CURVE('',#699,#701,#703,.T.);
#699 = VERTEX_POINT('',#700);
#700 = CARTESIAN_POINT('',(191.45,42.046816705891,8.));
#701 = VERTEX_POINT('',#702);
#702 = CARTESIAN_POINT('',(191.45,45.453183294109,8.));
#703 = LINE('',#704,#705);
#704 = CARTESIAN_POINT('',(191.45,114.89840835294,8.));
#705 = VECTOR('',#706,1.);
#706 = DIRECTION('',(2.607407032384E-16,1.,4.440892098501E-16));
#707 = ORIENTED_EDGE('',*,*,#708,.T.);
#708 = EDGE_CURVE('',#701,#709,#711,.T.);
#709 = VERTEX_POINT('',#710);
#710 = CARTESIAN_POINT('',(188.5,47.156366588219,8.));
#711 = LINE('',#712,#713);
#712 = CARTESIAN_POINT('',(88.84808546376,104.69042627097,8.));
#713 = VECTOR('',#714,1.);
#714 = DIRECTION('',(-0.866025403784,0.5,2.22044604925E-16));
#715 = ORIENTED_EDGE('',*,*,#716,.T.);
#716 = EDGE_CURVE('',#709,#717,#719,.T.);
#717 = VERTEX_POINT('',#718);
#718 = CARTESIAN_POINT('',(185.55,45.453183294109,8.));
#719 = LINE('',#720,#721);
#720 = CARTESIAN_POINT('',(148.25191453624,23.91912361135,8.));
#721 = VECTOR('',#722,1.);
#722 = DIRECTION('',(-0.866025403784,-0.5,-2.22044604925E-16));
#723 = ORIENTED_EDGE('',*,*,#724,.T.);
#724 = EDGE_CURVE('',#717,#725,#727,.T.);
#725 = VERTEX_POINT('',#726);
#726 = CARTESIAN_POINT('',(185.55,42.046816705891,8.));
#727 = LINE('',#728,#729);
#728 = CARTESIAN_POINT('',(185.55,116.60159164705,8.));
#729 = VECTOR('',#730,1.);
#730 = DIRECTION('',(1.303703516192E-16,-1.,-4.440892098501E-16));
#731 = ORIENTED_EDGE('',*,*,#732,.T.);
#732 = EDGE_CURVE('',#725,#733,#735,.T.);
#733 = VERTEX_POINT('',#734);
#734 = CARTESIAN_POINT('',(188.5,40.343633411781,8.));
#735 = LINE('',#736,#737);
#736 = CARTESIAN_POINT('',(84.42308546376,100.4324680357,8.));
#737 = VECTOR('',#738,1.);
#738 = DIRECTION('',(0.866025403784,-0.5,-2.22044604925E-16));
#739 = ORIENTED_EDGE('',*,*,#740,.T.);
#740 = EDGE_CURVE('',#733,#699,#741,.T.);
#741 = LINE('',#742,#743);
#742 = CARTESIAN_POINT('',(149.72691453624,17.957982081967,8.));
#743 = VECTOR('',#744,1.);
#744 = DIRECTION('',(0.866025403784,0.5,2.22044604925E-16));
#745 = FACE_BOUND('',#746,.F.);
#746 = EDGE_LOOP('',(#747,#757,#765,#773));
#747 = ORIENTED_EDGE('',*,*,#748,.T.);
#748 = EDGE_CURVE('',#749,#751,#753,.T.);
#749 = VERTEX_POINT('',#750);
#750 = CARTESIAN_POINT('',(161.,13.75,8.));
#751 = VERTEX_POINT('',#752);
#752 = CARTESIAN_POINT('',(149.,13.75,8.));
#753 = LINE('',#754,#755);
#754 = CARTESIAN_POINT('',(74.5,13.75,8.));
#755 = VECTOR('',#756,1.);
#756 = DIRECTION('',(-1.,-0.,0.));
#757 = ORIENTED_EDGE('',*,*,#758,.T.);
#758 = EDGE_CURVE('',#751,#759,#761,.T.);
#759 = VERTEX_POINT('',#760);
#760 = CARTESIAN_POINT('',(149.,2.75,8.));
#761 = LINE('',#762,#763);
#762 = CARTESIAN_POINT('',(149.,100.75,8.));
#763 = VECTOR('',#764,1.);
#764 = DIRECTION('',(0.,-1.,-4.440892098501E-16));
#765 = ORIENTED_EDGE('',*,*,#766,.F.);
#766 = EDGE_CURVE('',#767,#759,#769,.T.);
#767 = VERTEX_POINT('',#768);
#768 = CARTESIAN_POINT('',(161.,2.75,8.));
#769 = LINE('',#770,#771);
#770 = CARTESIAN_POINT('',(74.5,2.75,8.));
#771 = VECTOR('',#772,1.);
#772 = DIRECTION('',(-1.,-0.,0.));
#773 = ORIENTED_EDGE('',*,*,#774,.F.);
#774 = EDGE_CURVE('',#749,#767,#775,.T.);
#775 = LINE('',#776,#777);
#776 = CARTESIAN_POINT('',(161.,100.75,8.));
#777 = VECTOR('',#778,1.);
#778 = DIRECTION('',(0.,-1.,-4.440892098501E-16));
#779 = PLANE('',#780);
#780 = AXIS2_PLACEMENT_3D('',#781,#782,#783);
#781 = CARTESIAN_POINT('',(0.,187.75,8.));
#782 = DIRECTION('',(0.,4.440892098501E-16,-1.));
#783 = DIRECTION('',(1.,0.,0.));
#784 = ADVANCED_FACE('',(#785),#791,.T.);
#785 = FACE_BOUND('',#786,.T.);
#786 = EDGE_LOOP('',(#787,#788,#789,#790));
#787 = ORIENTED_EDGE('',*,*,#134,.F.);
#788 = ORIENTED_EDGE('',*,*,#460,.T.);
#789 = ORIENTED_EDGE('',*,*,#324,.T.);
#790 = ORIENTED_EDGE('',*,*,#214,.F.);
#791 = PLANE('',#792);
#792 = AXIS2_PLACEMENT_3D('',#793,#794,#795);
#793 = CARTESIAN_POINT('',(200.,187.75,8.));
#794 = DIRECTION('',(1.,0.,0.));
#795 = DIRECTION('',(0.,4.440892098501E-16,-1.));
#796 = ADVANCED_FACE('',(#797),#815,.F.);
#797 = FACE_BOUND('',#798,.F.);
#798 = EDGE_LOOP('',(#799,#800,#801,#809));
#799 = ORIENTED_EDGE('',*,*,#405,.F.);
#800 = ORIENTED_EDGE('',*,*,#70,.T.);
#801 = ORIENTED_EDGE('',*,*,#802,.T.);
#802 = EDGE_CURVE('',#71,#803,#805,.T.);
#803 = VERTEX_POINT('',#804);
#804 = CARTESIAN_POINT('',(34.,173.75,22.));
#805 = LINE('',#806,#807);
#806 = CARTESIAN_POINT('',(34.,187.75,22.));
#807 = VECTOR('',#808,1.);
#808 = DIRECTION('',(0.,-1.,-6.661338147751E-16));
#809 = ORIENTED_EDGE('',*,*,#810,.F.);
#810 = EDGE_CURVE('',#406,#803,#811,.T.);
#811 = LINE('',#812,#813);
#812 = CARTESIAN_POINT('',(34.,173.75,7.5));
#813 = VECTOR('',#814,1.);
#814 = DIRECTION('',(0.,-6.661338147751E-16,1.));
#815 = PLANE('',#816);
#816 = AXIS2_PLACEMENT_3D('',#817,#818,#819);
#817 = CARTESIAN_POINT('',(34.,187.75,7.5));
#818 = DIRECTION('',(1.,0.,0.));
#819 = DIRECTION('',(0.,-1.,-6.661338147751E-16));
#820 = ADVANCED_FACE('',(#821,#839),#873,.T.);
#821 = FACE_BOUND('',#822,.T.);
#822 = EDGE_LOOP('',(#823,#824,#825,#833));
#823 = ORIENTED_EDGE('',*,*,#78,.F.);
#824 = ORIENTED_EDGE('',*,*,#802,.T.);
#825 = ORIENTED_EDGE('',*,*,#826,.T.);
#826 = EDGE_CURVE('',#803,#827,#829,.T.);
#827 = VERTEX_POINT('',#828);
#828 = CARTESIAN_POINT('',(46.,173.75,22.));
#829 = LINE('',#830,#831);
#830 = CARTESIAN_POINT('',(34.,173.75,22.));
#831 = VECTOR('',#832,1.);
#832 = DIRECTION('',(1.,0.,0.));
#833 = ORIENTED_EDGE('',*,*,#834,.F.);
#834 = EDGE_CURVE('',#79,#827,#835,.T.);
#835 = LINE('',#836,#837);
#836 = CARTESIAN_POINT('',(46.,187.75,22.));
#837 = VECTOR('',#838,1.);
#838 = DIRECTION('',(0.,-1.,-6.661338147751E-16));
#839 = FACE_BOUND('',#840,.T.);
#840 = EDGE_LOOP('',(#841,#851,#859,#867));
#841 = ORIENTED_EDGE('',*,*,#842,.F.);
#842 = EDGE_CURVE('',#843,#845,#847,.T.);
#843 = VERTEX_POINT('',#844);
#844 = CARTESIAN_POINT('',(37.05,177.35,22.));
#845 = VERTEX_POINT('',#846);
#846 = CARTESIAN_POINT('',(42.95,177.35,22.));
#847 = LINE('',#848,#849);
#848 = CARTESIAN_POINT('',(35.525,177.35,22.));
#849 = VECTOR('',#850,1.);
#850 = DIRECTION('',(1.,0.,0.));
#851 = ORIENTED_EDGE('',*,*,#852,.T.);
#852 = EDGE_CURVE('',#843,#853,#855,.T.);
#853 = VERTEX_POINT('',#854);
#854 = CARTESIAN_POINT('',(37.05,181.55,22.));
#855 = LINE('',#856,#857);
#856 = CARTESIAN_POINT('',(37.05,184.65,22.));
#857 = VECTOR('',#858,1.);
#858 = DIRECTION('',(0.,1.,6.661338147751E-16));
#859 = ORIENTED_EDGE('',*,*,#860,.T.);
#860 = EDGE_CURVE('',#853,#861,#863,.T.);
#861 = VERTEX_POINT('',#862);
#862 = CARTESIAN_POINT('',(42.95,181.55,22.));
#863 = LINE('',#864,#865);
#864 = CARTESIAN_POINT('',(35.525,181.55,22.));
#865 = VECTOR('',#866,1.);
#866 = DIRECTION('',(1.,0.,0.));
#867 = ORIENTED_EDGE('',*,*,#868,.F.);
#868 = EDGE_CURVE('',#845,#861,#869,.T.);
#869 = LINE('',#870,#871);
#870 = CARTESIAN_POINT('',(42.95,184.65,22.));
#871 = VECTOR('',#872,1.);
#872 = DIRECTION('',(0.,1.,6.661338147751E-16));
#873 = PLANE('',#874);
#874 = AXIS2_PLACEMENT_3D('',#875,#876,#877);
#875 = CARTESIAN_POINT('',(34.,187.75,22.));
#876 = DIRECTION('',(0.,-6.661338147751E-16,1.));
#877 = DIRECTION('',(0.,-1.,-6.661338147751E-16));
#878 = ADVANCED_FACE('',(#879),#897,.T.);
#879 = FACE_BOUND('',#880,.T.);
#880 = EDGE_LOOP('',(#881,#882,#883,#891));
#881 = ORIENTED_EDGE('',*,*,#453,.F.);
#882 = ORIENTED_EDGE('',*,*,#118,.T.);
#883 = ORIENTED_EDGE('',*,*,#884,.T.);
#884 = EDGE_CURVE('',#111,#885,#887,.T.);
#885 = VERTEX_POINT('',#886);
#886 = CARTESIAN_POINT('',(166.,173.75,22.));
#887 = LINE('',#888,#889);
#888 = CARTESIAN_POINT('',(166.,187.75,22.));
#889 = VECTOR('',#890,1.);
#890 = DIRECTION('',(0.,-1.,-6.661338147751E-16));
#891 = ORIENTED_EDGE('',*,*,#892,.F.);
#892 = EDGE_CURVE('',#446,#885,#893,.T.);
#893 = LINE('',#894,#895);
#894 = CARTESIAN_POINT('',(166.,173.75,7.5));
#895 = VECTOR('',#896,1.);
#896 = DIRECTION('',(0.,-6.661338147751E-16,1.));
#897 = PLANE('',#898);
#898 = AXIS2_PLACEMENT_3D('',#899,#900,#901);
#899 = CARTESIAN_POINT('',(166.,187.75,7.5));
#900 = DIRECTION('',(1.,0.,0.));
#901 = DIRECTION('',(0.,-1.,-6.661338147751E-16));
#902 = ADVANCED_FACE('',(#903),#921,.T.);
#903 = FACE_BOUND('',#904,.T.);
#904 = EDGE_LOOP('',(#905,#913,#914,#915));
#905 = ORIENTED_EDGE('',*,*,#906,.F.);
#906 = EDGE_CURVE('',#87,#907,#909,.T.);
#907 = VERTEX_POINT('',#908);
#908 = CARTESIAN_POINT('',(46.,173.75,8.));
#909 = LINE('',#910,#911);
#910 = CARTESIAN_POINT('',(46.,187.75,8.));
#911 = VECTOR('',#912,1.);
#912 = DIRECTION('',(0.,-1.,-4.440892098501E-16));
#913 = ORIENTED_EDGE('',*,*,#86,.T.);
#914 = ORIENTED_EDGE('',*,*,#834,.T.);
#915 = ORIENTED_EDGE('',*,*,#916,.F.);
#916 = EDGE_CURVE('',#907,#827,#917,.T.);
#917 = LINE('',#918,#919);
#918 = CARTESIAN_POINT('',(46.,173.75,7.5));
#919 = VECTOR('',#920,1.);
#920 = DIRECTION('',(0.,-6.661338147751E-16,1.));
#921 = PLANE('',#922);
#922 = AXIS2_PLACEMENT_3D('',#923,#924,#925);
#923 = CARTESIAN_POINT('',(46.,187.75,7.5));
#924 = DIRECTION('',(1.,0.,0.));
#925 = DIRECTION('',(0.,-1.,-6.661338147751E-16));
#926 = ADVANCED_FACE('',(#927,#945),#979,.T.);
#927 = FACE_BOUND('',#928,.T.);
#928 = EDGE_LOOP('',(#929,#930,#938,#944));
#929 = ORIENTED_EDGE('',*,*,#110,.F.);
#930 = ORIENTED_EDGE('',*,*,#931,.T.);
#931 = EDGE_CURVE('',#103,#932,#934,.T.);
#932 = VERTEX_POINT('',#933);
#933 = CARTESIAN_POINT('',(154.,173.75,22.));
#934 = LINE('',#935,#936);
#935 = CARTESIAN_POINT('',(154.,187.75,22.));
#936 = VECTOR('',#937,1.);
#937 = DIRECTION('',(0.,-1.,-6.661338147751E-16));
#938 = ORIENTED_EDGE('',*,*,#939,.T.);
#939 = EDGE_CURVE('',#932,#885,#940,.T.);
#940 = LINE('',#941,#942);
#941 = CARTESIAN_POINT('',(154.,173.75,22.));
#942 = VECTOR('',#943,1.);
#943 = DIRECTION('',(1.,0.,0.));
#944 = ORIENTED_EDGE('',*,*,#884,.F.);
#945 = FACE_BOUND('',#946,.T.);
#946 = EDGE_LOOP('',(#947,#957,#965,#973));
#947 = ORIENTED_EDGE('',*,*,#948,.F.);
#948 = EDGE_CURVE('',#949,#951,#953,.T.);
#949 = VERTEX_POINT('',#950);
#950 = CARTESIAN_POINT('',(157.05,177.35,22.));
#951 = VERTEX_POINT('',#952);
#952 = CARTESIAN_POINT('',(162.95,177.35,22.));
#953 = LINE('',#954,#955);
#954 = CARTESIAN_POINT('',(155.525,177.35,22.));
#955 = VECTOR('',#956,1.);
#956 = DIRECTION('',(1.,0.,0.));
#957 = ORIENTED_EDGE('',*,*,#958,.T.);
#958 = EDGE_CURVE('',#949,#959,#961,.T.);
#959 = VERTEX_POINT('',#960);
#960 = CARTESIAN_POINT('',(157.05,181.55,22.));
#961 = LINE('',#962,#963);
#962 = CARTESIAN_POINT('',(157.05,184.65,22.));
#963 = VECTOR('',#964,1.);
#964 = DIRECTION('',(0.,1.,6.661338147751E-16));
#965 = ORIENTED_EDGE('',*,*,#966,.T.);
#966 = EDGE_CURVE('',#959,#967,#969,.T.);
#967 = VERTEX_POINT('',#968);
#968 = CARTESIAN_POINT('',(162.95,181.55,22.));
#969 = LINE('',#970,#971);
#970 = CARTESIAN_POINT('',(155.525,181.55,22.));
#971 = VECTOR('',#972,1.);
#972 = DIRECTION('',(1.,0.,0.));
#973 = ORIENTED_EDGE('',*,*,#974,.F.);
#974 = EDGE_CURVE('',#951,#967,#975,.T.);
#975 = LINE('',#976,#977);
#976 = CARTESIAN_POINT('',(162.95,184.65,22.));
#977 = VECTOR('',#978,1.);
#978 = DIRECTION('',(0.,1.,6.661338147751E-16));
#979 = PLANE('',#980);
#980 = AXIS2_PLACEMENT_3D('',#981,#982,#983);
#981 = CARTESIAN_POINT('',(154.,187.75,22.));
#982 = DIRECTION('',(0.,-6.661338147751E-16,1.));
#983 = DIRECTION('',(0.,-1.,-6.661338147751E-16));
#984 = ADVANCED_FACE('',(#985,#1003,#1149),#1243,.F.);
#985 = FACE_BOUND('',#986,.F.);
#986 = EDGE_LOOP('',(#987,#995,#1001,#1002));
#987 = ORIENTED_EDGE('',*,*,#988,.T.);
#988 = EDGE_CURVE('',#95,#989,#991,.T.);
#989 = VERTEX_POINT('',#990);
#990 = CARTESIAN_POINT('',(154.,173.75,8.));
#991 = LINE('',#992,#993);
#992 = CARTESIAN_POINT('',(154.,187.75,8.));
#993 = VECTOR('',#994,1.);
#994 = DIRECTION('',(0.,-1.,-4.440892098501E-16));
#995 = ORIENTED_EDGE('',*,*,#996,.T.);
#996 = EDGE_CURVE('',#989,#907,#997,.T.);
#997 = LINE('',#998,#999);
#998 = CARTESIAN_POINT('',(12.,173.75,8.));
#999 = VECTOR('',#1000,1.);
#1000 = DIRECTION('',(-1.,0.,0.));
#1001 = ORIENTED_EDGE('',*,*,#906,.F.);
#1002 = ORIENTED_EDGE('',*,*,#94,.T.);
#1003 = FACE_BOUND('',#1004,.F.);
#1004 = EDGE_LOOP('',(#1005,#1015,#1024,#1032,#1041,#1049,#1058,#1066,
    #1075,#1083,#1092,#1100,#1108,#1117,#1125,#1134,#1142));
#1005 = ORIENTED_EDGE('',*,*,#1006,.F.);
#1006 = EDGE_CURVE('',#1007,#1009,#1011,.T.);
#1007 = VERTEX_POINT('',#1008);
#1008 = CARTESIAN_POINT('',(70.,182.4,8.));
#1009 = VERTEX_POINT('',#1010);
#1010 = CARTESIAN_POINT('',(71.8,182.4,8.));
#1011 = LINE('',#1012,#1013);
#1012 = CARTESIAN_POINT('',(35.,182.4,8.));
#1013 = VECTOR('',#1014,1.);
#1014 = DIRECTION('',(1.,0.,0.));
#1015 = ORIENTED_EDGE('',*,*,#1016,.T.);
#1016 = EDGE_CURVE('',#1007,#1017,#1019,.T.);
#1017 = VERTEX_POINT('',#1018);
#1018 = CARTESIAN_POINT('',(69.6,182.,8.));
#1019 = CIRCLE('',#1020,0.4);
#1020 = AXIS2_PLACEMENT_3D('',#1021,#1022,#1023);
#1021 = CARTESIAN_POINT('',(70.,182.,8.));
#1022 = DIRECTION('',(0.,-4.440892098501E-16,1.));
#1023 = DIRECTION('',(1.,0.,0.));
#1024 = ORIENTED_EDGE('',*,*,#1025,.F.);
#1025 = EDGE_CURVE('',#1026,#1017,#1028,.T.);
#1026 = VERTEX_POINT('',#1027);
#1027 = CARTESIAN_POINT('',(69.6,178.,8.));
#1028 = LINE('',#1029,#1030);
#1029 = CARTESIAN_POINT('',(69.6,182.875,8.));
#1030 = VECTOR('',#1031,1.);
#1031 = DIRECTION('',(1.110223024625E-16,1.,4.440892098501E-16));
#1032 = ORIENTED_EDGE('',*,*,#1033,.T.);
#1033 = EDGE_CURVE('',#1026,#1034,#1036,.T.);
#1034 = VERTEX_POINT('',#1035);
#1035 = CARTESIAN_POINT('',(70.,177.6,8.));
#1036 = CIRCLE('',#1037,0.4);
#1037 = AXIS2_PLACEMENT_3D('',#1038,#1039,#1040);
#1038 = CARTESIAN_POINT('',(70.,178.,8.));
#1039 = DIRECTION('',(0.,-4.440892098501E-16,1.));
#1040 = DIRECTION('',(1.,0.,0.));
#1041 = ORIENTED_EDGE('',*,*,#1042,.F.);
#1042 = EDGE_CURVE('',#1043,#1034,#1045,.T.);
#1043 = VERTEX_POINT('',#1044);
#1044 = CARTESIAN_POINT('',(71.8,177.6,8.));
#1045 = LINE('',#1046,#1047);
#1046 = CARTESIAN_POINT('',(35.9,177.6,8.));
#1047 = VECTOR('',#1048,1.);
#1048 = DIRECTION('',(-1.,1.224646799147E-16,5.438524293788E-32));
#1049 = ORIENTED_EDGE('',*,*,#1050,.T.);
#1050 = EDGE_CURVE('',#1043,#1051,#1053,.T.);
#1051 = VERTEX_POINT('',#1052);
#1052 = CARTESIAN_POINT('',(72.056073759866,177.69271148816,8.));
#1053 = CIRCLE('',#1054,0.4);
#1054 = AXIS2_PLACEMENT_3D('',#1055,#1056,#1057);
#1055 = CARTESIAN_POINT('',(71.8,178.,8.));
#1056 = DIRECTION('',(0.,-4.440892098501E-16,1.));
#1057 = DIRECTION('',(1.,0.,0.));
#1058 = ORIENTED_EDGE('',*,*,#1059,.F.);
#1059 = EDGE_CURVE('',#1060,#1051,#1062,.T.);
#1060 = VERTEX_POINT('',#1061);
#1061 = CARTESIAN_POINT('',(72.656073759866,178.19271148816,8.));
#1062 = LINE('',#1063,#1064);
#1063 = CARTESIAN_POINT('',(53.566729497571,162.28492460291,8.));
#1064 = VECTOR('',#1065,1.);
#1065 = DIRECTION('',(-0.768221279597,-0.640184399664,
    -2.842989842053E-16));
#1066 = ORIENTED_EDGE('',*,*,#1067,.T.);
#1067 = EDGE_CURVE('',#1060,#1068,#1070,.T.);
#1068 = VERTEX_POINT('',#1069);
#1069 = CARTESIAN_POINT('',(72.8,178.5,8.));
#1070 = CIRCLE('',#1071,0.4);
#1071 = AXIS2_PLACEMENT_3D('',#1072,#1073,#1074);
#1072 = CARTESIAN_POINT('',(72.4,178.5,8.));
#1073 = DIRECTION('',(0.,-4.440892098501E-16,1.));
#1074 = DIRECTION('',(1.,0.,0.));
#1075 = ORIENTED_EDGE('',*,*,#1076,.F.);
#1076 = EDGE_CURVE('',#1077,#1068,#1079,.T.);
#1077 = VERTEX_POINT('',#1078);
#1078 = CARTESIAN_POINT('',(72.8,179.5,8.));
#1079 = LINE('',#1080,#1081);
#1080 = CARTESIAN_POINT('',(72.8,183.625,8.));
#1081 = VECTOR('',#1082,1.);
#1082 = DIRECTION('',(1.110223024625E-16,-1.,-4.440892098501E-16));
#1083 = ORIENTED_EDGE('',*,*,#1084,.T.);
#1084 = EDGE_CURVE('',#1077,#1085,#1087,.T.);
#1085 = VERTEX_POINT('',#1086);
#1086 = CARTESIAN_POINT('',(72.656073759866,179.80728851183,8.));
#1087 = CIRCLE('',#1088,0.4);
#1088 = AXIS2_PLACEMENT_3D('',#1089,#1090,#1091);
#1089 = CARTESIAN_POINT('',(72.4,179.5,8.));
#1090 = DIRECTION('',(0.,-4.440892098501E-16,1.));
#1091 = DIRECTION('',(1.,0.,0.));
#1092 = ORIENTED_EDGE('',*,*,#1093,.F.);
#1093 = EDGE_CURVE('',#1094,#1085,#1096,.T.);
#1094 = VERTEX_POINT('',#1095);
#1095 = CARTESIAN_POINT('',(72.424819974073,180.,8.));
#1096 = LINE('',#1097,#1098);
#1097 = CARTESIAN_POINT('',(48.963450809046,199.55114097085,8.));
#1098 = VECTOR('',#1099,1.);
#1099 = DIRECTION('',(0.768221279597,-0.640184399664,-2.842989842053E-16
    ));
#1100 = ORIENTED_EDGE('',*,*,#1101,.F.);
#1101 = EDGE_CURVE('',#1102,#1094,#1104,.T.);
#1102 = VERTEX_POINT('',#1103);
#1103 = CARTESIAN_POINT('',(72.656073759866,180.19271148816,8.));
#1104 = LINE('',#1105,#1106);
#1105 = CARTESIAN_POINT('',(53.074926218882,163.87508853734,8.));
#1106 = VECTOR('',#1107,1.);
#1107 = DIRECTION('',(-0.768221279597,-0.640184399664,
    -2.842989842053E-16));
#1108 = ORIENTED_EDGE('',*,*,#1109,.T.);
#1109 = EDGE_CURVE('',#1102,#1110,#1112,.T.);
#1110 = VERTEX_POINT('',#1111);
#1111 = CARTESIAN_POINT('',(72.8,180.5,8.));
#1112 = CIRCLE('',#1113,0.4);
#1113 = AXIS2_PLACEMENT_3D('',#1114,#1115,#1116);
#1114 = CARTESIAN_POINT('',(72.4,180.5,8.));
#1115 = DIRECTION('',(0.,-4.440892098501E-16,1.));
#1116 = DIRECTION('',(1.,0.,0.));
#1117 = ORIENTED_EDGE('',*,*,#1118,.F.);
#1118 = EDGE_CURVE('',#1119,#1110,#1121,.T.);
#1119 = VERTEX_POINT('',#1120);
#1120 = CARTESIAN_POINT('',(72.8,181.5,8.));
#1121 = LINE('',#1122,#1123);
#1122 = CARTESIAN_POINT('',(72.8,184.625,8.));
#1123 = VECTOR('',#1124,1.);
#1124 = DIRECTION('',(1.110223024625E-16,-1.,-4.440892098501E-16));
#1125 = ORIENTED_EDGE('',*,*,#1126,.T.);
#1126 = EDGE_CURVE('',#1119,#1127,#1129,.T.);
#1127 = VERTEX_POINT('',#1128);
#1128 = CARTESIAN_POINT('',(72.656073759866,181.80728851183,8.));
#1129 = CIRCLE('',#1130,0.4);
#1130 = AXIS2_PLACEMENT_3D('',#1131,#1132,#1133);
#1131 = CARTESIAN_POINT('',(72.4,181.5,8.));
#1132 = DIRECTION('',(0.,-4.440892098501E-16,1.));
#1133 = DIRECTION('',(1.,0.,0.));
#1134 = ORIENTED_EDGE('',*,*,#1135,.F.);
#1135 = EDGE_CURVE('',#1136,#1127,#1138,.T.);
#1136 = VERTEX_POINT('',#1137);
#1137 = CARTESIAN_POINT('',(72.056073759866,182.30728851183,8.));
#1138 = LINE('',#1139,#1140);
#1139 = CARTESIAN_POINT('',(49.455254087735,201.14130490528,8.));
#1140 = VECTOR('',#1141,1.);
#1141 = DIRECTION('',(0.768221279597,-0.640184399664,-2.842989842053E-16
    ));
#1142 = ORIENTED_EDGE('',*,*,#1143,.T.);
#1143 = EDGE_CURVE('',#1136,#1009,#1144,.T.);
#1144 = CIRCLE('',#1145,0.4);
#1145 = AXIS2_PLACEMENT_3D('',#1146,#1147,#1148);
#1146 = CARTESIAN_POINT('',(71.8,182.,8.));
#1147 = DIRECTION('',(0.,-4.440892098501E-16,1.));
#1148 = DIRECTION('',(1.,0.,0.));
#1149 = FACE_BOUND('',#1150,.F.);
#1150 = EDGE_LOOP('',(#1151,#1161,#1170,#1178,#1186,#1194,#1203,#1211,
    #1220,#1228,#1236));
#1151 = ORIENTED_EDGE('',*,*,#1152,.F.);
#1152 = EDGE_CURVE('',#1153,#1155,#1157,.T.);
#1153 = VERTEX_POINT('',#1154);
#1154 = CARTESIAN_POINT('',(73.887652476223,181.24987801902,8.));
#1155 = VERTEX_POINT('',#1156);
#1156 = CARTESIAN_POINT('',(74.687652476223,182.24987801902,8.));
#1157 = LINE('',#1158,#1159);
#1158 = CARTESIAN_POINT('',(61.05594515915,165.21024387268,8.));
#1159 = VECTOR('',#1160,1.);
#1160 = DIRECTION('',(0.624695047554,0.780868809443,3.467754125821E-16)
  );
#1161 = ORIENTED_EDGE('',*,*,#1162,.T.);
#1162 = EDGE_CURVE('',#1153,#1163,#1165,.T.);
#1163 = VERTEX_POINT('',#1164);
#1164 = CARTESIAN_POINT('',(74.512347523777,180.75012198097,8.));
#1165 = CIRCLE('',#1166,0.4);
#1166 = AXIS2_PLACEMENT_3D('',#1167,#1168,#1169);
#1167 = CARTESIAN_POINT('',(74.2,181.,8.));
#1168 = DIRECTION('',(0.,-4.440892098501E-16,1.));
#1169 = DIRECTION('',(1.,0.,0.));
#1170 = ORIENTED_EDGE('',*,*,#1171,.T.);
#1171 = EDGE_CURVE('',#1163,#1172,#1174,.T.);
#1172 = VERTEX_POINT('',#1173);
#1173 = CARTESIAN_POINT('',(74.6,180.85968757625,8.));
#1174 = LINE('',#1175,#1176);
#1175 = CARTESIAN_POINT('',(61.680640206704,164.71048783463,8.));
#1176 = VECTOR('',#1177,1.);
#1177 = DIRECTION('',(0.624695047554,0.780868809443,3.467754125821E-16)
  );
#1178 = ORIENTED_EDGE('',*,*,#1179,.T.);
#1179 = EDGE_CURVE('',#1172,#1180,#1182,.T.);
#1180 = VERTEX_POINT('',#1181);
#1181 = CARTESIAN_POINT('',(74.6,178.4,8.));
#1182 = LINE('',#1183,#1184);
#1183 = CARTESIAN_POINT('',(74.6,184.875,8.));
#1184 = VECTOR('',#1185,1.);
#1185 = DIRECTION('',(1.110223024625E-16,-1.,-4.440892098501E-16));
#1186 = ORIENTED_EDGE('',*,*,#1187,.F.);
#1187 = EDGE_CURVE('',#1188,#1180,#1190,.T.);
#1188 = VERTEX_POINT('',#1189);
#1189 = CARTESIAN_POINT('',(73.8,178.4,8.));
#1190 = LINE('',#1191,#1192);
#1191 = CARTESIAN_POINT('',(36.9,178.4,8.));
#1192 = VECTOR('',#1193,1.);
#1193 = DIRECTION('',(1.,0.,0.));
#1194 = ORIENTED_EDGE('',*,*,#1195,.T.);
#1195 = EDGE_CURVE('',#1188,#1196,#1198,.T.);
#1196 = VERTEX_POINT('',#1197);
#1197 = CARTESIAN_POINT('',(73.8,177.6,8.));
#1198 = CIRCLE('',#1199,0.4);
#1199 = AXIS2_PLACEMENT_3D('',#1200,#1201,#1202);
#1200 = CARTESIAN_POINT('',(73.8,178.,8.));
#1201 = DIRECTION('',(0.,-4.440892098501E-16,1.));
#1202 = DIRECTION('',(1.,0.,0.));
#1203 = ORIENTED_EDGE('',*,*,#1204,.T.);
#1204 = EDGE_CURVE('',#1196,#1205,#1207,.T.);
#1205 = VERTEX_POINT('',#1206);
#1206 = CARTESIAN_POINT('',(76.2,177.6,8.));
#1207 = LINE('',#1208,#1209);
#1208 = CARTESIAN_POINT('',(36.9,177.6,8.));
#1209 = VECTOR('',#1210,1.);
#1210 = DIRECTION('',(1.,0.,0.));
#1211 = ORIENTED_EDGE('',*,*,#1212,.T.);
#1212 = EDGE_CURVE('',#1205,#1213,#1215,.T.);
#1213 = VERTEX_POINT('',#1214);
#1214 = CARTESIAN_POINT('',(76.2,178.4,8.));
#1215 = CIRCLE('',#1216,0.4);
#1216 = AXIS2_PLACEMENT_3D('',#1217,#1218,#1219);
#1217 = CARTESIAN_POINT('',(76.2,178.,8.));
#1218 = DIRECTION('',(0.,-4.440892098501E-16,1.));
#1219 = DIRECTION('',(1.,0.,0.));
#1220 = ORIENTED_EDGE('',*,*,#1221,.F.);
#1221 = EDGE_CURVE('',#1222,#1213,#1224,.T.);
#1222 = VERTEX_POINT('',#1223);
#1223 = CARTESIAN_POINT('',(75.4,178.4,8.));
#1224 = LINE('',#1225,#1226);
#1225 = CARTESIAN_POINT('',(36.9,178.4,8.));
#1226 = VECTOR('',#1227,1.);
#1227 = DIRECTION('',(1.,0.,0.));
#1228 = ORIENTED_EDGE('',*,*,#1229,.F.);
#1229 = EDGE_CURVE('',#1230,#1222,#1232,.T.);
#1230 = VERTEX_POINT('',#1231);
#1231 = CARTESIAN_POINT('',(75.4,182.,8.));
#1232 = LINE('',#1233,#1234);
#1233 = CARTESIAN_POINT('',(75.4,184.875,8.));
#1234 = VECTOR('',#1235,1.);
#1235 = DIRECTION('',(1.110223024625E-16,-1.,-4.440892098501E-16));
#1236 = ORIENTED_EDGE('',*,*,#1237,.T.);
#1237 = EDGE_CURVE('',#1230,#1155,#1238,.T.);
#1238 = CIRCLE('',#1239,0.4);
#1239 = AXIS2_PLACEMENT_3D('',#1240,#1241,#1242);
#1240 = CARTESIAN_POINT('',(75.,182.,8.));
#1241 = DIRECTION('',(0.,-4.440892098501E-16,1.));
#1242 = DIRECTION('',(1.,0.,0.));
#1243 = PLANE('',#1244);
#1244 = AXIS2_PLACEMENT_3D('',#1245,#1246,#1247);
#1245 = CARTESIAN_POINT('',(0.,187.75,8.));
#1246 = DIRECTION('',(0.,4.440892098501E-16,-1.));
#1247 = DIRECTION('',(1.,0.,0.));
#1248 = ADVANCED_FACE('',(#1249),#1260,.F.);
#1249 = FACE_BOUND('',#1250,.F.);
#1250 = EDGE_LOOP('',(#1251,#1252,#1253,#1254));
#1251 = ORIENTED_EDGE('',*,*,#988,.F.);
#1252 = ORIENTED_EDGE('',*,*,#102,.T.);
#1253 = ORIENTED_EDGE('',*,*,#931,.T.);
#1254 = ORIENTED_EDGE('',*,*,#1255,.F.);
#1255 = EDGE_CURVE('',#989,#932,#1256,.T.);
#1256 = LINE('',#1257,#1258);
#1257 = CARTESIAN_POINT('',(154.,173.75,7.5));
#1258 = VECTOR('',#1259,1.);
#1259 = DIRECTION('',(0.,-6.661338147751E-16,1.));
#1260 = PLANE('',#1261);
#1261 = AXIS2_PLACEMENT_3D('',#1262,#1263,#1264);
#1262 = CARTESIAN_POINT('',(154.,187.75,7.5));
#1263 = DIRECTION('',(1.,0.,0.));
#1264 = DIRECTION('',(0.,-1.,-6.661338147751E-16));
#1265 = ADVANCED_FACE('',(#1266),#1291,.T.);
#1266 = FACE_BOUND('',#1267,.T.);
#1267 = EDGE_LOOP('',(#1268,#1276,#1284,#1290));
#1268 = ORIENTED_EDGE('',*,*,#1269,.F.);
#1269 = EDGE_CURVE('',#1270,#151,#1272,.T.);
#1270 = VERTEX_POINT('',#1271);
#1271 = CARTESIAN_POINT('',(28.,190.35,2.));
#1272 = LINE('',#1273,#1274);
#1273 = CARTESIAN_POINT('',(28.,190.75,2.));
#1274 = VECTOR('',#1275,1.);
#1275 = DIRECTION('',(0.,-1.,-4.440892098501E-16));
#1276 = ORIENTED_EDGE('',*,*,#1277,.T.);
#1277 = EDGE_CURVE('',#1270,#1278,#1280,.T.);
#1278 = VERTEX_POINT('',#1279);
#1279 = CARTESIAN_POINT('',(172.,190.35,2.));
#1280 = LINE('',#1281,#1282);
#1281 = CARTESIAN_POINT('',(28.,190.35,2.));
#1282 = VECTOR('',#1283,1.);
#1283 = DIRECTION('',(1.,0.,0.));
#1284 = ORIENTED_EDGE('',*,*,#1285,.T.);
#1285 = EDGE_CURVE('',#1278,#153,#1286,.T.);
#1286 = LINE('',#1287,#1288);
#1287 = CARTESIAN_POINT('',(172.,190.75,2.));
#1288 = VECTOR('',#1289,1.);
#1289 = DIRECTION('',(0.,-1.,-4.440892098501E-16));
#1290 = ORIENTED_EDGE('',*,*,#150,.F.);
#1291 = PLANE('',#1292);
#1292 = AXIS2_PLACEMENT_3D('',#1293,#1294,#1295);
#1293 = CARTESIAN_POINT('',(28.,190.75,2.));
#1294 = DIRECTION('',(0.,4.440892098501E-16,-1.));
#1295 = DIRECTION('',(1.,0.,0.));
#1296 = ADVANCED_FACE('',(#1297),#1315,.F.);
#1297 = FACE_BOUND('',#1298,.F.);
#1298 = EDGE_LOOP('',(#1299,#1300,#1308,#1314));
#1299 = ORIENTED_EDGE('',*,*,#1269,.F.);
#1300 = ORIENTED_EDGE('',*,*,#1301,.F.);
#1301 = EDGE_CURVE('',#1302,#1270,#1304,.T.);
#1302 = VERTEX_POINT('',#1303);
#1303 = CARTESIAN_POINT('',(28.,190.35,6.));
#1304 = LINE('',#1305,#1306);
#1305 = CARTESIAN_POINT('',(28.,190.35,6.));
#1306 = VECTOR('',#1307,1.);
#1307 = DIRECTION('',(0.,4.440892098501E-16,-1.));
#1308 = ORIENTED_EDGE('',*,*,#1309,.T.);
#1309 = EDGE_CURVE('',#1302,#169,#1310,.T.);
#1310 = LINE('',#1311,#1312);
#1311 = CARTESIAN_POINT('',(28.,190.75,6.));
#1312 = VECTOR('',#1313,1.);
#1313 = DIRECTION('',(0.,-1.,-4.440892098501E-16));
#1314 = ORIENTED_EDGE('',*,*,#176,.F.);
#1315 = PLANE('',#1316);
#1316 = AXIS2_PLACEMENT_3D('',#1317,#1318,#1319);
#1317 = CARTESIAN_POINT('',(28.,190.75,6.));
#1318 = DIRECTION('',(1.,0.,0.));
#1319 = DIRECTION('',(0.,4.440892098501E-16,-1.));
#1320 = ADVANCED_FACE('',(#1321),#1339,.T.);
#1321 = FACE_BOUND('',#1322,.T.);
#1322 = EDGE_LOOP('',(#1323,#1324,#1332,#1338));
#1323 = ORIENTED_EDGE('',*,*,#1285,.F.);
#1324 = ORIENTED_EDGE('',*,*,#1325,.F.);
#1325 = EDGE_CURVE('',#1326,#1278,#1328,.T.);
#1326 = VERTEX_POINT('',#1327);
#1327 = CARTESIAN_POINT('',(172.,190.35,6.));
#1328 = LINE('',#1329,#1330);
#1329 = CARTESIAN_POINT('',(172.,190.35,6.));
#1330 = VECTOR('',#1331,1.);
#1331 = DIRECTION('',(0.,4.440892098501E-16,-1.));
#1332 = ORIENTED_EDGE('',*,*,#1333,.T.);
#1333 = EDGE_CURVE('',#1326,#161,#1334,.T.);
#1334 = LINE('',#1335,#1336);
#1335 = CARTESIAN_POINT('',(172.,190.75,6.));
#1336 = VECTOR('',#1337,1.);
#1337 = DIRECTION('',(0.,-1.,-4.440892098501E-16));
#1338 = ORIENTED_EDGE('',*,*,#160,.F.);
#1339 = PLANE('',#1340);
#1340 = AXIS2_PLACEMENT_3D('',#1341,#1342,#1343);
#1341 = CARTESIAN_POINT('',(172.,190.75,6.));
#1342 = DIRECTION('',(1.,0.,0.));
#1343 = DIRECTION('',(0.,4.440892098501E-16,-1.));
#1344 = ADVANCED_FACE('',(#1345),#1356,.F.);
#1345 = FACE_BOUND('',#1346,.F.);
#1346 = EDGE_LOOP('',(#1347,#1348,#1354,#1355));
#1347 = ORIENTED_EDGE('',*,*,#1309,.F.);
#1348 = ORIENTED_EDGE('',*,*,#1349,.T.);
#1349 = EDGE_CURVE('',#1302,#1326,#1350,.T.);
#1350 = LINE('',#1351,#1352);
#1351 = CARTESIAN_POINT('',(28.,190.35,6.));
#1352 = VECTOR('',#1353,1.);
#1353 = DIRECTION('',(1.,0.,0.));
#1354 = ORIENTED_EDGE('',*,*,#1333,.T.);
#1355 = ORIENTED_EDGE('',*,*,#168,.F.);
#1356 = PLANE('',#1357);
#1357 = AXIS2_PLACEMENT_3D('',#1358,#1359,#1360);
#1358 = CARTESIAN_POINT('',(28.,190.75,6.));
#1359 = DIRECTION('',(0.,4.440892098501E-16,-1.));
#1360 = DIRECTION('',(1.,0.,0.));
#1361 = ADVANCED_FACE('',(#1362),#1381,.F.);
#1362 = FACE_BOUND('',#1363,.F.);
#1363 = EDGE_LOOP('',(#1364,#1365,#1373,#1380));
#1364 = ORIENTED_EDGE('',*,*,#184,.T.);
#1365 = ORIENTED_EDGE('',*,*,#1366,.T.);
#1366 = EDGE_CURVE('',#185,#1367,#1369,.T.);
#1367 = VERTEX_POINT('',#1368);
#1368 = CARTESIAN_POINT('',(161.8,181.55,14.));
#1369 = LINE('',#1370,#1371);
#1370 = CARTESIAN_POINT('',(161.8,192.75,14.));
#1371 = VECTOR('',#1372,1.);
#1372 = DIRECTION('',(0.,-1.,-6.661338147751E-16));
#1373 = ORIENTED_EDGE('',*,*,#1374,.F.);
#1374 = EDGE_CURVE('',#1367,#1367,#1375,.T.);
#1375 = CIRCLE('',#1376,1.8);
#1376 = AXIS2_PLACEMENT_3D('',#1377,#1378,#1379);
#1377 = CARTESIAN_POINT('',(160.,181.55,14.));
#1378 = DIRECTION('',(0.,-1.,-6.661338147751E-16));
#1379 = DIRECTION('',(1.,0.,0.));
#1380 = ORIENTED_EDGE('',*,*,#1366,.F.);
#1381 = CYLINDRICAL_SURFACE('',#1382,1.8);
#1382 = AXIS2_PLACEMENT_3D('',#1383,#1384,#1385);
#1383 = CARTESIAN_POINT('',(160.,192.75,14.));
#1384 = DIRECTION('',(0.,-1.,-6.661338147751E-16));
#1385 = DIRECTION('',(1.,0.,0.));
#1386 = ADVANCED_FACE('',(#1387),#1406,.F.);
#1387 = FACE_BOUND('',#1388,.F.);
#1388 = EDGE_LOOP('',(#1389,#1390,#1398,#1405));
#1389 = ORIENTED_EDGE('',*,*,#195,.T.);
#1390 = ORIENTED_EDGE('',*,*,#1391,.T.);
#1391 = EDGE_CURVE('',#196,#1392,#1394,.T.);
#1392 = VERTEX_POINT('',#1393);
#1393 = CARTESIAN_POINT('',(41.8,181.55,14.));
#1394 = LINE('',#1395,#1396);
#1395 = CARTESIAN_POINT('',(41.8,192.75,14.));
#1396 = VECTOR('',#1397,1.);
#1397 = DIRECTION('',(0.,-1.,-6.661338147751E-16));
#1398 = ORIENTED_EDGE('',*,*,#1399,.F.);
#1399 = EDGE_CURVE('',#1392,#1392,#1400,.T.);
#1400 = CIRCLE('',#1401,1.8);
#1401 = AXIS2_PLACEMENT_3D('',#1402,#1403,#1404);
#1402 = CARTESIAN_POINT('',(40.,181.55,14.));
#1403 = DIRECTION('',(0.,-1.,-6.661338147751E-16));
#1404 = DIRECTION('',(1.,0.,0.));
#1405 = ORIENTED_EDGE('',*,*,#1391,.F.);
#1406 = CYLINDRICAL_SURFACE('',#1407,1.8);
#1407 = AXIS2_PLACEMENT_3D('',#1408,#1409,#1410);
#1408 = CARTESIAN_POINT('',(40.,192.75,14.));
#1409 = DIRECTION('',(0.,-1.,-6.661338147751E-16));
#1410 = DIRECTION('',(1.,0.,0.));
#1411 = ADVANCED_FACE('',(#1412),#1431,.F.);
#1412 = FACE_BOUND('',#1413,.F.);
#1413 = EDGE_LOOP('',(#1414,#1423,#1429,#1430));
#1414 = ORIENTED_EDGE('',*,*,#1415,.F.);
#1415 = EDGE_CURVE('',#1416,#1416,#1418,.T.);
#1416 = VERTEX_POINT('',#1417);
#1417 = CARTESIAN_POINT('',(11.5,145.95,2.));
#1418 = CIRCLE('',#1419,1.8);
#1419 = AXIS2_PLACEMENT_3D('',#1420,#1421,#1422);
#1420 = CARTESIAN_POINT('',(11.5,147.75,2.));
#1421 = DIRECTION('',(0.,-6.661338147751E-16,1.));
#1422 = DIRECTION('',(0.,-1.,-6.661338147751E-16));
#1423 = ORIENTED_EDGE('',*,*,#1424,.F.);
#1424 = EDGE_CURVE('',#231,#1416,#1425,.T.);
#1425 = LINE('',#1426,#1427);
#1426 = CARTESIAN_POINT('',(11.5,145.95,-9.999999999994E-02));
#1427 = VECTOR('',#1428,1.);
#1428 = DIRECTION('',(0.,-6.661338147751E-16,1.));
#1429 = ORIENTED_EDGE('',*,*,#230,.T.);
#1430 = ORIENTED_EDGE('',*,*,#1424,.T.);
#1431 = CYLINDRICAL_SURFACE('',#1432,1.8);
#1432 = AXIS2_PLACEMENT_3D('',#1433,#1434,#1435);
#1433 = CARTESIAN_POINT('',(11.5,147.75,-9.999999999994E-02));
#1434 = DIRECTION('',(0.,-6.661338147751E-16,1.));
#1435 = DIRECTION('',(0.,-1.,-6.661338147751E-16));
#1436 = ADVANCED_FACE('',(#1437),#1456,.F.);
#1437 = FACE_BOUND('',#1438,.F.);
#1438 = EDGE_LOOP('',(#1439,#1448,#1454,#1455));
#1439 = ORIENTED_EDGE('',*,*,#1440,.F.);
#1440 = EDGE_CURVE('',#1441,#1441,#1443,.T.);
#1441 = VERTEX_POINT('',#1442);
#1442 = CARTESIAN_POINT('',(188.5,145.95,2.));
#1443 = CIRCLE('',#1444,1.8);
#1444 = AXIS2_PLACEMENT_3D('',#1445,#1446,#1447);
#1445 = CARTESIAN_POINT('',(188.5,147.75,2.));
#1446 = DIRECTION('',(0.,-6.661338147751E-16,1.));
#1447 = DIRECTION('',(0.,-1.,-6.661338147751E-16));
#1448 = ORIENTED_EDGE('',*,*,#1449,.F.);
#1449 = EDGE_CURVE('',#242,#1441,#1450,.T.);
#1450 = LINE('',#1451,#1452);
#1451 = CARTESIAN_POINT('',(188.5,145.95,-9.999999999994E-02));
#1452 = VECTOR('',#1453,1.);
#1453 = DIRECTION('',(0.,-6.661338147751E-16,1.));
#1454 = ORIENTED_EDGE('',*,*,#241,.T.);
#1455 = ORIENTED_EDGE('',*,*,#1449,.T.);
#1456 = CYLINDRICAL_SURFACE('',#1457,1.8);
#1457 = AXIS2_PLACEMENT_3D('',#1458,#1459,#1460);
#1458 = CARTESIAN_POINT('',(188.5,147.75,-9.999999999994E-02));
#1459 = DIRECTION('',(0.,-6.661338147751E-16,1.));
#1460 = DIRECTION('',(0.,-1.,-6.661338147751E-16));
#1461 = ADVANCED_FACE('',(#1462),#1486,.T.);
#1462 = FACE_BOUND('',#1463,.T.);
#1463 = EDGE_LOOP('',(#1464,#1470,#1471,#1472,#1473,#1474,#1475,#1476,
    #1477,#1478,#1479,#1485));
#1464 = ORIENTED_EDGE('',*,*,#1465,.F.);
#1465 = EDGE_CURVE('',#438,#253,#1466,.T.);
#1466 = LINE('',#1467,#1468);
#1467 = CARTESIAN_POINT('',(176.,173.75,9.));
#1468 = VECTOR('',#1469,1.);
#1469 = DIRECTION('',(0.,4.440892098501E-16,-1.));
#1470 = ORIENTED_EDGE('',*,*,#445,.T.);
#1471 = ORIENTED_EDGE('',*,*,#892,.T.);
#1472 = ORIENTED_EDGE('',*,*,#939,.F.);
#1473 = ORIENTED_EDGE('',*,*,#1255,.F.);
#1474 = ORIENTED_EDGE('',*,*,#996,.T.);
#1475 = ORIENTED_EDGE('',*,*,#916,.T.);
#1476 = ORIENTED_EDGE('',*,*,#826,.F.);
#1477 = ORIENTED_EDGE('',*,*,#810,.F.);
#1478 = ORIENTED_EDGE('',*,*,#413,.T.);
#1479 = ORIENTED_EDGE('',*,*,#1480,.T.);
#1480 = EDGE_CURVE('',#414,#255,#1481,.T.);
#1481 = LINE('',#1482,#1483);
#1482 = CARTESIAN_POINT('',(24.,173.75,9.));
#1483 = VECTOR('',#1484,1.);
#1484 = DIRECTION('',(0.,4.440892098501E-16,-1.));
#1485 = ORIENTED_EDGE('',*,*,#252,.F.);
#1486 = PLANE('',#1487);
#1487 = AXIS2_PLACEMENT_3D('',#1488,#1489,#1490);
#1488 = CARTESIAN_POINT('',(100.,173.75,6.531914893617));
#1489 = DIRECTION('',(0.,-1.,-6.661338147751E-16));
#1490 = DIRECTION('',(1.,0.,0.));
#1491 = ADVANCED_FACE('',(#1492),#1503,.F.);
#1492 = FACE_BOUND('',#1493,.F.);
#1493 = EDGE_LOOP('',(#1494,#1495,#1496,#1502));
#1494 = ORIENTED_EDGE('',*,*,#1465,.F.);
#1495 = ORIENTED_EDGE('',*,*,#437,.T.);
#1496 = ORIENTED_EDGE('',*,*,#1497,.T.);
#1497 = EDGE_CURVE('',#430,#271,#1498,.T.);
#1498 = LINE('',#1499,#1500);
#1499 = CARTESIAN_POINT('',(176.,15.75,9.));
#1500 = VECTOR('',#1501,1.);
#1501 = DIRECTION('',(0.,4.440892098501E-16,-1.));
#1502 = ORIENTED_EDGE('',*,*,#278,.F.);
#1503 = PLANE('',#1504);
#1504 = AXIS2_PLACEMENT_3D('',#1505,#1506,#1507);
#1505 = CARTESIAN_POINT('',(176.,173.75,9.));
#1506 = DIRECTION('',(1.,0.,0.));
#1507 = DIRECTION('',(0.,4.440892098501E-16,-1.));
#1508 = ADVANCED_FACE('',(#1509),#1520,.T.);
#1509 = FACE_BOUND('',#1510,.T.);
#1510 = EDGE_LOOP('',(#1511,#1512,#1513,#1519));
#1511 = ORIENTED_EDGE('',*,*,#1480,.F.);
#1512 = ORIENTED_EDGE('',*,*,#421,.T.);
#1513 = ORIENTED_EDGE('',*,*,#1514,.T.);
#1514 = EDGE_CURVE('',#422,#263,#1515,.T.);
#1515 = LINE('',#1516,#1517);
#1516 = CARTESIAN_POINT('',(24.,15.75,9.));
#1517 = VECTOR('',#1518,1.);
#1518 = DIRECTION('',(0.,4.440892098501E-16,-1.));
#1519 = ORIENTED_EDGE('',*,*,#262,.F.);
#1520 = PLANE('',#1521);
#1521 = AXIS2_PLACEMENT_3D('',#1522,#1523,#1524);
#1522 = CARTESIAN_POINT('',(24.,173.75,9.));
#1523 = DIRECTION('',(1.,0.,0.));
#1524 = DIRECTION('',(0.,4.440892098501E-16,-1.));
#1525 = ADVANCED_FACE('',(#1526),#1532,.F.);
#1526 = FACE_BOUND('',#1527,.F.);
#1527 = EDGE_LOOP('',(#1528,#1529,#1530,#1531));
#1528 = ORIENTED_EDGE('',*,*,#1497,.F.);
#1529 = ORIENTED_EDGE('',*,*,#429,.T.);
#1530 = ORIENTED_EDGE('',*,*,#1514,.T.);
#1531 = ORIENTED_EDGE('',*,*,#270,.F.);
#1532 = PLANE('',#1533);
#1533 = AXIS2_PLACEMENT_3D('',#1534,#1535,#1536);
#1534 = CARTESIAN_POINT('',(24.,15.75,9.));
#1535 = DIRECTION('',(0.,-1.,-4.440892098501E-16));
#1536 = DIRECTION('',(0.,4.440892098501E-16,-1.));
#1537 = ADVANCED_FACE('',(#1538),#1557,.F.);
#1538 = FACE_BOUND('',#1539,.F.);
#1539 = EDGE_LOOP('',(#1540,#1549,#1555,#1556));
#1540 = ORIENTED_EDGE('',*,*,#1541,.F.);
#1541 = EDGE_CURVE('',#1542,#1542,#1544,.T.);
#1542 = VERTEX_POINT('',#1543);
#1543 = CARTESIAN_POINT('',(11.5,41.95,2.));
#1544 = CIRCLE('',#1545,1.8);
#1545 = AXIS2_PLACEMENT_3D('',#1546,#1547,#1548);
#1546 = CARTESIAN_POINT('',(11.5,43.75,2.));
#1547 = DIRECTION('',(0.,-6.661338147751E-16,1.));
#1548 = DIRECTION('',(0.,-1.,-6.661338147751E-16));
#1549 = ORIENTED_EDGE('',*,*,#1550,.F.);
#1550 = EDGE_CURVE('',#287,#1542,#1551,.T.);
#1551 = LINE('',#1552,#1553);
#1552 = CARTESIAN_POINT('',(11.5,41.95,-0.1));
#1553 = VECTOR('',#1554,1.);
#1554 = DIRECTION('',(0.,-6.661338147751E-16,1.));
#1555 = ORIENTED_EDGE('',*,*,#286,.T.);
#1556 = ORIENTED_EDGE('',*,*,#1550,.T.);
#1557 = CYLINDRICAL_SURFACE('',#1558,1.8);
#1558 = AXIS2_PLACEMENT_3D('',#1559,#1560,#1561);
#1559 = CARTESIAN_POINT('',(11.5,43.75,-0.1));
#1560 = DIRECTION('',(0.,-6.661338147751E-16,1.));
#1561 = DIRECTION('',(0.,-1.,-6.661338147751E-16));
#1562 = ADVANCED_FACE('',(#1563),#1582,.F.);
#1563 = FACE_BOUND('',#1564,.F.);
#1564 = EDGE_LOOP('',(#1565,#1574,#1580,#1581));
#1565 = ORIENTED_EDGE('',*,*,#1566,.F.);
#1566 = EDGE_CURVE('',#1567,#1567,#1569,.T.);
#1567 = VERTEX_POINT('',#1568);
#1568 = CARTESIAN_POINT('',(188.5,41.95,2.));
#1569 = CIRCLE('',#1570,1.8);
#1570 = AXIS2_PLACEMENT_3D('',#1571,#1572,#1573);
#1571 = CARTESIAN_POINT('',(188.5,43.75,2.));
#1572 = DIRECTION('',(0.,-6.661338147751E-16,1.));
#1573 = DIRECTION('',(0.,-1.,-6.661338147751E-16));
#1574 = ORIENTED_EDGE('',*,*,#1575,.F.);
#1575 = EDGE_CURVE('',#298,#1567,#1576,.T.);
#1576 = LINE('',#1577,#1578);
#1577 = CARTESIAN_POINT('',(188.5,41.95,-0.1));
#1578 = VECTOR('',#1579,1.);
#1579 = DIRECTION('',(0.,-6.661338147751E-16,1.));
#1580 = ORIENTED_EDGE('',*,*,#297,.T.);
#1581 = ORIENTED_EDGE('',*,*,#1575,.T.);
#1582 = CYLINDRICAL_SURFACE('',#1583,1.8);
#1583 = AXIS2_PLACEMENT_3D('',#1584,#1585,#1586);
#1584 = CARTESIAN_POINT('',(188.5,43.75,-0.1));
#1585 = DIRECTION('',(0.,-6.661338147751E-16,1.));
#1586 = DIRECTION('',(0.,-1.,-6.661338147751E-16));
#1587 = ADVANCED_FACE('',(#1588),#1606,.T.);
#1588 = FACE_BOUND('',#1589,.T.);
#1589 = EDGE_LOOP('',(#1590,#1598,#1604,#1605));
#1590 = ORIENTED_EDGE('',*,*,#1591,.F.);
#1591 = EDGE_CURVE('',#1592,#381,#1594,.T.);
#1592 = VERTEX_POINT('',#1593);
#1593 = CARTESIAN_POINT('',(1.75,171.75,4.));
#1594 = LINE('',#1595,#1596);
#1595 = CARTESIAN_POINT('',(1.75,171.75,4.));
#1596 = VECTOR('',#1597,1.);
#1597 = DIRECTION('',(0.,-1.,-6.661338147751E-16));
#1598 = ORIENTED_EDGE('',*,*,#1599,.T.);
#1599 = EDGE_CURVE('',#1592,#499,#1600,.T.);
#1600 = LINE('',#1601,#1602);
#1601 = CARTESIAN_POINT('',(1.75,171.75,4.));
#1602 = VECTOR('',#1603,1.);
#1603 = DIRECTION('',(0.,-6.661338147751E-16,1.));
#1604 = ORIENTED_EDGE('',*,*,#506,.T.);
#1605 = ORIENTED_EDGE('',*,*,#388,.F.);
#1606 = PLANE('',#1607);
#1607 = AXIS2_PLACEMENT_3D('',#1608,#1609,#1610);
#1608 = CARTESIAN_POINT('',(1.75,171.75,4.));
#1609 = DIRECTION('',(1.,0.,0.));
#1610 = DIRECTION('',(0.,-1.,-6.661338147751E-16));
#1611 = ADVANCED_FACE('',(#1612),#1630,.T.);
#1612 = FACE_BOUND('',#1613,.T.);
#1613 = EDGE_LOOP('',(#1614,#1622,#1628,#1629));
#1614 = ORIENTED_EDGE('',*,*,#1615,.F.);
#1615 = EDGE_CURVE('',#1616,#373,#1618,.T.);
#1616 = VERTEX_POINT('',#1617);
#1617 = CARTESIAN_POINT('',(6.25,171.75,4.));
#1618 = LINE('',#1619,#1620);
#1619 = CARTESIAN_POINT('',(6.25,171.75,4.));
#1620 = VECTOR('',#1621,1.);
#1621 = DIRECTION('',(0.,-1.,-6.661338147751E-16));
#1622 = ORIENTED_EDGE('',*,*,#1623,.F.);
#1623 = EDGE_CURVE('',#1592,#1616,#1624,.T.);
#1624 = LINE('',#1625,#1626);
#1625 = CARTESIAN_POINT('',(1.75,171.75,4.));
#1626 = VECTOR('',#1627,1.);
#1627 = DIRECTION('',(1.,0.,0.));
#1628 = ORIENTED_EDGE('',*,*,#1591,.T.);
#1629 = ORIENTED_EDGE('',*,*,#380,.F.);
#1630 = PLANE('',#1631);
#1631 = AXIS2_PLACEMENT_3D('',#1632,#1633,#1634);
#1632 = CARTESIAN_POINT('',(1.75,171.75,4.));
#1633 = DIRECTION('',(0.,-6.661338147751E-16,1.));
#1634 = DIRECTION('',(0.,-1.,-6.661338147751E-16));
#1635 = ADVANCED_FACE('',(#1636),#1647,.F.);
#1636 = FACE_BOUND('',#1637,.F.);
#1637 = EDGE_LOOP('',(#1638,#1639,#1645,#1646));
#1638 = ORIENTED_EDGE('',*,*,#1615,.F.);
#1639 = ORIENTED_EDGE('',*,*,#1640,.T.);
#1640 = EDGE_CURVE('',#1616,#491,#1641,.T.);
#1641 = LINE('',#1642,#1643);
#1642 = CARTESIAN_POINT('',(6.25,171.75,4.));
#1643 = VECTOR('',#1644,1.);
#1644 = DIRECTION('',(0.,-6.661338147751E-16,1.));
#1645 = ORIENTED_EDGE('',*,*,#490,.T.);
#1646 = ORIENTED_EDGE('',*,*,#372,.F.);
#1647 = PLANE('',#1648);
#1648 = AXIS2_PLACEMENT_3D('',#1649,#1650,#1651);
#1649 = CARTESIAN_POINT('',(6.25,171.75,4.));
#1650 = DIRECTION('',(1.,0.,0.));
#1651 = DIRECTION('',(0.,-1.,-6.661338147751E-16));
#1652 = ADVANCED_FACE('',(#1653),#1671,.T.);
#1653 = FACE_BOUND('',#1654,.T.);
#1654 = EDGE_LOOP('',(#1655,#1663,#1669,#1670));
#1655 = ORIENTED_EDGE('',*,*,#1656,.F.);
#1656 = EDGE_CURVE('',#1657,#349,#1659,.T.);
#1657 = VERTEX_POINT('',#1658);
#1658 = CARTESIAN_POINT('',(193.75,171.75,4.));
#1659 = LINE('',#1660,#1661);
#1660 = CARTESIAN_POINT('',(193.75,171.75,4.));
#1661 = VECTOR('',#1662,1.);
#1662 = DIRECTION('',(0.,-1.,-6.661338147751E-16));
#1663 = ORIENTED_EDGE('',*,*,#1664,.T.);
#1664 = EDGE_CURVE('',#1657,#476,#1665,.T.);
#1665 = LINE('',#1666,#1667);
#1666 = CARTESIAN_POINT('',(193.75,171.75,4.));
#1667 = VECTOR('',#1668,1.);
#1668 = DIRECTION('',(0.,-6.661338147751E-16,1.));
#1669 = ORIENTED_EDGE('',*,*,#483,.T.);
#1670 = ORIENTED_EDGE('',*,*,#356,.F.);
#1671 = PLANE('',#1672);
#1672 = AXIS2_PLACEMENT_3D('',#1673,#1674,#1675);
#1673 = CARTESIAN_POINT('',(193.75,171.75,4.));
#1674 = DIRECTION('',(1.,0.,0.));
#1675 = DIRECTION('',(0.,-1.,-6.661338147751E-16));
#1676 = ADVANCED_FACE('',(#1677),#1695,.T.);
#1677 = FACE_BOUND('',#1678,.T.);
#1678 = EDGE_LOOP('',(#1679,#1687,#1693,#1694));
#1679 = ORIENTED_EDGE('',*,*,#1680,.F.);
#1680 = EDGE_CURVE('',#1681,#341,#1683,.T.);
#1681 = VERTEX_POINT('',#1682);
#1682 = CARTESIAN_POINT('',(198.25,171.75,4.));
#1683 = LINE('',#1684,#1685);
#1684 = CARTESIAN_POINT('',(198.25,171.75,4.));
#1685 = VECTOR('',#1686,1.);
#1686 = DIRECTION('',(0.,-1.,-6.661338147751E-16));
#1687 = ORIENTED_EDGE('',*,*,#1688,.F.);
#1688 = EDGE_CURVE('',#1657,#1681,#1689,.T.);
#1689 = LINE('',#1690,#1691);
#1690 = CARTESIAN_POINT('',(193.75,171.75,4.));
#1691 = VECTOR('',#1692,1.);
#1692 = DIRECTION('',(1.,0.,0.));
#1693 = ORIENTED_EDGE('',*,*,#1656,.T.);
#1694 = ORIENTED_EDGE('',*,*,#348,.F.);
#1695 = PLANE('',#1696);
#1696 = AXIS2_PLACEMENT_3D('',#1697,#1698,#1699);
#1697 = CARTESIAN_POINT('',(193.75,171.75,4.));
#1698 = DIRECTION('',(0.,-6.661338147751E-16,1.));
#1699 = DIRECTION('',(0.,-1.,-6.661338147751E-16));
#1700 = ADVANCED_FACE('',(#1701),#1712,.F.);
#1701 = FACE_BOUND('',#1702,.F.);
#1702 = EDGE_LOOP('',(#1703,#1704,#1710,#1711));
#1703 = ORIENTED_EDGE('',*,*,#1680,.F.);
#1704 = ORIENTED_EDGE('',*,*,#1705,.T.);
#1705 = EDGE_CURVE('',#1681,#468,#1706,.T.);
#1706 = LINE('',#1707,#1708);
#1707 = CARTESIAN_POINT('',(198.25,171.75,4.));
#1708 = VECTOR('',#1709,1.);
#1709 = DIRECTION('',(0.,-6.661338147751E-16,1.));
#1710 = ORIENTED_EDGE('',*,*,#467,.T.);
#1711 = ORIENTED_EDGE('',*,*,#340,.F.);
#1712 = PLANE('',#1713);
#1713 = AXIS2_PLACEMENT_3D('',#1714,#1715,#1716);
#1714 = CARTESIAN_POINT('',(198.25,171.75,4.));
#1715 = DIRECTION('',(1.,0.,0.));
#1716 = DIRECTION('',(0.,-1.,-6.661338147751E-16));
#1717 = ADVANCED_FACE('',(#1718),#1724,.T.);
#1718 = FACE_BOUND('',#1719,.T.);
#1719 = EDGE_LOOP('',(#1720,#1721,#1722,#1723));
#1720 = ORIENTED_EDGE('',*,*,#1599,.F.);
#1721 = ORIENTED_EDGE('',*,*,#1623,.T.);
#1722 = ORIENTED_EDGE('',*,*,#1640,.T.);
#1723 = ORIENTED_EDGE('',*,*,#498,.F.);
#1724 = PLANE('',#1725);
#1725 = AXIS2_PLACEMENT_3D('',#1726,#1727,#1728);
#1726 = CARTESIAN_POINT('',(1.75,171.75,4.));
#1727 = DIRECTION('',(0.,-1.,-6.661338147751E-16));
#1728 = DIRECTION('',(1.,0.,0.));
#1729 = ADVANCED_FACE('',(#1730),#1736,.T.);
#1730 = FACE_BOUND('',#1731,.T.);
#1731 = EDGE_LOOP('',(#1732,#1733,#1734,#1735));
#1732 = ORIENTED_EDGE('',*,*,#1664,.F.);
#1733 = ORIENTED_EDGE('',*,*,#1688,.T.);
#1734 = ORIENTED_EDGE('',*,*,#1705,.T.);
#1735 = ORIENTED_EDGE('',*,*,#475,.F.);
#1736 = PLANE('',#1737);
#1737 = AXIS2_PLACEMENT_3D('',#1738,#1739,#1740);
#1738 = CARTESIAN_POINT('',(193.75,171.75,4.));
#1739 = DIRECTION('',(0.,-1.,-6.661338147751E-16));
#1740 = DIRECTION('',(1.,0.,0.));
#1741 = ADVANCED_FACE('',(#1742),#1767,.T.);
#1742 = FACE_BOUND('',#1743,.T.);
#1743 = EDGE_LOOP('',(#1744,#1754,#1760,#1761));
#1744 = ORIENTED_EDGE('',*,*,#1745,.F.);
#1745 = EDGE_CURVE('',#1746,#1748,#1750,.T.);
#1746 = VERTEX_POINT('',#1747);
#1747 = CARTESIAN_POINT('',(14.45,146.04681670589,2.));
#1748 = VERTEX_POINT('',#1749);
#1749 = CARTESIAN_POINT('',(14.45,149.4531832941,2.));
#1750 = LINE('',#1751,#1752);
#1751 = CARTESIAN_POINT('',(14.45,146.04681670589,2.));
#1752 = VECTOR('',#1753,1.);
#1753 = DIRECTION('',(2.607407032384E-16,1.,8.881784197001E-16));
#1754 = ORIENTED_EDGE('',*,*,#1755,.T.);
#1755 = EDGE_CURVE('',#1746,#515,#1756,.T.);
#1756 = LINE('',#1757,#1758);
#1757 = CARTESIAN_POINT('',(14.45,146.04681670589,2.));
#1758 = VECTOR('',#1759,1.);
#1759 = DIRECTION('',(0.,-8.881784197001E-16,1.));
#1760 = ORIENTED_EDGE('',*,*,#514,.T.);
#1761 = ORIENTED_EDGE('',*,*,#1762,.F.);
#1762 = EDGE_CURVE('',#1748,#517,#1763,.T.);
#1763 = LINE('',#1764,#1765);
#1764 = CARTESIAN_POINT('',(14.45,149.4531832941,2.));
#1765 = VECTOR('',#1766,1.);
#1766 = DIRECTION('',(0.,-8.881784197001E-16,1.));
#1767 = PLANE('',#1768);
#1768 = AXIS2_PLACEMENT_3D('',#1769,#1770,#1771);
#1769 = CARTESIAN_POINT('',(14.45,146.04681670589,2.));
#1770 = DIRECTION('',(-1.,2.607407032384E-16,2.315842657538E-31));
#1771 = DIRECTION('',(2.607407032384E-16,1.,8.881784197001E-16));
#1772 = ADVANCED_FACE('',(#1773),#1791,.T.);
#1773 = FACE_BOUND('',#1774,.T.);
#1774 = EDGE_LOOP('',(#1775,#1783,#1789,#1790));
#1775 = ORIENTED_EDGE('',*,*,#1776,.F.);
#1776 = EDGE_CURVE('',#1777,#1746,#1779,.T.);
#1777 = VERTEX_POINT('',#1778);
#1778 = CARTESIAN_POINT('',(11.5,144.34363341178,2.));
#1779 = LINE('',#1780,#1781);
#1780 = CARTESIAN_POINT('',(11.5,144.34363341178,2.));
#1781 = VECTOR('',#1782,1.);
#1782 = DIRECTION('',(0.866025403784,0.5,4.440892098501E-16));
#1783 = ORIENTED_EDGE('',*,*,#1784,.T.);
#1784 = EDGE_CURVE('',#1777,#549,#1785,.T.);
#1785 = LINE('',#1786,#1787);
#1786 = CARTESIAN_POINT('',(11.5,144.34363341178,2.));
#1787 = VECTOR('',#1788,1.);
#1788 = DIRECTION('',(0.,-8.881784197001E-16,1.));
#1789 = ORIENTED_EDGE('',*,*,#556,.T.);
#1790 = ORIENTED_EDGE('',*,*,#1755,.F.);
#1791 = PLANE('',#1792);
#1792 = AXIS2_PLACEMENT_3D('',#1793,#1794,#1795);
#1793 = CARTESIAN_POINT('',(11.5,144.34363341178,2.));
#1794 = DIRECTION('',(-0.5,0.866025403784,7.691850745534E-16));
#1795 = DIRECTION('',(0.866025403784,0.5,4.440892098501E-16));
#1796 = ADVANCED_FACE('',(#1797),#1815,.T.);
#1797 = FACE_BOUND('',#1798,.T.);
#1798 = EDGE_LOOP('',(#1799,#1807,#1808,#1809));
#1799 = ORIENTED_EDGE('',*,*,#1800,.F.);
#1800 = EDGE_CURVE('',#1748,#1801,#1803,.T.);
#1801 = VERTEX_POINT('',#1802);
#1802 = CARTESIAN_POINT('',(11.5,151.15636658821,2.));
#1803 = LINE('',#1804,#1805);
#1804 = CARTESIAN_POINT('',(14.45,149.4531832941,2.));
#1805 = VECTOR('',#1806,1.);
#1806 = DIRECTION('',(-0.866025403784,0.5,4.440892098501E-16));
#1807 = ORIENTED_EDGE('',*,*,#1762,.T.);
#1808 = ORIENTED_EDGE('',*,*,#524,.T.);
#1809 = ORIENTED_EDGE('',*,*,#1810,.F.);
#1810 = EDGE_CURVE('',#1801,#525,#1811,.T.);
#1811 = LINE('',#1812,#1813);
#1812 = CARTESIAN_POINT('',(11.5,151.15636658821,2.));
#1813 = VECTOR('',#1814,1.);
#1814 = DIRECTION('',(0.,-8.881784197001E-16,1.));
#1815 = PLANE('',#1816);
#1816 = AXIS2_PLACEMENT_3D('',#1817,#1818,#1819);
#1817 = CARTESIAN_POINT('',(14.45,149.4531832941,2.));
#1818 = DIRECTION('',(-0.5,-0.866025403784,-7.691850745534E-16));
#1819 = DIRECTION('',(-0.866025403784,0.5,4.440892098501E-16));
#1820 = ADVANCED_FACE('',(#1821),#1839,.T.);
#1821 = FACE_BOUND('',#1822,.T.);
#1822 = EDGE_LOOP('',(#1823,#1831,#1837,#1838));
#1823 = ORIENTED_EDGE('',*,*,#1824,.F.);
#1824 = EDGE_CURVE('',#1825,#1777,#1827,.T.);
#1825 = VERTEX_POINT('',#1826);
#1826 = CARTESIAN_POINT('',(8.55,146.04681670589,2.));
#1827 = LINE('',#1828,#1829);
#1828 = CARTESIAN_POINT('',(8.55,146.04681670589,2.));
#1829 = VECTOR('',#1830,1.);
#1830 = DIRECTION('',(0.866025403784,-0.5,-4.440892098501E-16));
#1831 = ORIENTED_EDGE('',*,*,#1832,.T.);
#1832 = EDGE_CURVE('',#1825,#541,#1833,.T.);
#1833 = LINE('',#1834,#1835);
#1834 = CARTESIAN_POINT('',(8.55,146.04681670589,2.));
#1835 = VECTOR('',#1836,1.);
#1836 = DIRECTION('',(0.,-8.881784197001E-16,1.));
#1837 = ORIENTED_EDGE('',*,*,#548,.T.);
#1838 = ORIENTED_EDGE('',*,*,#1784,.F.);
#1839 = PLANE('',#1840);
#1840 = AXIS2_PLACEMENT_3D('',#1841,#1842,#1843);
#1841 = CARTESIAN_POINT('',(8.55,146.04681670589,2.));
#1842 = DIRECTION('',(0.5,0.866025403784,7.691850745534E-16));
#1843 = DIRECTION('',(0.866025403784,-0.5,-4.440892098501E-16));
#1844 = ADVANCED_FACE('',(#1845),#1863,.T.);
#1845 = FACE_BOUND('',#1846,.T.);
#1846 = EDGE_LOOP('',(#1847,#1855,#1856,#1857));
#1847 = ORIENTED_EDGE('',*,*,#1848,.F.);
#1848 = EDGE_CURVE('',#1801,#1849,#1851,.T.);
#1849 = VERTEX_POINT('',#1850);
#1850 = CARTESIAN_POINT('',(8.55,149.4531832941,2.));
#1851 = LINE('',#1852,#1853);
#1852 = CARTESIAN_POINT('',(11.5,151.15636658821,2.));
#1853 = VECTOR('',#1854,1.);
#1854 = DIRECTION('',(-0.866025403784,-0.5,-4.440892098501E-16));
#1855 = ORIENTED_EDGE('',*,*,#1810,.T.);
#1856 = ORIENTED_EDGE('',*,*,#532,.T.);
#1857 = ORIENTED_EDGE('',*,*,#1858,.F.);
#1858 = EDGE_CURVE('',#1849,#533,#1859,.T.);
#1859 = LINE('',#1860,#1861);
#1860 = CARTESIAN_POINT('',(8.55,149.4531832941,2.));
#1861 = VECTOR('',#1862,1.);
#1862 = DIRECTION('',(0.,-8.881784197001E-16,1.));
#1863 = PLANE('',#1864);
#1864 = AXIS2_PLACEMENT_3D('',#1865,#1866,#1867);
#1865 = CARTESIAN_POINT('',(11.5,151.15636658821,2.));
#1866 = DIRECTION('',(0.5,-0.866025403784,-7.691850745534E-16));
#1867 = DIRECTION('',(-0.866025403784,-0.5,-4.440892098501E-16));
#1868 = ADVANCED_FACE('',(#1869),#1880,.T.);
#1869 = FACE_BOUND('',#1870,.T.);
#1870 = EDGE_LOOP('',(#1871,#1877,#1878,#1879));
#1871 = ORIENTED_EDGE('',*,*,#1872,.F.);
#1872 = EDGE_CURVE('',#1849,#1825,#1873,.T.);
#1873 = LINE('',#1874,#1875);
#1874 = CARTESIAN_POINT('',(8.55,149.4531832941,2.));
#1875 = VECTOR('',#1876,1.);
#1876 = DIRECTION('',(1.303703516192E-16,-1.,-8.881784197001E-16));
#1877 = ORIENTED_EDGE('',*,*,#1858,.T.);
#1878 = ORIENTED_EDGE('',*,*,#540,.T.);
#1879 = ORIENTED_EDGE('',*,*,#1832,.F.);
#1880 = PLANE('',#1881);
#1881 = AXIS2_PLACEMENT_3D('',#1882,#1883,#1884);
#1882 = CARTESIAN_POINT('',(8.55,149.4531832941,2.));
#1883 = DIRECTION('',(1.,1.303703516192E-16,1.157921328769E-31));
#1884 = DIRECTION('',(1.303703516192E-16,-1.,-8.881784197001E-16));
#1885 = ADVANCED_FACE('',(#1886),#1911,.T.);
#1886 = FACE_BOUND('',#1887,.T.);
#1887 = EDGE_LOOP('',(#1888,#1898,#1904,#1905));
#1888 = ORIENTED_EDGE('',*,*,#1889,.F.);
#1889 = EDGE_CURVE('',#1890,#1892,#1894,.T.);
#1890 = VERTEX_POINT('',#1891);
#1891 = CARTESIAN_POINT('',(191.45,146.04681670589,2.));
#1892 = VERTEX_POINT('',#1893);
#1893 = CARTESIAN_POINT('',(191.45,149.4531832941,2.));
#1894 = LINE('',#1895,#1896);
#1895 = CARTESIAN_POINT('',(191.45,146.04681670589,2.));
#1896 = VECTOR('',#1897,1.);
#1897 = DIRECTION('',(2.607407032384E-16,1.,8.881784197001E-16));
#1898 = ORIENTED_EDGE('',*,*,#1899,.T.);
#1899 = EDGE_CURVE('',#1890,#565,#1900,.T.);
#1900 = LINE('',#1901,#1902);
#1901 = CARTESIAN_POINT('',(191.45,146.04681670589,2.));
#1902 = VECTOR('',#1903,1.);
#1903 = DIRECTION('',(0.,-8.881784197001E-16,1.));
#1904 = ORIENTED_EDGE('',*,*,#564,.T.);
#1905 = ORIENTED_EDGE('',*,*,#1906,.F.);
#1906 = EDGE_CURVE('',#1892,#567,#1907,.T.);
#1907 = LINE('',#1908,#1909);
#1908 = CARTESIAN_POINT('',(191.45,149.4531832941,2.));
#1909 = VECTOR('',#1910,1.);
#1910 = DIRECTION('',(0.,-8.881784197001E-16,1.));
#1911 = PLANE('',#1912);
#1912 = AXIS2_PLACEMENT_3D('',#1913,#1914,#1915);
#1913 = CARTESIAN_POINT('',(191.45,146.04681670589,2.));
#1914 = DIRECTION('',(-1.,2.607407032384E-16,2.315842657538E-31));
#1915 = DIRECTION('',(2.607407032384E-16,1.,8.881784197001E-16));
#1916 = ADVANCED_FACE('',(#1917),#1935,.T.);
#1917 = FACE_BOUND('',#1918,.T.);
#1918 = EDGE_LOOP('',(#1919,#1927,#1933,#1934));
#1919 = ORIENTED_EDGE('',*,*,#1920,.F.);
#1920 = EDGE_CURVE('',#1921,#1890,#1923,.T.);
#1921 = VERTEX_POINT('',#1922);
#1922 = CARTESIAN_POINT('',(188.5,144.34363341178,2.));
#1923 = LINE('',#1924,#1925);
#1924 = CARTESIAN_POINT('',(188.5,144.34363341178,2.));
#1925 = VECTOR('',#1926,1.);
#1926 = DIRECTION('',(0.866025403784,0.5,4.440892098501E-16));
#1927 = ORIENTED_EDGE('',*,*,#1928,.T.);
#1928 = EDGE_CURVE('',#1921,#599,#1929,.T.);
#1929 = LINE('',#1930,#1931);
#1930 = CARTESIAN_POINT('',(188.5,144.34363341178,2.));
#1931 = VECTOR('',#1932,1.);
#1932 = DIRECTION('',(0.,-8.881784197001E-16,1.));
#1933 = ORIENTED_EDGE('',*,*,#606,.T.);
#1934 = ORIENTED_EDGE('',*,*,#1899,.F.);
#1935 = PLANE('',#1936);
#1936 = AXIS2_PLACEMENT_3D('',#1937,#1938,#1939);
#1937 = CARTESIAN_POINT('',(188.5,144.34363341178,2.));
#1938 = DIRECTION('',(-0.5,0.866025403784,7.691850745534E-16));
#1939 = DIRECTION('',(0.866025403784,0.5,4.440892098501E-16));
#1940 = ADVANCED_FACE('',(#1941),#1959,.T.);
#1941 = FACE_BOUND('',#1942,.T.);
#1942 = EDGE_LOOP('',(#1943,#1951,#1952,#1953));
#1943 = ORIENTED_EDGE('',*,*,#1944,.F.);
#1944 = EDGE_CURVE('',#1892,#1945,#1947,.T.);
#1945 = VERTEX_POINT('',#1946);
#1946 = CARTESIAN_POINT('',(188.5,151.15636658821,2.));
#1947 = LINE('',#1948,#1949);
#1948 = CARTESIAN_POINT('',(191.45,149.4531832941,2.));
#1949 = VECTOR('',#1950,1.);
#1950 = DIRECTION('',(-0.866025403784,0.5,4.440892098501E-16));
#1951 = ORIENTED_EDGE('',*,*,#1906,.T.);
#1952 = ORIENTED_EDGE('',*,*,#574,.T.);
#1953 = ORIENTED_EDGE('',*,*,#1954,.F.);
#1954 = EDGE_CURVE('',#1945,#575,#1955,.T.);
#1955 = LINE('',#1956,#1957);
#1956 = CARTESIAN_POINT('',(188.5,151.15636658821,2.));
#1957 = VECTOR('',#1958,1.);
#1958 = DIRECTION('',(0.,-8.881784197001E-16,1.));
#1959 = PLANE('',#1960);
#1960 = AXIS2_PLACEMENT_3D('',#1961,#1962,#1963);
#1961 = CARTESIAN_POINT('',(191.45,149.4531832941,2.));
#1962 = DIRECTION('',(-0.5,-0.866025403784,-7.691850745534E-16));
#1963 = DIRECTION('',(-0.866025403784,0.5,4.440892098501E-16));
#1964 = ADVANCED_FACE('',(#1965),#1983,.T.);
#1965 = FACE_BOUND('',#1966,.T.);
#1966 = EDGE_LOOP('',(#1967,#1975,#1981,#1982));
#1967 = ORIENTED_EDGE('',*,*,#1968,.F.);
#1968 = EDGE_CURVE('',#1969,#1921,#1971,.T.);
#1969 = VERTEX_POINT('',#1970);
#1970 = CARTESIAN_POINT('',(185.55,146.04681670589,2.));
#1971 = LINE('',#1972,#1973);
#1972 = CARTESIAN_POINT('',(185.55,146.04681670589,2.));
#1973 = VECTOR('',#1974,1.);
#1974 = DIRECTION('',(0.866025403784,-0.5,-4.440892098501E-16));
#1975 = ORIENTED_EDGE('',*,*,#1976,.T.);
#1976 = EDGE_CURVE('',#1969,#591,#1977,.T.);
#1977 = LINE('',#1978,#1979);
#1978 = CARTESIAN_POINT('',(185.55,146.04681670589,2.));
#1979 = VECTOR('',#1980,1.);
#1980 = DIRECTION('',(0.,-8.881784197001E-16,1.));
#1981 = ORIENTED_EDGE('',*,*,#598,.T.);
#1982 = ORIENTED_EDGE('',*,*,#1928,.F.);
#1983 = PLANE('',#1984);
#1984 = AXIS2_PLACEMENT_3D('',#1985,#1986,#1987);
#1985 = CARTESIAN_POINT('',(185.55,146.04681670589,2.));
#1986 = DIRECTION('',(0.5,0.866025403784,7.691850745534E-16));
#1987 = DIRECTION('',(0.866025403784,-0.5,-4.440892098501E-16));
#1988 = ADVANCED_FACE('',(#1989),#2007,.T.);
#1989 = FACE_BOUND('',#1990,.T.);
#1990 = EDGE_LOOP('',(#1991,#1999,#2000,#2001));
#1991 = ORIENTED_EDGE('',*,*,#1992,.F.);
#1992 = EDGE_CURVE('',#1945,#1993,#1995,.T.);
#1993 = VERTEX_POINT('',#1994);
#1994 = CARTESIAN_POINT('',(185.55,149.4531832941,2.));
#1995 = LINE('',#1996,#1997);
#1996 = CARTESIAN_POINT('',(188.5,151.15636658821,2.));
#1997 = VECTOR('',#1998,1.);
#1998 = DIRECTION('',(-0.866025403784,-0.5,-4.440892098501E-16));
#1999 = ORIENTED_EDGE('',*,*,#1954,.T.);
#2000 = ORIENTED_EDGE('',*,*,#582,.T.);
#2001 = ORIENTED_EDGE('',*,*,#2002,.F.);
#2002 = EDGE_CURVE('',#1993,#583,#2003,.T.);
#2003 = LINE('',#2004,#2005);
#2004 = CARTESIAN_POINT('',(185.55,149.4531832941,2.));
#2005 = VECTOR('',#2006,1.);
#2006 = DIRECTION('',(0.,-8.881784197001E-16,1.));
#2007 = PLANE('',#2008);
#2008 = AXIS2_PLACEMENT_3D('',#2009,#2010,#2011);
#2009 = CARTESIAN_POINT('',(188.5,151.15636658821,2.));
#2010 = DIRECTION('',(0.5,-0.866025403784,-7.691850745534E-16));
#2011 = DIRECTION('',(-0.866025403784,-0.5,-4.440892098501E-16));
#2012 = ADVANCED_FACE('',(#2013),#2024,.T.);
#2013 = FACE_BOUND('',#2014,.T.);
#2014 = EDGE_LOOP('',(#2015,#2021,#2022,#2023));
#2015 = ORIENTED_EDGE('',*,*,#2016,.F.);
#2016 = EDGE_CURVE('',#1993,#1969,#2017,.T.);
#2017 = LINE('',#2018,#2019);
#2018 = CARTESIAN_POINT('',(185.55,149.4531832941,2.));
#2019 = VECTOR('',#2020,1.);
#2020 = DIRECTION('',(1.303703516192E-16,-1.,-8.881784197001E-16));
#2021 = ORIENTED_EDGE('',*,*,#2002,.T.);
#2022 = ORIENTED_EDGE('',*,*,#590,.T.);
#2023 = ORIENTED_EDGE('',*,*,#1976,.F.);
#2024 = PLANE('',#2025);
#2025 = AXIS2_PLACEMENT_3D('',#2026,#2027,#2028);
#2026 = CARTESIAN_POINT('',(185.55,149.4531832941,2.));
#2027 = DIRECTION('',(1.,1.303703516192E-16,1.157921328769E-31));
#2028 = DIRECTION('',(1.303703516192E-16,-1.,-8.881784197001E-16));
#2029 = ADVANCED_FACE('',(#2030),#2055,.T.);
#2030 = FACE_BOUND('',#2031,.T.);
#2031 = EDGE_LOOP('',(#2032,#2042,#2048,#2049));
#2032 = ORIENTED_EDGE('',*,*,#2033,.F.);
#2033 = EDGE_CURVE('',#2034,#2036,#2038,.T.);
#2034 = VERTEX_POINT('',#2035);
#2035 = CARTESIAN_POINT('',(14.45,42.046816705891,2.));
#2036 = VERTEX_POINT('',#2037);
#2037 = CARTESIAN_POINT('',(14.45,45.453183294109,2.));
#2038 = LINE('',#2039,#2040);
#2039 = CARTESIAN_POINT('',(14.45,42.046816705891,2.));
#2040 = VECTOR('',#2041,1.);
#2041 = DIRECTION('',(2.607407032384E-16,1.,8.881784197001E-16));
#2042 = ORIENTED_EDGE('',*,*,#2043,.T.);
#2043 = EDGE_CURVE('',#2034,#615,#2044,.T.);
#2044 = LINE('',#2045,#2046);
#2045 = CARTESIAN_POINT('',(14.45,42.046816705891,2.));
#2046 = VECTOR('',#2047,1.);
#2047 = DIRECTION('',(0.,-8.881784197001E-16,1.));
#2048 = ORIENTED_EDGE('',*,*,#614,.T.);
#2049 = ORIENTED_EDGE('',*,*,#2050,.F.);
#2050 = EDGE_CURVE('',#2036,#617,#2051,.T.);
#2051 = LINE('',#2052,#2053);
#2052 = CARTESIAN_POINT('',(14.45,45.453183294109,2.));
#2053 = VECTOR('',#2054,1.);
#2054 = DIRECTION('',(0.,-8.881784197001E-16,1.));
#2055 = PLANE('',#2056);
#2056 = AXIS2_PLACEMENT_3D('',#2057,#2058,#2059);
#2057 = CARTESIAN_POINT('',(14.45,42.046816705891,2.));
#2058 = DIRECTION('',(-1.,2.607407032384E-16,2.315842657538E-31));
#2059 = DIRECTION('',(2.607407032384E-16,1.,8.881784197001E-16));
#2060 = ADVANCED_FACE('',(#2061),#2079,.T.);
#2061 = FACE_BOUND('',#2062,.T.);
#2062 = EDGE_LOOP('',(#2063,#2071,#2077,#2078));
#2063 = ORIENTED_EDGE('',*,*,#2064,.F.);
#2064 = EDGE_CURVE('',#2065,#2034,#2067,.T.);
#2065 = VERTEX_POINT('',#2066);
#2066 = CARTESIAN_POINT('',(11.5,40.343633411781,2.));
#2067 = LINE('',#2068,#2069);
#2068 = CARTESIAN_POINT('',(11.5,40.343633411781,2.));
#2069 = VECTOR('',#2070,1.);
#2070 = DIRECTION('',(0.866025403784,0.5,4.440892098501E-16));
#2071 = ORIENTED_EDGE('',*,*,#2072,.T.);
#2072 = EDGE_CURVE('',#2065,#649,#2073,.T.);
#2073 = LINE('',#2074,#2075);
#2074 = CARTESIAN_POINT('',(11.5,40.343633411781,2.));
#2075 = VECTOR('',#2076,1.);
#2076 = DIRECTION('',(0.,-8.881784197001E-16,1.));
#2077 = ORIENTED_EDGE('',*,*,#656,.T.);
#2078 = ORIENTED_EDGE('',*,*,#2043,.F.);
#2079 = PLANE('',#2080);
#2080 = AXIS2_PLACEMENT_3D('',#2081,#2082,#2083);
#2081 = CARTESIAN_POINT('',(11.5,40.343633411781,2.));
#2082 = DIRECTION('',(-0.5,0.866025403784,7.691850745534E-16));
#2083 = DIRECTION('',(0.866025403784,0.5,4.440892098501E-16));
#2084 = ADVANCED_FACE('',(#2085),#2103,.T.);
#2085 = FACE_BOUND('',#2086,.T.);
#2086 = EDGE_LOOP('',(#2087,#2095,#2096,#2097));
#2087 = ORIENTED_EDGE('',*,*,#2088,.F.);
#2088 = EDGE_CURVE('',#2036,#2089,#2091,.T.);
#2089 = VERTEX_POINT('',#2090);
#2090 = CARTESIAN_POINT('',(11.5,47.156366588219,2.));
#2091 = LINE('',#2092,#2093);
#2092 = CARTESIAN_POINT('',(14.45,45.453183294109,2.));
#2093 = VECTOR('',#2094,1.);
#2094 = DIRECTION('',(-0.866025403784,0.5,4.440892098501E-16));
#2095 = ORIENTED_EDGE('',*,*,#2050,.T.);
#2096 = ORIENTED_EDGE('',*,*,#624,.T.);
#2097 = ORIENTED_EDGE('',*,*,#2098,.F.);
#2098 = EDGE_CURVE('',#2089,#625,#2099,.T.);
#2099 = LINE('',#2100,#2101);
#2100 = CARTESIAN_POINT('',(11.5,47.156366588219,2.));
#2101 = VECTOR('',#2102,1.);
#2102 = DIRECTION('',(0.,-8.881784197001E-16,1.));
#2103 = PLANE('',#2104);
#2104 = AXIS2_PLACEMENT_3D('',#2105,#2106,#2107);
#2105 = CARTESIAN_POINT('',(14.45,45.453183294109,2.));
#2106 = DIRECTION('',(-0.5,-0.866025403784,-7.691850745534E-16));
#2107 = DIRECTION('',(-0.866025403784,0.5,4.440892098501E-16));
#2108 = ADVANCED_FACE('',(#2109),#2127,.T.);
#2109 = FACE_BOUND('',#2110,.T.);
#2110 = EDGE_LOOP('',(#2111,#2119,#2125,#2126));
#2111 = ORIENTED_EDGE('',*,*,#2112,.F.);
#2112 = EDGE_CURVE('',#2113,#2065,#2115,.T.);
#2113 = VERTEX_POINT('',#2114);
#2114 = CARTESIAN_POINT('',(8.55,42.046816705891,2.));
#2115 = LINE('',#2116,#2117);
#2116 = CARTESIAN_POINT('',(8.55,42.046816705891,2.));
#2117 = VECTOR('',#2118,1.);
#2118 = DIRECTION('',(0.866025403784,-0.5,-4.440892098501E-16));
#2119 = ORIENTED_EDGE('',*,*,#2120,.T.);
#2120 = EDGE_CURVE('',#2113,#641,#2121,.T.);
#2121 = LINE('',#2122,#2123);
#2122 = CARTESIAN_POINT('',(8.55,42.046816705891,2.));
#2123 = VECTOR('',#2124,1.);
#2124 = DIRECTION('',(0.,-8.881784197001E-16,1.));
#2125 = ORIENTED_EDGE('',*,*,#648,.T.);
#2126 = ORIENTED_EDGE('',*,*,#2072,.F.);
#2127 = PLANE('',#2128);
#2128 = AXIS2_PLACEMENT_3D('',#2129,#2130,#2131);
#2129 = CARTESIAN_POINT('',(8.55,42.046816705891,2.));
#2130 = DIRECTION('',(0.5,0.866025403784,7.691850745534E-16));
#2131 = DIRECTION('',(0.866025403784,-0.5,-4.440892098501E-16));
#2132 = ADVANCED_FACE('',(#2133),#2151,.T.);
#2133 = FACE_BOUND('',#2134,.T.);
#2134 = EDGE_LOOP('',(#2135,#2143,#2144,#2145));
#2135 = ORIENTED_EDGE('',*,*,#2136,.F.);
#2136 = EDGE_CURVE('',#2089,#2137,#2139,.T.);
#2137 = VERTEX_POINT('',#2138);
#2138 = CARTESIAN_POINT('',(8.55,45.453183294109,2.));
#2139 = LINE('',#2140,#2141);
#2140 = CARTESIAN_POINT('',(11.5,47.156366588219,2.));
#2141 = VECTOR('',#2142,1.);
#2142 = DIRECTION('',(-0.866025403784,-0.5,-4.440892098501E-16));
#2143 = ORIENTED_EDGE('',*,*,#2098,.T.);
#2144 = ORIENTED_EDGE('',*,*,#632,.T.);
#2145 = ORIENTED_EDGE('',*,*,#2146,.F.);
#2146 = EDGE_CURVE('',#2137,#633,#2147,.T.);
#2147 = LINE('',#2148,#2149);
#2148 = CARTESIAN_POINT('',(8.55,45.453183294109,2.));
#2149 = VECTOR('',#2150,1.);
#2150 = DIRECTION('',(0.,-8.881784197001E-16,1.));
#2151 = PLANE('',#2152);
#2152 = AXIS2_PLACEMENT_3D('',#2153,#2154,#2155);
#2153 = CARTESIAN_POINT('',(11.5,47.156366588219,2.));
#2154 = DIRECTION('',(0.5,-0.866025403784,-7.691850745534E-16));
#2155 = DIRECTION('',(-0.866025403784,-0.5,-4.440892098501E-16));
#2156 = ADVANCED_FACE('',(#2157),#2168,.T.);
#2157 = FACE_BOUND('',#2158,.T.);
#2158 = EDGE_LOOP('',(#2159,#2165,#2166,#2167));
#2159 = ORIENTED_EDGE('',*,*,#2160,.F.);
#2160 = EDGE_CURVE('',#2137,#2113,#2161,.T.);
#2161 = LINE('',#2162,#2163);
#2162 = CARTESIAN_POINT('',(8.55,45.453183294109,2.));
#2163 = VECTOR('',#2164,1.);
#2164 = DIRECTION('',(1.303703516192E-16,-1.,-8.881784197001E-16));
#2165 = ORIENTED_EDGE('',*,*,#2146,.T.);
#2166 = ORIENTED_EDGE('',*,*,#640,.T.);
#2167 = ORIENTED_EDGE('',*,*,#2120,.F.);
#2168 = PLANE('',#2169);
#2169 = AXIS2_PLACEMENT_3D('',#2170,#2171,#2172);
#2170 = CARTESIAN_POINT('',(8.55,45.453183294109,2.));
#2171 = DIRECTION('',(1.,1.303703516192E-16,1.157921328769E-31));
#2172 = DIRECTION('',(1.303703516192E-16,-1.,-8.881784197001E-16));
#2173 = ADVANCED_FACE('',(#2174),#2199,.F.);
#2174 = FACE_BOUND('',#2175,.F.);
#2175 = EDGE_LOOP('',(#2176,#2184,#2185,#2193));
#2176 = ORIENTED_EDGE('',*,*,#2177,.F.);
#2177 = EDGE_CURVE('',#667,#2178,#2180,.T.);
#2178 = VERTEX_POINT('',#2179);
#2179 = CARTESIAN_POINT('',(39.,13.75,22.));
#2180 = LINE('',#2181,#2182);
#2181 = CARTESIAN_POINT('',(39.,13.75,7.5));
#2182 = VECTOR('',#2183,1.);
#2183 = DIRECTION('',(0.,-6.661338147751E-16,1.));
#2184 = ORIENTED_EDGE('',*,*,#664,.F.);
#2185 = ORIENTED_EDGE('',*,*,#2186,.T.);
#2186 = EDGE_CURVE('',#665,#2187,#2189,.T.);
#2187 = VERTEX_POINT('',#2188);
#2188 = CARTESIAN_POINT('',(51.,13.75,22.));
#2189 = LINE('',#2190,#2191);
#2190 = CARTESIAN_POINT('',(51.,13.75,7.5));
#2191 = VECTOR('',#2192,1.);
#2192 = DIRECTION('',(0.,-6.661338147751E-16,1.));
#2193 = ORIENTED_EDGE('',*,*,#2194,.F.);
#2194 = EDGE_CURVE('',#2178,#2187,#2195,.T.);
#2195 = LINE('',#2196,#2197);
#2196 = CARTESIAN_POINT('',(39.,13.75,22.));
#2197 = VECTOR('',#2198,1.);
#2198 = DIRECTION('',(1.,0.,0.));
#2199 = PLANE('',#2200);
#2200 = AXIS2_PLACEMENT_3D('',#2201,#2202,#2203);
#2201 = CARTESIAN_POINT('',(39.,13.75,7.5));
#2202 = DIRECTION('',(0.,-1.,-6.661338147751E-16));
#2203 = DIRECTION('',(1.,0.,0.));
#2204 = ADVANCED_FACE('',(#2205),#2223,.T.);
#2205 = FACE_BOUND('',#2206,.T.);
#2206 = EDGE_LOOP('',(#2207,#2215,#2216,#2217));
#2207 = ORIENTED_EDGE('',*,*,#2208,.F.);
#2208 = EDGE_CURVE('',#683,#2209,#2211,.T.);
#2209 = VERTEX_POINT('',#2210);
#2210 = CARTESIAN_POINT('',(51.,2.75,22.));
#2211 = LINE('',#2212,#2213);
#2212 = CARTESIAN_POINT('',(51.,2.75,7.5));
#2213 = VECTOR('',#2214,1.);
#2214 = DIRECTION('',(0.,-6.661338147751E-16,1.));
#2215 = ORIENTED_EDGE('',*,*,#690,.F.);
#2216 = ORIENTED_EDGE('',*,*,#2186,.T.);
#2217 = ORIENTED_EDGE('',*,*,#2218,.T.);
#2218 = EDGE_CURVE('',#2187,#2209,#2219,.T.);
#2219 = LINE('',#2220,#2221);
#2220 = CARTESIAN_POINT('',(51.,13.75,22.));
#2221 = VECTOR('',#2222,1.);
#2222 = DIRECTION('',(0.,-1.,-6.661338147751E-16));
#2223 = PLANE('',#2224);
#2224 = AXIS2_PLACEMENT_3D('',#2225,#2226,#2227);
#2225 = CARTESIAN_POINT('',(51.,13.75,7.5));
#2226 = DIRECTION('',(1.,0.,0.));
#2227 = DIRECTION('',(0.,-1.,-6.661338147751E-16));
#2228 = ADVANCED_FACE('',(#2229),#2247,.F.);
#2229 = FACE_BOUND('',#2230,.F.);
#2230 = EDGE_LOOP('',(#2231,#2239,#2240,#2241));
#2231 = ORIENTED_EDGE('',*,*,#2232,.F.);
#2232 = EDGE_CURVE('',#675,#2233,#2235,.T.);
#2233 = VERTEX_POINT('',#2234);
#2234 = CARTESIAN_POINT('',(39.,2.75,22.));
#2235 = LINE('',#2236,#2237);
#2236 = CARTESIAN_POINT('',(39.,2.75,7.5));
#2237 = VECTOR('',#2238,1.);
#2238 = DIRECTION('',(0.,-6.661338147751E-16,1.));
#2239 = ORIENTED_EDGE('',*,*,#674,.F.);
#2240 = ORIENTED_EDGE('',*,*,#2177,.T.);
#2241 = ORIENTED_EDGE('',*,*,#2242,.T.);
#2242 = EDGE_CURVE('',#2178,#2233,#2243,.T.);
#2243 = LINE('',#2244,#2245);
#2244 = CARTESIAN_POINT('',(39.,13.75,22.));
#2245 = VECTOR('',#2246,1.);
#2246 = DIRECTION('',(0.,-1.,-6.661338147751E-16));
#2247 = PLANE('',#2248);
#2248 = AXIS2_PLACEMENT_3D('',#2249,#2250,#2251);
#2249 = CARTESIAN_POINT('',(39.,13.75,7.5));
#2250 = DIRECTION('',(1.,0.,0.));
#2251 = DIRECTION('',(0.,-1.,-6.661338147751E-16));
#2252 = ADVANCED_FACE('',(#2253,#2264),#2275,.T.);
#2253 = FACE_BOUND('',#2254,.T.);
#2254 = EDGE_LOOP('',(#2255,#2256,#2257,#2258));
#2255 = ORIENTED_EDGE('',*,*,#2232,.F.);
#2256 = ORIENTED_EDGE('',*,*,#682,.F.);
#2257 = ORIENTED_EDGE('',*,*,#2208,.T.);
#2258 = ORIENTED_EDGE('',*,*,#2259,.F.);
#2259 = EDGE_CURVE('',#2233,#2209,#2260,.T.);
#2260 = LINE('',#2261,#2262);
#2261 = CARTESIAN_POINT('',(39.,2.75,22.));
#2262 = VECTOR('',#2263,1.);
#2263 = DIRECTION('',(1.,0.,0.));
#2264 = FACE_BOUND('',#2265,.T.);
#2265 = EDGE_LOOP('',(#2266));
#2266 = ORIENTED_EDGE('',*,*,#2267,.F.);
#2267 = EDGE_CURVE('',#2268,#2268,#2270,.T.);
#2268 = VERTEX_POINT('',#2269);
#2269 = CARTESIAN_POINT('',(46.8,2.75,14.));
#2270 = CIRCLE('',#2271,1.8);
#2271 = AXIS2_PLACEMENT_3D('',#2272,#2273,#2274);
#2272 = CARTESIAN_POINT('',(45.,2.75,14.));
#2273 = DIRECTION('',(0.,-1.,-6.661338147751E-16));
#2274 = DIRECTION('',(1.,0.,0.));
#2275 = PLANE('',#2276);
#2276 = AXIS2_PLACEMENT_3D('',#2277,#2278,#2279);
#2277 = CARTESIAN_POINT('',(39.,2.75,7.5));
#2278 = DIRECTION('',(0.,-1.,-6.661338147751E-16));
#2279 = DIRECTION('',(1.,0.,0.));
#2280 = ADVANCED_FACE('',(#2281),#2306,.T.);
#2281 = FACE_BOUND('',#2282,.T.);
#2282 = EDGE_LOOP('',(#2283,#2293,#2299,#2300));
#2283 = ORIENTED_EDGE('',*,*,#2284,.F.);
#2284 = EDGE_CURVE('',#2285,#2287,#2289,.T.);
#2285 = VERTEX_POINT('',#2286);
#2286 = CARTESIAN_POINT('',(191.45,42.046816705891,2.));
#2287 = VERTEX_POINT('',#2288);
#2288 = CARTESIAN_POINT('',(191.45,45.453183294109,2.));
#2289 = LINE('',#2290,#2291);
#2290 = CARTESIAN_POINT('',(191.45,42.046816705891,2.));
#2291 = VECTOR('',#2292,1.);
#2292 = DIRECTION('',(2.607407032384E-16,1.,8.881784197001E-16));
#2293 = ORIENTED_EDGE('',*,*,#2294,.T.);
#2294 = EDGE_CURVE('',#2285,#699,#2295,.T.);
#2295 = LINE('',#2296,#2297);
#2296 = CARTESIAN_POINT('',(191.45,42.046816705891,2.));
#2297 = VECTOR('',#2298,1.);
#2298 = DIRECTION('',(0.,-8.881784197001E-16,1.));
#2299 = ORIENTED_EDGE('',*,*,#698,.T.);
#2300 = ORIENTED_EDGE('',*,*,#2301,.F.);
#2301 = EDGE_CURVE('',#2287,#701,#2302,.T.);
#2302 = LINE('',#2303,#2304);
#2303 = CARTESIAN_POINT('',(191.45,45.453183294109,2.));
#2304 = VECTOR('',#2305,1.);
#2305 = DIRECTION('',(0.,-8.881784197001E-16,1.));
#2306 = PLANE('',#2307);
#2307 = AXIS2_PLACEMENT_3D('',#2308,#2309,#2310);
#2308 = CARTESIAN_POINT('',(191.45,42.046816705891,2.));
#2309 = DIRECTION('',(-1.,2.607407032384E-16,2.315842657538E-31));
#2310 = DIRECTION('',(2.607407032384E-16,1.,8.881784197001E-16));
#2311 = ADVANCED_FACE('',(#2312),#2330,.T.);
#2312 = FACE_BOUND('',#2313,.T.);
#2313 = EDGE_LOOP('',(#2314,#2322,#2328,#2329));
#2314 = ORIENTED_EDGE('',*,*,#2315,.F.);
#2315 = EDGE_CURVE('',#2316,#2285,#2318,.T.);
#2316 = VERTEX_POINT('',#2317);
#2317 = CARTESIAN_POINT('',(188.5,40.343633411781,2.));
#2318 = LINE('',#2319,#2320);
#2319 = CARTESIAN_POINT('',(188.5,40.343633411781,2.));
#2320 = VECTOR('',#2321,1.);
#2321 = DIRECTION('',(0.866025403784,0.5,4.440892098501E-16));
#2322 = ORIENTED_EDGE('',*,*,#2323,.T.);
#2323 = EDGE_CURVE('',#2316,#733,#2324,.T.);
#2324 = LINE('',#2325,#2326);
#2325 = CARTESIAN_POINT('',(188.5,40.343633411781,2.));
#2326 = VECTOR('',#2327,1.);
#2327 = DIRECTION('',(0.,-8.881784197001E-16,1.));
#2328 = ORIENTED_EDGE('',*,*,#740,.T.);
#2329 = ORIENTED_EDGE('',*,*,#2294,.F.);
#2330 = PLANE('',#2331);
#2331 = AXIS2_PLACEMENT_3D('',#2332,#2333,#2334);
#2332 = CARTESIAN_POINT('',(188.5,40.343633411781,2.));
#2333 = DIRECTION('',(-0.5,0.866025403784,7.691850745534E-16));
#2334 = DIRECTION('',(0.866025403784,0.5,4.440892098501E-16));
#2335 = ADVANCED_FACE('',(#2336),#2354,.T.);
#2336 = FACE_BOUND('',#2337,.T.);
#2337 = EDGE_LOOP('',(#2338,#2346,#2352,#2353));
#2338 = ORIENTED_EDGE('',*,*,#2339,.F.);
#2339 = EDGE_CURVE('',#2340,#2316,#2342,.T.);
#2340 = VERTEX_POINT('',#2341);
#2341 = CARTESIAN_POINT('',(185.55,42.046816705891,2.));
#2342 = LINE('',#2343,#2344);
#2343 = CARTESIAN_POINT('',(185.55,42.046816705891,2.));
#2344 = VECTOR('',#2345,1.);
#2345 = DIRECTION('',(0.866025403784,-0.5,-4.440892098501E-16));
#2346 = ORIENTED_EDGE('',*,*,#2347,.T.);
#2347 = EDGE_CURVE('',#2340,#725,#2348,.T.);
#2348 = LINE('',#2349,#2350);
#2349 = CARTESIAN_POINT('',(185.55,42.046816705891,2.));
#2350 = VECTOR('',#2351,1.);
#2351 = DIRECTION('',(0.,-8.881784197001E-16,1.));
#2352 = ORIENTED_EDGE('',*,*,#732,.T.);
#2353 = ORIENTED_EDGE('',*,*,#2323,.F.);
#2354 = PLANE('',#2355);
#2355 = AXIS2_PLACEMENT_3D('',#2356,#2357,#2358);
#2356 = CARTESIAN_POINT('',(185.55,42.046816705891,2.));
#2357 = DIRECTION('',(0.5,0.866025403784,7.691850745534E-16));
#2358 = DIRECTION('',(0.866025403784,-0.5,-4.440892098501E-16));
#2359 = ADVANCED_FACE('',(#2360),#2378,.T.);
#2360 = FACE_BOUND('',#2361,.T.);
#2361 = EDGE_LOOP('',(#2362,#2370,#2376,#2377));
#2362 = ORIENTED_EDGE('',*,*,#2363,.F.);
#2363 = EDGE_CURVE('',#2364,#2340,#2366,.T.);
#2364 = VERTEX_POINT('',#2365);
#2365 = CARTESIAN_POINT('',(185.55,45.453183294109,2.));
#2366 = LINE('',#2367,#2368);
#2367 = CARTESIAN_POINT('',(185.55,45.453183294109,2.));
#2368 = VECTOR('',#2369,1.);
#2369 = DIRECTION('',(1.303703516192E-16,-1.,-8.881784197001E-16));
#2370 = ORIENTED_EDGE('',*,*,#2371,.T.);
#2371 = EDGE_CURVE('',#2364,#717,#2372,.T.);
#2372 = LINE('',#2373,#2374);
#2373 = CARTESIAN_POINT('',(185.55,45.453183294109,2.));
#2374 = VECTOR('',#2375,1.);
#2375 = DIRECTION('',(0.,-8.881784197001E-16,1.));
#2376 = ORIENTED_EDGE('',*,*,#724,.T.);
#2377 = ORIENTED_EDGE('',*,*,#2347,.F.);
#2378 = PLANE('',#2379);
#2379 = AXIS2_PLACEMENT_3D('',#2380,#2381,#2382);
#2380 = CARTESIAN_POINT('',(185.55,45.453183294109,2.));
#2381 = DIRECTION('',(1.,1.303703516192E-16,1.157921328769E-31));
#2382 = DIRECTION('',(1.303703516192E-16,-1.,-8.881784197001E-16));
#2383 = ADVANCED_FACE('',(#2384),#2402,.T.);
#2384 = FACE_BOUND('',#2385,.T.);
#2385 = EDGE_LOOP('',(#2386,#2394,#2400,#2401));
#2386 = ORIENTED_EDGE('',*,*,#2387,.F.);
#2387 = EDGE_CURVE('',#2388,#2364,#2390,.T.);
#2388 = VERTEX_POINT('',#2389);
#2389 = CARTESIAN_POINT('',(188.5,47.156366588219,2.));
#2390 = LINE('',#2391,#2392);
#2391 = CARTESIAN_POINT('',(188.5,47.156366588219,2.));
#2392 = VECTOR('',#2393,1.);
#2393 = DIRECTION('',(-0.866025403784,-0.5,-4.440892098501E-16));
#2394 = ORIENTED_EDGE('',*,*,#2395,.T.);
#2395 = EDGE_CURVE('',#2388,#709,#2396,.T.);
#2396 = LINE('',#2397,#2398);
#2397 = CARTESIAN_POINT('',(188.5,47.156366588219,2.));
#2398 = VECTOR('',#2399,1.);
#2399 = DIRECTION('',(0.,-8.881784197001E-16,1.));
#2400 = ORIENTED_EDGE('',*,*,#716,.T.);
#2401 = ORIENTED_EDGE('',*,*,#2371,.F.);
#2402 = PLANE('',#2403);
#2403 = AXIS2_PLACEMENT_3D('',#2404,#2405,#2406);
#2404 = CARTESIAN_POINT('',(188.5,47.156366588219,2.));
#2405 = DIRECTION('',(0.5,-0.866025403784,-7.691850745534E-16));
#2406 = DIRECTION('',(-0.866025403784,-0.5,-4.440892098501E-16));
#2407 = ADVANCED_FACE('',(#2408),#2419,.T.);
#2408 = FACE_BOUND('',#2409,.T.);
#2409 = EDGE_LOOP('',(#2410,#2416,#2417,#2418));
#2410 = ORIENTED_EDGE('',*,*,#2411,.F.);
#2411 = EDGE_CURVE('',#2287,#2388,#2412,.T.);
#2412 = LINE('',#2413,#2414);
#2413 = CARTESIAN_POINT('',(191.45,45.453183294109,2.));
#2414 = VECTOR('',#2415,1.);
#2415 = DIRECTION('',(-0.866025403784,0.5,4.440892098501E-16));
#2416 = ORIENTED_EDGE('',*,*,#2301,.T.);
#2417 = ORIENTED_EDGE('',*,*,#708,.T.);
#2418 = ORIENTED_EDGE('',*,*,#2395,.F.);
#2419 = PLANE('',#2420);
#2420 = AXIS2_PLACEMENT_3D('',#2421,#2422,#2423);
#2421 = CARTESIAN_POINT('',(191.45,45.453183294109,2.));
#2422 = DIRECTION('',(-0.5,-0.866025403784,-7.691850745534E-16));
#2423 = DIRECTION('',(-0.866025403784,0.5,4.440892098501E-16));
#2424 = ADVANCED_FACE('',(#2425),#2450,.F.);
#2425 = FACE_BOUND('',#2426,.F.);
#2426 = EDGE_LOOP('',(#2427,#2435,#2436,#2444));
#2427 = ORIENTED_EDGE('',*,*,#2428,.F.);
#2428 = EDGE_CURVE('',#751,#2429,#2431,.T.);
#2429 = VERTEX_POINT('',#2430);
#2430 = CARTESIAN_POINT('',(149.,13.75,22.));
#2431 = LINE('',#2432,#2433);
#2432 = CARTESIAN_POINT('',(149.,13.75,7.5));
#2433 = VECTOR('',#2434,1.);
#2434 = DIRECTION('',(0.,-6.661338147751E-16,1.));
#2435 = ORIENTED_EDGE('',*,*,#748,.F.);
#2436 = ORIENTED_EDGE('',*,*,#2437,.T.);
#2437 = EDGE_CURVE('',#749,#2438,#2440,.T.);
#2438 = VERTEX_POINT('',#2439);
#2439 = CARTESIAN_POINT('',(161.,13.75,22.));
#2440 = LINE('',#2441,#2442);
#2441 = CARTESIAN_POINT('',(161.,13.75,7.5));
#2442 = VECTOR('',#2443,1.);
#2443 = DIRECTION('',(0.,-6.661338147751E-16,1.));
#2444 = ORIENTED_EDGE('',*,*,#2445,.F.);
#2445 = EDGE_CURVE('',#2429,#2438,#2446,.T.);
#2446 = LINE('',#2447,#2448);
#2447 = CARTESIAN_POINT('',(149.,13.75,22.));
#2448 = VECTOR('',#2449,1.);
#2449 = DIRECTION('',(1.,0.,0.));
#2450 = PLANE('',#2451);
#2451 = AXIS2_PLACEMENT_3D('',#2452,#2453,#2454);
#2452 = CARTESIAN_POINT('',(149.,13.75,7.5));
#2453 = DIRECTION('',(0.,-1.,-6.661338147751E-16));
#2454 = DIRECTION('',(1.,0.,0.));
#2455 = ADVANCED_FACE('',(#2456),#2474,.T.);
#2456 = FACE_BOUND('',#2457,.T.);
#2457 = EDGE_LOOP('',(#2458,#2466,#2467,#2468));
#2458 = ORIENTED_EDGE('',*,*,#2459,.F.);
#2459 = EDGE_CURVE('',#767,#2460,#2462,.T.);
#2460 = VERTEX_POINT('',#2461);
#2461 = CARTESIAN_POINT('',(161.,2.75,22.));
#2462 = LINE('',#2463,#2464);
#2463 = CARTESIAN_POINT('',(161.,2.75,7.5));
#2464 = VECTOR('',#2465,1.);
#2465 = DIRECTION('',(0.,-6.661338147751E-16,1.));
#2466 = ORIENTED_EDGE('',*,*,#774,.F.);
#2467 = ORIENTED_EDGE('',*,*,#2437,.T.);
#2468 = ORIENTED_EDGE('',*,*,#2469,.T.);
#2469 = EDGE_CURVE('',#2438,#2460,#2470,.T.);
#2470 = LINE('',#2471,#2472);
#2471 = CARTESIAN_POINT('',(161.,13.75,22.));
#2472 = VECTOR('',#2473,1.);
#2473 = DIRECTION('',(0.,-1.,-6.661338147751E-16));
#2474 = PLANE('',#2475);
#2475 = AXIS2_PLACEMENT_3D('',#2476,#2477,#2478);
#2476 = CARTESIAN_POINT('',(161.,13.75,7.5));
#2477 = DIRECTION('',(1.,0.,0.));
#2478 = DIRECTION('',(0.,-1.,-6.661338147751E-16));
#2479 = ADVANCED_FACE('',(#2480),#2498,.F.);
#2480 = FACE_BOUND('',#2481,.F.);
#2481 = EDGE_LOOP('',(#2482,#2490,#2491,#2492));
#2482 = ORIENTED_EDGE('',*,*,#2483,.F.);
#2483 = EDGE_CURVE('',#759,#2484,#2486,.T.);
#2484 = VERTEX_POINT('',#2485);
#2485 = CARTESIAN_POINT('',(149.,2.75,22.));
#2486 = LINE('',#2487,#2488);
#2487 = CARTESIAN_POINT('',(149.,2.75,7.5));
#2488 = VECTOR('',#2489,1.);
#2489 = DIRECTION('',(0.,-6.661338147751E-16,1.));
#2490 = ORIENTED_EDGE('',*,*,#758,.F.);
#2491 = ORIENTED_EDGE('',*,*,#2428,.T.);
#2492 = ORIENTED_EDGE('',*,*,#2493,.T.);
#2493 = EDGE_CURVE('',#2429,#2484,#2494,.T.);
#2494 = LINE('',#2495,#2496);
#2495 = CARTESIAN_POINT('',(149.,13.75,22.));
#2496 = VECTOR('',#2497,1.);
#2497 = DIRECTION('',(0.,-1.,-6.661338147751E-16));
#2498 = PLANE('',#2499);
#2499 = AXIS2_PLACEMENT_3D('',#2500,#2501,#2502);
#2500 = CARTESIAN_POINT('',(149.,13.75,7.5));
#2501 = DIRECTION('',(1.,0.,0.));
#2502 = DIRECTION('',(0.,-1.,-6.661338147751E-16));
#2503 = ADVANCED_FACE('',(#2504,#2515),#2526,.T.);
#2504 = FACE_BOUND('',#2505,.T.);
#2505 = EDGE_LOOP('',(#2506,#2507,#2508,#2509));
#2506 = ORIENTED_EDGE('',*,*,#2483,.F.);
#2507 = ORIENTED_EDGE('',*,*,#766,.F.);
#2508 = ORIENTED_EDGE('',*,*,#2459,.T.);
#2509 = ORIENTED_EDGE('',*,*,#2510,.F.);
#2510 = EDGE_CURVE('',#2484,#2460,#2511,.T.);
#2511 = LINE('',#2512,#2513);
#2512 = CARTESIAN_POINT('',(149.,2.75,22.));
#2513 = VECTOR('',#2514,1.);
#2514 = DIRECTION('',(1.,0.,0.));
#2515 = FACE_BOUND('',#2516,.T.);
#2516 = EDGE_LOOP('',(#2517));
#2517 = ORIENTED_EDGE('',*,*,#2518,.F.);
#2518 = EDGE_CURVE('',#2519,#2519,#2521,.T.);
#2519 = VERTEX_POINT('',#2520);
#2520 = CARTESIAN_POINT('',(156.8,2.75,14.));
#2521 = CIRCLE('',#2522,1.8);
#2522 = AXIS2_PLACEMENT_3D('',#2523,#2524,#2525);
#2523 = CARTESIAN_POINT('',(155.,2.75,14.));
#2524 = DIRECTION('',(0.,-1.,-6.661338147751E-16));
#2525 = DIRECTION('',(1.,0.,0.));
#2526 = PLANE('',#2527);
#2527 = AXIS2_PLACEMENT_3D('',#2528,#2529,#2530);
#2528 = CARTESIAN_POINT('',(149.,2.75,7.5));
#2529 = DIRECTION('',(0.,-1.,-6.661338147751E-16));
#2530 = DIRECTION('',(1.,0.,0.));
#2531 = ADVANCED_FACE('',(#2532,#2557),#2568,.F.);
#2532 = FACE_BOUND('',#2533,.F.);
#2533 = EDGE_LOOP('',(#2534,#2542,#2550,#2556));
#2534 = ORIENTED_EDGE('',*,*,#2535,.F.);
#2535 = EDGE_CURVE('',#2536,#843,#2538,.T.);
#2536 = VERTEX_POINT('',#2537);
#2537 = CARTESIAN_POINT('',(37.05,177.35,10.5));
#2538 = LINE('',#2539,#2540);
#2539 = CARTESIAN_POINT('',(37.05,177.35,10.5));
#2540 = VECTOR('',#2541,1.);
#2541 = DIRECTION('',(0.,-6.661338147751E-16,1.));
#2542 = ORIENTED_EDGE('',*,*,#2543,.T.);
#2543 = EDGE_CURVE('',#2536,#2544,#2546,.T.);
#2544 = VERTEX_POINT('',#2545);
#2545 = CARTESIAN_POINT('',(42.95,177.35,10.5));
#2546 = LINE('',#2547,#2548);
#2547 = CARTESIAN_POINT('',(37.05,177.35,10.5));
#2548 = VECTOR('',#2549,1.);
#2549 = DIRECTION('',(1.,0.,0.));
#2550 = ORIENTED_EDGE('',*,*,#2551,.T.);
#2551 = EDGE_CURVE('',#2544,#845,#2552,.T.);
#2552 = LINE('',#2553,#2554);
#2553 = CARTESIAN_POINT('',(42.95,177.35,10.5));
#2554 = VECTOR('',#2555,1.);
#2555 = DIRECTION('',(0.,-6.661338147751E-16,1.));
#2556 = ORIENTED_EDGE('',*,*,#842,.F.);
#2557 = FACE_BOUND('',#2558,.F.);
#2558 = EDGE_LOOP('',(#2559));
#2559 = ORIENTED_EDGE('',*,*,#2560,.F.);
#2560 = EDGE_CURVE('',#2561,#2561,#2563,.T.);
#2561 = VERTEX_POINT('',#2562);
#2562 = CARTESIAN_POINT('',(41.8,177.35,14.));
#2563 = CIRCLE('',#2564,1.8);
#2564 = AXIS2_PLACEMENT_3D('',#2565,#2566,#2567);
#2565 = CARTESIAN_POINT('',(40.,177.35,14.));
#2566 = DIRECTION('',(0.,-1.,-6.661338147751E-16));
#2567 = DIRECTION('',(1.,0.,0.));
#2568 = PLANE('',#2569);
#2569 = AXIS2_PLACEMENT_3D('',#2570,#2571,#2572);
#2570 = CARTESIAN_POINT('',(37.05,177.35,10.5));
#2571 = DIRECTION('',(0.,-1.,-6.661338147751E-16));
#2572 = DIRECTION('',(1.,0.,0.));
#2573 = ADVANCED_FACE('',(#2574),#2592,.F.);
#2574 = FACE_BOUND('',#2575,.F.);
#2575 = EDGE_LOOP('',(#2576,#2577,#2585,#2591));
#2576 = ORIENTED_EDGE('',*,*,#2551,.F.);
#2577 = ORIENTED_EDGE('',*,*,#2578,.F.);
#2578 = EDGE_CURVE('',#2579,#2544,#2581,.T.);
#2579 = VERTEX_POINT('',#2580);
#2580 = CARTESIAN_POINT('',(42.95,181.55,10.5));
#2581 = LINE('',#2582,#2583);
#2582 = CARTESIAN_POINT('',(42.95,181.55,10.5));
#2583 = VECTOR('',#2584,1.);
#2584 = DIRECTION('',(0.,-1.,-6.661338147751E-16));
#2585 = ORIENTED_EDGE('',*,*,#2586,.T.);
#2586 = EDGE_CURVE('',#2579,#861,#2587,.T.);
#2587 = LINE('',#2588,#2589);
#2588 = CARTESIAN_POINT('',(42.95,181.55,10.5));
#2589 = VECTOR('',#2590,1.);
#2590 = DIRECTION('',(0.,-6.661338147751E-16,1.));
#2591 = ORIENTED_EDGE('',*,*,#868,.F.);
#2592 = PLANE('',#2593);
#2593 = AXIS2_PLACEMENT_3D('',#2594,#2595,#2596);
#2594 = CARTESIAN_POINT('',(42.95,181.55,10.5));
#2595 = DIRECTION('',(1.,0.,0.));
#2596 = DIRECTION('',(0.,-1.,-6.661338147751E-16));
#2597 = ADVANCED_FACE('',(#2598,#2616),#2619,.T.);
#2598 = FACE_BOUND('',#2599,.T.);
#2599 = EDGE_LOOP('',(#2600,#2608,#2614,#2615));
#2600 = ORIENTED_EDGE('',*,*,#2601,.F.);
#2601 = EDGE_CURVE('',#2602,#853,#2604,.T.);
#2602 = VERTEX_POINT('',#2603);
#2603 = CARTESIAN_POINT('',(37.05,181.55,10.5));
#2604 = LINE('',#2605,#2606);
#2605 = CARTESIAN_POINT('',(37.05,181.55,10.5));
#2606 = VECTOR('',#2607,1.);
#2607 = DIRECTION('',(0.,-6.661338147751E-16,1.));
#2608 = ORIENTED_EDGE('',*,*,#2609,.T.);
#2609 = EDGE_CURVE('',#2602,#2579,#2610,.T.);
#2610 = LINE('',#2611,#2612);
#2611 = CARTESIAN_POINT('',(37.05,181.55,10.5));
#2612 = VECTOR('',#2613,1.);
#2613 = DIRECTION('',(1.,0.,0.));
#2614 = ORIENTED_EDGE('',*,*,#2586,.T.);
#2615 = ORIENTED_EDGE('',*,*,#860,.F.);
#2616 = FACE_BOUND('',#2617,.T.);
#2617 = EDGE_LOOP('',(#2618));
#2618 = ORIENTED_EDGE('',*,*,#1399,.F.);
#2619 = PLANE('',#2620);
#2620 = AXIS2_PLACEMENT_3D('',#2621,#2622,#2623);
#2621 = CARTESIAN_POINT('',(37.05,181.55,10.5));
#2622 = DIRECTION('',(0.,-1.,-6.661338147751E-16));
#2623 = DIRECTION('',(1.,0.,0.));
#2624 = ADVANCED_FACE('',(#2625),#2636,.T.);
#2625 = FACE_BOUND('',#2626,.T.);
#2626 = EDGE_LOOP('',(#2627,#2628,#2634,#2635));
#2627 = ORIENTED_EDGE('',*,*,#2535,.F.);
#2628 = ORIENTED_EDGE('',*,*,#2629,.F.);
#2629 = EDGE_CURVE('',#2602,#2536,#2630,.T.);
#2630 = LINE('',#2631,#2632);
#2631 = CARTESIAN_POINT('',(37.05,181.55,10.5));
#2632 = VECTOR('',#2633,1.);
#2633 = DIRECTION('',(0.,-1.,-6.661338147751E-16));
#2634 = ORIENTED_EDGE('',*,*,#2601,.T.);
#2635 = ORIENTED_EDGE('',*,*,#852,.F.);
#2636 = PLANE('',#2637);
#2637 = AXIS2_PLACEMENT_3D('',#2638,#2639,#2640);
#2638 = CARTESIAN_POINT('',(37.05,181.55,10.5));
#2639 = DIRECTION('',(1.,0.,0.));
#2640 = DIRECTION('',(0.,-1.,-6.661338147751E-16));
#2641 = ADVANCED_FACE('',(#2642,#2667),#2678,.F.);
#2642 = FACE_BOUND('',#2643,.F.);
#2643 = EDGE_LOOP('',(#2644,#2652,#2660,#2666));
#2644 = ORIENTED_EDGE('',*,*,#2645,.F.);
#2645 = EDGE_CURVE('',#2646,#949,#2648,.T.);
#2646 = VERTEX_POINT('',#2647);
#2647 = CARTESIAN_POINT('',(157.05,177.35,10.5));
#2648 = LINE('',#2649,#2650);
#2649 = CARTESIAN_POINT('',(157.05,177.35,10.5));
#2650 = VECTOR('',#2651,1.);
#2651 = DIRECTION('',(0.,-6.661338147751E-16,1.));
#2652 = ORIENTED_EDGE('',*,*,#2653,.T.);
#2653 = EDGE_CURVE('',#2646,#2654,#2656,.T.);
#2654 = VERTEX_POINT('',#2655);
#2655 = CARTESIAN_POINT('',(162.95,177.35,10.5));
#2656 = LINE('',#2657,#2658);
#2657 = CARTESIAN_POINT('',(157.05,177.35,10.5));
#2658 = VECTOR('',#2659,1.);
#2659 = DIRECTION('',(1.,0.,0.));
#2660 = ORIENTED_EDGE('',*,*,#2661,.T.);
#2661 = EDGE_CURVE('',#2654,#951,#2662,.T.);
#2662 = LINE('',#2663,#2664);
#2663 = CARTESIAN_POINT('',(162.95,177.35,10.5));
#2664 = VECTOR('',#2665,1.);
#2665 = DIRECTION('',(0.,-6.661338147751E-16,1.));
#2666 = ORIENTED_EDGE('',*,*,#948,.F.);
#2667 = FACE_BOUND('',#2668,.F.);
#2668 = EDGE_LOOP('',(#2669));
#2669 = ORIENTED_EDGE('',*,*,#2670,.F.);
#2670 = EDGE_CURVE('',#2671,#2671,#2673,.T.);
#2671 = VERTEX_POINT('',#2672);
#2672 = CARTESIAN_POINT('',(161.8,177.35,14.));
#2673 = CIRCLE('',#2674,1.8);
#2674 = AXIS2_PLACEMENT_3D('',#2675,#2676,#2677);
#2675 = CARTESIAN_POINT('',(160.,177.35,14.));
#2676 = DIRECTION('',(0.,-1.,-6.661338147751E-16));
#2677 = DIRECTION('',(1.,0.,0.));
#2678 = PLANE('',#2679);
#2679 = AXIS2_PLACEMENT_3D('',#2680,#2681,#2682);
#2680 = CARTESIAN_POINT('',(157.05,177.35,10.5));
#2681 = DIRECTION('',(0.,-1.,-6.661338147751E-16));
#2682 = DIRECTION('',(1.,0.,0.));
#2683 = ADVANCED_FACE('',(#2684),#2702,.F.);
#2684 = FACE_BOUND('',#2685,.F.);
#2685 = EDGE_LOOP('',(#2686,#2687,#2695,#2701));
#2686 = ORIENTED_EDGE('',*,*,#2661,.F.);
#2687 = ORIENTED_EDGE('',*,*,#2688,.F.);
#2688 = EDGE_CURVE('',#2689,#2654,#2691,.T.);
#2689 = VERTEX_POINT('',#2690);
#2690 = CARTESIAN_POINT('',(162.95,181.55,10.5));
#2691 = LINE('',#2692,#2693);
#2692 = CARTESIAN_POINT('',(162.95,181.55,10.5));
#2693 = VECTOR('',#2694,1.);
#2694 = DIRECTION('',(0.,-1.,-6.661338147751E-16));
#2695 = ORIENTED_EDGE('',*,*,#2696,.T.);
#2696 = EDGE_CURVE('',#2689,#967,#2697,.T.);
#2697 = LINE('',#2698,#2699);
#2698 = CARTESIAN_POINT('',(162.95,181.55,10.5));
#2699 = VECTOR('',#2700,1.);
#2700 = DIRECTION('',(0.,-6.661338147751E-16,1.));
#2701 = ORIENTED_EDGE('',*,*,#974,.F.);
#2702 = PLANE('',#2703);
#2703 = AXIS2_PLACEMENT_3D('',#2704,#2705,#2706);
#2704 = CARTESIAN_POINT('',(162.95,181.55,10.5));
#2705 = DIRECTION('',(1.,0.,0.));
#2706 = DIRECTION('',(0.,-1.,-6.661338147751E-16));
#2707 = ADVANCED_FACE('',(#2708,#2726),#2729,.T.);
#2708 = FACE_BOUND('',#2709,.T.);
#2709 = EDGE_LOOP('',(#2710,#2718,#2724,#2725));
#2710 = ORIENTED_EDGE('',*,*,#2711,.F.);
#2711 = EDGE_CURVE('',#2712,#959,#2714,.T.);
#2712 = VERTEX_POINT('',#2713);
#2713 = CARTESIAN_POINT('',(157.05,181.55,10.5));
#2714 = LINE('',#2715,#2716);
#2715 = CARTESIAN_POINT('',(157.05,181.55,10.5));
#2716 = VECTOR('',#2717,1.);
#2717 = DIRECTION('',(0.,-6.661338147751E-16,1.));
#2718 = ORIENTED_EDGE('',*,*,#2719,.T.);
#2719 = EDGE_CURVE('',#2712,#2689,#2720,.T.);
#2720 = LINE('',#2721,#2722);
#2721 = CARTESIAN_POINT('',(157.05,181.55,10.5));
#2722 = VECTOR('',#2723,1.);
#2723 = DIRECTION('',(1.,0.,0.));
#2724 = ORIENTED_EDGE('',*,*,#2696,.T.);
#2725 = ORIENTED_EDGE('',*,*,#966,.F.);
#2726 = FACE_BOUND('',#2727,.T.);
#2727 = EDGE_LOOP('',(#2728));
#2728 = ORIENTED_EDGE('',*,*,#1374,.F.);
#2729 = PLANE('',#2730);
#2730 = AXIS2_PLACEMENT_3D('',#2731,#2732,#2733);
#2731 = CARTESIAN_POINT('',(157.05,181.55,10.5));
#2732 = DIRECTION('',(0.,-1.,-6.661338147751E-16));
#2733 = DIRECTION('',(1.,0.,0.));
#2734 = ADVANCED_FACE('',(#2735),#2746,.T.);
#2735 = FACE_BOUND('',#2736,.T.);
#2736 = EDGE_LOOP('',(#2737,#2738,#2744,#2745));
#2737 = ORIENTED_EDGE('',*,*,#2645,.F.);
#2738 = ORIENTED_EDGE('',*,*,#2739,.F.);
#2739 = EDGE_CURVE('',#2712,#2646,#2740,.T.);
#2740 = LINE('',#2741,#2742);
#2741 = CARTESIAN_POINT('',(157.05,181.55,10.5));
#2742 = VECTOR('',#2743,1.);
#2743 = DIRECTION('',(0.,-1.,-6.661338147751E-16));
#2744 = ORIENTED_EDGE('',*,*,#2711,.T.);
#2745 = ORIENTED_EDGE('',*,*,#958,.F.);
#2746 = PLANE('',#2747);
#2747 = AXIS2_PLACEMENT_3D('',#2748,#2749,#2750);
#2748 = CARTESIAN_POINT('',(157.05,181.55,10.5));
#2749 = DIRECTION('',(1.,0.,0.));
#2750 = DIRECTION('',(0.,-1.,-6.661338147751E-16));
#2751 = ADVANCED_FACE('',(#2752),#2777,.F.);
#2752 = FACE_BOUND('',#2753,.F.);
#2753 = EDGE_LOOP('',(#2754,#2764,#2770,#2771));
#2754 = ORIENTED_EDGE('',*,*,#2755,.F.);
#2755 = EDGE_CURVE('',#2756,#2758,#2760,.T.);
#2756 = VERTEX_POINT('',#2757);
#2757 = CARTESIAN_POINT('',(70.,182.4,7.6));
#2758 = VERTEX_POINT('',#2759);
#2759 = CARTESIAN_POINT('',(71.8,182.4,7.6));
#2760 = LINE('',#2761,#2762);
#2761 = CARTESIAN_POINT('',(70.,182.4,7.6));
#2762 = VECTOR('',#2763,1.);
#2763 = DIRECTION('',(1.,0.,0.));
#2764 = ORIENTED_EDGE('',*,*,#2765,.T.);
#2765 = EDGE_CURVE('',#2756,#1007,#2766,.T.);
#2766 = LINE('',#2767,#2768);
#2767 = CARTESIAN_POINT('',(70.,182.4,7.6));
#2768 = VECTOR('',#2769,1.);
#2769 = DIRECTION('',(0.,-4.440892098501E-16,1.));
#2770 = ORIENTED_EDGE('',*,*,#1006,.T.);
#2771 = ORIENTED_EDGE('',*,*,#2772,.F.);
#2772 = EDGE_CURVE('',#2758,#1009,#2773,.T.);
#2773 = LINE('',#2774,#2775);
#2774 = CARTESIAN_POINT('',(71.8,182.4,7.6));
#2775 = VECTOR('',#2776,1.);
#2776 = DIRECTION('',(0.,-4.440892098501E-16,1.));
#2777 = PLANE('',#2778);
#2778 = AXIS2_PLACEMENT_3D('',#2779,#2780,#2781);
#2779 = CARTESIAN_POINT('',(70.,182.4,7.6));
#2780 = DIRECTION('',(0.,1.,4.440892098501E-16));
#2781 = DIRECTION('',(0.,-4.440892098501E-16,1.));
#2782 = ADVANCED_FACE('',(#2783),#2802,.F.);
#2783 = FACE_BOUND('',#2784,.F.);
#2784 = EDGE_LOOP('',(#2785,#2786,#2794,#2801));
#2785 = ORIENTED_EDGE('',*,*,#1143,.F.);
#2786 = ORIENTED_EDGE('',*,*,#2787,.F.);
#2787 = EDGE_CURVE('',#2788,#1136,#2790,.T.);
#2788 = VERTEX_POINT('',#2789);
#2789 = CARTESIAN_POINT('',(72.056073759866,182.30728851183,7.6));
#2790 = LINE('',#2791,#2792);
#2791 = CARTESIAN_POINT('',(72.056073759866,182.30728851183,7.6));
#2792 = VECTOR('',#2793,1.);
#2793 = DIRECTION('',(0.,-4.440892098501E-16,1.));
#2794 = ORIENTED_EDGE('',*,*,#2795,.T.);
#2795 = EDGE_CURVE('',#2788,#2758,#2796,.T.);
#2796 = CIRCLE('',#2797,0.4);
#2797 = AXIS2_PLACEMENT_3D('',#2798,#2799,#2800);
#2798 = CARTESIAN_POINT('',(71.8,182.,7.6));
#2799 = DIRECTION('',(0.,-4.440892098501E-16,1.));
#2800 = DIRECTION('',(1.,0.,0.));
#2801 = ORIENTED_EDGE('',*,*,#2772,.T.);
#2802 = CYLINDRICAL_SURFACE('',#2803,0.4);
#2803 = AXIS2_PLACEMENT_3D('',#2804,#2805,#2806);
#2804 = CARTESIAN_POINT('',(71.8,182.,7.6));
#2805 = DIRECTION('',(0.,-4.440892098501E-16,1.));
#2806 = DIRECTION('',(1.,0.,0.));
#2807 = ADVANCED_FACE('',(#2808),#2826,.F.);
#2808 = FACE_BOUND('',#2809,.F.);
#2809 = EDGE_LOOP('',(#2810,#2818,#2819,#2820));
#2810 = ORIENTED_EDGE('',*,*,#2811,.F.);
#2811 = EDGE_CURVE('',#2788,#2812,#2814,.T.);
#2812 = VERTEX_POINT('',#2813);
#2813 = CARTESIAN_POINT('',(72.656073759866,181.80728851183,7.6));
#2814 = LINE('',#2815,#2816);
#2815 = CARTESIAN_POINT('',(72.056073759866,182.30728851183,7.6));
#2816 = VECTOR('',#2817,1.);
#2817 = DIRECTION('',(0.768221279597,-0.640184399664,-2.842989842053E-16
    ));
#2818 = ORIENTED_EDGE('',*,*,#2787,.T.);
#2819 = ORIENTED_EDGE('',*,*,#1135,.T.);
#2820 = ORIENTED_EDGE('',*,*,#2821,.F.);
#2821 = EDGE_CURVE('',#2812,#1127,#2822,.T.);
#2822 = LINE('',#2823,#2824);
#2823 = CARTESIAN_POINT('',(72.656073759866,181.80728851183,7.6));
#2824 = VECTOR('',#2825,1.);
#2825 = DIRECTION('',(0.,-4.440892098501E-16,1.));
#2826 = PLANE('',#2827);
#2827 = AXIS2_PLACEMENT_3D('',#2828,#2829,#2830);
#2828 = CARTESIAN_POINT('',(72.056073759866,182.30728851183,7.6));
#2829 = DIRECTION('',(0.640184399664,0.768221279597,3.411587810464E-16)
  );
#2830 = DIRECTION('',(0.,-4.440892098501E-16,1.));
#2831 = ADVANCED_FACE('',(#2832),#2851,.F.);
#2832 = FACE_BOUND('',#2833,.F.);
#2833 = EDGE_LOOP('',(#2834,#2835,#2843,#2850));
#2834 = ORIENTED_EDGE('',*,*,#1126,.F.);
#2835 = ORIENTED_EDGE('',*,*,#2836,.F.);
#2836 = EDGE_CURVE('',#2837,#1119,#2839,.T.);
#2837 = VERTEX_POINT('',#2838);
#2838 = CARTESIAN_POINT('',(72.8,181.5,7.6));
#2839 = LINE('',#2840,#2841);
#2840 = CARTESIAN_POINT('',(72.8,181.5,7.6));
#2841 = VECTOR('',#2842,1.);
#2842 = DIRECTION('',(0.,-4.440892098501E-16,1.));
#2843 = ORIENTED_EDGE('',*,*,#2844,.T.);
#2844 = EDGE_CURVE('',#2837,#2812,#2845,.T.);
#2845 = CIRCLE('',#2846,0.4);
#2846 = AXIS2_PLACEMENT_3D('',#2847,#2848,#2849);
#2847 = CARTESIAN_POINT('',(72.4,181.5,7.6));
#2848 = DIRECTION('',(0.,-4.440892098501E-16,1.));
#2849 = DIRECTION('',(1.,0.,0.));
#2850 = ORIENTED_EDGE('',*,*,#2821,.T.);
#2851 = CYLINDRICAL_SURFACE('',#2852,0.4);
#2852 = AXIS2_PLACEMENT_3D('',#2853,#2854,#2855);
#2853 = CARTESIAN_POINT('',(72.4,181.5,7.6));
#2854 = DIRECTION('',(0.,-4.440892098501E-16,1.));
#2855 = DIRECTION('',(1.,0.,0.));
#2856 = ADVANCED_FACE('',(#2857),#2875,.F.);
#2857 = FACE_BOUND('',#2858,.F.);
#2858 = EDGE_LOOP('',(#2859,#2867,#2868,#2869));
#2859 = ORIENTED_EDGE('',*,*,#2860,.F.);
#2860 = EDGE_CURVE('',#2837,#2861,#2863,.T.);
#2861 = VERTEX_POINT('',#2862);
#2862 = CARTESIAN_POINT('',(72.8,180.5,7.6));
#2863 = LINE('',#2864,#2865);
#2864 = CARTESIAN_POINT('',(72.8,181.5,7.6));
#2865 = VECTOR('',#2866,1.);
#2866 = DIRECTION('',(1.110223024625E-16,-1.,-4.440892098501E-16));
#2867 = ORIENTED_EDGE('',*,*,#2836,.T.);
#2868 = ORIENTED_EDGE('',*,*,#1118,.T.);
#2869 = ORIENTED_EDGE('',*,*,#2870,.F.);
#2870 = EDGE_CURVE('',#2861,#1110,#2871,.T.);
#2871 = LINE('',#2872,#2873);
#2872 = CARTESIAN_POINT('',(72.8,180.5,7.6));
#2873 = VECTOR('',#2874,1.);
#2874 = DIRECTION('',(0.,-4.440892098501E-16,1.));
#2875 = PLANE('',#2876);
#2876 = AXIS2_PLACEMENT_3D('',#2877,#2878,#2879);
#2877 = CARTESIAN_POINT('',(72.8,181.5,7.6));
#2878 = DIRECTION('',(1.,1.110223024625E-16,4.930380657631E-32));
#2879 = DIRECTION('',(0.,-4.440892098501E-16,1.));
#2880 = ADVANCED_FACE('',(#2881),#2900,.F.);
#2881 = FACE_BOUND('',#2882,.F.);
#2882 = EDGE_LOOP('',(#2883,#2892,#2893,#2894));
#2883 = ORIENTED_EDGE('',*,*,#2884,.T.);
#2884 = EDGE_CURVE('',#2885,#2861,#2887,.T.);
#2885 = VERTEX_POINT('',#2886);
#2886 = CARTESIAN_POINT('',(72.656073759866,180.19271148816,7.6));
#2887 = CIRCLE('',#2888,0.4);
#2888 = AXIS2_PLACEMENT_3D('',#2889,#2890,#2891);
#2889 = CARTESIAN_POINT('',(72.4,180.5,7.6));
#2890 = DIRECTION('',(0.,-4.440892098501E-16,1.));
#2891 = DIRECTION('',(1.,0.,0.));
#2892 = ORIENTED_EDGE('',*,*,#2870,.T.);
#2893 = ORIENTED_EDGE('',*,*,#1109,.F.);
#2894 = ORIENTED_EDGE('',*,*,#2895,.F.);
#2895 = EDGE_CURVE('',#2885,#1102,#2896,.T.);
#2896 = LINE('',#2897,#2898);
#2897 = CARTESIAN_POINT('',(72.656073759866,180.19271148816,7.6));
#2898 = VECTOR('',#2899,1.);
#2899 = DIRECTION('',(0.,-4.440892098501E-16,1.));
#2900 = CYLINDRICAL_SURFACE('',#2901,0.4);
#2901 = AXIS2_PLACEMENT_3D('',#2902,#2903,#2904);
#2902 = CARTESIAN_POINT('',(72.4,180.5,7.6));
#2903 = DIRECTION('',(0.,-4.440892098501E-16,1.));
#2904 = DIRECTION('',(1.,0.,0.));
#2905 = ADVANCED_FACE('',(#2906),#2924,.F.);
#2906 = FACE_BOUND('',#2907,.F.);
#2907 = EDGE_LOOP('',(#2908,#2916,#2917,#2918));
#2908 = ORIENTED_EDGE('',*,*,#2909,.F.);
#2909 = EDGE_CURVE('',#2885,#2910,#2912,.T.);
#2910 = VERTEX_POINT('',#2911);
#2911 = CARTESIAN_POINT('',(72.424819974073,180.,7.6));
#2912 = LINE('',#2913,#2914);
#2913 = CARTESIAN_POINT('',(72.656073759866,180.19271148816,7.6));
#2914 = VECTOR('',#2915,1.);
#2915 = DIRECTION('',(-0.768221279597,-0.640184399664,
    -2.842989842053E-16));
#2916 = ORIENTED_EDGE('',*,*,#2895,.T.);
#2917 = ORIENTED_EDGE('',*,*,#1101,.T.);
#2918 = ORIENTED_EDGE('',*,*,#2919,.F.);
#2919 = EDGE_CURVE('',#2910,#1094,#2920,.T.);
#2920 = LINE('',#2921,#2922);
#2921 = CARTESIAN_POINT('',(72.424819974073,180.,7.6));
#2922 = VECTOR('',#2923,1.);
#2923 = DIRECTION('',(0.,-4.440892098501E-16,1.));
#2924 = PLANE('',#2925);
#2925 = AXIS2_PLACEMENT_3D('',#2926,#2927,#2928);
#2926 = CARTESIAN_POINT('',(72.656073759866,180.19271148816,7.6));
#2927 = DIRECTION('',(0.640184399664,-0.768221279597,-3.411587810464E-16
    ));
#2928 = DIRECTION('',(0.,-4.440892098501E-16,1.));
#2929 = ADVANCED_FACE('',(#2930),#2948,.F.);
#2930 = FACE_BOUND('',#2931,.F.);
#2931 = EDGE_LOOP('',(#2932,#2940,#2941,#2942));
#2932 = ORIENTED_EDGE('',*,*,#2933,.F.);
#2933 = EDGE_CURVE('',#2910,#2934,#2936,.T.);
#2934 = VERTEX_POINT('',#2935);
#2935 = CARTESIAN_POINT('',(72.656073759866,179.80728851183,7.6));
#2936 = LINE('',#2937,#2938);
#2937 = CARTESIAN_POINT('',(72.056073759866,180.30728851183,7.6));
#2938 = VECTOR('',#2939,1.);
#2939 = DIRECTION('',(0.768221279597,-0.640184399664,-2.842989842053E-16
    ));
#2940 = ORIENTED_EDGE('',*,*,#2919,.T.);
#2941 = ORIENTED_EDGE('',*,*,#1093,.T.);
#2942 = ORIENTED_EDGE('',*,*,#2943,.F.);
#2943 = EDGE_CURVE('',#2934,#1085,#2944,.T.);
#2944 = LINE('',#2945,#2946);
#2945 = CARTESIAN_POINT('',(72.656073759866,179.80728851183,7.6));
#2946 = VECTOR('',#2947,1.);
#2947 = DIRECTION('',(0.,-4.440892098501E-16,1.));
#2948 = PLANE('',#2949);
#2949 = AXIS2_PLACEMENT_3D('',#2950,#2951,#2952);
#2950 = CARTESIAN_POINT('',(72.056073759866,180.30728851183,7.6));
#2951 = DIRECTION('',(0.640184399664,0.768221279597,3.411587810464E-16)
  );
#2952 = DIRECTION('',(0.,-4.440892098501E-16,1.));
#2953 = ADVANCED_FACE('',(#2954),#2973,.F.);
#2954 = FACE_BOUND('',#2955,.F.);
#2955 = EDGE_LOOP('',(#2956,#2957,#2965,#2972));
#2956 = ORIENTED_EDGE('',*,*,#1084,.F.);
#2957 = ORIENTED_EDGE('',*,*,#2958,.F.);
#2958 = EDGE_CURVE('',#2959,#1077,#2961,.T.);
#2959 = VERTEX_POINT('',#2960);
#2960 = CARTESIAN_POINT('',(72.8,179.5,7.6));
#2961 = LINE('',#2962,#2963);
#2962 = CARTESIAN_POINT('',(72.8,179.5,7.6));
#2963 = VECTOR('',#2964,1.);
#2964 = DIRECTION('',(0.,-4.440892098501E-16,1.));
#2965 = ORIENTED_EDGE('',*,*,#2966,.T.);
#2966 = EDGE_CURVE('',#2959,#2934,#2967,.T.);
#2967 = CIRCLE('',#2968,0.4);
#2968 = AXIS2_PLACEMENT_3D('',#2969,#2970,#2971);
#2969 = CARTESIAN_POINT('',(72.4,179.5,7.6));
#2970 = DIRECTION('',(0.,-4.440892098501E-16,1.));
#2971 = DIRECTION('',(1.,0.,0.));
#2972 = ORIENTED_EDGE('',*,*,#2943,.T.);
#2973 = CYLINDRICAL_SURFACE('',#2974,0.4);
#2974 = AXIS2_PLACEMENT_3D('',#2975,#2976,#2977);
#2975 = CARTESIAN_POINT('',(72.4,179.5,7.6));
#2976 = DIRECTION('',(0.,-4.440892098501E-16,1.));
#2977 = DIRECTION('',(1.,0.,0.));
#2978 = ADVANCED_FACE('',(#2979),#2997,.F.);
#2979 = FACE_BOUND('',#2980,.F.);
#2980 = EDGE_LOOP('',(#2981,#2989,#2990,#2991));
#2981 = ORIENTED_EDGE('',*,*,#2982,.F.);
#2982 = EDGE_CURVE('',#2959,#2983,#2985,.T.);
#2983 = VERTEX_POINT('',#2984);
#2984 = CARTESIAN_POINT('',(72.8,178.5,7.6));
#2985 = LINE('',#2986,#2987);
#2986 = CARTESIAN_POINT('',(72.8,179.5,7.6));
#2987 = VECTOR('',#2988,1.);
#2988 = DIRECTION('',(1.110223024625E-16,-1.,-4.440892098501E-16));
#2989 = ORIENTED_EDGE('',*,*,#2958,.T.);
#2990 = ORIENTED_EDGE('',*,*,#1076,.T.);
#2991 = ORIENTED_EDGE('',*,*,#2992,.F.);
#2992 = EDGE_CURVE('',#2983,#1068,#2993,.T.);
#2993 = LINE('',#2994,#2995);
#2994 = CARTESIAN_POINT('',(72.8,178.5,7.6));
#2995 = VECTOR('',#2996,1.);
#2996 = DIRECTION('',(0.,-4.440892098501E-16,1.));
#2997 = PLANE('',#2998);
#2998 = AXIS2_PLACEMENT_3D('',#2999,#3000,#3001);
#2999 = CARTESIAN_POINT('',(72.8,179.5,7.6));
#3000 = DIRECTION('',(1.,1.110223024625E-16,4.930380657631E-32));
#3001 = DIRECTION('',(0.,-4.440892098501E-16,1.));
#3002 = ADVANCED_FACE('',(#3003),#3022,.F.);
#3003 = FACE_BOUND('',#3004,.F.);
#3004 = EDGE_LOOP('',(#3005,#3014,#3015,#3016));
#3005 = ORIENTED_EDGE('',*,*,#3006,.T.);
#3006 = EDGE_CURVE('',#3007,#2983,#3009,.T.);
#3007 = VERTEX_POINT('',#3008);
#3008 = CARTESIAN_POINT('',(72.656073759866,178.19271148816,7.6));
#3009 = CIRCLE('',#3010,0.4);
#3010 = AXIS2_PLACEMENT_3D('',#3011,#3012,#3013);
#3011 = CARTESIAN_POINT('',(72.4,178.5,7.6));
#3012 = DIRECTION('',(0.,-4.440892098501E-16,1.));
#3013 = DIRECTION('',(1.,0.,0.));
#3014 = ORIENTED_EDGE('',*,*,#2992,.T.);
#3015 = ORIENTED_EDGE('',*,*,#1067,.F.);
#3016 = ORIENTED_EDGE('',*,*,#3017,.F.);
#3017 = EDGE_CURVE('',#3007,#1060,#3018,.T.);
#3018 = LINE('',#3019,#3020);
#3019 = CARTESIAN_POINT('',(72.656073759866,178.19271148816,7.6));
#3020 = VECTOR('',#3021,1.);
#3021 = DIRECTION('',(0.,-4.440892098501E-16,1.));
#3022 = CYLINDRICAL_SURFACE('',#3023,0.4);
#3023 = AXIS2_PLACEMENT_3D('',#3024,#3025,#3026);
#3024 = CARTESIAN_POINT('',(72.4,178.5,7.6));
#3025 = DIRECTION('',(0.,-4.440892098501E-16,1.));
#3026 = DIRECTION('',(1.,0.,0.));
#3027 = ADVANCED_FACE('',(#3028),#3046,.F.);
#3028 = FACE_BOUND('',#3029,.F.);
#3029 = EDGE_LOOP('',(#3030,#3038,#3039,#3040));
#3030 = ORIENTED_EDGE('',*,*,#3031,.F.);
#3031 = EDGE_CURVE('',#3007,#3032,#3034,.T.);
#3032 = VERTEX_POINT('',#3033);
#3033 = CARTESIAN_POINT('',(72.056073759866,177.69271148816,7.6));
#3034 = LINE('',#3035,#3036);
#3035 = CARTESIAN_POINT('',(72.656073759866,178.19271148816,7.6));
#3036 = VECTOR('',#3037,1.);
#3037 = DIRECTION('',(-0.768221279597,-0.640184399664,
    -2.842989842053E-16));
#3038 = ORIENTED_EDGE('',*,*,#3017,.T.);
#3039 = ORIENTED_EDGE('',*,*,#1059,.T.);
#3040 = ORIENTED_EDGE('',*,*,#3041,.F.);
#3041 = EDGE_CURVE('',#3032,#1051,#3042,.T.);
#3042 = LINE('',#3043,#3044);
#3043 = CARTESIAN_POINT('',(72.056073759866,177.69271148816,7.6));
#3044 = VECTOR('',#3045,1.);
#3045 = DIRECTION('',(0.,-4.440892098501E-16,1.));
#3046 = PLANE('',#3047);
#3047 = AXIS2_PLACEMENT_3D('',#3048,#3049,#3050);
#3048 = CARTESIAN_POINT('',(72.656073759866,178.19271148816,7.6));
#3049 = DIRECTION('',(0.640184399664,-0.768221279597,-3.411587810464E-16
    ));
#3050 = DIRECTION('',(0.,-4.440892098501E-16,1.));
#3051 = ADVANCED_FACE('',(#3052),#3071,.F.);
#3052 = FACE_BOUND('',#3053,.F.);
#3053 = EDGE_LOOP('',(#3054,#3055,#3063,#3070));
#3054 = ORIENTED_EDGE('',*,*,#1050,.F.);
#3055 = ORIENTED_EDGE('',*,*,#3056,.F.);
#3056 = EDGE_CURVE('',#3057,#1043,#3059,.T.);
#3057 = VERTEX_POINT('',#3058);
#3058 = CARTESIAN_POINT('',(71.8,177.6,7.6));
#3059 = LINE('',#3060,#3061);
#3060 = CARTESIAN_POINT('',(71.8,177.6,7.6));
#3061 = VECTOR('',#3062,1.);
#3062 = DIRECTION('',(0.,-4.440892098501E-16,1.));
#3063 = ORIENTED_EDGE('',*,*,#3064,.T.);
#3064 = EDGE_CURVE('',#3057,#3032,#3065,.T.);
#3065 = CIRCLE('',#3066,0.4);
#3066 = AXIS2_PLACEMENT_3D('',#3067,#3068,#3069);
#3067 = CARTESIAN_POINT('',(71.8,178.,7.6));
#3068 = DIRECTION('',(0.,-4.440892098501E-16,1.));
#3069 = DIRECTION('',(1.,0.,0.));
#3070 = ORIENTED_EDGE('',*,*,#3041,.T.);
#3071 = CYLINDRICAL_SURFACE('',#3072,0.4);
#3072 = AXIS2_PLACEMENT_3D('',#3073,#3074,#3075);
#3073 = CARTESIAN_POINT('',(71.8,178.,7.6));
#3074 = DIRECTION('',(0.,-4.440892098501E-16,1.));
#3075 = DIRECTION('',(1.,0.,0.));
#3076 = ADVANCED_FACE('',(#3077),#3095,.F.);
#3077 = FACE_BOUND('',#3078,.F.);
#3078 = EDGE_LOOP('',(#3079,#3087,#3088,#3089));
#3079 = ORIENTED_EDGE('',*,*,#3080,.F.);
#3080 = EDGE_CURVE('',#3057,#3081,#3083,.T.);
#3081 = VERTEX_POINT('',#3082);
#3082 = CARTESIAN_POINT('',(70.,177.6,7.6));
#3083 = LINE('',#3084,#3085);
#3084 = CARTESIAN_POINT('',(71.8,177.6,7.6));
#3085 = VECTOR('',#3086,1.);
#3086 = DIRECTION('',(-1.,1.224646799147E-16,5.438524293788E-32));
#3087 = ORIENTED_EDGE('',*,*,#3056,.T.);
#3088 = ORIENTED_EDGE('',*,*,#1042,.T.);
#3089 = ORIENTED_EDGE('',*,*,#3090,.F.);
#3090 = EDGE_CURVE('',#3081,#1034,#3091,.T.);
#3091 = LINE('',#3092,#3093);
#3092 = CARTESIAN_POINT('',(70.,177.6,7.6));
#3093 = VECTOR('',#3094,1.);
#3094 = DIRECTION('',(0.,-4.440892098501E-16,1.));
#3095 = PLANE('',#3096);
#3096 = AXIS2_PLACEMENT_3D('',#3097,#3098,#3099);
#3097 = CARTESIAN_POINT('',(71.8,177.6,7.6));
#3098 = DIRECTION('',(-1.224646799147E-16,-1.,-4.440892098501E-16));
#3099 = DIRECTION('',(0.,-4.440892098501E-16,1.));
#3100 = ADVANCED_FACE('',(#3101),#3120,.F.);
#3101 = FACE_BOUND('',#3102,.F.);
#3102 = EDGE_LOOP('',(#3103,#3112,#3113,#3114));
#3103 = ORIENTED_EDGE('',*,*,#3104,.T.);
#3104 = EDGE_CURVE('',#3105,#3081,#3107,.T.);
#3105 = VERTEX_POINT('',#3106);
#3106 = CARTESIAN_POINT('',(69.6,178.,7.6));
#3107 = CIRCLE('',#3108,0.4);
#3108 = AXIS2_PLACEMENT_3D('',#3109,#3110,#3111);
#3109 = CARTESIAN_POINT('',(70.,178.,7.6));
#3110 = DIRECTION('',(0.,-4.440892098501E-16,1.));
#3111 = DIRECTION('',(1.,0.,0.));
#3112 = ORIENTED_EDGE('',*,*,#3090,.T.);
#3113 = ORIENTED_EDGE('',*,*,#1033,.F.);
#3114 = ORIENTED_EDGE('',*,*,#3115,.F.);
#3115 = EDGE_CURVE('',#3105,#1026,#3116,.T.);
#3116 = LINE('',#3117,#3118);
#3117 = CARTESIAN_POINT('',(69.6,178.,7.6));
#3118 = VECTOR('',#3119,1.);
#3119 = DIRECTION('',(0.,-4.440892098501E-16,1.));
#3120 = CYLINDRICAL_SURFACE('',#3121,0.4);
#3121 = AXIS2_PLACEMENT_3D('',#3122,#3123,#3124);
#3122 = CARTESIAN_POINT('',(70.,178.,7.6));
#3123 = DIRECTION('',(0.,-4.440892098501E-16,1.));
#3124 = DIRECTION('',(1.,0.,0.));
#3125 = ADVANCED_FACE('',(#3126),#3144,.F.);
#3126 = FACE_BOUND('',#3127,.F.);
#3127 = EDGE_LOOP('',(#3128,#3136,#3137,#3138));
#3128 = ORIENTED_EDGE('',*,*,#3129,.F.);
#3129 = EDGE_CURVE('',#3105,#3130,#3132,.T.);
#3130 = VERTEX_POINT('',#3131);
#3131 = CARTESIAN_POINT('',(69.6,182.,7.6));
#3132 = LINE('',#3133,#3134);
#3133 = CARTESIAN_POINT('',(69.6,178.,7.6));
#3134 = VECTOR('',#3135,1.);
#3135 = DIRECTION('',(1.110223024625E-16,1.,4.440892098501E-16));
#3136 = ORIENTED_EDGE('',*,*,#3115,.T.);
#3137 = ORIENTED_EDGE('',*,*,#1025,.T.);
#3138 = ORIENTED_EDGE('',*,*,#3139,.F.);
#3139 = EDGE_CURVE('',#3130,#1017,#3140,.T.);
#3140 = LINE('',#3141,#3142);
#3141 = CARTESIAN_POINT('',(69.6,182.,7.6));
#3142 = VECTOR('',#3143,1.);
#3143 = DIRECTION('',(0.,-4.440892098501E-16,1.));
#3144 = PLANE('',#3145);
#3145 = AXIS2_PLACEMENT_3D('',#3146,#3147,#3148);
#3146 = CARTESIAN_POINT('',(69.6,178.,7.6));
#3147 = DIRECTION('',(-1.,1.110223024625E-16,4.930380657631E-32));
#3148 = DIRECTION('',(0.,-4.440892098501E-16,1.));
#3149 = ADVANCED_FACE('',(#3150),#3162,.F.);
#3150 = FACE_BOUND('',#3151,.F.);
#3151 = EDGE_LOOP('',(#3152,#3153,#3154,#3161));
#3152 = ORIENTED_EDGE('',*,*,#1016,.F.);
#3153 = ORIENTED_EDGE('',*,*,#2765,.F.);
#3154 = ORIENTED_EDGE('',*,*,#3155,.T.);
#3155 = EDGE_CURVE('',#2756,#3130,#3156,.T.);
#3156 = CIRCLE('',#3157,0.4);
#3157 = AXIS2_PLACEMENT_3D('',#3158,#3159,#3160);
#3158 = CARTESIAN_POINT('',(70.,182.,7.6));
#3159 = DIRECTION('',(0.,-4.440892098501E-16,1.));
#3160 = DIRECTION('',(1.,0.,0.));
#3161 = ORIENTED_EDGE('',*,*,#3139,.T.);
#3162 = CYLINDRICAL_SURFACE('',#3163,0.4);
#3163 = AXIS2_PLACEMENT_3D('',#3164,#3165,#3166);
#3164 = CARTESIAN_POINT('',(70.,182.,7.6));
#3165 = DIRECTION('',(0.,-4.440892098501E-16,1.));
#3166 = DIRECTION('',(1.,0.,0.));
#3167 = ADVANCED_FACE('',(#3168),#3193,.F.);
#3168 = FACE_BOUND('',#3169,.F.);
#3169 = EDGE_LOOP('',(#3170,#3180,#3186,#3187));
#3170 = ORIENTED_EDGE('',*,*,#3171,.F.);
#3171 = EDGE_CURVE('',#3172,#3174,#3176,.T.);
#3172 = VERTEX_POINT('',#3173);
#3173 = CARTESIAN_POINT('',(73.887652476223,181.24987801902,7.6));
#3174 = VERTEX_POINT('',#3175);
#3175 = CARTESIAN_POINT('',(74.687652476223,182.24987801902,7.6));
#3176 = LINE('',#3177,#3178);
#3177 = CARTESIAN_POINT('',(73.887652476223,181.24987801902,7.6));
#3178 = VECTOR('',#3179,1.);
#3179 = DIRECTION('',(0.624695047554,0.780868809443,3.467754125821E-16)
  );
#3180 = ORIENTED_EDGE('',*,*,#3181,.T.);
#3181 = EDGE_CURVE('',#3172,#1153,#3182,.T.);
#3182 = LINE('',#3183,#3184);
#3183 = CARTESIAN_POINT('',(73.887652476223,181.24987801902,7.6));
#3184 = VECTOR('',#3185,1.);
#3185 = DIRECTION('',(0.,-4.440892098501E-16,1.));
#3186 = ORIENTED_EDGE('',*,*,#1152,.T.);
#3187 = ORIENTED_EDGE('',*,*,#3188,.F.);
#3188 = EDGE_CURVE('',#3174,#1155,#3189,.T.);
#3189 = LINE('',#3190,#3191);
#3190 = CARTESIAN_POINT('',(74.687652476223,182.24987801902,7.6));
#3191 = VECTOR('',#3192,1.);
#3192 = DIRECTION('',(0.,-4.440892098501E-16,1.));
#3193 = PLANE('',#3194);
#3194 = AXIS2_PLACEMENT_3D('',#3195,#3196,#3197);
#3195 = CARTESIAN_POINT('',(73.887652476223,181.24987801902,7.6));
#3196 = DIRECTION('',(-0.780868809443,0.624695047554,2.774203300657E-16)
  );
#3197 = DIRECTION('',(0.,-4.440892098501E-16,1.));
#3198 = ADVANCED_FACE('',(#3199),#3218,.F.);
#3199 = FACE_BOUND('',#3200,.F.);
#3200 = EDGE_LOOP('',(#3201,#3202,#3210,#3217));
#3201 = ORIENTED_EDGE('',*,*,#1237,.F.);
#3202 = ORIENTED_EDGE('',*,*,#3203,.F.);
#3203 = EDGE_CURVE('',#3204,#1230,#3206,.T.);
#3204 = VERTEX_POINT('',#3205);
#3205 = CARTESIAN_POINT('',(75.4,182.,7.6));
#3206 = LINE('',#3207,#3208);
#3207 = CARTESIAN_POINT('',(75.4,182.,7.6));
#3208 = VECTOR('',#3209,1.);
#3209 = DIRECTION('',(0.,-4.440892098501E-16,1.));
#3210 = ORIENTED_EDGE('',*,*,#3211,.T.);
#3211 = EDGE_CURVE('',#3204,#3174,#3212,.T.);
#3212 = CIRCLE('',#3213,0.4);
#3213 = AXIS2_PLACEMENT_3D('',#3214,#3215,#3216);
#3214 = CARTESIAN_POINT('',(75.,182.,7.6));
#3215 = DIRECTION('',(0.,-4.440892098501E-16,1.));
#3216 = DIRECTION('',(1.,0.,0.));
#3217 = ORIENTED_EDGE('',*,*,#3188,.T.);
#3218 = CYLINDRICAL_SURFACE('',#3219,0.4);
#3219 = AXIS2_PLACEMENT_3D('',#3220,#3221,#3222);
#3220 = CARTESIAN_POINT('',(75.,182.,7.6));
#3221 = DIRECTION('',(0.,-4.440892098501E-16,1.));
#3222 = DIRECTION('',(1.,0.,0.));
#3223 = ADVANCED_FACE('',(#3224),#3242,.F.);
#3224 = FACE_BOUND('',#3225,.F.);
#3225 = EDGE_LOOP('',(#3226,#3234,#3235,#3236));
#3226 = ORIENTED_EDGE('',*,*,#3227,.F.);
#3227 = EDGE_CURVE('',#3204,#3228,#3230,.T.);
#3228 = VERTEX_POINT('',#3229);
#3229 = CARTESIAN_POINT('',(75.4,178.4,7.6));
#3230 = LINE('',#3231,#3232);
#3231 = CARTESIAN_POINT('',(75.4,182.,7.6));
#3232 = VECTOR('',#3233,1.);
#3233 = DIRECTION('',(1.110223024625E-16,-1.,-4.440892098501E-16));
#3234 = ORIENTED_EDGE('',*,*,#3203,.T.);
#3235 = ORIENTED_EDGE('',*,*,#1229,.T.);
#3236 = ORIENTED_EDGE('',*,*,#3237,.F.);
#3237 = EDGE_CURVE('',#3228,#1222,#3238,.T.);
#3238 = LINE('',#3239,#3240);
#3239 = CARTESIAN_POINT('',(75.4,178.4,7.6));
#3240 = VECTOR('',#3241,1.);
#3241 = DIRECTION('',(0.,-4.440892098501E-16,1.));
#3242 = PLANE('',#3243);
#3243 = AXIS2_PLACEMENT_3D('',#3244,#3245,#3246);
#3244 = CARTESIAN_POINT('',(75.4,182.,7.6));
#3245 = DIRECTION('',(1.,1.110223024625E-16,4.930380657631E-32));
#3246 = DIRECTION('',(0.,-4.440892098501E-16,1.));
#3247 = ADVANCED_FACE('',(#3248),#3266,.F.);
#3248 = FACE_BOUND('',#3249,.F.);
#3249 = EDGE_LOOP('',(#3250,#3258,#3259,#3260));
#3250 = ORIENTED_EDGE('',*,*,#3251,.F.);
#3251 = EDGE_CURVE('',#3228,#3252,#3254,.T.);
#3252 = VERTEX_POINT('',#3253);
#3253 = CARTESIAN_POINT('',(76.2,178.4,7.6));
#3254 = LINE('',#3255,#3256);
#3255 = CARTESIAN_POINT('',(73.8,178.4,7.6));
#3256 = VECTOR('',#3257,1.);
#3257 = DIRECTION('',(1.,0.,0.));
#3258 = ORIENTED_EDGE('',*,*,#3237,.T.);
#3259 = ORIENTED_EDGE('',*,*,#1221,.T.);
#3260 = ORIENTED_EDGE('',*,*,#3261,.F.);
#3261 = EDGE_CURVE('',#3252,#1213,#3262,.T.);
#3262 = LINE('',#3263,#3264);
#3263 = CARTESIAN_POINT('',(76.2,178.4,7.6));
#3264 = VECTOR('',#3265,1.);
#3265 = DIRECTION('',(0.,-4.440892098501E-16,1.));
#3266 = PLANE('',#3267);
#3267 = AXIS2_PLACEMENT_3D('',#3268,#3269,#3270);
#3268 = CARTESIAN_POINT('',(73.8,178.4,7.6));
#3269 = DIRECTION('',(0.,1.,4.440892098501E-16));
#3270 = DIRECTION('',(0.,-4.440892098501E-16,1.));
#3271 = ADVANCED_FACE('',(#3272),#3300,.F.);
#3272 = FACE_BOUND('',#3273,.F.);
#3273 = EDGE_LOOP('',(#3274,#3275,#3283,#3292,#3299));
#3274 = ORIENTED_EDGE('',*,*,#1212,.F.);
#3275 = ORIENTED_EDGE('',*,*,#3276,.F.);
#3276 = EDGE_CURVE('',#3277,#1205,#3279,.T.);
#3277 = VERTEX_POINT('',#3278);
#3278 = CARTESIAN_POINT('',(76.2,177.6,7.6));
#3279 = LINE('',#3280,#3281);
#3280 = CARTESIAN_POINT('',(76.2,177.6,7.6));
#3281 = VECTOR('',#3282,1.);
#3282 = DIRECTION('',(0.,-4.440892098501E-16,1.));
#3283 = ORIENTED_EDGE('',*,*,#3284,.T.);
#3284 = EDGE_CURVE('',#3277,#3285,#3287,.T.);
#3285 = VERTEX_POINT('',#3286);
#3286 = CARTESIAN_POINT('',(76.6,178.,7.6));
#3287 = CIRCLE('',#3288,0.4);
#3288 = AXIS2_PLACEMENT_3D('',#3289,#3290,#3291);
#3289 = CARTESIAN_POINT('',(76.2,178.,7.6));
#3290 = DIRECTION('',(0.,-4.440892098501E-16,1.));
#3291 = DIRECTION('',(1.,0.,0.));
#3292 = ORIENTED_EDGE('',*,*,#3293,.T.);
#3293 = EDGE_CURVE('',#3285,#3252,#3294,.T.);
#3294 = CIRCLE('',#3295,0.4);
#3295 = AXIS2_PLACEMENT_3D('',#3296,#3297,#3298);
#3296 = CARTESIAN_POINT('',(76.2,178.,7.6));
#3297 = DIRECTION('',(0.,-4.440892098501E-16,1.));
#3298 = DIRECTION('',(1.,0.,0.));
#3299 = ORIENTED_EDGE('',*,*,#3261,.T.);
#3300 = CYLINDRICAL_SURFACE('',#3301,0.4);
#3301 = AXIS2_PLACEMENT_3D('',#3302,#3303,#3304);
#3302 = CARTESIAN_POINT('',(76.2,178.,7.6));
#3303 = DIRECTION('',(0.,-4.440892098501E-16,1.));
#3304 = DIRECTION('',(1.,0.,0.));
#3305 = ADVANCED_FACE('',(#3306),#3324,.T.);
#3306 = FACE_BOUND('',#3307,.T.);
#3307 = EDGE_LOOP('',(#3308,#3316,#3322,#3323));
#3308 = ORIENTED_EDGE('',*,*,#3309,.F.);
#3309 = EDGE_CURVE('',#3310,#3277,#3312,.T.);
#3310 = VERTEX_POINT('',#3311);
#3311 = CARTESIAN_POINT('',(73.8,177.6,7.6));
#3312 = LINE('',#3313,#3314);
#3313 = CARTESIAN_POINT('',(73.8,177.6,7.6));
#3314 = VECTOR('',#3315,1.);
#3315 = DIRECTION('',(1.,0.,0.));
#3316 = ORIENTED_EDGE('',*,*,#3317,.T.);
#3317 = EDGE_CURVE('',#3310,#1196,#3318,.T.);
#3318 = LINE('',#3319,#3320);
#3319 = CARTESIAN_POINT('',(73.8,177.6,7.6));
#3320 = VECTOR('',#3321,1.);
#3321 = DIRECTION('',(0.,-4.440892098501E-16,1.));
#3322 = ORIENTED_EDGE('',*,*,#1204,.T.);
#3323 = ORIENTED_EDGE('',*,*,#3276,.F.);
#3324 = PLANE('',#3325);
#3325 = AXIS2_PLACEMENT_3D('',#3326,#3327,#3328);
#3326 = CARTESIAN_POINT('',(73.8,177.6,7.6));
#3327 = DIRECTION('',(0.,1.,4.440892098501E-16));
#3328 = DIRECTION('',(0.,-4.440892098501E-16,1.));
#3329 = ADVANCED_FACE('',(#3330),#3349,.F.);
#3330 = FACE_BOUND('',#3331,.F.);
#3331 = EDGE_LOOP('',(#3332,#3333,#3341,#3348));
#3332 = ORIENTED_EDGE('',*,*,#1195,.F.);
#3333 = ORIENTED_EDGE('',*,*,#3334,.F.);
#3334 = EDGE_CURVE('',#3335,#1188,#3337,.T.);
#3335 = VERTEX_POINT('',#3336);
#3336 = CARTESIAN_POINT('',(73.8,178.4,7.6));
#3337 = LINE('',#3338,#3339);
#3338 = CARTESIAN_POINT('',(73.8,178.4,7.6));
#3339 = VECTOR('',#3340,1.);
#3340 = DIRECTION('',(0.,-4.440892098501E-16,1.));
#3341 = ORIENTED_EDGE('',*,*,#3342,.T.);
#3342 = EDGE_CURVE('',#3335,#3310,#3343,.T.);
#3343 = CIRCLE('',#3344,0.4);
#3344 = AXIS2_PLACEMENT_3D('',#3345,#3346,#3347);
#3345 = CARTESIAN_POINT('',(73.8,178.,7.6));
#3346 = DIRECTION('',(0.,-4.440892098501E-16,1.));
#3347 = DIRECTION('',(1.,0.,0.));
#3348 = ORIENTED_EDGE('',*,*,#3317,.T.);
#3349 = CYLINDRICAL_SURFACE('',#3350,0.4);
#3350 = AXIS2_PLACEMENT_3D('',#3351,#3352,#3353);
#3351 = CARTESIAN_POINT('',(73.8,178.,7.6));
#3352 = DIRECTION('',(0.,-4.440892098501E-16,1.));
#3353 = DIRECTION('',(1.,0.,0.));
#3354 = ADVANCED_FACE('',(#3355),#3373,.F.);
#3355 = FACE_BOUND('',#3356,.F.);
#3356 = EDGE_LOOP('',(#3357,#3365,#3366,#3367));
#3357 = ORIENTED_EDGE('',*,*,#3358,.F.);
#3358 = EDGE_CURVE('',#3335,#3359,#3361,.T.);
#3359 = VERTEX_POINT('',#3360);
#3360 = CARTESIAN_POINT('',(74.6,178.4,7.6));
#3361 = LINE('',#3362,#3363);
#3362 = CARTESIAN_POINT('',(73.8,178.4,7.6));
#3363 = VECTOR('',#3364,1.);
#3364 = DIRECTION('',(1.,0.,0.));
#3365 = ORIENTED_EDGE('',*,*,#3334,.T.);
#3366 = ORIENTED_EDGE('',*,*,#1187,.T.);
#3367 = ORIENTED_EDGE('',*,*,#3368,.F.);
#3368 = EDGE_CURVE('',#3359,#1180,#3369,.T.);
#3369 = LINE('',#3370,#3371);
#3370 = CARTESIAN_POINT('',(74.6,178.4,7.6));
#3371 = VECTOR('',#3372,1.);
#3372 = DIRECTION('',(0.,-4.440892098501E-16,1.));
#3373 = PLANE('',#3374);
#3374 = AXIS2_PLACEMENT_3D('',#3375,#3376,#3377);
#3375 = CARTESIAN_POINT('',(73.8,178.4,7.6));
#3376 = DIRECTION('',(0.,1.,4.440892098501E-16));
#3377 = DIRECTION('',(0.,-4.440892098501E-16,1.));
#3378 = ADVANCED_FACE('',(#3379),#3397,.T.);
#3379 = FACE_BOUND('',#3380,.T.);
#3380 = EDGE_LOOP('',(#3381,#3389,#3395,#3396));
#3381 = ORIENTED_EDGE('',*,*,#3382,.F.);
#3382 = EDGE_CURVE('',#3383,#3359,#3385,.T.);
#3383 = VERTEX_POINT('',#3384);
#3384 = CARTESIAN_POINT('',(74.6,180.85968757625,7.6));
#3385 = LINE('',#3386,#3387);
#3386 = CARTESIAN_POINT('',(74.6,182.,7.6));
#3387 = VECTOR('',#3388,1.);
#3388 = DIRECTION('',(1.110223024625E-16,-1.,-4.440892098501E-16));
#3389 = ORIENTED_EDGE('',*,*,#3390,.F.);
#3390 = EDGE_CURVE('',#1172,#3383,#3391,.T.);
#3391 = LINE('',#3392,#3393);
#3392 = CARTESIAN_POINT('',(74.6,180.85968757625,7.6));
#3393 = VECTOR('',#3394,1.);
#3394 = DIRECTION('',(0.,4.440892098501E-16,-1.));
#3395 = ORIENTED_EDGE('',*,*,#1179,.T.);
#3396 = ORIENTED_EDGE('',*,*,#3368,.F.);
#3397 = PLANE('',#3398);
#3398 = AXIS2_PLACEMENT_3D('',#3399,#3400,#3401);
#3399 = CARTESIAN_POINT('',(74.6,182.,7.6));
#3400 = DIRECTION('',(1.,1.110223024625E-16,4.930380657631E-32));
#3401 = DIRECTION('',(0.,-4.440892098501E-16,1.));
#3402 = ADVANCED_FACE('',(#3403),#3421,.T.);
#3403 = FACE_BOUND('',#3404,.T.);
#3404 = EDGE_LOOP('',(#3405,#3413,#3419,#3420));
#3405 = ORIENTED_EDGE('',*,*,#3406,.F.);
#3406 = EDGE_CURVE('',#3407,#3383,#3409,.T.);
#3407 = VERTEX_POINT('',#3408);
#3408 = CARTESIAN_POINT('',(74.512347523777,180.75012198097,7.6));
#3409 = LINE('',#3410,#3411);
#3410 = CARTESIAN_POINT('',(74.512347523777,180.75012198097,7.6));
#3411 = VECTOR('',#3412,1.);
#3412 = DIRECTION('',(0.624695047554,0.780868809443,3.467754125821E-16)
  );
#3413 = ORIENTED_EDGE('',*,*,#3414,.T.);
#3414 = EDGE_CURVE('',#3407,#1163,#3415,.T.);
#3415 = LINE('',#3416,#3417);
#3416 = CARTESIAN_POINT('',(74.512347523777,180.75012198097,7.6));
#3417 = VECTOR('',#3418,1.);
#3418 = DIRECTION('',(0.,-4.440892098501E-16,1.));
#3419 = ORIENTED_EDGE('',*,*,#1171,.T.);
#3420 = ORIENTED_EDGE('',*,*,#3390,.T.);
#3421 = PLANE('',#3422);
#3422 = AXIS2_PLACEMENT_3D('',#3423,#3424,#3425);
#3423 = CARTESIAN_POINT('',(74.512347523777,180.75012198097,7.6));
#3424 = DIRECTION('',(-0.780868809443,0.624695047554,2.774203300657E-16)
  );
#3425 = DIRECTION('',(0.,-4.440892098501E-16,1.));
#3426 = ADVANCED_FACE('',(#3427),#3439,.F.);
#3427 = FACE_BOUND('',#3428,.F.);
#3428 = EDGE_LOOP('',(#3429,#3430,#3431,#3438));
#3429 = ORIENTED_EDGE('',*,*,#1162,.F.);
#3430 = ORIENTED_EDGE('',*,*,#3181,.F.);
#3431 = ORIENTED_EDGE('',*,*,#3432,.T.);
#3432 = EDGE_CURVE('',#3172,#3407,#3433,.T.);
#3433 = CIRCLE('',#3434,0.4);
#3434 = AXIS2_PLACEMENT_3D('',#3435,#3436,#3437);
#3435 = CARTESIAN_POINT('',(74.2,181.,7.6));
#3436 = DIRECTION('',(0.,-4.440892098501E-16,1.));
#3437 = DIRECTION('',(1.,0.,0.));
#3438 = ORIENTED_EDGE('',*,*,#3414,.T.);
#3439 = CYLINDRICAL_SURFACE('',#3440,0.4);
#3440 = AXIS2_PLACEMENT_3D('',#3441,#3442,#3443);
#3441 = CARTESIAN_POINT('',(74.2,181.,7.6));
#3442 = DIRECTION('',(0.,-4.440892098501E-16,1.));
#3443 = DIRECTION('',(1.,0.,0.));
#3444 = ADVANCED_FACE('',(#3445),#3470,.F.);
#3445 = FACE_BOUND('',#3446,.T.);
#3446 = EDGE_LOOP('',(#3447,#3455,#3463,#3469));
#3447 = ORIENTED_EDGE('',*,*,#3448,.T.);
#3448 = EDGE_CURVE('',#1270,#3449,#3451,.T.);
#3449 = VERTEX_POINT('',#3450);
#3450 = CARTESIAN_POINT('',(28.4,190.75,2.4));
#3451 = LINE('',#3452,#3453);
#3452 = CARTESIAN_POINT('',(28.8,191.15,2.8));
#3453 = VECTOR('',#3454,1.);
#3454 = DIRECTION('',(0.57735026919,0.57735026919,0.57735026919));
#3455 = ORIENTED_EDGE('',*,*,#3456,.T.);
#3456 = EDGE_CURVE('',#3449,#3457,#3459,.T.);
#3457 = VERTEX_POINT('',#3458);
#3458 = CARTESIAN_POINT('',(171.6,190.75,2.4));
#3459 = LINE('',#3460,#3461);
#3460 = CARTESIAN_POINT('',(28.,190.75,2.4));
#3461 = VECTOR('',#3462,1.);
#3462 = DIRECTION('',(1.,0.,0.));
#3463 = ORIENTED_EDGE('',*,*,#3464,.F.);
#3464 = EDGE_CURVE('',#1278,#3457,#3465,.T.);
#3465 = LINE('',#3466,#3467);
#3466 = CARTESIAN_POINT('',(147.2,215.15,26.8));
#3467 = VECTOR('',#3468,1.);
#3468 = DIRECTION('',(-0.57735026919,0.57735026919,0.57735026919));
#3469 = ORIENTED_EDGE('',*,*,#1277,.F.);
#3470 = PLANE('',#3471);
#3471 = AXIS2_PLACEMENT_3D('',#3472,#3473,#3474);
#3472 = CARTESIAN_POINT('',(28.,190.55,2.2));
#3473 = DIRECTION('',(0.,-0.707106781187,0.707106781187));
#3474 = DIRECTION('',(-1.,-0.,0.));
#3475 = ADVANCED_FACE('',(#3476),#3494,.T.);
#3476 = FACE_BOUND('',#3477,.F.);
#3477 = EDGE_LOOP('',(#3478,#3486,#3487,#3488));
#3478 = ORIENTED_EDGE('',*,*,#3479,.F.);
#3479 = EDGE_CURVE('',#1302,#3480,#3482,.T.);
#3480 = VERTEX_POINT('',#3481);
#3481 = CARTESIAN_POINT('',(28.4,190.75,5.6));
#3482 = LINE('',#3483,#3484);
#3483 = CARTESIAN_POINT('',(28.133333333333,190.48333333333,
    5.866666666667));
#3484 = VECTOR('',#3485,1.);
#3485 = DIRECTION('',(0.57735026919,0.57735026919,-0.57735026919));
#3486 = ORIENTED_EDGE('',*,*,#1301,.T.);
#3487 = ORIENTED_EDGE('',*,*,#3448,.T.);
#3488 = ORIENTED_EDGE('',*,*,#3489,.F.);
#3489 = EDGE_CURVE('',#3480,#3449,#3490,.T.);
#3490 = LINE('',#3491,#3492);
#3491 = CARTESIAN_POINT('',(28.4,190.75,6.));
#3492 = VECTOR('',#3493,1.);
#3493 = DIRECTION('',(0.,4.440892098501E-16,-1.));
#3494 = PLANE('',#3495);
#3495 = AXIS2_PLACEMENT_3D('',#3496,#3497,#3498);
#3496 = CARTESIAN_POINT('',(28.2,190.55,6.));
#3497 = DIRECTION('',(-0.707106781187,0.707106781187,3.140184917368E-16)
  );
#3498 = DIRECTION('',(-0.,-4.440892098501E-16,1.));
#3499 = ADVANCED_FACE('',(#3500),#3518,.F.);
#3500 = FACE_BOUND('',#3501,.T.);
#3501 = EDGE_LOOP('',(#3502,#3510,#3511,#3512));
#3502 = ORIENTED_EDGE('',*,*,#3503,.F.);
#3503 = EDGE_CURVE('',#1326,#3504,#3506,.T.);
#3504 = VERTEX_POINT('',#3505);
#3505 = CARTESIAN_POINT('',(171.6,190.75,5.6));
#3506 = LINE('',#3507,#3508);
#3507 = CARTESIAN_POINT('',(147.86666666666,214.48333333333,
    -18.13333333333));
#3508 = VECTOR('',#3509,1.);
#3509 = DIRECTION('',(-0.57735026919,0.57735026919,-0.57735026919));
#3510 = ORIENTED_EDGE('',*,*,#1325,.T.);
#3511 = ORIENTED_EDGE('',*,*,#3464,.T.);
#3512 = ORIENTED_EDGE('',*,*,#3513,.F.);
#3513 = EDGE_CURVE('',#3504,#3457,#3514,.T.);
#3514 = LINE('',#3515,#3516);
#3515 = CARTESIAN_POINT('',(171.6,190.75,6.));
#3516 = VECTOR('',#3517,1.);
#3517 = DIRECTION('',(0.,4.440892098501E-16,-1.));
#3518 = PLANE('',#3519);
#3519 = AXIS2_PLACEMENT_3D('',#3520,#3521,#3522);
#3520 = CARTESIAN_POINT('',(171.8,190.55,6.));
#3521 = DIRECTION('',(-0.707106781187,-0.707106781187,
    -3.140184917368E-16));
#3522 = DIRECTION('',(-0.,-4.440892098501E-16,1.));
#3523 = ADVANCED_FACE('',(#3524),#3535,.T.);
#3524 = FACE_BOUND('',#3525,.F.);
#3525 = EDGE_LOOP('',(#3526,#3527,#3533,#3534));
#3526 = ORIENTED_EDGE('',*,*,#3479,.T.);
#3527 = ORIENTED_EDGE('',*,*,#3528,.T.);
#3528 = EDGE_CURVE('',#3480,#3504,#3529,.T.);
#3529 = LINE('',#3530,#3531);
#3530 = CARTESIAN_POINT('',(28.,190.75,5.6));
#3531 = VECTOR('',#3532,1.);
#3532 = DIRECTION('',(1.,0.,0.));
#3533 = ORIENTED_EDGE('',*,*,#3503,.F.);
#3534 = ORIENTED_EDGE('',*,*,#1349,.F.);
#3535 = PLANE('',#3536);
#3536 = AXIS2_PLACEMENT_3D('',#3537,#3538,#3539);
#3537 = CARTESIAN_POINT('',(28.,190.55,5.8));
#3538 = DIRECTION('',(0.,0.707106781187,0.707106781187));
#3539 = DIRECTION('',(-1.,0.,0.));
#3540 = ADVANCED_FACE('',(#3541,#3549),#3552,.T.);
#3541 = FACE_BOUND('',#3542,.T.);
#3542 = EDGE_LOOP('',(#3543,#3544,#3545,#3546,#3547,#3548));
#3543 = ORIENTED_EDGE('',*,*,#1800,.T.);
#3544 = ORIENTED_EDGE('',*,*,#1848,.T.);
#3545 = ORIENTED_EDGE('',*,*,#1872,.T.);
#3546 = ORIENTED_EDGE('',*,*,#1824,.T.);
#3547 = ORIENTED_EDGE('',*,*,#1776,.T.);
#3548 = ORIENTED_EDGE('',*,*,#1745,.T.);
#3549 = FACE_BOUND('',#3550,.T.);
#3550 = EDGE_LOOP('',(#3551));
#3551 = ORIENTED_EDGE('',*,*,#1415,.F.);
#3552 = PLANE('',#3553);
#3553 = AXIS2_PLACEMENT_3D('',#3554,#3555,#3556);
#3554 = CARTESIAN_POINT('',(11.5,147.75,2.));
#3555 = DIRECTION('',(0.,-8.881784197001E-16,1.));
#3556 = DIRECTION('',(1.,0.,0.));
#3557 = ADVANCED_FACE('',(#3558,#3566),#3569,.T.);
#3558 = FACE_BOUND('',#3559,.T.);
#3559 = EDGE_LOOP('',(#3560,#3561,#3562,#3563,#3564,#3565));
#3560 = ORIENTED_EDGE('',*,*,#1944,.T.);
#3561 = ORIENTED_EDGE('',*,*,#1992,.T.);
#3562 = ORIENTED_EDGE('',*,*,#2016,.T.);
#3563 = ORIENTED_EDGE('',*,*,#1968,.T.);
#3564 = ORIENTED_EDGE('',*,*,#1920,.T.);
#3565 = ORIENTED_EDGE('',*,*,#1889,.T.);
#3566 = FACE_BOUND('',#3567,.T.);
#3567 = EDGE_LOOP('',(#3568));
#3568 = ORIENTED_EDGE('',*,*,#1440,.F.);
#3569 = PLANE('',#3570);
#3570 = AXIS2_PLACEMENT_3D('',#3571,#3572,#3573);
#3571 = CARTESIAN_POINT('',(188.5,147.75,2.));
#3572 = DIRECTION('',(0.,-8.881784197001E-16,1.));
#3573 = DIRECTION('',(1.,0.,0.));
#3574 = ADVANCED_FACE('',(#3575,#3583),#3586,.T.);
#3575 = FACE_BOUND('',#3576,.T.);
#3576 = EDGE_LOOP('',(#3577,#3578,#3579,#3580,#3581,#3582));
#3577 = ORIENTED_EDGE('',*,*,#2088,.T.);
#3578 = ORIENTED_EDGE('',*,*,#2136,.T.);
#3579 = ORIENTED_EDGE('',*,*,#2160,.T.);
#3580 = ORIENTED_EDGE('',*,*,#2112,.T.);
#3581 = ORIENTED_EDGE('',*,*,#2064,.T.);
#3582 = ORIENTED_EDGE('',*,*,#2033,.T.);
#3583 = FACE_BOUND('',#3584,.T.);
#3584 = EDGE_LOOP('',(#3585));
#3585 = ORIENTED_EDGE('',*,*,#1541,.F.);
#3586 = PLANE('',#3587);
#3587 = AXIS2_PLACEMENT_3D('',#3588,#3589,#3590);
#3588 = CARTESIAN_POINT('',(11.5,43.75,2.));
#3589 = DIRECTION('',(0.,-8.881784197001E-16,1.));
#3590 = DIRECTION('',(1.,0.,0.));
#3591 = ADVANCED_FACE('',(#3592,#3600),#3603,.T.);
#3592 = FACE_BOUND('',#3593,.T.);
#3593 = EDGE_LOOP('',(#3594,#3595,#3596,#3597,#3598,#3599));
#3594 = ORIENTED_EDGE('',*,*,#2411,.T.);
#3595 = ORIENTED_EDGE('',*,*,#2387,.T.);
#3596 = ORIENTED_EDGE('',*,*,#2363,.T.);
#3597 = ORIENTED_EDGE('',*,*,#2339,.T.);
#3598 = ORIENTED_EDGE('',*,*,#2315,.T.);
#3599 = ORIENTED_EDGE('',*,*,#2284,.T.);
#3600 = FACE_BOUND('',#3601,.T.);
#3601 = EDGE_LOOP('',(#3602));
#3602 = ORIENTED_EDGE('',*,*,#1566,.F.);
#3603 = PLANE('',#3604);
#3604 = AXIS2_PLACEMENT_3D('',#3605,#3606,#3607);
#3605 = CARTESIAN_POINT('',(188.5,43.75,2.));
#3606 = DIRECTION('',(0.,-8.881784197001E-16,1.));
#3607 = DIRECTION('',(1.,0.,0.));
#3608 = ADVANCED_FACE('',(#3609,#3615),#3649,.T.);
#3609 = FACE_BOUND('',#3610,.T.);
#3610 = EDGE_LOOP('',(#3611,#3612,#3613,#3614));
#3611 = ORIENTED_EDGE('',*,*,#2194,.F.);
#3612 = ORIENTED_EDGE('',*,*,#2242,.T.);
#3613 = ORIENTED_EDGE('',*,*,#2259,.T.);
#3614 = ORIENTED_EDGE('',*,*,#2218,.F.);
#3615 = FACE_BOUND('',#3616,.T.);
#3616 = EDGE_LOOP('',(#3617,#3627,#3635,#3643));
#3617 = ORIENTED_EDGE('',*,*,#3618,.F.);
#3618 = EDGE_CURVE('',#3619,#3621,#3623,.T.);
#3619 = VERTEX_POINT('',#3620);
#3620 = CARTESIAN_POINT('',(42.05,5.75,22.));
#3621 = VERTEX_POINT('',#3622);
#3622 = CARTESIAN_POINT('',(47.95,5.75,22.));
#3623 = LINE('',#3624,#3625);
#3624 = CARTESIAN_POINT('',(40.525,5.75,22.));
#3625 = VECTOR('',#3626,1.);
#3626 = DIRECTION('',(1.,0.,0.));
#3627 = ORIENTED_EDGE('',*,*,#3628,.T.);
#3628 = EDGE_CURVE('',#3619,#3629,#3631,.T.);
#3629 = VERTEX_POINT('',#3630);
#3630 = CARTESIAN_POINT('',(42.05,9.95,22.));
#3631 = LINE('',#3632,#3633);
#3632 = CARTESIAN_POINT('',(42.05,11.85,22.));
#3633 = VECTOR('',#3634,1.);
#3634 = DIRECTION('',(0.,1.,6.661338147751E-16));
#3635 = ORIENTED_EDGE('',*,*,#3636,.T.);
#3636 = EDGE_CURVE('',#3629,#3637,#3639,.T.);
#3637 = VERTEX_POINT('',#3638);
#3638 = CARTESIAN_POINT('',(47.95,9.95,22.));
#3639 = LINE('',#3640,#3641);
#3640 = CARTESIAN_POINT('',(40.525,9.95,22.));
#3641 = VECTOR('',#3642,1.);
#3642 = DIRECTION('',(1.,0.,0.));
#3643 = ORIENTED_EDGE('',*,*,#3644,.F.);
#3644 = EDGE_CURVE('',#3621,#3637,#3645,.T.);
#3645 = LINE('',#3646,#3647);
#3646 = CARTESIAN_POINT('',(47.95,11.85,22.));
#3647 = VECTOR('',#3648,1.);
#3648 = DIRECTION('',(0.,1.,6.661338147751E-16));
#3649 = PLANE('',#3650);
#3650 = AXIS2_PLACEMENT_3D('',#3651,#3652,#3653);
#3651 = CARTESIAN_POINT('',(39.,13.75,22.));
#3652 = DIRECTION('',(0.,-6.661338147751E-16,1.));
#3653 = DIRECTION('',(0.,-1.,-6.661338147751E-16));
#3654 = ADVANCED_FACE('',(#3655),#3674,.F.);
#3655 = FACE_BOUND('',#3656,.F.);
#3656 = EDGE_LOOP('',(#3657,#3665,#3666,#3667));
#3657 = ORIENTED_EDGE('',*,*,#3658,.T.);
#3658 = EDGE_CURVE('',#3659,#2268,#3661,.T.);
#3659 = VERTEX_POINT('',#3660);
#3660 = CARTESIAN_POINT('',(46.8,5.75,14.));
#3661 = LINE('',#3662,#3663);
#3662 = CARTESIAN_POINT('',(46.8,11.25,14.));
#3663 = VECTOR('',#3664,1.);
#3664 = DIRECTION('',(0.,-1.,-6.661338147751E-16));
#3665 = ORIENTED_EDGE('',*,*,#2267,.F.);
#3666 = ORIENTED_EDGE('',*,*,#3658,.F.);
#3667 = ORIENTED_EDGE('',*,*,#3668,.T.);
#3668 = EDGE_CURVE('',#3659,#3659,#3669,.T.);
#3669 = CIRCLE('',#3670,1.8);
#3670 = AXIS2_PLACEMENT_3D('',#3671,#3672,#3673);
#3671 = CARTESIAN_POINT('',(45.,5.75,14.));
#3672 = DIRECTION('',(0.,-1.,-6.661338147751E-16));
#3673 = DIRECTION('',(1.,0.,0.));
#3674 = CYLINDRICAL_SURFACE('',#3675,1.8);
#3675 = AXIS2_PLACEMENT_3D('',#3676,#3677,#3678);
#3676 = CARTESIAN_POINT('',(45.,11.25,14.));
#3677 = DIRECTION('',(0.,-1.,-6.661338147751E-16));
#3678 = DIRECTION('',(1.,0.,0.));
#3679 = ADVANCED_FACE('',(#3680,#3686),#3720,.T.);
#3680 = FACE_BOUND('',#3681,.T.);
#3681 = EDGE_LOOP('',(#3682,#3683,#3684,#3685));
#3682 = ORIENTED_EDGE('',*,*,#2445,.F.);
#3683 = ORIENTED_EDGE('',*,*,#2493,.T.);
#3684 = ORIENTED_EDGE('',*,*,#2510,.T.);
#3685 = ORIENTED_EDGE('',*,*,#2469,.F.);
#3686 = FACE_BOUND('',#3687,.T.);
#3687 = EDGE_LOOP('',(#3688,#3698,#3706,#3714));
#3688 = ORIENTED_EDGE('',*,*,#3689,.F.);
#3689 = EDGE_CURVE('',#3690,#3692,#3694,.T.);
#3690 = VERTEX_POINT('',#3691);
#3691 = CARTESIAN_POINT('',(152.05,5.75,22.));
#3692 = VERTEX_POINT('',#3693);
#3693 = CARTESIAN_POINT('',(157.95,5.75,22.));
#3694 = LINE('',#3695,#3696);
#3695 = CARTESIAN_POINT('',(150.525,5.75,22.));
#3696 = VECTOR('',#3697,1.);
#3697 = DIRECTION('',(1.,0.,0.));
#3698 = ORIENTED_EDGE('',*,*,#3699,.T.);
#3699 = EDGE_CURVE('',#3690,#3700,#3702,.T.);
#3700 = VERTEX_POINT('',#3701);
#3701 = CARTESIAN_POINT('',(152.05,9.95,22.));
#3702 = LINE('',#3703,#3704);
#3703 = CARTESIAN_POINT('',(152.05,11.85,22.));
#3704 = VECTOR('',#3705,1.);
#3705 = DIRECTION('',(0.,1.,6.661338147751E-16));
#3706 = ORIENTED_EDGE('',*,*,#3707,.T.);
#3707 = EDGE_CURVE('',#3700,#3708,#3710,.T.);
#3708 = VERTEX_POINT('',#3709);
#3709 = CARTESIAN_POINT('',(157.95,9.95,22.));
#3710 = LINE('',#3711,#3712);
#3711 = CARTESIAN_POINT('',(150.525,9.95,22.));
#3712 = VECTOR('',#3713,1.);
#3713 = DIRECTION('',(1.,0.,0.));
#3714 = ORIENTED_EDGE('',*,*,#3715,.F.);
#3715 = EDGE_CURVE('',#3692,#3708,#3716,.T.);
#3716 = LINE('',#3717,#3718);
#3717 = CARTESIAN_POINT('',(157.95,11.85,22.));
#3718 = VECTOR('',#3719,1.);
#3719 = DIRECTION('',(0.,1.,6.661338147751E-16));
#3720 = PLANE('',#3721);
#3721 = AXIS2_PLACEMENT_3D('',#3722,#3723,#3724);
#3722 = CARTESIAN_POINT('',(149.,13.75,22.));
#3723 = DIRECTION('',(0.,-6.661338147751E-16,1.));
#3724 = DIRECTION('',(0.,-1.,-6.661338147751E-16));
#3725 = ADVANCED_FACE('',(#3726),#3745,.F.);
#3726 = FACE_BOUND('',#3727,.F.);
#3727 = EDGE_LOOP('',(#3728,#3736,#3737,#3738));
#3728 = ORIENTED_EDGE('',*,*,#3729,.T.);
#3729 = EDGE_CURVE('',#3730,#2519,#3732,.T.);
#3730 = VERTEX_POINT('',#3731);
#3731 = CARTESIAN_POINT('',(156.8,5.75,14.));
#3732 = LINE('',#3733,#3734);
#3733 = CARTESIAN_POINT('',(156.8,11.25,14.));
#3734 = VECTOR('',#3735,1.);
#3735 = DIRECTION('',(0.,-1.,-6.661338147751E-16));
#3736 = ORIENTED_EDGE('',*,*,#2518,.F.);
#3737 = ORIENTED_EDGE('',*,*,#3729,.F.);
#3738 = ORIENTED_EDGE('',*,*,#3739,.T.);
#3739 = EDGE_CURVE('',#3730,#3730,#3740,.T.);
#3740 = CIRCLE('',#3741,1.8);
#3741 = AXIS2_PLACEMENT_3D('',#3742,#3743,#3744);
#3742 = CARTESIAN_POINT('',(155.,5.75,14.));
#3743 = DIRECTION('',(0.,-1.,-6.661338147751E-16));
#3744 = DIRECTION('',(1.,0.,0.));
#3745 = CYLINDRICAL_SURFACE('',#3746,1.8);
#3746 = AXIS2_PLACEMENT_3D('',#3747,#3748,#3749);
#3747 = CARTESIAN_POINT('',(155.,11.25,14.));
#3748 = DIRECTION('',(0.,-1.,-6.661338147751E-16));
#3749 = DIRECTION('',(1.,0.,0.));
#3750 = ADVANCED_FACE('',(#3751),#3757,.T.);
#3751 = FACE_BOUND('',#3752,.T.);
#3752 = EDGE_LOOP('',(#3753,#3754,#3755,#3756));
#3753 = ORIENTED_EDGE('',*,*,#2609,.F.);
#3754 = ORIENTED_EDGE('',*,*,#2629,.T.);
#3755 = ORIENTED_EDGE('',*,*,#2543,.T.);
#3756 = ORIENTED_EDGE('',*,*,#2578,.F.);
#3757 = PLANE('',#3758);
#3758 = AXIS2_PLACEMENT_3D('',#3759,#3760,#3761);
#3759 = CARTESIAN_POINT('',(37.05,181.55,10.5));
#3760 = DIRECTION('',(0.,-6.661338147751E-16,1.));
#3761 = DIRECTION('',(0.,-1.,-6.661338147751E-16));
#3762 = ADVANCED_FACE('',(#3763),#3782,.F.);
#3763 = FACE_BOUND('',#3764,.F.);
#3764 = EDGE_LOOP('',(#3765,#3766,#3774,#3781));
#3765 = ORIENTED_EDGE('',*,*,#2560,.T.);
#3766 = ORIENTED_EDGE('',*,*,#3767,.T.);
#3767 = EDGE_CURVE('',#2561,#3768,#3770,.T.);
#3768 = VERTEX_POINT('',#3769);
#3769 = CARTESIAN_POINT('',(41.8,175.75,14.));
#3770 = LINE('',#3771,#3772);
#3771 = CARTESIAN_POINT('',(41.8,192.75,14.));
#3772 = VECTOR('',#3773,1.);
#3773 = DIRECTION('',(0.,-1.,-6.661338147751E-16));
#3774 = ORIENTED_EDGE('',*,*,#3775,.F.);
#3775 = EDGE_CURVE('',#3768,#3768,#3776,.T.);
#3776 = CIRCLE('',#3777,1.8);
#3777 = AXIS2_PLACEMENT_3D('',#3778,#3779,#3780);
#3778 = CARTESIAN_POINT('',(40.,175.75,14.));
#3779 = DIRECTION('',(0.,-1.,-6.661338147751E-16));
#3780 = DIRECTION('',(1.,0.,0.));
#3781 = ORIENTED_EDGE('',*,*,#3767,.F.);
#3782 = CYLINDRICAL_SURFACE('',#3783,1.8);
#3783 = AXIS2_PLACEMENT_3D('',#3784,#3785,#3786);
#3784 = CARTESIAN_POINT('',(40.,192.75,14.));
#3785 = DIRECTION('',(0.,-1.,-6.661338147751E-16));
#3786 = DIRECTION('',(1.,0.,0.));
#3787 = ADVANCED_FACE('',(#3788),#3794,.T.);
#3788 = FACE_BOUND('',#3789,.T.);
#3789 = EDGE_LOOP('',(#3790,#3791,#3792,#3793));
#3790 = ORIENTED_EDGE('',*,*,#2719,.F.);
#3791 = ORIENTED_EDGE('',*,*,#2739,.T.);
#3792 = ORIENTED_EDGE('',*,*,#2653,.T.);
#3793 = ORIENTED_EDGE('',*,*,#2688,.F.);
#3794 = PLANE('',#3795);
#3795 = AXIS2_PLACEMENT_3D('',#3796,#3797,#3798);
#3796 = CARTESIAN_POINT('',(157.05,181.55,10.5));
#3797 = DIRECTION('',(0.,-6.661338147751E-16,1.));
#3798 = DIRECTION('',(0.,-1.,-6.661338147751E-16));
#3799 = ADVANCED_FACE('',(#3800),#3819,.F.);
#3800 = FACE_BOUND('',#3801,.F.);
#3801 = EDGE_LOOP('',(#3802,#3803,#3811,#3818));
#3802 = ORIENTED_EDGE('',*,*,#2670,.T.);
#3803 = ORIENTED_EDGE('',*,*,#3804,.T.);
#3804 = EDGE_CURVE('',#2671,#3805,#3807,.T.);
#3805 = VERTEX_POINT('',#3806);
#3806 = CARTESIAN_POINT('',(161.8,175.75,14.));
#3807 = LINE('',#3808,#3809);
#3808 = CARTESIAN_POINT('',(161.8,192.75,14.));
#3809 = VECTOR('',#3810,1.);
#3810 = DIRECTION('',(0.,-1.,-6.661338147751E-16));
#3811 = ORIENTED_EDGE('',*,*,#3812,.F.);
#3812 = EDGE_CURVE('',#3805,#3805,#3813,.T.);
#3813 = CIRCLE('',#3814,1.8);
#3814 = AXIS2_PLACEMENT_3D('',#3815,#3816,#3817);
#3815 = CARTESIAN_POINT('',(160.,175.75,14.));
#3816 = DIRECTION('',(0.,-1.,-6.661338147751E-16));
#3817 = DIRECTION('',(1.,0.,0.));
#3818 = ORIENTED_EDGE('',*,*,#3804,.F.);
#3819 = CYLINDRICAL_SURFACE('',#3820,1.8);
#3820 = AXIS2_PLACEMENT_3D('',#3821,#3822,#3823);
#3821 = CARTESIAN_POINT('',(160.,192.75,14.));
#3822 = DIRECTION('',(0.,-1.,-6.661338147751E-16));
#3823 = DIRECTION('',(1.,0.,0.));
#3824 = ADVANCED_FACE('',(#3825,#3844,#3894),#3944,.F.);
#3825 = FACE_BOUND('',#3826,.F.);
#3826 = EDGE_LOOP('',(#3827,#3828,#3829,#3830,#3831,#3832,#3833,#3834,
    #3835,#3836,#3837,#3838,#3839,#3840,#3841,#3842,#3843));
#3827 = ORIENTED_EDGE('',*,*,#3080,.T.);
#3828 = ORIENTED_EDGE('',*,*,#3104,.F.);
#3829 = ORIENTED_EDGE('',*,*,#3129,.T.);
#3830 = ORIENTED_EDGE('',*,*,#3155,.F.);
#3831 = ORIENTED_EDGE('',*,*,#2755,.T.);
#3832 = ORIENTED_EDGE('',*,*,#2795,.F.);
#3833 = ORIENTED_EDGE('',*,*,#2811,.T.);
#3834 = ORIENTED_EDGE('',*,*,#2844,.F.);
#3835 = ORIENTED_EDGE('',*,*,#2860,.T.);
#3836 = ORIENTED_EDGE('',*,*,#2884,.F.);
#3837 = ORIENTED_EDGE('',*,*,#2909,.T.);
#3838 = ORIENTED_EDGE('',*,*,#2933,.T.);
#3839 = ORIENTED_EDGE('',*,*,#2966,.F.);
#3840 = ORIENTED_EDGE('',*,*,#2982,.T.);
#3841 = ORIENTED_EDGE('',*,*,#3006,.F.);
#3842 = ORIENTED_EDGE('',*,*,#3031,.T.);
#3843 = ORIENTED_EDGE('',*,*,#3064,.F.);
#3844 = FACE_BOUND('',#3845,.F.);
#3845 = EDGE_LOOP('',(#3846,#3856,#3864,#3872,#3880,#3888));
#3846 = ORIENTED_EDGE('',*,*,#3847,.F.);
#3847 = EDGE_CURVE('',#3848,#3850,#3852,.T.);
#3848 = VERTEX_POINT('',#3849);
#3849 = CARTESIAN_POINT('',(71.655180025927,178.4,7.6));
#3850 = VERTEX_POINT('',#3851);
#3851 = CARTESIAN_POINT('',(70.4,178.4,7.6));
#3852 = LINE('',#3853,#3854);
#3853 = CARTESIAN_POINT('',(71.8,178.4,7.6));
#3854 = VECTOR('',#3855,1.);
#3855 = DIRECTION('',(-1.,1.224646799147E-16,5.438524293788E-32));
#3856 = ORIENTED_EDGE('',*,*,#3857,.F.);
#3857 = EDGE_CURVE('',#3858,#3848,#3860,.T.);
#3858 = VERTEX_POINT('',#3859);
#3859 = CARTESIAN_POINT('',(72.,178.68734997839,7.6));
#3860 = LINE('',#3861,#3862);
#3861 = CARTESIAN_POINT('',(72.143926240134,178.80728851183,7.6));
#3862 = VECTOR('',#3863,1.);
#3863 = DIRECTION('',(-0.768221279597,-0.640184399664,
    -2.842989842053E-16));
#3864 = ORIENTED_EDGE('',*,*,#3865,.F.);
#3865 = EDGE_CURVE('',#3866,#3858,#3868,.T.);
#3866 = VERTEX_POINT('',#3867);
#3867 = CARTESIAN_POINT('',(72.,179.3126500216,7.6));
#3868 = LINE('',#3869,#3870);
#3869 = CARTESIAN_POINT('',(72.,179.5,7.6));
#3870 = VECTOR('',#3871,1.);
#3871 = DIRECTION('',(1.110223024625E-16,-1.,-4.440892098501E-16));
#3872 = ORIENTED_EDGE('',*,*,#3873,.F.);
#3873 = EDGE_CURVE('',#3874,#3866,#3876,.T.);
#3874 = VERTEX_POINT('',#3875);
#3875 = CARTESIAN_POINT('',(71.655180025927,179.6,7.6));
#3876 = LINE('',#3877,#3878);
#3877 = CARTESIAN_POINT('',(71.543926240134,179.69271148816,7.6));
#3878 = VECTOR('',#3879,1.);
#3879 = DIRECTION('',(0.768221279597,-0.640184399664,-2.842989842053E-16
    ));
#3880 = ORIENTED_EDGE('',*,*,#3881,.T.);
#3881 = EDGE_CURVE('',#3874,#3882,#3884,.T.);
#3882 = VERTEX_POINT('',#3883);
#3883 = CARTESIAN_POINT('',(70.4,179.6,7.6));
#3884 = LINE('',#3885,#3886);
#3885 = CARTESIAN_POINT('',(71.8,179.6,7.6));
#3886 = VECTOR('',#3887,1.);
#3887 = DIRECTION('',(-1.,1.224646799147E-16,5.438524293788E-32));
#3888 = ORIENTED_EDGE('',*,*,#3889,.F.);
#3889 = EDGE_CURVE('',#3850,#3882,#3890,.T.);
#3890 = LINE('',#3891,#3892);
#3891 = CARTESIAN_POINT('',(70.4,178.,7.6));
#3892 = VECTOR('',#3893,1.);
#3893 = DIRECTION('',(1.110223024625E-16,1.,4.440892098501E-16));
#3894 = FACE_BOUND('',#3895,.F.);
#3895 = EDGE_LOOP('',(#3896,#3906,#3914,#3922,#3930,#3938));
#3896 = ORIENTED_EDGE('',*,*,#3897,.F.);
#3897 = EDGE_CURVE('',#3898,#3900,#3902,.T.);
#3898 = VERTEX_POINT('',#3899);
#3899 = CARTESIAN_POINT('',(71.655180025927,180.4,7.6));
#3900 = VERTEX_POINT('',#3901);
#3901 = CARTESIAN_POINT('',(70.4,180.4,7.6));
#3902 = LINE('',#3903,#3904);
#3903 = CARTESIAN_POINT('',(71.8,180.4,7.6));
#3904 = VECTOR('',#3905,1.);
#3905 = DIRECTION('',(-1.,1.224646799147E-16,5.438524293788E-32));
#3906 = ORIENTED_EDGE('',*,*,#3907,.F.);
#3907 = EDGE_CURVE('',#3908,#3898,#3910,.T.);
#3908 = VERTEX_POINT('',#3909);
#3909 = CARTESIAN_POINT('',(72.,180.68734997839,7.6));
#3910 = LINE('',#3911,#3912);
#3911 = CARTESIAN_POINT('',(72.143926240134,180.80728851183,7.6));
#3912 = VECTOR('',#3913,1.);
#3913 = DIRECTION('',(-0.768221279597,-0.640184399664,
    -2.842989842053E-16));
#3914 = ORIENTED_EDGE('',*,*,#3915,.F.);
#3915 = EDGE_CURVE('',#3916,#3908,#3918,.T.);
#3916 = VERTEX_POINT('',#3917);
#3917 = CARTESIAN_POINT('',(72.,181.3126500216,7.6));
#3918 = LINE('',#3919,#3920);
#3919 = CARTESIAN_POINT('',(72.,181.5,7.6));
#3920 = VECTOR('',#3921,1.);
#3921 = DIRECTION('',(1.110223024625E-16,-1.,-4.440892098501E-16));
#3922 = ORIENTED_EDGE('',*,*,#3923,.F.);
#3923 = EDGE_CURVE('',#3924,#3916,#3926,.T.);
#3924 = VERTEX_POINT('',#3925);
#3925 = CARTESIAN_POINT('',(71.655180025927,181.6,7.6));
#3926 = LINE('',#3927,#3928);
#3927 = CARTESIAN_POINT('',(71.543926240134,181.69271148816,7.6));
#3928 = VECTOR('',#3929,1.);
#3929 = DIRECTION('',(0.768221279597,-0.640184399664,-2.842989842053E-16
    ));
#3930 = ORIENTED_EDGE('',*,*,#3931,.F.);
#3931 = EDGE_CURVE('',#3932,#3924,#3934,.T.);
#3932 = VERTEX_POINT('',#3933);
#3933 = CARTESIAN_POINT('',(70.4,181.6,7.6));
#3934 = LINE('',#3935,#3936);
#3935 = CARTESIAN_POINT('',(70.,181.6,7.6));
#3936 = VECTOR('',#3937,1.);
#3937 = DIRECTION('',(1.,0.,0.));
#3938 = ORIENTED_EDGE('',*,*,#3939,.F.);
#3939 = EDGE_CURVE('',#3900,#3932,#3940,.T.);
#3940 = LINE('',#3941,#3942);
#3941 = CARTESIAN_POINT('',(70.4,178.,7.6));
#3942 = VECTOR('',#3943,1.);
#3943 = DIRECTION('',(1.110223024625E-16,1.,4.440892098501E-16));
#3944 = PLANE('',#3945);
#3945 = AXIS2_PLACEMENT_3D('',#3946,#3947,#3948);
#3946 = CARTESIAN_POINT('',(71.13995470749,180.,7.6));
#3947 = DIRECTION('',(-0.,4.440892098501E-16,-1.));
#3948 = DIRECTION('',(-1.,0.,0.));
#3949 = ADVANCED_FACE('',(#3950),#3964,.F.);
#3950 = FACE_BOUND('',#3951,.F.);
#3951 = EDGE_LOOP('',(#3952,#3953,#3954,#3955,#3956,#3957,#3958,#3959,
    #3960,#3961,#3962,#3963));
#3952 = ORIENTED_EDGE('',*,*,#3432,.F.);
#3953 = ORIENTED_EDGE('',*,*,#3171,.T.);
#3954 = ORIENTED_EDGE('',*,*,#3211,.F.);
#3955 = ORIENTED_EDGE('',*,*,#3227,.T.);
#3956 = ORIENTED_EDGE('',*,*,#3251,.T.);
#3957 = ORIENTED_EDGE('',*,*,#3293,.F.);
#3958 = ORIENTED_EDGE('',*,*,#3284,.F.);
#3959 = ORIENTED_EDGE('',*,*,#3309,.F.);
#3960 = ORIENTED_EDGE('',*,*,#3342,.F.);
#3961 = ORIENTED_EDGE('',*,*,#3358,.T.);
#3962 = ORIENTED_EDGE('',*,*,#3382,.F.);
#3963 = ORIENTED_EDGE('',*,*,#3406,.F.);
#3964 = PLANE('',#3965);
#3965 = AXIS2_PLACEMENT_3D('',#3966,#3967,#3968);
#3966 = CARTESIAN_POINT('',(74.908150716429,179.51013256499,7.6));
#3967 = DIRECTION('',(-0.,4.440892098501E-16,-1.));
#3968 = DIRECTION('',(-1.,0.,0.));
#3969 = ADVANCED_FACE('',(#3970),#3976,.F.);
#3970 = FACE_BOUND('',#3971,.F.);
#3971 = EDGE_LOOP('',(#3972,#3973,#3974,#3975));
#3972 = ORIENTED_EDGE('',*,*,#3489,.T.);
#3973 = ORIENTED_EDGE('',*,*,#3456,.T.);
#3974 = ORIENTED_EDGE('',*,*,#3513,.F.);
#3975 = ORIENTED_EDGE('',*,*,#3528,.F.);
#3976 = PLANE('',#3977);
#3977 = AXIS2_PLACEMENT_3D('',#3978,#3979,#3980);
#3978 = CARTESIAN_POINT('',(28.,190.75,6.));
#3979 = DIRECTION('',(0.,-1.,-4.440892098501E-16));
#3980 = DIRECTION('',(0.,4.440892098501E-16,-1.));
#3981 = ADVANCED_FACE('',(#3982,#4007),#4010,.F.);
#3982 = FACE_BOUND('',#3983,.F.);
#3983 = EDGE_LOOP('',(#3984,#3992,#4000,#4006));
#3984 = ORIENTED_EDGE('',*,*,#3985,.F.);
#3985 = EDGE_CURVE('',#3986,#3619,#3988,.T.);
#3986 = VERTEX_POINT('',#3987);
#3987 = CARTESIAN_POINT('',(42.05,5.75,10.5));
#3988 = LINE('',#3989,#3990);
#3989 = CARTESIAN_POINT('',(42.05,5.75,10.5));
#3990 = VECTOR('',#3991,1.);
#3991 = DIRECTION('',(0.,-6.661338147751E-16,1.));
#3992 = ORIENTED_EDGE('',*,*,#3993,.T.);
#3993 = EDGE_CURVE('',#3986,#3994,#3996,.T.);
#3994 = VERTEX_POINT('',#3995);
#3995 = CARTESIAN_POINT('',(47.95,5.75,10.5));
#3996 = LINE('',#3997,#3998);
#3997 = CARTESIAN_POINT('',(42.05,5.75,10.5));
#3998 = VECTOR('',#3999,1.);
#3999 = DIRECTION('',(1.,0.,0.));
#4000 = ORIENTED_EDGE('',*,*,#4001,.T.);
#4001 = EDGE_CURVE('',#3994,#3621,#4002,.T.);
#4002 = LINE('',#4003,#4004);
#4003 = CARTESIAN_POINT('',(47.95,5.75,10.5));
#4004 = VECTOR('',#4005,1.);
#4005 = DIRECTION('',(0.,-6.661338147751E-16,1.));
#4006 = ORIENTED_EDGE('',*,*,#3618,.F.);
#4007 = FACE_BOUND('',#4008,.F.);
#4008 = EDGE_LOOP('',(#4009));
#4009 = ORIENTED_EDGE('',*,*,#3668,.F.);
#4010 = PLANE('',#4011);
#4011 = AXIS2_PLACEMENT_3D('',#4012,#4013,#4014);
#4012 = CARTESIAN_POINT('',(42.05,5.75,10.5));
#4013 = DIRECTION('',(0.,-1.,-6.661338147751E-16));
#4014 = DIRECTION('',(1.,0.,0.));
#4015 = ADVANCED_FACE('',(#4016),#4034,.F.);
#4016 = FACE_BOUND('',#4017,.F.);
#4017 = EDGE_LOOP('',(#4018,#4019,#4027,#4033));
#4018 = ORIENTED_EDGE('',*,*,#4001,.F.);
#4019 = ORIENTED_EDGE('',*,*,#4020,.F.);
#4020 = EDGE_CURVE('',#4021,#3994,#4023,.T.);
#4021 = VERTEX_POINT('',#4022);
#4022 = CARTESIAN_POINT('',(47.95,9.95,10.5));
#4023 = LINE('',#4024,#4025);
#4024 = CARTESIAN_POINT('',(47.95,9.95,10.5));
#4025 = VECTOR('',#4026,1.);
#4026 = DIRECTION('',(0.,-1.,-6.661338147751E-16));
#4027 = ORIENTED_EDGE('',*,*,#4028,.T.);
#4028 = EDGE_CURVE('',#4021,#3637,#4029,.T.);
#4029 = LINE('',#4030,#4031);
#4030 = CARTESIAN_POINT('',(47.95,9.95,10.5));
#4031 = VECTOR('',#4032,1.);
#4032 = DIRECTION('',(0.,-6.661338147751E-16,1.));
#4033 = ORIENTED_EDGE('',*,*,#3644,.F.);
#4034 = PLANE('',#4035);
#4035 = AXIS2_PLACEMENT_3D('',#4036,#4037,#4038);
#4036 = CARTESIAN_POINT('',(47.95,9.95,10.5));
#4037 = DIRECTION('',(1.,0.,0.));
#4038 = DIRECTION('',(0.,-1.,-6.661338147751E-16));
#4039 = ADVANCED_FACE('',(#4040,#4058),#4069,.T.);
#4040 = FACE_BOUND('',#4041,.T.);
#4041 = EDGE_LOOP('',(#4042,#4050,#4056,#4057));
#4042 = ORIENTED_EDGE('',*,*,#4043,.F.);
#4043 = EDGE_CURVE('',#4044,#3629,#4046,.T.);
#4044 = VERTEX_POINT('',#4045);
#4045 = CARTESIAN_POINT('',(42.05,9.95,10.5));
#4046 = LINE('',#4047,#4048);
#4047 = CARTESIAN_POINT('',(42.05,9.95,10.5));
#4048 = VECTOR('',#4049,1.);
#4049 = DIRECTION('',(0.,-6.661338147751E-16,1.));
#4050 = ORIENTED_EDGE('',*,*,#4051,.T.);
#4051 = EDGE_CURVE('',#4044,#4021,#4052,.T.);
#4052 = LINE('',#4053,#4054);
#4053 = CARTESIAN_POINT('',(42.05,9.95,10.5));
#4054 = VECTOR('',#4055,1.);
#4055 = DIRECTION('',(1.,0.,0.));
#4056 = ORIENTED_EDGE('',*,*,#4028,.T.);
#4057 = ORIENTED_EDGE('',*,*,#3636,.F.);
#4058 = FACE_BOUND('',#4059,.T.);
#4059 = EDGE_LOOP('',(#4060));
#4060 = ORIENTED_EDGE('',*,*,#4061,.F.);
#4061 = EDGE_CURVE('',#4062,#4062,#4064,.T.);
#4062 = VERTEX_POINT('',#4063);
#4063 = CARTESIAN_POINT('',(46.8,9.95,14.));
#4064 = CIRCLE('',#4065,1.8);
#4065 = AXIS2_PLACEMENT_3D('',#4066,#4067,#4068);
#4066 = CARTESIAN_POINT('',(45.,9.95,14.));
#4067 = DIRECTION('',(0.,-1.,-6.661338147751E-16));
#4068 = DIRECTION('',(1.,0.,0.));
#4069 = PLANE('',#4070);
#4070 = AXIS2_PLACEMENT_3D('',#4071,#4072,#4073);
#4071 = CARTESIAN_POINT('',(42.05,9.95,10.5));
#4072 = DIRECTION('',(0.,-1.,-6.661338147751E-16));
#4073 = DIRECTION('',(1.,0.,0.));
#4074 = ADVANCED_FACE('',(#4075),#4086,.T.);
#4075 = FACE_BOUND('',#4076,.T.);
#4076 = EDGE_LOOP('',(#4077,#4078,#4084,#4085));
#4077 = ORIENTED_EDGE('',*,*,#3985,.F.);
#4078 = ORIENTED_EDGE('',*,*,#4079,.F.);
#4079 = EDGE_CURVE('',#4044,#3986,#4080,.T.);
#4080 = LINE('',#4081,#4082);
#4081 = CARTESIAN_POINT('',(42.05,9.95,10.5));
#4082 = VECTOR('',#4083,1.);
#4083 = DIRECTION('',(0.,-1.,-6.661338147751E-16));
#4084 = ORIENTED_EDGE('',*,*,#4043,.T.);
#4085 = ORIENTED_EDGE('',*,*,#3628,.F.);
#4086 = PLANE('',#4087);
#4087 = AXIS2_PLACEMENT_3D('',#4088,#4089,#4090);
#4088 = CARTESIAN_POINT('',(42.05,9.95,10.5));
#4089 = DIRECTION('',(1.,0.,0.));
#4090 = DIRECTION('',(0.,-1.,-6.661338147751E-16));
#4091 = ADVANCED_FACE('',(#4092,#4117),#4120,.F.);
#4092 = FACE_BOUND('',#4093,.F.);
#4093 = EDGE_LOOP('',(#4094,#4102,#4110,#4116));
#4094 = ORIENTED_EDGE('',*,*,#4095,.F.);
#4095 = EDGE_CURVE('',#4096,#3690,#4098,.T.);
#4096 = VERTEX_POINT('',#4097);
#4097 = CARTESIAN_POINT('',(152.05,5.75,10.5));
#4098 = LINE('',#4099,#4100);
#4099 = CARTESIAN_POINT('',(152.05,5.75,10.5));
#4100 = VECTOR('',#4101,1.);
#4101 = DIRECTION('',(0.,-6.661338147751E-16,1.));
#4102 = ORIENTED_EDGE('',*,*,#4103,.T.);
#4103 = EDGE_CURVE('',#4096,#4104,#4106,.T.);
#4104 = VERTEX_POINT('',#4105);
#4105 = CARTESIAN_POINT('',(157.95,5.75,10.5));
#4106 = LINE('',#4107,#4108);
#4107 = CARTESIAN_POINT('',(152.05,5.75,10.5));
#4108 = VECTOR('',#4109,1.);
#4109 = DIRECTION('',(1.,0.,0.));
#4110 = ORIENTED_EDGE('',*,*,#4111,.T.);
#4111 = EDGE_CURVE('',#4104,#3692,#4112,.T.);
#4112 = LINE('',#4113,#4114);
#4113 = CARTESIAN_POINT('',(157.95,5.75,10.5));
#4114 = VECTOR('',#4115,1.);
#4115 = DIRECTION('',(0.,-6.661338147751E-16,1.));
#4116 = ORIENTED_EDGE('',*,*,#3689,.F.);
#4117 = FACE_BOUND('',#4118,.F.);
#4118 = EDGE_LOOP('',(#4119));
#4119 = ORIENTED_EDGE('',*,*,#3739,.F.);
#4120 = PLANE('',#4121);
#4121 = AXIS2_PLACEMENT_3D('',#4122,#4123,#4124);
#4122 = CARTESIAN_POINT('',(152.05,5.75,10.5));
#4123 = DIRECTION('',(0.,-1.,-6.661338147751E-16));
#4124 = DIRECTION('',(1.,0.,0.));
#4125 = ADVANCED_FACE('',(#4126),#4144,.F.);
#4126 = FACE_BOUND('',#4127,.F.);
#4127 = EDGE_LOOP('',(#4128,#4129,#4137,#4143));
#4128 = ORIENTED_EDGE('',*,*,#4111,.F.);
#4129 = ORIENTED_EDGE('',*,*,#4130,.F.);
#4130 = EDGE_CURVE('',#4131,#4104,#4133,.T.);
#4131 = VERTEX_POINT('',#4132);
#4132 = CARTESIAN_POINT('',(157.95,9.95,10.5));
#4133 = LINE('',#4134,#4135);
#4134 = CARTESIAN_POINT('',(157.95,9.95,10.5));
#4135 = VECTOR('',#4136,1.);
#4136 = DIRECTION('',(0.,-1.,-6.661338147751E-16));
#4137 = ORIENTED_EDGE('',*,*,#4138,.T.);
#4138 = EDGE_CURVE('',#4131,#3708,#4139,.T.);
#4139 = LINE('',#4140,#4141);
#4140 = CARTESIAN_POINT('',(157.95,9.95,10.5));
#4141 = VECTOR('',#4142,1.);
#4142 = DIRECTION('',(0.,-6.661338147751E-16,1.));
#4143 = ORIENTED_EDGE('',*,*,#3715,.F.);
#4144 = PLANE('',#4145);
#4145 = AXIS2_PLACEMENT_3D('',#4146,#4147,#4148);
#4146 = CARTESIAN_POINT('',(157.95,9.95,10.5));
#4147 = DIRECTION('',(1.,0.,0.));
#4148 = DIRECTION('',(0.,-1.,-6.661338147751E-16));
#4149 = ADVANCED_FACE('',(#4150,#4168),#4179,.T.);
#4150 = FACE_BOUND('',#4151,.T.);
#4151 = EDGE_LOOP('',(#4152,#4160,#4166,#4167));
#4152 = ORIENTED_EDGE('',*,*,#4153,.F.);
#4153 = EDGE_CURVE('',#4154,#3700,#4156,.T.);
#4154 = VERTEX_POINT('',#4155);
#4155 = CARTESIAN_POINT('',(152.05,9.95,10.5));
#4156 = LINE('',#4157,#4158);
#4157 = CARTESIAN_POINT('',(152.05,9.95,10.5));
#4158 = VECTOR('',#4159,1.);
#4159 = DIRECTION('',(0.,-6.661338147751E-16,1.));
#4160 = ORIENTED_EDGE('',*,*,#4161,.T.);
#4161 = EDGE_CURVE('',#4154,#4131,#4162,.T.);
#4162 = LINE('',#4163,#4164);
#4163 = CARTESIAN_POINT('',(152.05,9.95,10.5));
#4164 = VECTOR('',#4165,1.);
#4165 = DIRECTION('',(1.,0.,0.));
#4166 = ORIENTED_EDGE('',*,*,#4138,.T.);
#4167 = ORIENTED_EDGE('',*,*,#3707,.F.);
#4168 = FACE_BOUND('',#4169,.T.);
#4169 = EDGE_LOOP('',(#4170));
#4170 = ORIENTED_EDGE('',*,*,#4171,.F.);
#4171 = EDGE_CURVE('',#4172,#4172,#4174,.T.);
#4172 = VERTEX_POINT('',#4173);
#4173 = CARTESIAN_POINT('',(156.8,9.95,14.));
#4174 = CIRCLE('',#4175,1.8);
#4175 = AXIS2_PLACEMENT_3D('',#4176,#4177,#4178);
#4176 = CARTESIAN_POINT('',(155.,9.95,14.));
#4177 = DIRECTION('',(0.,-1.,-6.661338147751E-16));
#4178 = DIRECTION('',(1.,0.,0.));
#4179 = PLANE('',#4180);
#4180 = AXIS2_PLACEMENT_3D('',#4181,#4182,#4183);
#4181 = CARTESIAN_POINT('',(152.05,9.95,10.5));
#4182 = DIRECTION('',(0.,-1.,-6.661338147751E-16));
#4183 = DIRECTION('',(1.,0.,0.));
#4184 = ADVANCED_FACE('',(#4185),#4196,.T.);
#4185 = FACE_BOUND('',#4186,.T.);
#4186 = EDGE_LOOP('',(#4187,#4188,#4194,#4195));
#4187 = ORIENTED_EDGE('',*,*,#4095,.F.);
#4188 = ORIENTED_EDGE('',*,*,#4189,.F.);
#4189 = EDGE_CURVE('',#4154,#4096,#4190,.T.);
#4190 = LINE('',#4191,#4192);
#4191 = CARTESIAN_POINT('',(152.05,9.95,10.5));
#4192 = VECTOR('',#4193,1.);
#4193 = DIRECTION('',(0.,-1.,-6.661338147751E-16));
#4194 = ORIENTED_EDGE('',*,*,#4153,.T.);
#4195 = ORIENTED_EDGE('',*,*,#3699,.F.);
#4196 = PLANE('',#4197);
#4197 = AXIS2_PLACEMENT_3D('',#4198,#4199,#4200);
#4198 = CARTESIAN_POINT('',(152.05,9.95,10.5));
#4199 = DIRECTION('',(1.,0.,0.));
#4200 = DIRECTION('',(0.,-1.,-6.661338147751E-16));
#4201 = ADVANCED_FACE('',(#4202),#4205,.F.);
#4202 = FACE_BOUND('',#4203,.F.);
#4203 = EDGE_LOOP('',(#4204));
#4204 = ORIENTED_EDGE('',*,*,#3775,.T.);
#4205 = PLANE('',#4206);
#4206 = AXIS2_PLACEMENT_3D('',#4207,#4208,#4209);
#4207 = CARTESIAN_POINT('',(40.,175.75,14.));
#4208 = DIRECTION('',(0.,-1.,-6.661338147751E-16));
#4209 = DIRECTION('',(1.,0.,0.));
#4210 = ADVANCED_FACE('',(#4211),#4214,.F.);
#4211 = FACE_BOUND('',#4212,.F.);
#4212 = EDGE_LOOP('',(#4213));
#4213 = ORIENTED_EDGE('',*,*,#3812,.T.);
#4214 = PLANE('',#4215);
#4215 = AXIS2_PLACEMENT_3D('',#4216,#4217,#4218);
#4216 = CARTESIAN_POINT('',(160.,175.75,14.));
#4217 = DIRECTION('',(0.,-1.,-6.661338147751E-16));
#4218 = DIRECTION('',(1.,0.,0.));
#4219 = ADVANCED_FACE('',(#4220),#4245,.T.);
#4220 = FACE_BOUND('',#4221,.T.);
#4221 = EDGE_LOOP('',(#4222,#4223,#4231,#4239));
#4222 = ORIENTED_EDGE('',*,*,#3847,.F.);
#4223 = ORIENTED_EDGE('',*,*,#4224,.F.);
#4224 = EDGE_CURVE('',#4225,#3848,#4227,.T.);
#4225 = VERTEX_POINT('',#4226);
#4226 = CARTESIAN_POINT('',(71.655180025927,178.4,8.));
#4227 = LINE('',#4228,#4229);
#4228 = CARTESIAN_POINT('',(71.655180025927,178.4,7.6));
#4229 = VECTOR('',#4230,1.);
#4230 = DIRECTION('',(0.,4.440892098501E-16,-1.));
#4231 = ORIENTED_EDGE('',*,*,#4232,.T.);
#4232 = EDGE_CURVE('',#4225,#4233,#4235,.T.);
#4233 = VERTEX_POINT('',#4234);
#4234 = CARTESIAN_POINT('',(70.4,178.4,8.));
#4235 = LINE('',#4236,#4237);
#4236 = CARTESIAN_POINT('',(35.9,178.4,8.));
#4237 = VECTOR('',#4238,1.);
#4238 = DIRECTION('',(-1.,1.224646799147E-16,5.438524293788E-32));
#4239 = ORIENTED_EDGE('',*,*,#4240,.F.);
#4240 = EDGE_CURVE('',#3850,#4233,#4241,.T.);
#4241 = LINE('',#4242,#4243);
#4242 = CARTESIAN_POINT('',(70.4,178.4,7.6));
#4243 = VECTOR('',#4244,1.);
#4244 = DIRECTION('',(0.,-4.440892098501E-16,1.));
#4245 = PLANE('',#4246);
#4246 = AXIS2_PLACEMENT_3D('',#4247,#4248,#4249);
#4247 = CARTESIAN_POINT('',(71.8,178.4,7.6));
#4248 = DIRECTION('',(-1.224646799147E-16,-1.,-4.440892098501E-16));
#4249 = DIRECTION('',(0.,-4.440892098501E-16,1.));
#4250 = ADVANCED_FACE('',(#4251),#4269,.T.);
#4251 = FACE_BOUND('',#4252,.T.);
#4252 = EDGE_LOOP('',(#4253,#4254,#4262,#4268));
#4253 = ORIENTED_EDGE('',*,*,#3857,.F.);
#4254 = ORIENTED_EDGE('',*,*,#4255,.F.);
#4255 = EDGE_CURVE('',#4256,#3858,#4258,.T.);
#4256 = VERTEX_POINT('',#4257);
#4257 = CARTESIAN_POINT('',(72.,178.68734997839,8.));
#4258 = LINE('',#4259,#4260);
#4259 = CARTESIAN_POINT('',(72.,178.68734997839,7.6));
#4260 = VECTOR('',#4261,1.);
#4261 = DIRECTION('',(0.,4.440892098501E-16,-1.));
#4262 = ORIENTED_EDGE('',*,*,#4263,.T.);
#4263 = EDGE_CURVE('',#4256,#4225,#4264,.T.);
#4264 = LINE('',#4265,#4266);
#4265 = CARTESIAN_POINT('',(53.054581977839,162.89950162659,8.));
#4266 = VECTOR('',#4267,1.);
#4267 = DIRECTION('',(-0.768221279597,-0.640184399664,
    -2.842989842053E-16));
#4268 = ORIENTED_EDGE('',*,*,#4224,.T.);
#4269 = PLANE('',#4270);
#4270 = AXIS2_PLACEMENT_3D('',#4271,#4272,#4273);
#4271 = CARTESIAN_POINT('',(72.143926240134,178.80728851183,7.6));
#4272 = DIRECTION('',(0.640184399664,-0.768221279597,-3.411587810464E-16
    ));
#4273 = DIRECTION('',(0.,-4.440892098501E-16,1.));
#4274 = ADVANCED_FACE('',(#4275),#4293,.T.);
#4275 = FACE_BOUND('',#4276,.T.);
#4276 = EDGE_LOOP('',(#4277,#4278,#4286,#4292));
#4277 = ORIENTED_EDGE('',*,*,#3865,.F.);
#4278 = ORIENTED_EDGE('',*,*,#4279,.F.);
#4279 = EDGE_CURVE('',#4280,#3866,#4282,.T.);
#4280 = VERTEX_POINT('',#4281);
#4281 = CARTESIAN_POINT('',(72.,179.3126500216,8.));
#4282 = LINE('',#4283,#4284);
#4283 = CARTESIAN_POINT('',(72.,179.3126500216,7.6));
#4284 = VECTOR('',#4285,1.);
#4285 = DIRECTION('',(0.,4.440892098501E-16,-1.));
#4286 = ORIENTED_EDGE('',*,*,#4287,.T.);
#4287 = EDGE_CURVE('',#4280,#4256,#4288,.T.);
#4288 = LINE('',#4289,#4290);
#4289 = CARTESIAN_POINT('',(72.,183.625,8.));
#4290 = VECTOR('',#4291,1.);
#4291 = DIRECTION('',(1.110223024625E-16,-1.,-4.440892098501E-16));
#4292 = ORIENTED_EDGE('',*,*,#4255,.T.);
#4293 = PLANE('',#4294);
#4294 = AXIS2_PLACEMENT_3D('',#4295,#4296,#4297);
#4295 = CARTESIAN_POINT('',(72.,179.5,7.6));
#4296 = DIRECTION('',(1.,1.110223024625E-16,4.930380657631E-32));
#4297 = DIRECTION('',(0.,-4.440892098501E-16,1.));
#4298 = ADVANCED_FACE('',(#4299),#4317,.T.);
#4299 = FACE_BOUND('',#4300,.T.);
#4300 = EDGE_LOOP('',(#4301,#4302,#4310,#4316));
#4301 = ORIENTED_EDGE('',*,*,#3873,.F.);
#4302 = ORIENTED_EDGE('',*,*,#4303,.T.);
#4303 = EDGE_CURVE('',#3874,#4304,#4306,.T.);
#4304 = VERTEX_POINT('',#4305);
#4305 = CARTESIAN_POINT('',(71.655180025927,179.6,8.));
#4306 = LINE('',#4307,#4308);
#4307 = CARTESIAN_POINT('',(71.655180025927,179.6,7.6));
#4308 = VECTOR('',#4309,1.);
#4309 = DIRECTION('',(0.,-4.440892098501E-16,1.));
#4310 = ORIENTED_EDGE('',*,*,#4311,.T.);
#4311 = EDGE_CURVE('',#4304,#4280,#4312,.T.);
#4312 = LINE('',#4313,#4314);
#4313 = CARTESIAN_POINT('',(48.451303289315,198.93656394717,8.));
#4314 = VECTOR('',#4315,1.);
#4315 = DIRECTION('',(0.768221279597,-0.640184399664,-2.842989842053E-16
    ));
#4316 = ORIENTED_EDGE('',*,*,#4279,.T.);
#4317 = PLANE('',#4318);
#4318 = AXIS2_PLACEMENT_3D('',#4319,#4320,#4321);
#4319 = CARTESIAN_POINT('',(71.543926240134,179.69271148816,7.6));
#4320 = DIRECTION('',(0.640184399664,0.768221279597,3.411587810464E-16)
  );
#4321 = DIRECTION('',(0.,-4.440892098501E-16,1.));
#4322 = ADVANCED_FACE('',(#4323),#4341,.F.);
#4323 = FACE_BOUND('',#4324,.F.);
#4324 = EDGE_LOOP('',(#4325,#4326,#4327,#4335));
#4325 = ORIENTED_EDGE('',*,*,#3881,.F.);
#4326 = ORIENTED_EDGE('',*,*,#4303,.T.);
#4327 = ORIENTED_EDGE('',*,*,#4328,.T.);
#4328 = EDGE_CURVE('',#4304,#4329,#4331,.T.);
#4329 = VERTEX_POINT('',#4330);
#4330 = CARTESIAN_POINT('',(70.4,179.6,8.));
#4331 = LINE('',#4332,#4333);
#4332 = CARTESIAN_POINT('',(35.9,179.6,8.));
#4333 = VECTOR('',#4334,1.);
#4334 = DIRECTION('',(-1.,1.224646799147E-16,5.438524293788E-32));
#4335 = ORIENTED_EDGE('',*,*,#4336,.F.);
#4336 = EDGE_CURVE('',#3882,#4329,#4337,.T.);
#4337 = LINE('',#4338,#4339);
#4338 = CARTESIAN_POINT('',(70.4,179.6,7.6));
#4339 = VECTOR('',#4340,1.);
#4340 = DIRECTION('',(0.,-4.440892098501E-16,1.));
#4341 = PLANE('',#4342);
#4342 = AXIS2_PLACEMENT_3D('',#4343,#4344,#4345);
#4343 = CARTESIAN_POINT('',(71.8,179.6,7.6));
#4344 = DIRECTION('',(-1.224646799147E-16,-1.,-4.440892098501E-16));
#4345 = DIRECTION('',(0.,-4.440892098501E-16,1.));
#4346 = ADVANCED_FACE('',(#4347),#4358,.T.);
#4347 = FACE_BOUND('',#4348,.T.);
#4348 = EDGE_LOOP('',(#4349,#4350,#4351,#4357));
#4349 = ORIENTED_EDGE('',*,*,#3889,.F.);
#4350 = ORIENTED_EDGE('',*,*,#4240,.T.);
#4351 = ORIENTED_EDGE('',*,*,#4352,.T.);
#4352 = EDGE_CURVE('',#4233,#4329,#4353,.T.);
#4353 = LINE('',#4354,#4355);
#4354 = CARTESIAN_POINT('',(70.4,182.875,8.));
#4355 = VECTOR('',#4356,1.);
#4356 = DIRECTION('',(1.110223024625E-16,1.,4.440892098501E-16));
#4357 = ORIENTED_EDGE('',*,*,#4336,.F.);
#4358 = PLANE('',#4359);
#4359 = AXIS2_PLACEMENT_3D('',#4360,#4361,#4362);
#4360 = CARTESIAN_POINT('',(70.4,178.,7.6));
#4361 = DIRECTION('',(-1.,1.110223024625E-16,4.930380657631E-32));
#4362 = DIRECTION('',(0.,-4.440892098501E-16,1.));
#4363 = ADVANCED_FACE('',(#4364),#4389,.T.);
#4364 = FACE_BOUND('',#4365,.T.);
#4365 = EDGE_LOOP('',(#4366,#4367,#4375,#4383));
#4366 = ORIENTED_EDGE('',*,*,#3897,.F.);
#4367 = ORIENTED_EDGE('',*,*,#4368,.F.);
#4368 = EDGE_CURVE('',#4369,#3898,#4371,.T.);
#4369 = VERTEX_POINT('',#4370);
#4370 = CARTESIAN_POINT('',(71.655180025927,180.4,8.));
#4371 = LINE('',#4372,#4373);
#4372 = CARTESIAN_POINT('',(71.655180025927,180.4,7.6));
#4373 = VECTOR('',#4374,1.);
#4374 = DIRECTION('',(0.,4.440892098501E-16,-1.));
#4375 = ORIENTED_EDGE('',*,*,#4376,.T.);
#4376 = EDGE_CURVE('',#4369,#4377,#4379,.T.);
#4377 = VERTEX_POINT('',#4378);
#4378 = CARTESIAN_POINT('',(70.4,180.4,8.));
#4379 = LINE('',#4380,#4381);
#4380 = CARTESIAN_POINT('',(35.9,180.4,8.));
#4381 = VECTOR('',#4382,1.);
#4382 = DIRECTION('',(-1.,1.224646799147E-16,5.438524293788E-32));
#4383 = ORIENTED_EDGE('',*,*,#4384,.F.);
#4384 = EDGE_CURVE('',#3900,#4377,#4385,.T.);
#4385 = LINE('',#4386,#4387);
#4386 = CARTESIAN_POINT('',(70.4,180.4,7.6));
#4387 = VECTOR('',#4388,1.);
#4388 = DIRECTION('',(0.,-4.440892098501E-16,1.));
#4389 = PLANE('',#4390);
#4390 = AXIS2_PLACEMENT_3D('',#4391,#4392,#4393);
#4391 = CARTESIAN_POINT('',(71.8,180.4,7.6));
#4392 = DIRECTION('',(-1.224646799147E-16,-1.,-4.440892098501E-16));
#4393 = DIRECTION('',(0.,-4.440892098501E-16,1.));
#4394 = ADVANCED_FACE('',(#4395),#4413,.T.);
#4395 = FACE_BOUND('',#4396,.T.);
#4396 = EDGE_LOOP('',(#4397,#4398,#4406,#4412));
#4397 = ORIENTED_EDGE('',*,*,#3907,.F.);
#4398 = ORIENTED_EDGE('',*,*,#4399,.F.);
#4399 = EDGE_CURVE('',#4400,#3908,#4402,.T.);
#4400 = VERTEX_POINT('',#4401);
#4401 = CARTESIAN_POINT('',(72.,180.68734997839,8.));
#4402 = LINE('',#4403,#4404);
#4403 = CARTESIAN_POINT('',(72.,180.68734997839,7.6));
#4404 = VECTOR('',#4405,1.);
#4405 = DIRECTION('',(0.,4.440892098501E-16,-1.));
#4406 = ORIENTED_EDGE('',*,*,#4407,.T.);
#4407 = EDGE_CURVE('',#4400,#4369,#4408,.T.);
#4408 = LINE('',#4409,#4410);
#4409 = CARTESIAN_POINT('',(52.562778699151,164.48966556101,8.));
#4410 = VECTOR('',#4411,1.);
#4411 = DIRECTION('',(-0.768221279597,-0.640184399664,
    -2.842989842053E-16));
#4412 = ORIENTED_EDGE('',*,*,#4368,.T.);
#4413 = PLANE('',#4414);
#4414 = AXIS2_PLACEMENT_3D('',#4415,#4416,#4417);
#4415 = CARTESIAN_POINT('',(72.143926240134,180.80728851183,7.6));
#4416 = DIRECTION('',(0.640184399664,-0.768221279597,-3.411587810464E-16
    ));
#4417 = DIRECTION('',(0.,-4.440892098501E-16,1.));
#4418 = ADVANCED_FACE('',(#4419),#4437,.T.);
#4419 = FACE_BOUND('',#4420,.T.);
#4420 = EDGE_LOOP('',(#4421,#4422,#4430,#4436));
#4421 = ORIENTED_EDGE('',*,*,#3915,.F.);
#4422 = ORIENTED_EDGE('',*,*,#4423,.F.);
#4423 = EDGE_CURVE('',#4424,#3916,#4426,.T.);
#4424 = VERTEX_POINT('',#4425);
#4425 = CARTESIAN_POINT('',(72.,181.3126500216,8.));
#4426 = LINE('',#4427,#4428);
#4427 = CARTESIAN_POINT('',(72.,181.3126500216,7.6));
#4428 = VECTOR('',#4429,1.);
#4429 = DIRECTION('',(0.,4.440892098501E-16,-1.));
#4430 = ORIENTED_EDGE('',*,*,#4431,.T.);
#4431 = EDGE_CURVE('',#4424,#4400,#4432,.T.);
#4432 = LINE('',#4433,#4434);
#4433 = CARTESIAN_POINT('',(72.,184.625,8.));
#4434 = VECTOR('',#4435,1.);
#4435 = DIRECTION('',(1.110223024625E-16,-1.,-4.440892098501E-16));
#4436 = ORIENTED_EDGE('',*,*,#4399,.T.);
#4437 = PLANE('',#4438);
#4438 = AXIS2_PLACEMENT_3D('',#4439,#4440,#4441);
#4439 = CARTESIAN_POINT('',(72.,181.5,7.6));
#4440 = DIRECTION('',(1.,1.110223024625E-16,4.930380657631E-32));
#4441 = DIRECTION('',(0.,-4.440892098501E-16,1.));
#4442 = ADVANCED_FACE('',(#4443),#4461,.T.);
#4443 = FACE_BOUND('',#4444,.T.);
#4444 = EDGE_LOOP('',(#4445,#4446,#4454,#4460));
#4445 = ORIENTED_EDGE('',*,*,#3923,.F.);
#4446 = ORIENTED_EDGE('',*,*,#4447,.F.);
#4447 = EDGE_CURVE('',#4448,#3924,#4450,.T.);
#4448 = VERTEX_POINT('',#4449);
#4449 = CARTESIAN_POINT('',(71.655180025927,181.6,8.));
#4450 = LINE('',#4451,#4452);
#4451 = CARTESIAN_POINT('',(71.655180025927,181.6,7.6));
#4452 = VECTOR('',#4453,1.);
#4453 = DIRECTION('',(0.,4.440892098501E-16,-1.));
#4454 = ORIENTED_EDGE('',*,*,#4455,.T.);
#4455 = EDGE_CURVE('',#4448,#4424,#4456,.T.);
#4456 = LINE('',#4457,#4458);
#4457 = CARTESIAN_POINT('',(48.943106568003,200.5267278816,8.));
#4458 = VECTOR('',#4459,1.);
#4459 = DIRECTION('',(0.768221279597,-0.640184399664,-2.842989842053E-16
    ));
#4460 = ORIENTED_EDGE('',*,*,#4423,.T.);
#4461 = PLANE('',#4462);
#4462 = AXIS2_PLACEMENT_3D('',#4463,#4464,#4465);
#4463 = CARTESIAN_POINT('',(71.543926240134,181.69271148816,7.6));
#4464 = DIRECTION('',(0.640184399664,0.768221279597,3.411587810464E-16)
  );
#4465 = DIRECTION('',(0.,-4.440892098501E-16,1.));
#4466 = ADVANCED_FACE('',(#4467),#4485,.T.);
#4467 = FACE_BOUND('',#4468,.T.);
#4468 = EDGE_LOOP('',(#4469,#4470,#4478,#4484));
#4469 = ORIENTED_EDGE('',*,*,#3931,.F.);
#4470 = ORIENTED_EDGE('',*,*,#4471,.F.);
#4471 = EDGE_CURVE('',#4472,#3932,#4474,.T.);
#4472 = VERTEX_POINT('',#4473);
#4473 = CARTESIAN_POINT('',(70.4,181.6,8.));
#4474 = LINE('',#4475,#4476);
#4475 = CARTESIAN_POINT('',(70.4,181.6,7.6));
#4476 = VECTOR('',#4477,1.);
#4477 = DIRECTION('',(0.,4.440892098501E-16,-1.));
#4478 = ORIENTED_EDGE('',*,*,#4479,.T.);
#4479 = EDGE_CURVE('',#4472,#4448,#4480,.T.);
#4480 = LINE('',#4481,#4482);
#4481 = CARTESIAN_POINT('',(35.,181.6,8.));
#4482 = VECTOR('',#4483,1.);
#4483 = DIRECTION('',(1.,0.,0.));
#4484 = ORIENTED_EDGE('',*,*,#4447,.T.);
#4485 = PLANE('',#4486);
#4486 = AXIS2_PLACEMENT_3D('',#4487,#4488,#4489);
#4487 = CARTESIAN_POINT('',(70.,181.6,7.6));
#4488 = DIRECTION('',(0.,1.,4.440892098501E-16));
#4489 = DIRECTION('',(0.,-4.440892098501E-16,1.));
#4490 = ADVANCED_FACE('',(#4491),#4502,.T.);
#4491 = FACE_BOUND('',#4492,.T.);
#4492 = EDGE_LOOP('',(#4493,#4494,#4495,#4501));
#4493 = ORIENTED_EDGE('',*,*,#3939,.F.);
#4494 = ORIENTED_EDGE('',*,*,#4384,.T.);
#4495 = ORIENTED_EDGE('',*,*,#4496,.T.);
#4496 = EDGE_CURVE('',#4377,#4472,#4497,.T.);
#4497 = LINE('',#4498,#4499);
#4498 = CARTESIAN_POINT('',(70.4,182.875,8.));
#4499 = VECTOR('',#4500,1.);
#4500 = DIRECTION('',(1.110223024625E-16,1.,4.440892098501E-16));
#4501 = ORIENTED_EDGE('',*,*,#4471,.T.);
#4502 = PLANE('',#4503);
#4503 = AXIS2_PLACEMENT_3D('',#4504,#4505,#4506);
#4504 = CARTESIAN_POINT('',(70.4,178.,7.6));
#4505 = DIRECTION('',(-1.,1.110223024625E-16,4.930380657631E-32));
#4506 = DIRECTION('',(0.,-4.440892098501E-16,1.));
#4507 = ADVANCED_FACE('',(#4508),#4514,.T.);
#4508 = FACE_BOUND('',#4509,.T.);
#4509 = EDGE_LOOP('',(#4510,#4511,#4512,#4513));
#4510 = ORIENTED_EDGE('',*,*,#4051,.F.);
#4511 = ORIENTED_EDGE('',*,*,#4079,.T.);
#4512 = ORIENTED_EDGE('',*,*,#3993,.T.);
#4513 = ORIENTED_EDGE('',*,*,#4020,.F.);
#4514 = PLANE('',#4515);
#4515 = AXIS2_PLACEMENT_3D('',#4516,#4517,#4518);
#4516 = CARTESIAN_POINT('',(42.05,9.95,10.5));
#4517 = DIRECTION('',(0.,-6.661338147751E-16,1.));
#4518 = DIRECTION('',(0.,-1.,-6.661338147751E-16));
#4519 = ADVANCED_FACE('',(#4520),#4539,.F.);
#4520 = FACE_BOUND('',#4521,.F.);
#4521 = EDGE_LOOP('',(#4522,#4523,#4531,#4538));
#4522 = ORIENTED_EDGE('',*,*,#4061,.F.);
#4523 = ORIENTED_EDGE('',*,*,#4524,.F.);
#4524 = EDGE_CURVE('',#4525,#4062,#4527,.T.);
#4525 = VERTEX_POINT('',#4526);
#4526 = CARTESIAN_POINT('',(46.8,11.25,14.));
#4527 = LINE('',#4528,#4529);
#4528 = CARTESIAN_POINT('',(46.8,11.25,14.));
#4529 = VECTOR('',#4530,1.);
#4530 = DIRECTION('',(0.,-1.,-6.661338147751E-16));
#4531 = ORIENTED_EDGE('',*,*,#4532,.T.);
#4532 = EDGE_CURVE('',#4525,#4525,#4533,.T.);
#4533 = CIRCLE('',#4534,1.8);
#4534 = AXIS2_PLACEMENT_3D('',#4535,#4536,#4537);
#4535 = CARTESIAN_POINT('',(45.,11.25,14.));
#4536 = DIRECTION('',(0.,-1.,-6.661338147751E-16));
#4537 = DIRECTION('',(1.,0.,0.));
#4538 = ORIENTED_EDGE('',*,*,#4524,.T.);
#4539 = CYLINDRICAL_SURFACE('',#4540,1.8);
#4540 = AXIS2_PLACEMENT_3D('',#4541,#4542,#4543);
#4541 = CARTESIAN_POINT('',(45.,11.25,14.));
#4542 = DIRECTION('',(0.,-1.,-6.661338147751E-16));
#4543 = DIRECTION('',(1.,0.,0.));
#4544 = ADVANCED_FACE('',(#4545),#4551,.T.);
#4545 = FACE_BOUND('',#4546,.T.);
#4546 = EDGE_LOOP('',(#4547,#4548,#4549,#4550));
#4547 = ORIENTED_EDGE('',*,*,#4161,.F.);
#4548 = ORIENTED_EDGE('',*,*,#4189,.T.);
#4549 = ORIENTED_EDGE('',*,*,#4103,.T.);
#4550 = ORIENTED_EDGE('',*,*,#4130,.F.);
#4551 = PLANE('',#4552);
#4552 = AXIS2_PLACEMENT_3D('',#4553,#4554,#4555);
#4553 = CARTESIAN_POINT('',(152.05,9.95,10.5));
#4554 = DIRECTION('',(0.,-6.661338147751E-16,1.));
#4555 = DIRECTION('',(0.,-1.,-6.661338147751E-16));
#4556 = ADVANCED_FACE('',(#4557),#4576,.F.);
#4557 = FACE_BOUND('',#4558,.F.);
#4558 = EDGE_LOOP('',(#4559,#4560,#4568,#4575));
#4559 = ORIENTED_EDGE('',*,*,#4171,.F.);
#4560 = ORIENTED_EDGE('',*,*,#4561,.F.);
#4561 = EDGE_CURVE('',#4562,#4172,#4564,.T.);
#4562 = VERTEX_POINT('',#4563);
#4563 = CARTESIAN_POINT('',(156.8,11.25,14.));
#4564 = LINE('',#4565,#4566);
#4565 = CARTESIAN_POINT('',(156.8,11.25,14.));
#4566 = VECTOR('',#4567,1.);
#4567 = DIRECTION('',(0.,-1.,-6.661338147751E-16));
#4568 = ORIENTED_EDGE('',*,*,#4569,.T.);
#4569 = EDGE_CURVE('',#4562,#4562,#4570,.T.);
#4570 = CIRCLE('',#4571,1.8);
#4571 = AXIS2_PLACEMENT_3D('',#4572,#4573,#4574);
#4572 = CARTESIAN_POINT('',(155.,11.25,14.));
#4573 = DIRECTION('',(0.,-1.,-6.661338147751E-16));
#4574 = DIRECTION('',(1.,0.,0.));
#4575 = ORIENTED_EDGE('',*,*,#4561,.T.);
#4576 = CYLINDRICAL_SURFACE('',#4577,1.8);
#4577 = AXIS2_PLACEMENT_3D('',#4578,#4579,#4580);
#4578 = CARTESIAN_POINT('',(155.,11.25,14.));
#4579 = DIRECTION('',(0.,-1.,-6.661338147751E-16));
#4580 = DIRECTION('',(1.,0.,0.));
#4581 = ADVANCED_FACE('',(#4582),#4590,.F.);
#4582 = FACE_BOUND('',#4583,.F.);
#4583 = EDGE_LOOP('',(#4584,#4585,#4586,#4587,#4588,#4589));
#4584 = ORIENTED_EDGE('',*,*,#4263,.T.);
#4585 = ORIENTED_EDGE('',*,*,#4232,.T.);
#4586 = ORIENTED_EDGE('',*,*,#4352,.T.);
#4587 = ORIENTED_EDGE('',*,*,#4328,.F.);
#4588 = ORIENTED_EDGE('',*,*,#4311,.T.);
#4589 = ORIENTED_EDGE('',*,*,#4287,.T.);
#4590 = PLANE('',#4591);
#4591 = AXIS2_PLACEMENT_3D('',#4592,#4593,#4594);
#4592 = CARTESIAN_POINT('',(0.,187.75,8.));
#4593 = DIRECTION('',(0.,4.440892098501E-16,-1.));
#4594 = DIRECTION('',(1.,0.,0.));
#4595 = ADVANCED_FACE('',(#4596),#4604,.F.);
#4596 = FACE_BOUND('',#4597,.F.);
#4597 = EDGE_LOOP('',(#4598,#4599,#4600,#4601,#4602,#4603));
#4598 = ORIENTED_EDGE('',*,*,#4376,.T.);
#4599 = ORIENTED_EDGE('',*,*,#4496,.T.);
#4600 = ORIENTED_EDGE('',*,*,#4479,.T.);
#4601 = ORIENTED_EDGE('',*,*,#4455,.T.);
#4602 = ORIENTED_EDGE('',*,*,#4431,.T.);
#4603 = ORIENTED_EDGE('',*,*,#4407,.T.);
#4604 = PLANE('',#4605);
#4605 = AXIS2_PLACEMENT_3D('',#4606,#4607,#4608);
#4606 = CARTESIAN_POINT('',(0.,187.75,8.));
#4607 = DIRECTION('',(0.,4.440892098501E-16,-1.));
#4608 = DIRECTION('',(1.,0.,0.));
#4609 = ADVANCED_FACE('',(#4610),#4613,.T.);
#4610 = FACE_BOUND('',#4611,.F.);
#4611 = EDGE_LOOP('',(#4612));
#4612 = ORIENTED_EDGE('',*,*,#4532,.F.);
#4613 = PLANE('',#4614);
#4614 = AXIS2_PLACEMENT_3D('',#4615,#4616,#4617);
#4615 = CARTESIAN_POINT('',(45.,11.25,14.));
#4616 = DIRECTION('',(0.,-1.,-6.661338147751E-16));
#4617 = DIRECTION('',(1.,0.,0.));
#4618 = ADVANCED_FACE('',(#4619),#4622,.T.);
#4619 = FACE_BOUND('',#4620,.F.);
#4620 = EDGE_LOOP('',(#4621));
#4621 = ORIENTED_EDGE('',*,*,#4569,.F.);
#4622 = PLANE('',#4623);
#4623 = AXIS2_PLACEMENT_3D('',#4624,#4625,#4626);
#4624 = CARTESIAN_POINT('',(155.,11.25,14.));
#4625 = DIRECTION('',(0.,-1.,-6.661338147751E-16));
#4626 = DIRECTION('',(1.,0.,0.));
#4627 = ( GEOMETRIC_REPRESENTATION_CONTEXT(3)
GLOBAL_UNCERTAINTY_ASSIGNED_CONTEXT((#4631))
GLOBAL_UNIT_ASSIGNED_CONTEXT((#4628,#4629,#4630)) REPRESENTATION_CONTEXT
('Context #1','3D Context with UNIT and UNCERTAINTY') );
#4628 = ( LENGTH_UNIT() NAMED_UNIT(*) SI_UNIT(.MILLI.,.METRE.) );
#4629 = ( NAMED_UNIT(*) PLANE_ANGLE_UNIT() SI_UNIT($,.RADIAN.) );
#4630 = ( NAMED_UNIT(*) SI_UNIT($,.STERADIAN.) SOLID_ANGLE_UNIT() );
#4631 = UNCERTAINTY_MEASURE_WITH_UNIT(LENGTH_MEASURE(1.E-07),#4628,
  'distance_accuracy_value','confusion accuracy');
#4632 = PRODUCT_RELATED_PRODUCT_CATEGORY('part',$,(#7));
ENDSEC;
END-ISO-10303-21;
