ISO-10303-21;
HEADER;
FILE_DESCRIPTION(('FreeCAD Model'),'2;1');
FILE_NAME('Open CASCADE Shape Model','2026-10-09T08:39:35',('FreeCAD'),(
    'FreeCAD'),'Open CASCADE STEP processor 7.8','FreeCAD','Unknown');
FILE_SCHEMA(('AUTOMOTIVE_DESIGN { 1 0 10303 214 1 1 1 1 }'));
ENDSEC;
DATA;
#1 = APPLICATION_PROTOCOL_DEFINITION('international standard',
  'automotive_design',2000,#2);
#2 = APPLICATION_CONTEXT(
  'core data for automotive mechanical design processes');
#3 = SHAPE_DEFINITION_REPRESENTATION(#4,#10);
#4 = PRODUCT_DEFINITION_SHAPE('','',#5);
#5 = PRODUCT_DEFINITION('design','',#6,#9);
#6 = PRODUCT_DEFINITION_FORMATION('','',#7);
#7 = PRODUCT('Open CASCADE STEP translator 7.8 7',
  'Open CASCADE STEP translator 7.8 7','',(#8));
#8 = PRODUCT_CONTEXT('',#2,'mechanical');
#9 = PRODUCT_DEFINITION_CONTEXT('part definition',#2,'design');
#10 = ADVANCED_BREP_SHAPE_REPRESENTATION('',(#11,#15),#3448);
#11 = AXIS2_PLACEMENT_3D('',#12,#13,#14);
#12 = CARTESIAN_POINT('',(0.,0.,0.));
#13 = DIRECTION('',(0.,0.,1.));
#14 = DIRECTION('',(1.,0.,-0.));
#15 = MANIFOLD_SOLID_BREP('',#16);
#16 = CLOSED_SHELL('',(#17,#57,#88,#798,#822,#873,#885,#916,#940,#964,
    #988,#1012,#1029,#1054,#1085,#1109,#1133,#1157,#1181,#1198,#1223,
    #1254,#1278,#1302,#1326,#1350,#1367,#1398,#1422,#1446,#1470,#1494,
    #1511,#1542,#1566,#1590,#1607,#1638,#1662,#1686,#1710,#1734,#1751,
    #1782,#1806,#1830,#1854,#1878,#1903,#1927,#1952,#1976,#2001,#2025,
    #2050,#2074,#2099,#2123,#2150,#2181,#2206,#2230,#2254,#2288,#2312,
    #2337,#2361,#2385,#2409,#2427,#2458,#2482,#2506,#2530,#2554,#2571,
    #2602,#2626,#2650,#2674,#2698,#2715,#2746,#2770,#2794,#2818,#2842,
    #2859,#2890,#2914,#2938,#2955,#2980,#3092,#3117,#3142,#3167,#3192,
    #3217,#3237,#3262,#3287,#3312,#3329,#3346,#3363,#3380,#3397,#3414,
    #3431));
#17 = ADVANCED_FACE('',(#18),#52,.F.);
#18 = FACE_BOUND('',#19,.F.);
#19 = EDGE_LOOP('',(#20,#30,#38,#46));
#20 = ORIENTED_EDGE('',*,*,#21,.F.);
#21 = EDGE_CURVE('',#22,#24,#26,.T.);
#22 = VERTEX_POINT('',#23);
#23 = CARTESIAN_POINT('',(8.25,191.75,5.));
#24 = VERTEX_POINT('',#25);
#25 = CARTESIAN_POINT('',(8.25,191.75,8.));
#26 = LINE('',#27,#28);
#27 = CARTESIAN_POINT('',(8.25,191.75,8.1));
#28 = VECTOR('',#29,1.);
#29 = DIRECTION('',(0.,2.449293598295E-16,1.));
#30 = ORIENTED_EDGE('',*,*,#31,.T.);
#31 = EDGE_CURVE('',#22,#32,#34,.T.);
#32 = VERTEX_POINT('',#33);
#33 = CARTESIAN_POINT('',(191.75,191.75,5.));
#34 = LINE('',#35,#36);
#35 = CARTESIAN_POINT('',(-0.25,191.75,5.));
#36 = VECTOR('',#37,1.);
#37 = DIRECTION('',(1.,0.,0.));
#38 = ORIENTED_EDGE('',*,*,#39,.T.);
#39 = EDGE_CURVE('',#32,#40,#42,.T.);
#40 = VERTEX_POINT('',#41);
#41 = CARTESIAN_POINT('',(191.75,191.75,8.));
#42 = LINE('',#43,#44);
#43 = CARTESIAN_POINT('',(191.75,191.75,8.1));
#44 = VECTOR('',#45,1.);
#45 = DIRECTION('',(0.,2.449293598295E-16,1.));
#46 = ORIENTED_EDGE('',*,*,#47,.T.);
#47 = EDGE_CURVE('',#40,#24,#48,.T.);
#48 = LINE('',#49,#50);
#49 = CARTESIAN_POINT('',(-0.125,191.75,8.));
#50 = VECTOR('',#51,1.);
#51 = DIRECTION('',(-1.,0.,-0.));
#52 = PLANE('',#53);
#53 = AXIS2_PLACEMENT_3D('',#54,#55,#56);
#54 = CARTESIAN_POINT('',(-0.25,191.75,8.1));
#55 = DIRECTION('',(0.,-1.,2.449293598295E-16));
#56 = DIRECTION('',(0.,-2.449293598295E-16,-1.));
#57 = ADVANCED_FACE('',(#58),#83,.F.);
#58 = FACE_BOUND('',#59,.F.);
#59 = EDGE_LOOP('',(#60,#68,#69,#77));
#60 = ORIENTED_EDGE('',*,*,#61,.F.);
#61 = EDGE_CURVE('',#22,#62,#64,.T.);
#62 = VERTEX_POINT('',#63);
#63 = CARTESIAN_POINT('',(8.25,8.25,5.));
#64 = LINE('',#65,#66);
#65 = CARTESIAN_POINT('',(8.25,192.,5.));
#66 = VECTOR('',#67,1.);
#67 = DIRECTION('',(0.,-1.,2.449293598295E-16));
#68 = ORIENTED_EDGE('',*,*,#21,.T.);
#69 = ORIENTED_EDGE('',*,*,#70,.T.);
#70 = EDGE_CURVE('',#24,#71,#73,.T.);
#71 = VERTEX_POINT('',#72);
#72 = CARTESIAN_POINT('',(8.25,8.25,8.));
#73 = LINE('',#74,#75);
#74 = CARTESIAN_POINT('',(8.25,196.,8.));
#75 = VECTOR('',#76,1.);
#76 = DIRECTION('',(0.,-1.,2.449293598295E-16));
#77 = ORIENTED_EDGE('',*,*,#78,.F.);
#78 = EDGE_CURVE('',#62,#71,#79,.T.);
#79 = LINE('',#80,#81);
#80 = CARTESIAN_POINT('',(8.25,8.25,8.1));
#81 = VECTOR('',#82,1.);
#82 = DIRECTION('',(0.,2.449293598295E-16,1.));
#83 = PLANE('',#84);
#84 = AXIS2_PLACEMENT_3D('',#85,#86,#87);
#85 = CARTESIAN_POINT('',(8.25,192.,8.1));
#86 = DIRECTION('',(1.,0.,0.));
#87 = DIRECTION('',(0.,-2.449293598295E-16,-1.));
#88 = ADVANCED_FACE('',(#89,#107,#157,#168,#218,#229,#279,#329,#363,#413
    ,#549,#643,#693,#743),#793,.F.);
#89 = FACE_BOUND('',#90,.F.);
#90 = EDGE_LOOP('',(#91,#92,#93,#101));
#91 = ORIENTED_EDGE('',*,*,#70,.F.);
#92 = ORIENTED_EDGE('',*,*,#47,.F.);
#93 = ORIENTED_EDGE('',*,*,#94,.T.);
#94 = EDGE_CURVE('',#40,#95,#97,.T.);
#95 = VERTEX_POINT('',#96);
#96 = CARTESIAN_POINT('',(191.75,8.25,8.));
#97 = LINE('',#98,#99);
#98 = CARTESIAN_POINT('',(191.75,196.,8.));
#99 = VECTOR('',#100,1.);
#100 = DIRECTION('',(0.,-1.,2.449293598295E-16));
#101 = ORIENTED_EDGE('',*,*,#102,.T.);
#102 = EDGE_CURVE('',#95,#71,#103,.T.);
#103 = LINE('',#104,#105);
#104 = CARTESIAN_POINT('',(-0.125,8.25,8.));
#105 = VECTOR('',#106,1.);
#106 = DIRECTION('',(-1.,0.,-0.));
#107 = FACE_BOUND('',#108,.F.);
#108 = EDGE_LOOP('',(#109,#119,#127,#135,#143,#151));
#109 = ORIENTED_EDGE('',*,*,#110,.T.);
#110 = EDGE_CURVE('',#111,#113,#115,.T.);
#111 = VERTEX_POINT('',#112);
#112 = CARTESIAN_POINT('',(11.05,184.29681670589,8.));
#113 = VERTEX_POINT('',#114);
#114 = CARTESIAN_POINT('',(14.,182.59363341178,8.));
#115 = LINE('',#116,#117);
#116 = CARTESIAN_POINT('',(4.981411086754,187.80051814855,8.));
#117 = VECTOR('',#118,1.);
#118 = DIRECTION('',(0.866025403784,-0.5,1.224646799147E-16));
#119 = ORIENTED_EDGE('',*,*,#120,.T.);
#120 = EDGE_CURVE('',#113,#121,#123,.T.);
#121 = VERTEX_POINT('',#122);
#122 = CARTESIAN_POINT('',(16.95,184.29681670589,8.));
#123 = LINE('',#124,#125);
#124 = CARTESIAN_POINT('',(13.993588913246,182.58993196911,8.));
#125 = VECTOR('',#126,1.);
#126 = DIRECTION('',(0.866025403784,0.5,-1.224646799147E-16));
#127 = ORIENTED_EDGE('',*,*,#128,.T.);
#128 = EDGE_CURVE('',#121,#129,#131,.T.);
#129 = VERTEX_POINT('',#130);
#130 = CARTESIAN_POINT('',(16.95,187.7031832941,8.));
#131 = LINE('',#132,#133);
#132 = CARTESIAN_POINT('',(16.95,193.85159164705,8.));
#133 = VECTOR('',#134,1.);
#134 = DIRECTION('',(0.,1.,-2.449293598295E-16));
#135 = ORIENTED_EDGE('',*,*,#136,.T.);
#136 = EDGE_CURVE('',#129,#137,#139,.T.);
#137 = VERTEX_POINT('',#138);
#138 = CARTESIAN_POINT('',(14.,189.40636658821,8.));
#139 = LINE('',#140,#141);
#140 = CARTESIAN_POINT('',(6.456411086754,193.76165967793,8.));
#141 = VECTOR('',#142,1.);
#142 = DIRECTION('',(-0.866025403784,0.5,-1.224646799147E-16));
#143 = ORIENTED_EDGE('',*,*,#144,.T.);
#144 = EDGE_CURVE('',#137,#145,#147,.T.);
#145 = VERTEX_POINT('',#146);
#146 = CARTESIAN_POINT('',(11.05,187.7031832941,8.));
#147 = LINE('',#148,#149);
#148 = CARTESIAN_POINT('',(9.568588913246,186.84789020439,8.));
#149 = VECTOR('',#150,1.);
#150 = DIRECTION('',(-0.866025403784,-0.5,1.224646799147E-16));
#151 = ORIENTED_EDGE('',*,*,#152,.T.);
#152 = EDGE_CURVE('',#145,#111,#153,.T.);
#153 = LINE('',#154,#155);
#154 = CARTESIAN_POINT('',(11.05,192.14840835294,8.));
#155 = VECTOR('',#156,1.);
#156 = DIRECTION('',(-5.214814064769E-16,-1.,2.449293598295E-16));
#157 = FACE_BOUND('',#158,.F.);
#158 = EDGE_LOOP('',(#159));
#159 = ORIENTED_EDGE('',*,*,#160,.F.);
#160 = EDGE_CURVE('',#161,#161,#163,.T.);
#161 = VERTEX_POINT('',#162);
#162 = CARTESIAN_POINT('',(46.8,186.,8.));
#163 = CIRCLE('',#164,1.8);
#164 = AXIS2_PLACEMENT_3D('',#165,#166,#167);
#165 = CARTESIAN_POINT('',(45.,186.,8.));
#166 = DIRECTION('',(0.,-2.449293598295E-16,-1.));
#167 = DIRECTION('',(1.,0.,0.));
#168 = FACE_BOUND('',#169,.F.);
#169 = EDGE_LOOP('',(#170,#180,#188,#196,#204,#212));
#170 = ORIENTED_EDGE('',*,*,#171,.T.);
#171 = EDGE_CURVE('',#172,#174,#176,.T.);
#172 = VERTEX_POINT('',#173);
#173 = CARTESIAN_POINT('',(97.05,184.29681670589,8.));
#174 = VERTEX_POINT('',#175);
#175 = CARTESIAN_POINT('',(100.,182.59363341178,8.));
#176 = LINE('',#177,#178);
#177 = CARTESIAN_POINT('',(58.731411086754,206.42006432992,8.));
#178 = VECTOR('',#179,1.);
#179 = DIRECTION('',(0.866025403784,-0.5,1.224646799147E-16));
#180 = ORIENTED_EDGE('',*,*,#181,.T.);
#181 = EDGE_CURVE('',#174,#182,#184,.T.);
#182 = VERTEX_POINT('',#183);
#183 = CARTESIAN_POINT('',(102.95,184.29681670589,8.));
#184 = LINE('',#185,#186);
#185 = CARTESIAN_POINT('',(67.743588913246,163.97038578775,8.));
#186 = VECTOR('',#187,1.);
#187 = DIRECTION('',(0.866025403784,0.5,-1.224646799147E-16));
#188 = ORIENTED_EDGE('',*,*,#189,.T.);
#189 = EDGE_CURVE('',#182,#190,#192,.T.);
#190 = VERTEX_POINT('',#191);
#191 = CARTESIAN_POINT('',(102.95,187.7031832941,8.));
#192 = LINE('',#193,#194);
#193 = CARTESIAN_POINT('',(102.95,193.85159164705,8.));
#194 = VECTOR('',#195,1.);
#195 = DIRECTION('',(0.,1.,-2.449293598295E-16));
#196 = ORIENTED_EDGE('',*,*,#197,.T.);
#197 = EDGE_CURVE('',#190,#198,#200,.T.);
#198 = VERTEX_POINT('',#199);
#199 = CARTESIAN_POINT('',(100.,189.40636658821,8.));
#200 = LINE('',#201,#202);
#201 = CARTESIAN_POINT('',(60.206411086754,212.3812058593,8.));
#202 = VECTOR('',#203,1.);
#203 = DIRECTION('',(-0.866025403784,0.5,-1.224646799147E-16));
#204 = ORIENTED_EDGE('',*,*,#205,.T.);
#205 = EDGE_CURVE('',#198,#206,#208,.T.);
#206 = VERTEX_POINT('',#207);
#207 = CARTESIAN_POINT('',(97.05,187.7031832941,8.));
#208 = LINE('',#209,#210);
#209 = CARTESIAN_POINT('',(63.318588913246,168.22834402302,8.));
#210 = VECTOR('',#211,1.);
#211 = DIRECTION('',(-0.866025403784,-0.5,1.224646799147E-16));
#212 = ORIENTED_EDGE('',*,*,#213,.T.);
#213 = EDGE_CURVE('',#206,#172,#214,.T.);
#214 = LINE('',#215,#216);
#215 = CARTESIAN_POINT('',(97.05,192.14840835294,8.));
#216 = VECTOR('',#217,1.);
#217 = DIRECTION('',(0.,-1.,2.449293598295E-16));
#218 = FACE_BOUND('',#219,.F.);
#219 = EDGE_LOOP('',(#220));
#220 = ORIENTED_EDGE('',*,*,#221,.F.);
#221 = EDGE_CURVE('',#222,#222,#224,.T.);
#222 = VERTEX_POINT('',#223);
#223 = CARTESIAN_POINT('',(156.8,186.,8.));
#224 = CIRCLE('',#225,1.8);
#225 = AXIS2_PLACEMENT_3D('',#226,#227,#228);
#226 = CARTESIAN_POINT('',(155.,186.,8.));
#227 = DIRECTION('',(0.,-2.449293598295E-16,-1.));
#228 = DIRECTION('',(1.,0.,0.));
#229 = FACE_BOUND('',#230,.F.);
#230 = EDGE_LOOP('',(#231,#241,#249,#257,#265,#273));
#231 = ORIENTED_EDGE('',*,*,#232,.T.);
#232 = EDGE_CURVE('',#233,#235,#237,.T.);
#233 = VERTEX_POINT('',#234);
#234 = CARTESIAN_POINT('',(183.05,184.29681670589,8.));
#235 = VERTEX_POINT('',#236);
#236 = CARTESIAN_POINT('',(186.,182.59363341178,8.));
#237 = LINE('',#238,#239);
#238 = CARTESIAN_POINT('',(112.48141108675,225.03961051128,8.));
#239 = VECTOR('',#240,1.);
#240 = DIRECTION('',(0.866025403784,-0.5,1.224646799147E-16));
#241 = ORIENTED_EDGE('',*,*,#242,.T.);
#242 = EDGE_CURVE('',#235,#243,#245,.T.);
#243 = VERTEX_POINT('',#244);
#244 = CARTESIAN_POINT('',(188.95,184.29681670589,8.));
#245 = LINE('',#246,#247);
#246 = CARTESIAN_POINT('',(121.49358891324,145.35083960638,8.));
#247 = VECTOR('',#248,1.);
#248 = DIRECTION('',(0.866025403784,0.5,-1.224646799147E-16));
#249 = ORIENTED_EDGE('',*,*,#250,.T.);
#250 = EDGE_CURVE('',#243,#251,#253,.T.);
#251 = VERTEX_POINT('',#252);
#252 = CARTESIAN_POINT('',(188.95,187.7031832941,8.));
#253 = LINE('',#254,#255);
#254 = CARTESIAN_POINT('',(188.95,193.85159164705,8.));
#255 = VECTOR('',#256,1.);
#256 = DIRECTION('',(0.,1.,-2.449293598295E-16));
#257 = ORIENTED_EDGE('',*,*,#258,.T.);
#258 = EDGE_CURVE('',#251,#259,#261,.T.);
#259 = VERTEX_POINT('',#260);
#260 = CARTESIAN_POINT('',(186.,189.40636658821,8.));
#261 = LINE('',#262,#263);
#262 = CARTESIAN_POINT('',(113.95641108675,231.00075204066,8.));
#263 = VECTOR('',#264,1.);
#264 = DIRECTION('',(-0.866025403784,0.5,-1.224646799147E-16));
#265 = ORIENTED_EDGE('',*,*,#266,.T.);
#266 = EDGE_CURVE('',#259,#267,#269,.T.);
#267 = VERTEX_POINT('',#268);
#268 = CARTESIAN_POINT('',(183.05,187.7031832941,8.));
#269 = LINE('',#270,#271);
#270 = CARTESIAN_POINT('',(117.06858891324,149.60879784166,8.));
#271 = VECTOR('',#272,1.);
#272 = DIRECTION('',(-0.866025403784,-0.5,1.224646799147E-16));
#273 = ORIENTED_EDGE('',*,*,#274,.T.);
#274 = EDGE_CURVE('',#267,#233,#275,.T.);
#275 = LINE('',#276,#277);
#276 = CARTESIAN_POINT('',(183.05,192.14840835294,8.));
#277 = VECTOR('',#278,1.);
#278 = DIRECTION('',(0.,-1.,2.449293598295E-16));
#279 = FACE_BOUND('',#280,.F.);
#280 = EDGE_LOOP('',(#281,#291,#299,#307,#315,#323));
#281 = ORIENTED_EDGE('',*,*,#282,.T.);
#282 = EDGE_CURVE('',#283,#285,#287,.T.);
#283 = VERTEX_POINT('',#284);
#284 = CARTESIAN_POINT('',(11.05,98.296816705891,8.));
#285 = VERTEX_POINT('',#286);
#286 = CARTESIAN_POINT('',(14.,96.593633411781,8.));
#287 = LINE('',#288,#289);
#288 = CARTESIAN_POINT('',(-13.63813509461,112.55051814855,8.));
#289 = VECTOR('',#290,1.);
#290 = DIRECTION('',(0.866025403784,-0.5,1.224646799147E-16));
#291 = ORIENTED_EDGE('',*,*,#292,.T.);
#292 = EDGE_CURVE('',#285,#293,#295,.T.);
#293 = VERTEX_POINT('',#294);
#294 = CARTESIAN_POINT('',(16.95,98.296816705891,8.));
#295 = LINE('',#296,#297);
#296 = CARTESIAN_POINT('',(32.613135094611,107.33993196911,8.));
#297 = VECTOR('',#298,1.);
#298 = DIRECTION('',(0.866025403784,0.5,-1.224646799147E-16));
#299 = ORIENTED_EDGE('',*,*,#300,.T.);
#300 = EDGE_CURVE('',#293,#301,#303,.T.);
#301 = VERTEX_POINT('',#302);
#302 = CARTESIAN_POINT('',(16.95,101.7031832941,8.));
#303 = LINE('',#304,#305);
#304 = CARTESIAN_POINT('',(16.95,150.85159164705,8.));
#305 = VECTOR('',#306,1.);
#306 = DIRECTION('',(0.,1.,-2.449293598295E-16));
#307 = ORIENTED_EDGE('',*,*,#308,.T.);
#308 = EDGE_CURVE('',#301,#309,#311,.T.);
#309 = VERTEX_POINT('',#310);
#310 = CARTESIAN_POINT('',(14.,103.40636658821,8.));
#311 = LINE('',#312,#313);
#312 = CARTESIAN_POINT('',(-12.16313509461,118.51165967793,8.));
#313 = VECTOR('',#314,1.);
#314 = DIRECTION('',(-0.866025403784,0.5,-1.224646799147E-16));
#315 = ORIENTED_EDGE('',*,*,#316,.T.);
#316 = EDGE_CURVE('',#309,#317,#319,.T.);
#317 = VERTEX_POINT('',#318);
#318 = CARTESIAN_POINT('',(11.05,101.7031832941,8.));
#319 = LINE('',#320,#321);
#320 = CARTESIAN_POINT('',(28.188135094611,111.59789020439,8.));
#321 = VECTOR('',#322,1.);
#322 = DIRECTION('',(-0.866025403784,-0.5,1.224646799147E-16));
#323 = ORIENTED_EDGE('',*,*,#324,.T.);
#324 = EDGE_CURVE('',#317,#283,#325,.T.);
#325 = LINE('',#326,#327);
#326 = CARTESIAN_POINT('',(11.05,149.14840835294,8.));
#327 = VECTOR('',#328,1.);
#328 = DIRECTION('',(-5.214814064769E-16,-1.,2.449293598295E-16));
#329 = FACE_BOUND('',#330,.F.);
#330 = EDGE_LOOP('',(#331,#341,#349,#357));
#331 = ORIENTED_EDGE('',*,*,#332,.T.);
#332 = EDGE_CURVE('',#333,#335,#337,.T.);
#333 = VERTEX_POINT('',#334);
#334 = CARTESIAN_POINT('',(172.,172.,8.));
#335 = VERTEX_POINT('',#336);
#336 = CARTESIAN_POINT('',(28.,172.,8.));
#337 = LINE('',#338,#339);
#338 = CARTESIAN_POINT('',(14.,172.,8.));
#339 = VECTOR('',#340,1.);
#340 = DIRECTION('',(-1.,0.,-0.));
#341 = ORIENTED_EDGE('',*,*,#342,.T.);
#342 = EDGE_CURVE('',#335,#343,#345,.T.);
#343 = VERTEX_POINT('',#344);
#344 = CARTESIAN_POINT('',(28.,28.,8.));
#345 = LINE('',#346,#347);
#346 = CARTESIAN_POINT('',(28.,186.,8.));
#347 = VECTOR('',#348,1.);
#348 = DIRECTION('',(0.,-1.,2.449293598295E-16));
#349 = ORIENTED_EDGE('',*,*,#350,.F.);
#350 = EDGE_CURVE('',#351,#343,#353,.T.);
#351 = VERTEX_POINT('',#352);
#352 = CARTESIAN_POINT('',(172.,28.,8.));
#353 = LINE('',#354,#355);
#354 = CARTESIAN_POINT('',(14.,28.,8.));
#355 = VECTOR('',#356,1.);
#356 = DIRECTION('',(-1.,0.,-0.));
#357 = ORIENTED_EDGE('',*,*,#358,.F.);
#358 = EDGE_CURVE('',#333,#351,#359,.T.);
#359 = LINE('',#360,#361);
#360 = CARTESIAN_POINT('',(172.,186.,8.));
#361 = VECTOR('',#362,1.);
#362 = DIRECTION('',(0.,-1.,2.449293598295E-16));
#363 = FACE_BOUND('',#364,.F.);
#364 = EDGE_LOOP('',(#365,#375,#383,#391,#399,#407));
#365 = ORIENTED_EDGE('',*,*,#366,.T.);
#366 = EDGE_CURVE('',#367,#369,#371,.T.);
#367 = VERTEX_POINT('',#368);
#368 = CARTESIAN_POINT('',(11.05,12.296816705891,8.));
#369 = VERTEX_POINT('',#370);
#370 = CARTESIAN_POINT('',(14.,10.593633411781,8.));
#371 = LINE('',#372,#373);
#372 = CARTESIAN_POINT('',(-32.25768127597,37.300518148554,8.));
#373 = VECTOR('',#374,1.);
#374 = DIRECTION('',(0.866025403784,-0.5,1.224646799147E-16));
#375 = ORIENTED_EDGE('',*,*,#376,.T.);
#376 = EDGE_CURVE('',#369,#377,#379,.T.);
#377 = VERTEX_POINT('',#378);
#378 = CARTESIAN_POINT('',(16.95,12.296816705891,8.));
#379 = LINE('',#380,#381);
#380 = CARTESIAN_POINT('',(51.232681275976,32.089931969117,8.));
#381 = VECTOR('',#382,1.);
#382 = DIRECTION('',(0.866025403784,0.5,-1.224646799147E-16));
#383 = ORIENTED_EDGE('',*,*,#384,.T.);
#384 = EDGE_CURVE('',#377,#385,#387,.T.);
#385 = VERTEX_POINT('',#386);
#386 = CARTESIAN_POINT('',(16.95,15.703183294109,8.));
#387 = LINE('',#388,#389);
#388 = CARTESIAN_POINT('',(16.95,107.85159164705,8.));
#389 = VECTOR('',#390,1.);
#390 = DIRECTION('',(0.,1.,-2.449293598295E-16));
#391 = ORIENTED_EDGE('',*,*,#392,.T.);
#392 = EDGE_CURVE('',#385,#393,#395,.T.);
#393 = VERTEX_POINT('',#394);
#394 = CARTESIAN_POINT('',(14.,17.406366588219,8.));
#395 = LINE('',#396,#397);
#396 = CARTESIAN_POINT('',(-30.78268127597,43.261659677937,8.));
#397 = VECTOR('',#398,1.);
#398 = DIRECTION('',(-0.866025403784,0.5,-1.224646799147E-16));
#399 = ORIENTED_EDGE('',*,*,#400,.T.);
#400 = EDGE_CURVE('',#393,#401,#403,.T.);
#401 = VERTEX_POINT('',#402);
#402 = CARTESIAN_POINT('',(11.05,15.703183294109,8.));
#403 = LINE('',#404,#405);
#404 = CARTESIAN_POINT('',(46.807681275976,36.347890204391,8.));
#405 = VECTOR('',#406,1.);
#406 = DIRECTION('',(-0.866025403784,-0.5,1.224646799147E-16));
#407 = ORIENTED_EDGE('',*,*,#408,.T.);
#408 = EDGE_CURVE('',#401,#367,#409,.T.);
#409 = LINE('',#410,#411);
#410 = CARTESIAN_POINT('',(11.05,106.14840835294,8.));
#411 = VECTOR('',#412,1.);
#412 = DIRECTION('',(-5.214814064769E-16,-1.,2.449293598295E-16));
#413 = FACE_BOUND('',#414,.F.);
#414 = EDGE_LOOP('',(#415,#425,#434,#442,#451,#459,#468,#476,#485,#493,
    #502,#510,#519,#527,#535,#543));
#415 = ORIENTED_EDGE('',*,*,#416,.F.);
#416 = EDGE_CURVE('',#417,#419,#421,.T.);
#417 = VERTEX_POINT('',#418);
#418 = CARTESIAN_POINT('',(70.4,15.6,8.));
#419 = VERTEX_POINT('',#420);
#420 = CARTESIAN_POINT('',(68.4,15.6,8.));
#421 = LINE('',#422,#423);
#422 = CARTESIAN_POINT('',(35.2,15.6,8.));
#423 = VECTOR('',#424,1.);
#424 = DIRECTION('',(-1.,1.224646799147E-16,-2.999519565324E-32));
#425 = ORIENTED_EDGE('',*,*,#426,.T.);
#426 = EDGE_CURVE('',#417,#427,#429,.T.);
#427 = VERTEX_POINT('',#428);
#428 = CARTESIAN_POINT('',(70.4,16.4,8.));
#429 = CIRCLE('',#430,0.4);
#430 = AXIS2_PLACEMENT_3D('',#431,#432,#433);
#431 = CARTESIAN_POINT('',(70.4,16.,8.));
#432 = DIRECTION('',(-0.,1.224646799147E-16,1.));
#433 = DIRECTION('',(1.,0.,0.));
#434 = ORIENTED_EDGE('',*,*,#435,.T.);
#435 = EDGE_CURVE('',#427,#436,#438,.T.);
#436 = VERTEX_POINT('',#437);
#437 = CARTESIAN_POINT('',(68.,16.4,8.));
#438 = LINE('',#439,#440);
#439 = CARTESIAN_POINT('',(35.2,16.4,8.));
#440 = VECTOR('',#441,1.);
#441 = DIRECTION('',(-1.,1.224646799147E-16,-2.999519565324E-32));
#442 = ORIENTED_EDGE('',*,*,#443,.T.);
#443 = EDGE_CURVE('',#436,#444,#446,.T.);
#444 = VERTEX_POINT('',#445);
#445 = CARTESIAN_POINT('',(67.6,16.,8.));
#446 = CIRCLE('',#447,0.4);
#447 = AXIS2_PLACEMENT_3D('',#448,#449,#450);
#448 = CARTESIAN_POINT('',(68.,16.,8.));
#449 = DIRECTION('',(-0.,1.224646799147E-16,1.));
#450 = DIRECTION('',(1.,0.,0.));
#451 = ORIENTED_EDGE('',*,*,#452,.T.);
#452 = EDGE_CURVE('',#444,#453,#455,.T.);
#453 = VERTEX_POINT('',#454);
#454 = CARTESIAN_POINT('',(67.6,12.,8.));
#455 = LINE('',#456,#457);
#456 = CARTESIAN_POINT('',(67.6,108.,8.));
#457 = VECTOR('',#458,1.);
#458 = DIRECTION('',(1.110223024625E-16,-1.,2.449293598295E-16));
#459 = ORIENTED_EDGE('',*,*,#460,.T.);
#460 = EDGE_CURVE('',#453,#461,#463,.T.);
#461 = VERTEX_POINT('',#462);
#462 = CARTESIAN_POINT('',(68.,11.6,8.));
#463 = CIRCLE('',#464,0.4);
#464 = AXIS2_PLACEMENT_3D('',#465,#466,#467);
#465 = CARTESIAN_POINT('',(68.,12.,8.));
#466 = DIRECTION('',(-0.,1.224646799147E-16,1.));
#467 = DIRECTION('',(1.,0.,0.));
#468 = ORIENTED_EDGE('',*,*,#469,.T.);
#469 = EDGE_CURVE('',#461,#470,#472,.T.);
#470 = VERTEX_POINT('',#471);
#471 = CARTESIAN_POINT('',(70.4,11.6,8.));
#472 = LINE('',#473,#474);
#473 = CARTESIAN_POINT('',(34.,11.6,8.));
#474 = VECTOR('',#475,1.);
#475 = DIRECTION('',(1.,0.,0.));
#476 = ORIENTED_EDGE('',*,*,#477,.T.);
#477 = EDGE_CURVE('',#470,#478,#480,.T.);
#478 = VERTEX_POINT('',#479);
#479 = CARTESIAN_POINT('',(70.8,12.,8.));
#480 = CIRCLE('',#481,0.4);
#481 = AXIS2_PLACEMENT_3D('',#482,#483,#484);
#482 = CARTESIAN_POINT('',(70.4,12.,8.));
#483 = DIRECTION('',(-0.,1.224646799147E-16,1.));
#484 = DIRECTION('',(1.,0.,0.));
#485 = ORIENTED_EDGE('',*,*,#486,.T.);
#486 = EDGE_CURVE('',#478,#487,#489,.T.);
#487 = VERTEX_POINT('',#488);
#488 = CARTESIAN_POINT('',(70.8,14.,8.));
#489 = LINE('',#490,#491);
#490 = CARTESIAN_POINT('',(70.8,106.,8.));
#491 = VECTOR('',#492,1.);
#492 = DIRECTION('',(1.110223024625E-16,1.,-2.449293598295E-16));
#493 = ORIENTED_EDGE('',*,*,#494,.T.);
#494 = EDGE_CURVE('',#487,#495,#497,.T.);
#495 = VERTEX_POINT('',#496);
#496 = CARTESIAN_POINT('',(70.4,14.4,8.));
#497 = CIRCLE('',#498,0.4);
#498 = AXIS2_PLACEMENT_3D('',#499,#500,#501);
#499 = CARTESIAN_POINT('',(70.4,14.,8.));
#500 = DIRECTION('',(-0.,1.224646799147E-16,1.));
#501 = DIRECTION('',(1.,0.,0.));
#502 = ORIENTED_EDGE('',*,*,#503,.T.);
#503 = EDGE_CURVE('',#495,#504,#506,.T.);
#504 = VERTEX_POINT('',#505);
#505 = CARTESIAN_POINT('',(69.3,14.4,8.));
#506 = LINE('',#507,#508);
#507 = CARTESIAN_POINT('',(35.2,14.4,8.));
#508 = VECTOR('',#509,1.);
#509 = DIRECTION('',(-1.,1.224646799147E-16,-2.999519565324E-32));
#510 = ORIENTED_EDGE('',*,*,#511,.T.);
#511 = EDGE_CURVE('',#504,#512,#514,.T.);
#512 = VERTEX_POINT('',#513);
#513 = CARTESIAN_POINT('',(69.3,13.6,8.));
#514 = CIRCLE('',#515,0.4);
#515 = AXIS2_PLACEMENT_3D('',#516,#517,#518);
#516 = CARTESIAN_POINT('',(69.3,14.,8.));
#517 = DIRECTION('',(-0.,1.224646799147E-16,1.));
#518 = DIRECTION('',(1.,0.,0.));
#519 = ORIENTED_EDGE('',*,*,#520,.F.);
#520 = EDGE_CURVE('',#521,#512,#523,.T.);
#521 = VERTEX_POINT('',#522);
#522 = CARTESIAN_POINT('',(70.,13.6,8.));
#523 = LINE('',#524,#525);
#524 = CARTESIAN_POINT('',(35.2,13.6,8.));
#525 = VECTOR('',#526,1.);
#526 = DIRECTION('',(-1.,1.224646799147E-16,-2.999519565324E-32));
#527 = ORIENTED_EDGE('',*,*,#528,.F.);
#528 = EDGE_CURVE('',#529,#521,#531,.T.);
#529 = VERTEX_POINT('',#530);
#530 = CARTESIAN_POINT('',(70.,12.4,8.));
#531 = LINE('',#532,#533);
#532 = CARTESIAN_POINT('',(70.,106.,8.));
#533 = VECTOR('',#534,1.);
#534 = DIRECTION('',(1.110223024625E-16,1.,-2.449293598295E-16));
#535 = ORIENTED_EDGE('',*,*,#536,.F.);
#536 = EDGE_CURVE('',#537,#529,#539,.T.);
#537 = VERTEX_POINT('',#538);
#538 = CARTESIAN_POINT('',(68.4,12.4,8.));
#539 = LINE('',#540,#541);
#540 = CARTESIAN_POINT('',(34.,12.4,8.));
#541 = VECTOR('',#542,1.);
#542 = DIRECTION('',(1.,0.,0.));
#543 = ORIENTED_EDGE('',*,*,#544,.F.);
#544 = EDGE_CURVE('',#419,#537,#545,.T.);
#545 = LINE('',#546,#547);
#546 = CARTESIAN_POINT('',(68.4,108.,8.));
#547 = VECTOR('',#548,1.);
#548 = DIRECTION('',(1.110223024625E-16,-1.,2.449293598295E-16));
#549 = FACE_BOUND('',#550,.F.);
#550 = EDGE_LOOP('',(#551,#561,#570,#578,#586,#594,#603,#611,#620,#628,
    #636));
#551 = ORIENTED_EDGE('',*,*,#552,.F.);
#552 = EDGE_CURVE('',#553,#555,#557,.T.);
#553 = VERTEX_POINT('',#554);
#554 = CARTESIAN_POINT('',(71.887652476223,15.249878019022,8.));
#555 = VERTEX_POINT('',#556);
#556 = CARTESIAN_POINT('',(72.687652476223,16.249878019022,8.));
#557 = LINE('',#558,#559);
#558 = CARTESIAN_POINT('',(102.92179881768,54.042560945851,8.));
#559 = VECTOR('',#560,1.);
#560 = DIRECTION('',(0.624695047554,0.780868809443,-1.912576976077E-16)
  );
#561 = ORIENTED_EDGE('',*,*,#562,.T.);
#562 = EDGE_CURVE('',#553,#563,#565,.T.);
#563 = VERTEX_POINT('',#564);
#564 = CARTESIAN_POINT('',(72.512347523777,14.750121980978,8.));
#565 = CIRCLE('',#566,0.4);
#566 = AXIS2_PLACEMENT_3D('',#567,#568,#569);
#567 = CARTESIAN_POINT('',(72.2,15.,8.));
#568 = DIRECTION('',(-0.,1.224646799147E-16,1.));
#569 = DIRECTION('',(1.,0.,0.));
#570 = ORIENTED_EDGE('',*,*,#571,.T.);
#571 = EDGE_CURVE('',#563,#572,#574,.T.);
#572 = VERTEX_POINT('',#573);
#573 = CARTESIAN_POINT('',(72.6,14.859687576257,8.));
#574 = LINE('',#575,#576);
#575 = CARTESIAN_POINT('',(103.54649386524,53.542804907808,8.));
#576 = VECTOR('',#577,1.);
#577 = DIRECTION('',(0.624695047554,0.780868809443,-1.912576976077E-16)
  );
#578 = ORIENTED_EDGE('',*,*,#579,.T.);
#579 = EDGE_CURVE('',#572,#580,#582,.T.);
#580 = VERTEX_POINT('',#581);
#581 = CARTESIAN_POINT('',(72.6,12.4,8.));
#582 = LINE('',#583,#584);
#583 = CARTESIAN_POINT('',(72.6,108.,8.));
#584 = VECTOR('',#585,1.);
#585 = DIRECTION('',(1.110223024625E-16,-1.,2.449293598295E-16));
#586 = ORIENTED_EDGE('',*,*,#587,.F.);
#587 = EDGE_CURVE('',#588,#580,#590,.T.);
#588 = VERTEX_POINT('',#589);
#589 = CARTESIAN_POINT('',(71.8,12.4,8.));
#590 = LINE('',#591,#592);
#591 = CARTESIAN_POINT('',(35.9,12.4,8.));
#592 = VECTOR('',#593,1.);
#593 = DIRECTION('',(1.,0.,0.));
#594 = ORIENTED_EDGE('',*,*,#595,.T.);
#595 = EDGE_CURVE('',#588,#596,#598,.T.);
#596 = VERTEX_POINT('',#597);
#597 = CARTESIAN_POINT('',(71.8,11.6,8.));
#598 = CIRCLE('',#599,0.4);
#599 = AXIS2_PLACEMENT_3D('',#600,#601,#602);
#600 = CARTESIAN_POINT('',(71.8,12.,8.));
#601 = DIRECTION('',(-0.,1.224646799147E-16,1.));
#602 = DIRECTION('',(1.,0.,0.));
#603 = ORIENTED_EDGE('',*,*,#604,.T.);
#604 = EDGE_CURVE('',#596,#605,#607,.T.);
#605 = VERTEX_POINT('',#606);
#606 = CARTESIAN_POINT('',(74.2,11.6,8.));
#607 = LINE('',#608,#609);
#608 = CARTESIAN_POINT('',(35.9,11.6,8.));
#609 = VECTOR('',#610,1.);
#610 = DIRECTION('',(1.,0.,0.));
#611 = ORIENTED_EDGE('',*,*,#612,.T.);
#612 = EDGE_CURVE('',#605,#613,#615,.T.);
#613 = VERTEX_POINT('',#614);
#614 = CARTESIAN_POINT('',(74.2,12.4,8.));
#615 = CIRCLE('',#616,0.4);
#616 = AXIS2_PLACEMENT_3D('',#617,#618,#619);
#617 = CARTESIAN_POINT('',(74.2,12.,8.));
#618 = DIRECTION('',(-0.,1.224646799147E-16,1.));
#619 = DIRECTION('',(1.,0.,0.));
#620 = ORIENTED_EDGE('',*,*,#621,.F.);
#621 = EDGE_CURVE('',#622,#613,#624,.T.);
#622 = VERTEX_POINT('',#623);
#623 = CARTESIAN_POINT('',(73.4,12.4,8.));
#624 = LINE('',#625,#626);
#625 = CARTESIAN_POINT('',(35.9,12.4,8.));
#626 = VECTOR('',#627,1.);
#627 = DIRECTION('',(1.,0.,0.));
#628 = ORIENTED_EDGE('',*,*,#629,.F.);
#629 = EDGE_CURVE('',#630,#622,#632,.T.);
#630 = VERTEX_POINT('',#631);
#631 = CARTESIAN_POINT('',(73.4,16.,8.));
#632 = LINE('',#633,#634);
#633 = CARTESIAN_POINT('',(73.4,108.,8.));
#634 = VECTOR('',#635,1.);
#635 = DIRECTION('',(1.110223024625E-16,-1.,2.449293598295E-16));
#636 = ORIENTED_EDGE('',*,*,#637,.T.);
#637 = EDGE_CURVE('',#630,#555,#638,.T.);
#638 = CIRCLE('',#639,0.4);
#639 = AXIS2_PLACEMENT_3D('',#640,#641,#642);
#640 = CARTESIAN_POINT('',(73.,16.,8.));
#641 = DIRECTION('',(-0.,1.224646799147E-16,1.));
#642 = DIRECTION('',(1.,0.,0.));
#643 = FACE_BOUND('',#644,.F.);
#644 = EDGE_LOOP('',(#645,#655,#663,#671,#679,#687));
#645 = ORIENTED_EDGE('',*,*,#646,.T.);
#646 = EDGE_CURVE('',#647,#649,#651,.T.);
#647 = VERTEX_POINT('',#648);
#648 = CARTESIAN_POINT('',(97.05,12.296816705891,8.));
#649 = VERTEX_POINT('',#650);
#650 = CARTESIAN_POINT('',(100.,10.593633411781,8.));
#651 = LINE('',#652,#653);
#652 = CARTESIAN_POINT('',(21.492318724024,55.920064329919,8.));
#653 = VECTOR('',#654,1.);
#654 = DIRECTION('',(0.866025403784,-0.5,1.224646799147E-16));
#655 = ORIENTED_EDGE('',*,*,#656,.T.);
#656 = EDGE_CURVE('',#649,#657,#659,.T.);
#657 = VERTEX_POINT('',#658);
#658 = CARTESIAN_POINT('',(102.95,12.296816705891,8.));
#659 = LINE('',#660,#661);
#660 = CARTESIAN_POINT('',(104.98268127597,13.470385787752,8.));
#661 = VECTOR('',#662,1.);
#662 = DIRECTION('',(0.866025403784,0.5,-1.224646799147E-16));
#663 = ORIENTED_EDGE('',*,*,#664,.T.);
#664 = EDGE_CURVE('',#657,#665,#667,.T.);
#665 = VERTEX_POINT('',#666);
#666 = CARTESIAN_POINT('',(102.95,15.703183294109,8.));
#667 = LINE('',#668,#669);
#668 = CARTESIAN_POINT('',(102.95,107.85159164705,8.));
#669 = VECTOR('',#670,1.);
#670 = DIRECTION('',(0.,1.,-2.449293598295E-16));
#671 = ORIENTED_EDGE('',*,*,#672,.T.);
#672 = EDGE_CURVE('',#665,#673,#675,.T.);
#673 = VERTEX_POINT('',#674);
#674 = CARTESIAN_POINT('',(100.,17.406366588219,8.));
#675 = LINE('',#676,#677);
#676 = CARTESIAN_POINT('',(22.967318724024,61.881205859302,8.));
#677 = VECTOR('',#678,1.);
#678 = DIRECTION('',(-0.866025403784,0.5,-1.224646799147E-16));
#679 = ORIENTED_EDGE('',*,*,#680,.T.);
#680 = EDGE_CURVE('',#673,#681,#683,.T.);
#681 = VERTEX_POINT('',#682);
#682 = CARTESIAN_POINT('',(97.05,15.703183294109,8.));
#683 = LINE('',#684,#685);
#684 = CARTESIAN_POINT('',(100.55768127597,17.728344023026,8.));
#685 = VECTOR('',#686,1.);
#686 = DIRECTION('',(-0.866025403784,-0.5,1.224646799147E-16));
#687 = ORIENTED_EDGE('',*,*,#688,.T.);
#688 = EDGE_CURVE('',#681,#647,#689,.T.);
#689 = LINE('',#690,#691);
#690 = CARTESIAN_POINT('',(97.05,106.14840835294,8.));
#691 = VECTOR('',#692,1.);
#692 = DIRECTION('',(0.,-1.,2.449293598295E-16));
#693 = FACE_BOUND('',#694,.F.);
#694 = EDGE_LOOP('',(#695,#705,#713,#721,#729,#737));
#695 = ORIENTED_EDGE('',*,*,#696,.T.);
#696 = EDGE_CURVE('',#697,#699,#701,.T.);
#697 = VERTEX_POINT('',#698);
#698 = CARTESIAN_POINT('',(183.05,98.296816705891,8.));
#699 = VERTEX_POINT('',#700);
#700 = CARTESIAN_POINT('',(186.,96.593633411781,8.));
#701 = LINE('',#702,#703);
#702 = CARTESIAN_POINT('',(93.861864905389,149.78961051128,8.));
#703 = VECTOR('',#704,1.);
#704 = DIRECTION('',(0.866025403784,-0.5,1.224646799147E-16));
#705 = ORIENTED_EDGE('',*,*,#706,.T.);
#706 = EDGE_CURVE('',#699,#707,#709,.T.);
#707 = VERTEX_POINT('',#708);
#708 = CARTESIAN_POINT('',(188.95,98.296816705891,8.));
#709 = LINE('',#710,#711);
#710 = CARTESIAN_POINT('',(140.11313509461,70.100839606387,8.));
#711 = VECTOR('',#712,1.);
#712 = DIRECTION('',(0.866025403784,0.5,-1.224646799147E-16));
#713 = ORIENTED_EDGE('',*,*,#714,.T.);
#714 = EDGE_CURVE('',#707,#715,#717,.T.);
#715 = VERTEX_POINT('',#716);
#716 = CARTESIAN_POINT('',(188.95,101.7031832941,8.));
#717 = LINE('',#718,#719);
#718 = CARTESIAN_POINT('',(188.95,150.85159164705,8.));
#719 = VECTOR('',#720,1.);
#720 = DIRECTION('',(0.,1.,-2.449293598295E-16));
#721 = ORIENTED_EDGE('',*,*,#722,.T.);
#722 = EDGE_CURVE('',#715,#723,#725,.T.);
#723 = VERTEX_POINT('',#724);
#724 = CARTESIAN_POINT('',(186.,103.40636658821,8.));
#725 = LINE('',#726,#727);
#726 = CARTESIAN_POINT('',(95.336864905389,155.75075204066,8.));
#727 = VECTOR('',#728,1.);
#728 = DIRECTION('',(-0.866025403784,0.5,-1.224646799147E-16));
#729 = ORIENTED_EDGE('',*,*,#730,.T.);
#730 = EDGE_CURVE('',#723,#731,#733,.T.);
#731 = VERTEX_POINT('',#732);
#732 = CARTESIAN_POINT('',(183.05,101.7031832941,8.));
#733 = LINE('',#734,#735);
#734 = CARTESIAN_POINT('',(135.68813509461,74.35879784166,8.));
#735 = VECTOR('',#736,1.);
#736 = DIRECTION('',(-0.866025403784,-0.5,1.224646799147E-16));
#737 = ORIENTED_EDGE('',*,*,#738,.T.);
#738 = EDGE_CURVE('',#731,#697,#739,.T.);
#739 = LINE('',#740,#741);
#740 = CARTESIAN_POINT('',(183.05,149.14840835294,8.));
#741 = VECTOR('',#742,1.);
#742 = DIRECTION('',(0.,-1.,2.449293598295E-16));
#743 = FACE_BOUND('',#744,.F.);
#744 = EDGE_LOOP('',(#745,#755,#763,#771,#779,#787));
#745 = ORIENTED_EDGE('',*,*,#746,.T.);
#746 = EDGE_CURVE('',#747,#749,#751,.T.);
#747 = VERTEX_POINT('',#748);
#748 = CARTESIAN_POINT('',(183.05,12.296816705891,8.));
#749 = VERTEX_POINT('',#750);
#750 = CARTESIAN_POINT('',(186.,10.593633411781,8.));
#751 = LINE('',#752,#753);
#752 = CARTESIAN_POINT('',(75.242318724024,74.539610511285,8.));
#753 = VECTOR('',#754,1.);
#754 = DIRECTION('',(0.866025403784,-0.5,1.224646799147E-16));
#755 = ORIENTED_EDGE('',*,*,#756,.T.);
#756 = EDGE_CURVE('',#749,#757,#759,.T.);
#757 = VERTEX_POINT('',#758);
#758 = CARTESIAN_POINT('',(188.95,12.296816705891,8.));
#759 = LINE('',#760,#761);
#760 = CARTESIAN_POINT('',(158.73268127597,-5.149160393613,8.));
#761 = VECTOR('',#762,1.);
#762 = DIRECTION('',(0.866025403784,0.5,-1.224646799147E-16));
#763 = ORIENTED_EDGE('',*,*,#764,.T.);
#764 = EDGE_CURVE('',#757,#765,#767,.T.);
#765 = VERTEX_POINT('',#766);
#766 = CARTESIAN_POINT('',(188.95,15.703183294109,8.));
#767 = LINE('',#768,#769);
#768 = CARTESIAN_POINT('',(188.95,107.85159164705,8.));
#769 = VECTOR('',#770,1.);
#770 = DIRECTION('',(0.,1.,-2.449293598295E-16));
#771 = ORIENTED_EDGE('',*,*,#772,.T.);
#772 = EDGE_CURVE('',#765,#773,#775,.T.);
#773 = VERTEX_POINT('',#774);
#774 = CARTESIAN_POINT('',(186.,17.406366588219,8.));
#775 = LINE('',#776,#777);
#776 = CARTESIAN_POINT('',(76.717318724024,80.500752040668,8.));
#777 = VECTOR('',#778,1.);
#778 = DIRECTION('',(-0.866025403784,0.5,-1.224646799147E-16));
#779 = ORIENTED_EDGE('',*,*,#780,.T.);
#780 = EDGE_CURVE('',#773,#781,#783,.T.);
#781 = VERTEX_POINT('',#782);
#782 = CARTESIAN_POINT('',(183.05,15.703183294109,8.));
#783 = LINE('',#784,#785);
#784 = CARTESIAN_POINT('',(154.30768127597,-0.89120215834,8.));
#785 = VECTOR('',#786,1.);
#786 = DIRECTION('',(-0.866025403784,-0.5,1.224646799147E-16));
#787 = ORIENTED_EDGE('',*,*,#788,.T.);
#788 = EDGE_CURVE('',#781,#747,#789,.T.);
#789 = LINE('',#790,#791);
#790 = CARTESIAN_POINT('',(183.05,106.14840835294,8.));
#791 = VECTOR('',#792,1.);
#792 = DIRECTION('',(0.,-1.,2.449293598295E-16));
#793 = PLANE('',#794);
#794 = AXIS2_PLACEMENT_3D('',#795,#796,#797);
#795 = CARTESIAN_POINT('',(0.,200.,8.));
#796 = DIRECTION('',(0.,-2.449293598295E-16,-1.));
#797 = DIRECTION('',(1.,0.,0.));
#798 = ADVANCED_FACE('',(#799),#817,.T.);
#799 = FACE_BOUND('',#800,.T.);
#800 = EDGE_LOOP('',(#801,#809,#810,#811));
#801 = ORIENTED_EDGE('',*,*,#802,.F.);
#802 = EDGE_CURVE('',#32,#803,#805,.T.);
#803 = VERTEX_POINT('',#804);
#804 = CARTESIAN_POINT('',(191.75,8.25,5.));
#805 = LINE('',#806,#807);
#806 = CARTESIAN_POINT('',(191.75,192.,5.));
#807 = VECTOR('',#808,1.);
#808 = DIRECTION('',(0.,-1.,2.449293598295E-16));
#809 = ORIENTED_EDGE('',*,*,#39,.T.);
#810 = ORIENTED_EDGE('',*,*,#94,.T.);
#811 = ORIENTED_EDGE('',*,*,#812,.F.);
#812 = EDGE_CURVE('',#803,#95,#813,.T.);
#813 = LINE('',#814,#815);
#814 = CARTESIAN_POINT('',(191.75,8.25,8.1));
#815 = VECTOR('',#816,1.);
#816 = DIRECTION('',(0.,2.449293598295E-16,1.));
#817 = PLANE('',#818);
#818 = AXIS2_PLACEMENT_3D('',#819,#820,#821);
#819 = CARTESIAN_POINT('',(191.75,192.,8.1));
#820 = DIRECTION('',(1.,0.,0.));
#821 = DIRECTION('',(0.,-2.449293598295E-16,-1.));
#822 = ADVANCED_FACE('',(#823,#857),#868,.T.);
#823 = FACE_BOUND('',#824,.T.);
#824 = EDGE_LOOP('',(#825,#835,#843,#851));
#825 = ORIENTED_EDGE('',*,*,#826,.F.);
#826 = EDGE_CURVE('',#827,#829,#831,.T.);
#827 = VERTEX_POINT('',#828);
#828 = CARTESIAN_POINT('',(0.,0.,5.));
#829 = VERTEX_POINT('',#830);
#830 = CARTESIAN_POINT('',(0.,200.,5.));
#831 = LINE('',#832,#833);
#832 = CARTESIAN_POINT('',(0.,104.125,5.));
#833 = VECTOR('',#834,1.);
#834 = DIRECTION('',(0.,1.,-2.449293598295E-16));
#835 = ORIENTED_EDGE('',*,*,#836,.T.);
#836 = EDGE_CURVE('',#827,#837,#839,.T.);
#837 = VERTEX_POINT('',#838);
#838 = CARTESIAN_POINT('',(200.,0.,5.));
#839 = LINE('',#840,#841);
#840 = CARTESIAN_POINT('',(-0.125,0.,5.));
#841 = VECTOR('',#842,1.);
#842 = DIRECTION('',(1.,0.,0.));
#843 = ORIENTED_EDGE('',*,*,#844,.T.);
#844 = EDGE_CURVE('',#837,#845,#847,.T.);
#845 = VERTEX_POINT('',#846);
#846 = CARTESIAN_POINT('',(200.,200.,5.));
#847 = LINE('',#848,#849);
#848 = CARTESIAN_POINT('',(200.,200.125,5.));
#849 = VECTOR('',#850,1.);
#850 = DIRECTION('',(0.,1.,-2.449293598295E-16));
#851 = ORIENTED_EDGE('',*,*,#852,.F.);
#852 = EDGE_CURVE('',#829,#845,#853,.T.);
#853 = LINE('',#854,#855);
#854 = CARTESIAN_POINT('',(-0.125,200.,5.));
#855 = VECTOR('',#856,1.);
#856 = DIRECTION('',(1.,0.,0.));
#857 = FACE_BOUND('',#858,.T.);
#858 = EDGE_LOOP('',(#859,#860,#861,#867));
#859 = ORIENTED_EDGE('',*,*,#31,.T.);
#860 = ORIENTED_EDGE('',*,*,#802,.T.);
#861 = ORIENTED_EDGE('',*,*,#862,.F.);
#862 = EDGE_CURVE('',#62,#803,#863,.T.);
#863 = LINE('',#864,#865);
#864 = CARTESIAN_POINT('',(-0.25,8.25,5.));
#865 = VECTOR('',#866,1.);
#866 = DIRECTION('',(1.,0.,0.));
#867 = ORIENTED_EDGE('',*,*,#61,.F.);
#868 = PLANE('',#869);
#869 = AXIS2_PLACEMENT_3D('',#870,#871,#872);
#870 = CARTESIAN_POINT('',(100.,100.,5.));
#871 = DIRECTION('',(-0.,2.449293598295E-16,1.));
#872 = DIRECTION('',(-1.,-0.,0.));
#873 = ADVANCED_FACE('',(#874),#880,.T.);
#874 = FACE_BOUND('',#875,.T.);
#875 = EDGE_LOOP('',(#876,#877,#878,#879));
#876 = ORIENTED_EDGE('',*,*,#78,.F.);
#877 = ORIENTED_EDGE('',*,*,#862,.T.);
#878 = ORIENTED_EDGE('',*,*,#812,.T.);
#879 = ORIENTED_EDGE('',*,*,#102,.T.);
#880 = PLANE('',#881);
#881 = AXIS2_PLACEMENT_3D('',#882,#883,#884);
#882 = CARTESIAN_POINT('',(-0.25,8.25,8.1));
#883 = DIRECTION('',(0.,-1.,2.449293598295E-16));
#884 = DIRECTION('',(0.,-2.449293598295E-16,-1.));
#885 = ADVANCED_FACE('',(#886),#911,.T.);
#886 = FACE_BOUND('',#887,.T.);
#887 = EDGE_LOOP('',(#888,#889,#897,#905));
#888 = ORIENTED_EDGE('',*,*,#110,.T.);
#889 = ORIENTED_EDGE('',*,*,#890,.T.);
#890 = EDGE_CURVE('',#113,#891,#893,.T.);
#891 = VERTEX_POINT('',#892);
#892 = CARTESIAN_POINT('',(14.,182.59363341178,1.8));
#893 = LINE('',#894,#895);
#894 = CARTESIAN_POINT('',(14.,182.59363341178,8.1));
#895 = VECTOR('',#896,1.);
#896 = DIRECTION('',(0.,-2.449293598295E-16,-1.));
#897 = ORIENTED_EDGE('',*,*,#898,.T.);
#898 = EDGE_CURVE('',#891,#899,#901,.T.);
#899 = VERTEX_POINT('',#900);
#900 = CARTESIAN_POINT('',(11.05,184.29681670589,1.8));
#901 = LINE('',#902,#903);
#902 = CARTESIAN_POINT('',(14.,182.59363341178,1.8));
#903 = VECTOR('',#904,1.);
#904 = DIRECTION('',(-0.866025403784,0.5,-1.224646799147E-16));
#905 = ORIENTED_EDGE('',*,*,#906,.F.);
#906 = EDGE_CURVE('',#111,#899,#907,.T.);
#907 = LINE('',#908,#909);
#908 = CARTESIAN_POINT('',(11.05,184.29681670589,8.1));
#909 = VECTOR('',#910,1.);
#910 = DIRECTION('',(0.,-2.449293598295E-16,-1.));
#911 = PLANE('',#912);
#912 = AXIS2_PLACEMENT_3D('',#913,#914,#915);
#913 = CARTESIAN_POINT('',(14.,182.59363341178,8.1));
#914 = DIRECTION('',(0.5,0.866025403784,-2.12115047745E-16));
#915 = DIRECTION('',(-0.866025403784,0.5,-1.224646799147E-16));
#916 = ADVANCED_FACE('',(#917),#935,.T.);
#917 = FACE_BOUND('',#918,.T.);
#918 = EDGE_LOOP('',(#919,#920,#921,#929));
#919 = ORIENTED_EDGE('',*,*,#152,.T.);
#920 = ORIENTED_EDGE('',*,*,#906,.T.);
#921 = ORIENTED_EDGE('',*,*,#922,.T.);
#922 = EDGE_CURVE('',#899,#923,#925,.T.);
#923 = VERTEX_POINT('',#924);
#924 = CARTESIAN_POINT('',(11.05,187.7031832941,1.8));
#925 = LINE('',#926,#927);
#926 = CARTESIAN_POINT('',(11.05,184.29681670589,1.8));
#927 = VECTOR('',#928,1.);
#928 = DIRECTION('',(5.214814064769E-16,1.,-2.449293598295E-16));
#929 = ORIENTED_EDGE('',*,*,#930,.F.);
#930 = EDGE_CURVE('',#145,#923,#931,.T.);
#931 = LINE('',#932,#933);
#932 = CARTESIAN_POINT('',(11.05,187.7031832941,8.1));
#933 = VECTOR('',#934,1.);
#934 = DIRECTION('',(0.,-2.449293598295E-16,-1.));
#935 = PLANE('',#936);
#936 = AXIS2_PLACEMENT_3D('',#937,#938,#939);
#937 = CARTESIAN_POINT('',(11.05,184.29681670589,8.1));
#938 = DIRECTION('',(1.,-5.214814064769E-16,1.277261070514E-31));
#939 = DIRECTION('',(5.214814064769E-16,1.,-2.449293598295E-16));
#940 = ADVANCED_FACE('',(#941),#959,.T.);
#941 = FACE_BOUND('',#942,.T.);
#942 = EDGE_LOOP('',(#943,#944,#952,#958));
#943 = ORIENTED_EDGE('',*,*,#120,.T.);
#944 = ORIENTED_EDGE('',*,*,#945,.T.);
#945 = EDGE_CURVE('',#121,#946,#948,.T.);
#946 = VERTEX_POINT('',#947);
#947 = CARTESIAN_POINT('',(16.95,184.29681670589,1.8));
#948 = LINE('',#949,#950);
#949 = CARTESIAN_POINT('',(16.95,184.29681670589,8.1));
#950 = VECTOR('',#951,1.);
#951 = DIRECTION('',(0.,-2.449293598295E-16,-1.));
#952 = ORIENTED_EDGE('',*,*,#953,.T.);
#953 = EDGE_CURVE('',#946,#891,#954,.T.);
#954 = LINE('',#955,#956);
#955 = CARTESIAN_POINT('',(16.95,184.29681670589,1.8));
#956 = VECTOR('',#957,1.);
#957 = DIRECTION('',(-0.866025403784,-0.5,1.224646799147E-16));
#958 = ORIENTED_EDGE('',*,*,#890,.F.);
#959 = PLANE('',#960);
#960 = AXIS2_PLACEMENT_3D('',#961,#962,#963);
#961 = CARTESIAN_POINT('',(16.95,184.29681670589,8.1));
#962 = DIRECTION('',(-0.5,0.866025403784,-2.12115047745E-16));
#963 = DIRECTION('',(-0.866025403784,-0.5,1.224646799147E-16));
#964 = ADVANCED_FACE('',(#965),#983,.T.);
#965 = FACE_BOUND('',#966,.T.);
#966 = EDGE_LOOP('',(#967,#968,#969,#977));
#967 = ORIENTED_EDGE('',*,*,#144,.T.);
#968 = ORIENTED_EDGE('',*,*,#930,.T.);
#969 = ORIENTED_EDGE('',*,*,#970,.T.);
#970 = EDGE_CURVE('',#923,#971,#973,.T.);
#971 = VERTEX_POINT('',#972);
#972 = CARTESIAN_POINT('',(14.,189.40636658821,1.8));
#973 = LINE('',#974,#975);
#974 = CARTESIAN_POINT('',(11.05,187.7031832941,1.8));
#975 = VECTOR('',#976,1.);
#976 = DIRECTION('',(0.866025403784,0.5,-1.224646799147E-16));
#977 = ORIENTED_EDGE('',*,*,#978,.F.);
#978 = EDGE_CURVE('',#137,#971,#979,.T.);
#979 = LINE('',#980,#981);
#980 = CARTESIAN_POINT('',(14.,189.40636658821,8.1));
#981 = VECTOR('',#982,1.);
#982 = DIRECTION('',(0.,-2.449293598295E-16,-1.));
#983 = PLANE('',#984);
#984 = AXIS2_PLACEMENT_3D('',#985,#986,#987);
#985 = CARTESIAN_POINT('',(11.05,187.7031832941,8.1));
#986 = DIRECTION('',(0.5,-0.866025403784,2.12115047745E-16));
#987 = DIRECTION('',(0.866025403784,0.5,-1.224646799147E-16));
#988 = ADVANCED_FACE('',(#989),#1007,.T.);
#989 = FACE_BOUND('',#990,.T.);
#990 = EDGE_LOOP('',(#991,#992,#1000,#1006));
#991 = ORIENTED_EDGE('',*,*,#128,.T.);
#992 = ORIENTED_EDGE('',*,*,#993,.T.);
#993 = EDGE_CURVE('',#129,#994,#996,.T.);
#994 = VERTEX_POINT('',#995);
#995 = CARTESIAN_POINT('',(16.95,187.7031832941,1.8));
#996 = LINE('',#997,#998);
#997 = CARTESIAN_POINT('',(16.95,187.7031832941,8.1));
#998 = VECTOR('',#999,1.);
#999 = DIRECTION('',(0.,-2.449293598295E-16,-1.));
#1000 = ORIENTED_EDGE('',*,*,#1001,.T.);
#1001 = EDGE_CURVE('',#994,#946,#1002,.T.);
#1002 = LINE('',#1003,#1004);
#1003 = CARTESIAN_POINT('',(16.95,187.7031832941,1.8));
#1004 = VECTOR('',#1005,1.);
#1005 = DIRECTION('',(0.,-1.,2.449293598295E-16));
#1006 = ORIENTED_EDGE('',*,*,#945,.F.);
#1007 = PLANE('',#1008);
#1008 = AXIS2_PLACEMENT_3D('',#1009,#1010,#1011);
#1009 = CARTESIAN_POINT('',(16.95,187.7031832941,8.1));
#1010 = DIRECTION('',(-1.,-0.,0.));
#1011 = DIRECTION('',(0.,-1.,2.449293598295E-16));
#1012 = ADVANCED_FACE('',(#1013),#1024,.T.);
#1013 = FACE_BOUND('',#1014,.T.);
#1014 = EDGE_LOOP('',(#1015,#1016,#1017,#1023));
#1015 = ORIENTED_EDGE('',*,*,#136,.T.);
#1016 = ORIENTED_EDGE('',*,*,#978,.T.);
#1017 = ORIENTED_EDGE('',*,*,#1018,.T.);
#1018 = EDGE_CURVE('',#971,#994,#1019,.T.);
#1019 = LINE('',#1020,#1021);
#1020 = CARTESIAN_POINT('',(14.,189.40636658821,1.8));
#1021 = VECTOR('',#1022,1.);
#1022 = DIRECTION('',(0.866025403784,-0.5,1.224646799147E-16));
#1023 = ORIENTED_EDGE('',*,*,#993,.F.);
#1024 = PLANE('',#1025);
#1025 = AXIS2_PLACEMENT_3D('',#1026,#1027,#1028);
#1026 = CARTESIAN_POINT('',(14.,189.40636658821,8.1));
#1027 = DIRECTION('',(-0.5,-0.866025403784,2.12115047745E-16));
#1028 = DIRECTION('',(0.866025403784,-0.5,1.224646799147E-16));
#1029 = ADVANCED_FACE('',(#1030),#1049,.F.);
#1030 = FACE_BOUND('',#1031,.F.);
#1031 = EDGE_LOOP('',(#1032,#1041,#1047,#1048));
#1032 = ORIENTED_EDGE('',*,*,#1033,.F.);
#1033 = EDGE_CURVE('',#1034,#1034,#1036,.T.);
#1034 = VERTEX_POINT('',#1035);
#1035 = CARTESIAN_POINT('',(46.8,186.,0.));
#1036 = CIRCLE('',#1037,1.8);
#1037 = AXIS2_PLACEMENT_3D('',#1038,#1039,#1040);
#1038 = CARTESIAN_POINT('',(45.,186.,0.));
#1039 = DIRECTION('',(0.,-2.449293598295E-16,-1.));
#1040 = DIRECTION('',(1.,0.,0.));
#1041 = ORIENTED_EDGE('',*,*,#1042,.F.);
#1042 = EDGE_CURVE('',#161,#1034,#1043,.T.);
#1043 = LINE('',#1044,#1045);
#1044 = CARTESIAN_POINT('',(46.8,186.,16.5));
#1045 = VECTOR('',#1046,1.);
#1046 = DIRECTION('',(0.,-2.449293598295E-16,-1.));
#1047 = ORIENTED_EDGE('',*,*,#160,.T.);
#1048 = ORIENTED_EDGE('',*,*,#1042,.T.);
#1049 = CYLINDRICAL_SURFACE('',#1050,1.8);
#1050 = AXIS2_PLACEMENT_3D('',#1051,#1052,#1053);
#1051 = CARTESIAN_POINT('',(45.,186.,16.5));
#1052 = DIRECTION('',(0.,-2.449293598295E-16,-1.));
#1053 = DIRECTION('',(1.,0.,0.));
#1054 = ADVANCED_FACE('',(#1055),#1080,.T.);
#1055 = FACE_BOUND('',#1056,.T.);
#1056 = EDGE_LOOP('',(#1057,#1058,#1066,#1074));
#1057 = ORIENTED_EDGE('',*,*,#171,.T.);
#1058 = ORIENTED_EDGE('',*,*,#1059,.T.);
#1059 = EDGE_CURVE('',#174,#1060,#1062,.T.);
#1060 = VERTEX_POINT('',#1061);
#1061 = CARTESIAN_POINT('',(100.,182.59363341178,1.8));
#1062 = LINE('',#1063,#1064);
#1063 = CARTESIAN_POINT('',(100.,182.59363341178,8.1));
#1064 = VECTOR('',#1065,1.);
#1065 = DIRECTION('',(0.,-2.449293598295E-16,-1.));
#1066 = ORIENTED_EDGE('',*,*,#1067,.T.);
#1067 = EDGE_CURVE('',#1060,#1068,#1070,.T.);
#1068 = VERTEX_POINT('',#1069);
#1069 = CARTESIAN_POINT('',(97.05,184.29681670589,1.8));
#1070 = LINE('',#1071,#1072);
#1071 = CARTESIAN_POINT('',(100.,182.59363341178,1.8));
#1072 = VECTOR('',#1073,1.);
#1073 = DIRECTION('',(-0.866025403784,0.5,-1.224646799147E-16));
#1074 = ORIENTED_EDGE('',*,*,#1075,.F.);
#1075 = EDGE_CURVE('',#172,#1068,#1076,.T.);
#1076 = LINE('',#1077,#1078);
#1077 = CARTESIAN_POINT('',(97.05,184.29681670589,8.1));
#1078 = VECTOR('',#1079,1.);
#1079 = DIRECTION('',(0.,-2.449293598295E-16,-1.));
#1080 = PLANE('',#1081);
#1081 = AXIS2_PLACEMENT_3D('',#1082,#1083,#1084);
#1082 = CARTESIAN_POINT('',(100.,182.59363341178,8.1));
#1083 = DIRECTION('',(0.5,0.866025403784,-2.12115047745E-16));
#1084 = DIRECTION('',(-0.866025403784,0.5,-1.224646799147E-16));
#1085 = ADVANCED_FACE('',(#1086),#1104,.T.);
#1086 = FACE_BOUND('',#1087,.T.);
#1087 = EDGE_LOOP('',(#1088,#1089,#1090,#1098));
#1088 = ORIENTED_EDGE('',*,*,#213,.T.);
#1089 = ORIENTED_EDGE('',*,*,#1075,.T.);
#1090 = ORIENTED_EDGE('',*,*,#1091,.T.);
#1091 = EDGE_CURVE('',#1068,#1092,#1094,.T.);
#1092 = VERTEX_POINT('',#1093);
#1093 = CARTESIAN_POINT('',(97.05,187.7031832941,1.8));
#1094 = LINE('',#1095,#1096);
#1095 = CARTESIAN_POINT('',(97.05,184.29681670589,1.8));
#1096 = VECTOR('',#1097,1.);
#1097 = DIRECTION('',(0.,1.,-2.449293598295E-16));
#1098 = ORIENTED_EDGE('',*,*,#1099,.F.);
#1099 = EDGE_CURVE('',#206,#1092,#1100,.T.);
#1100 = LINE('',#1101,#1102);
#1101 = CARTESIAN_POINT('',(97.05,187.7031832941,8.1));
#1102 = VECTOR('',#1103,1.);
#1103 = DIRECTION('',(0.,-2.449293598295E-16,-1.));
#1104 = PLANE('',#1105);
#1105 = AXIS2_PLACEMENT_3D('',#1106,#1107,#1108);
#1106 = CARTESIAN_POINT('',(97.05,184.29681670589,8.1));
#1107 = DIRECTION('',(1.,0.,0.));
#1108 = DIRECTION('',(0.,1.,-2.449293598295E-16));
#1109 = ADVANCED_FACE('',(#1110),#1128,.T.);
#1110 = FACE_BOUND('',#1111,.T.);
#1111 = EDGE_LOOP('',(#1112,#1113,#1121,#1127));
#1112 = ORIENTED_EDGE('',*,*,#181,.T.);
#1113 = ORIENTED_EDGE('',*,*,#1114,.T.);
#1114 = EDGE_CURVE('',#182,#1115,#1117,.T.);
#1115 = VERTEX_POINT('',#1116);
#1116 = CARTESIAN_POINT('',(102.95,184.29681670589,1.8));
#1117 = LINE('',#1118,#1119);
#1118 = CARTESIAN_POINT('',(102.95,184.29681670589,8.1));
#1119 = VECTOR('',#1120,1.);
#1120 = DIRECTION('',(0.,-2.449293598295E-16,-1.));
#1121 = ORIENTED_EDGE('',*,*,#1122,.T.);
#1122 = EDGE_CURVE('',#1115,#1060,#1123,.T.);
#1123 = LINE('',#1124,#1125);
#1124 = CARTESIAN_POINT('',(102.95,184.29681670589,1.8));
#1125 = VECTOR('',#1126,1.);
#1126 = DIRECTION('',(-0.866025403784,-0.5,1.224646799147E-16));
#1127 = ORIENTED_EDGE('',*,*,#1059,.F.);
#1128 = PLANE('',#1129);
#1129 = AXIS2_PLACEMENT_3D('',#1130,#1131,#1132);
#1130 = CARTESIAN_POINT('',(102.95,184.29681670589,8.1));
#1131 = DIRECTION('',(-0.5,0.866025403784,-2.12115047745E-16));
#1132 = DIRECTION('',(-0.866025403784,-0.5,1.224646799147E-16));
#1133 = ADVANCED_FACE('',(#1134),#1152,.T.);
#1134 = FACE_BOUND('',#1135,.T.);
#1135 = EDGE_LOOP('',(#1136,#1137,#1138,#1146));
#1136 = ORIENTED_EDGE('',*,*,#205,.T.);
#1137 = ORIENTED_EDGE('',*,*,#1099,.T.);
#1138 = ORIENTED_EDGE('',*,*,#1139,.T.);
#1139 = EDGE_CURVE('',#1092,#1140,#1142,.T.);
#1140 = VERTEX_POINT('',#1141);
#1141 = CARTESIAN_POINT('',(100.,189.40636658821,1.8));
#1142 = LINE('',#1143,#1144);
#1143 = CARTESIAN_POINT('',(97.05,187.7031832941,1.8));
#1144 = VECTOR('',#1145,1.);
#1145 = DIRECTION('',(0.866025403784,0.5,-1.224646799147E-16));
#1146 = ORIENTED_EDGE('',*,*,#1147,.F.);
#1147 = EDGE_CURVE('',#198,#1140,#1148,.T.);
#1148 = LINE('',#1149,#1150);
#1149 = CARTESIAN_POINT('',(100.,189.40636658821,8.1));
#1150 = VECTOR('',#1151,1.);
#1151 = DIRECTION('',(0.,-2.449293598295E-16,-1.));
#1152 = PLANE('',#1153);
#1153 = AXIS2_PLACEMENT_3D('',#1154,#1155,#1156);
#1154 = CARTESIAN_POINT('',(97.05,187.7031832941,8.1));
#1155 = DIRECTION('',(0.5,-0.866025403784,2.12115047745E-16));
#1156 = DIRECTION('',(0.866025403784,0.5,-1.224646799147E-16));
#1157 = ADVANCED_FACE('',(#1158),#1176,.T.);
#1158 = FACE_BOUND('',#1159,.T.);
#1159 = EDGE_LOOP('',(#1160,#1161,#1169,#1175));
#1160 = ORIENTED_EDGE('',*,*,#189,.T.);
#1161 = ORIENTED_EDGE('',*,*,#1162,.T.);
#1162 = EDGE_CURVE('',#190,#1163,#1165,.T.);
#1163 = VERTEX_POINT('',#1164);
#1164 = CARTESIAN_POINT('',(102.95,187.7031832941,1.8));
#1165 = LINE('',#1166,#1167);
#1166 = CARTESIAN_POINT('',(102.95,187.7031832941,8.1));
#1167 = VECTOR('',#1168,1.);
#1168 = DIRECTION('',(0.,-2.449293598295E-16,-1.));
#1169 = ORIENTED_EDGE('',*,*,#1170,.T.);
#1170 = EDGE_CURVE('',#1163,#1115,#1171,.T.);
#1171 = LINE('',#1172,#1173);
#1172 = CARTESIAN_POINT('',(102.95,187.7031832941,1.8));
#1173 = VECTOR('',#1174,1.);
#1174 = DIRECTION('',(0.,-1.,2.449293598295E-16));
#1175 = ORIENTED_EDGE('',*,*,#1114,.F.);
#1176 = PLANE('',#1177);
#1177 = AXIS2_PLACEMENT_3D('',#1178,#1179,#1180);
#1178 = CARTESIAN_POINT('',(102.95,187.7031832941,8.1));
#1179 = DIRECTION('',(-1.,-0.,0.));
#1180 = DIRECTION('',(0.,-1.,2.449293598295E-16));
#1181 = ADVANCED_FACE('',(#1182),#1193,.T.);
#1182 = FACE_BOUND('',#1183,.T.);
#1183 = EDGE_LOOP('',(#1184,#1185,#1186,#1192));
#1184 = ORIENTED_EDGE('',*,*,#197,.T.);
#1185 = ORIENTED_EDGE('',*,*,#1147,.T.);
#1186 = ORIENTED_EDGE('',*,*,#1187,.T.);
#1187 = EDGE_CURVE('',#1140,#1163,#1188,.T.);
#1188 = LINE('',#1189,#1190);
#1189 = CARTESIAN_POINT('',(100.,189.40636658821,1.8));
#1190 = VECTOR('',#1191,1.);
#1191 = DIRECTION('',(0.866025403784,-0.5,1.224646799147E-16));
#1192 = ORIENTED_EDGE('',*,*,#1162,.F.);
#1193 = PLANE('',#1194);
#1194 = AXIS2_PLACEMENT_3D('',#1195,#1196,#1197);
#1195 = CARTESIAN_POINT('',(100.,189.40636658821,8.1));
#1196 = DIRECTION('',(-0.5,-0.866025403784,2.12115047745E-16));
#1197 = DIRECTION('',(0.866025403784,-0.5,1.224646799147E-16));
#1198 = ADVANCED_FACE('',(#1199),#1218,.F.);
#1199 = FACE_BOUND('',#1200,.F.);
#1200 = EDGE_LOOP('',(#1201,#1210,#1216,#1217));
#1201 = ORIENTED_EDGE('',*,*,#1202,.F.);
#1202 = EDGE_CURVE('',#1203,#1203,#1205,.T.);
#1203 = VERTEX_POINT('',#1204);
#1204 = CARTESIAN_POINT('',(156.8,186.,0.));
#1205 = CIRCLE('',#1206,1.8);
#1206 = AXIS2_PLACEMENT_3D('',#1207,#1208,#1209);
#1207 = CARTESIAN_POINT('',(155.,186.,0.));
#1208 = DIRECTION('',(0.,-2.449293598295E-16,-1.));
#1209 = DIRECTION('',(1.,0.,0.));
#1210 = ORIENTED_EDGE('',*,*,#1211,.F.);
#1211 = EDGE_CURVE('',#222,#1203,#1212,.T.);
#1212 = LINE('',#1213,#1214);
#1213 = CARTESIAN_POINT('',(156.8,186.,16.5));
#1214 = VECTOR('',#1215,1.);
#1215 = DIRECTION('',(0.,-2.449293598295E-16,-1.));
#1216 = ORIENTED_EDGE('',*,*,#221,.T.);
#1217 = ORIENTED_EDGE('',*,*,#1211,.T.);
#1218 = CYLINDRICAL_SURFACE('',#1219,1.8);
#1219 = AXIS2_PLACEMENT_3D('',#1220,#1221,#1222);
#1220 = CARTESIAN_POINT('',(155.,186.,16.5));
#1221 = DIRECTION('',(0.,-2.449293598295E-16,-1.));
#1222 = DIRECTION('',(1.,0.,0.));
#1223 = ADVANCED_FACE('',(#1224),#1249,.T.);
#1224 = FACE_BOUND('',#1225,.T.);
#1225 = EDGE_LOOP('',(#1226,#1227,#1235,#1243));
#1226 = ORIENTED_EDGE('',*,*,#232,.T.);
#1227 = ORIENTED_EDGE('',*,*,#1228,.T.);
#1228 = EDGE_CURVE('',#235,#1229,#1231,.T.);
#1229 = VERTEX_POINT('',#1230);
#1230 = CARTESIAN_POINT('',(186.,182.59363341178,1.8));
#1231 = LINE('',#1232,#1233);
#1232 = CARTESIAN_POINT('',(186.,182.59363341178,8.1));
#1233 = VECTOR('',#1234,1.);
#1234 = DIRECTION('',(0.,-2.449293598295E-16,-1.));
#1235 = ORIENTED_EDGE('',*,*,#1236,.T.);
#1236 = EDGE_CURVE('',#1229,#1237,#1239,.T.);
#1237 = VERTEX_POINT('',#1238);
#1238 = CARTESIAN_POINT('',(183.05,184.29681670589,1.8));
#1239 = LINE('',#1240,#1241);
#1240 = CARTESIAN_POINT('',(186.,182.59363341178,1.8));
#1241 = VECTOR('',#1242,1.);
#1242 = DIRECTION('',(-0.866025403784,0.5,-1.224646799147E-16));
#1243 = ORIENTED_EDGE('',*,*,#1244,.F.);
#1244 = EDGE_CURVE('',#233,#1237,#1245,.T.);
#1245 = LINE('',#1246,#1247);
#1246 = CARTESIAN_POINT('',(183.05,184.29681670589,8.1));
#1247 = VECTOR('',#1248,1.);
#1248 = DIRECTION('',(0.,-2.449293598295E-16,-1.));
#1249 = PLANE('',#1250);
#1250 = AXIS2_PLACEMENT_3D('',#1251,#1252,#1253);
#1251 = CARTESIAN_POINT('',(186.,182.59363341178,8.1));
#1252 = DIRECTION('',(0.5,0.866025403784,-2.12115047745E-16));
#1253 = DIRECTION('',(-0.866025403784,0.5,-1.224646799147E-16));
#1254 = ADVANCED_FACE('',(#1255),#1273,.T.);
#1255 = FACE_BOUND('',#1256,.T.);
#1256 = EDGE_LOOP('',(#1257,#1258,#1259,#1267));
#1257 = ORIENTED_EDGE('',*,*,#274,.T.);
#1258 = ORIENTED_EDGE('',*,*,#1244,.T.);
#1259 = ORIENTED_EDGE('',*,*,#1260,.T.);
#1260 = EDGE_CURVE('',#1237,#1261,#1263,.T.);
#1261 = VERTEX_POINT('',#1262);
#1262 = CARTESIAN_POINT('',(183.05,187.7031832941,1.8));
#1263 = LINE('',#1264,#1265);
#1264 = CARTESIAN_POINT('',(183.05,184.29681670589,1.8));
#1265 = VECTOR('',#1266,1.);
#1266 = DIRECTION('',(0.,1.,-2.449293598295E-16));
#1267 = ORIENTED_EDGE('',*,*,#1268,.F.);
#1268 = EDGE_CURVE('',#267,#1261,#1269,.T.);
#1269 = LINE('',#1270,#1271);
#1270 = CARTESIAN_POINT('',(183.05,187.7031832941,8.1));
#1271 = VECTOR('',#1272,1.);
#1272 = DIRECTION('',(0.,-2.449293598295E-16,-1.));
#1273 = PLANE('',#1274);
#1274 = AXIS2_PLACEMENT_3D('',#1275,#1276,#1277);
#1275 = CARTESIAN_POINT('',(183.05,184.29681670589,8.1));
#1276 = DIRECTION('',(1.,0.,0.));
#1277 = DIRECTION('',(0.,1.,-2.449293598295E-16));
#1278 = ADVANCED_FACE('',(#1279),#1297,.T.);
#1279 = FACE_BOUND('',#1280,.T.);
#1280 = EDGE_LOOP('',(#1281,#1282,#1290,#1296));
#1281 = ORIENTED_EDGE('',*,*,#242,.T.);
#1282 = ORIENTED_EDGE('',*,*,#1283,.T.);
#1283 = EDGE_CURVE('',#243,#1284,#1286,.T.);
#1284 = VERTEX_POINT('',#1285);
#1285 = CARTESIAN_POINT('',(188.95,184.29681670589,1.8));
#1286 = LINE('',#1287,#1288);
#1287 = CARTESIAN_POINT('',(188.95,184.29681670589,8.1));
#1288 = VECTOR('',#1289,1.);
#1289 = DIRECTION('',(0.,-2.449293598295E-16,-1.));
#1290 = ORIENTED_EDGE('',*,*,#1291,.T.);
#1291 = EDGE_CURVE('',#1284,#1229,#1292,.T.);
#1292 = LINE('',#1293,#1294);
#1293 = CARTESIAN_POINT('',(188.95,184.29681670589,1.8));
#1294 = VECTOR('',#1295,1.);
#1295 = DIRECTION('',(-0.866025403784,-0.5,1.224646799147E-16));
#1296 = ORIENTED_EDGE('',*,*,#1228,.F.);
#1297 = PLANE('',#1298);
#1298 = AXIS2_PLACEMENT_3D('',#1299,#1300,#1301);
#1299 = CARTESIAN_POINT('',(188.95,184.29681670589,8.1));
#1300 = DIRECTION('',(-0.5,0.866025403784,-2.12115047745E-16));
#1301 = DIRECTION('',(-0.866025403784,-0.5,1.224646799147E-16));
#1302 = ADVANCED_FACE('',(#1303),#1321,.T.);
#1303 = FACE_BOUND('',#1304,.T.);
#1304 = EDGE_LOOP('',(#1305,#1306,#1307,#1315));
#1305 = ORIENTED_EDGE('',*,*,#266,.T.);
#1306 = ORIENTED_EDGE('',*,*,#1268,.T.);
#1307 = ORIENTED_EDGE('',*,*,#1308,.T.);
#1308 = EDGE_CURVE('',#1261,#1309,#1311,.T.);
#1309 = VERTEX_POINT('',#1310);
#1310 = CARTESIAN_POINT('',(186.,189.40636658821,1.8));
#1311 = LINE('',#1312,#1313);
#1312 = CARTESIAN_POINT('',(183.05,187.7031832941,1.8));
#1313 = VECTOR('',#1314,1.);
#1314 = DIRECTION('',(0.866025403784,0.5,-1.224646799147E-16));
#1315 = ORIENTED_EDGE('',*,*,#1316,.F.);
#1316 = EDGE_CURVE('',#259,#1309,#1317,.T.);
#1317 = LINE('',#1318,#1319);
#1318 = CARTESIAN_POINT('',(186.,189.40636658821,8.1));
#1319 = VECTOR('',#1320,1.);
#1320 = DIRECTION('',(0.,-2.449293598295E-16,-1.));
#1321 = PLANE('',#1322);
#1322 = AXIS2_PLACEMENT_3D('',#1323,#1324,#1325);
#1323 = CARTESIAN_POINT('',(183.05,187.7031832941,8.1));
#1324 = DIRECTION('',(0.5,-0.866025403784,2.12115047745E-16));
#1325 = DIRECTION('',(0.866025403784,0.5,-1.224646799147E-16));
#1326 = ADVANCED_FACE('',(#1327),#1345,.T.);
#1327 = FACE_BOUND('',#1328,.T.);
#1328 = EDGE_LOOP('',(#1329,#1330,#1338,#1344));
#1329 = ORIENTED_EDGE('',*,*,#250,.T.);
#1330 = ORIENTED_EDGE('',*,*,#1331,.T.);
#1331 = EDGE_CURVE('',#251,#1332,#1334,.T.);
#1332 = VERTEX_POINT('',#1333);
#1333 = CARTESIAN_POINT('',(188.95,187.7031832941,1.8));
#1334 = LINE('',#1335,#1336);
#1335 = CARTESIAN_POINT('',(188.95,187.7031832941,8.1));
#1336 = VECTOR('',#1337,1.);
#1337 = DIRECTION('',(0.,-2.449293598295E-16,-1.));
#1338 = ORIENTED_EDGE('',*,*,#1339,.T.);
#1339 = EDGE_CURVE('',#1332,#1284,#1340,.T.);
#1340 = LINE('',#1341,#1342);
#1341 = CARTESIAN_POINT('',(188.95,187.7031832941,1.8));
#1342 = VECTOR('',#1343,1.);
#1343 = DIRECTION('',(0.,-1.,2.449293598295E-16));
#1344 = ORIENTED_EDGE('',*,*,#1283,.F.);
#1345 = PLANE('',#1346);
#1346 = AXIS2_PLACEMENT_3D('',#1347,#1348,#1349);
#1347 = CARTESIAN_POINT('',(188.95,187.7031832941,8.1));
#1348 = DIRECTION('',(-1.,-0.,0.));
#1349 = DIRECTION('',(0.,-1.,2.449293598295E-16));
#1350 = ADVANCED_FACE('',(#1351),#1362,.T.);
#1351 = FACE_BOUND('',#1352,.T.);
#1352 = EDGE_LOOP('',(#1353,#1354,#1355,#1361));
#1353 = ORIENTED_EDGE('',*,*,#258,.T.);
#1354 = ORIENTED_EDGE('',*,*,#1316,.T.);
#1355 = ORIENTED_EDGE('',*,*,#1356,.T.);
#1356 = EDGE_CURVE('',#1309,#1332,#1357,.T.);
#1357 = LINE('',#1358,#1359);
#1358 = CARTESIAN_POINT('',(186.,189.40636658821,1.8));
#1359 = VECTOR('',#1360,1.);
#1360 = DIRECTION('',(0.866025403784,-0.5,1.224646799147E-16));
#1361 = ORIENTED_EDGE('',*,*,#1331,.F.);
#1362 = PLANE('',#1363);
#1363 = AXIS2_PLACEMENT_3D('',#1364,#1365,#1366);
#1364 = CARTESIAN_POINT('',(186.,189.40636658821,8.1));
#1365 = DIRECTION('',(-0.5,-0.866025403784,2.12115047745E-16));
#1366 = DIRECTION('',(0.866025403784,-0.5,1.224646799147E-16));
#1367 = ADVANCED_FACE('',(#1368),#1393,.T.);
#1368 = FACE_BOUND('',#1369,.T.);
#1369 = EDGE_LOOP('',(#1370,#1371,#1379,#1387));
#1370 = ORIENTED_EDGE('',*,*,#282,.T.);
#1371 = ORIENTED_EDGE('',*,*,#1372,.T.);
#1372 = EDGE_CURVE('',#285,#1373,#1375,.T.);
#1373 = VERTEX_POINT('',#1374);
#1374 = CARTESIAN_POINT('',(14.,96.593633411781,1.8));
#1375 = LINE('',#1376,#1377);
#1376 = CARTESIAN_POINT('',(14.,96.593633411781,8.1));
#1377 = VECTOR('',#1378,1.);
#1378 = DIRECTION('',(0.,-2.449293598295E-16,-1.));
#1379 = ORIENTED_EDGE('',*,*,#1380,.T.);
#1380 = EDGE_CURVE('',#1373,#1381,#1383,.T.);
#1381 = VERTEX_POINT('',#1382);
#1382 = CARTESIAN_POINT('',(11.05,98.296816705891,1.8));
#1383 = LINE('',#1384,#1385);
#1384 = CARTESIAN_POINT('',(14.,96.593633411781,1.8));
#1385 = VECTOR('',#1386,1.);
#1386 = DIRECTION('',(-0.866025403784,0.5,-1.224646799147E-16));
#1387 = ORIENTED_EDGE('',*,*,#1388,.F.);
#1388 = EDGE_CURVE('',#283,#1381,#1389,.T.);
#1389 = LINE('',#1390,#1391);
#1390 = CARTESIAN_POINT('',(11.05,98.296816705891,8.1));
#1391 = VECTOR('',#1392,1.);
#1392 = DIRECTION('',(0.,-2.449293598295E-16,-1.));
#1393 = PLANE('',#1394);
#1394 = AXIS2_PLACEMENT_3D('',#1395,#1396,#1397);
#1395 = CARTESIAN_POINT('',(14.,96.593633411781,8.1));
#1396 = DIRECTION('',(0.5,0.866025403784,-2.12115047745E-16));
#1397 = DIRECTION('',(-0.866025403784,0.5,-1.224646799147E-16));
#1398 = ADVANCED_FACE('',(#1399),#1417,.T.);
#1399 = FACE_BOUND('',#1400,.T.);
#1400 = EDGE_LOOP('',(#1401,#1402,#1403,#1411));
#1401 = ORIENTED_EDGE('',*,*,#324,.T.);
#1402 = ORIENTED_EDGE('',*,*,#1388,.T.);
#1403 = ORIENTED_EDGE('',*,*,#1404,.T.);
#1404 = EDGE_CURVE('',#1381,#1405,#1407,.T.);
#1405 = VERTEX_POINT('',#1406);
#1406 = CARTESIAN_POINT('',(11.05,101.7031832941,1.8));
#1407 = LINE('',#1408,#1409);
#1408 = CARTESIAN_POINT('',(11.05,98.296816705891,1.8));
#1409 = VECTOR('',#1410,1.);
#1410 = DIRECTION('',(5.214814064769E-16,1.,-2.449293598295E-16));
#1411 = ORIENTED_EDGE('',*,*,#1412,.F.);
#1412 = EDGE_CURVE('',#317,#1405,#1413,.T.);
#1413 = LINE('',#1414,#1415);
#1414 = CARTESIAN_POINT('',(11.05,101.7031832941,8.1));
#1415 = VECTOR('',#1416,1.);
#1416 = DIRECTION('',(0.,-2.449293598295E-16,-1.));
#1417 = PLANE('',#1418);
#1418 = AXIS2_PLACEMENT_3D('',#1419,#1420,#1421);
#1419 = CARTESIAN_POINT('',(11.05,98.296816705891,8.1));
#1420 = DIRECTION('',(1.,-5.214814064769E-16,1.277261070514E-31));
#1421 = DIRECTION('',(5.214814064769E-16,1.,-2.449293598295E-16));
#1422 = ADVANCED_FACE('',(#1423),#1441,.T.);
#1423 = FACE_BOUND('',#1424,.T.);
#1424 = EDGE_LOOP('',(#1425,#1426,#1434,#1440));
#1425 = ORIENTED_EDGE('',*,*,#292,.T.);
#1426 = ORIENTED_EDGE('',*,*,#1427,.T.);
#1427 = EDGE_CURVE('',#293,#1428,#1430,.T.);
#1428 = VERTEX_POINT('',#1429);
#1429 = CARTESIAN_POINT('',(16.95,98.296816705891,1.8));
#1430 = LINE('',#1431,#1432);
#1431 = CARTESIAN_POINT('',(16.95,98.296816705891,8.1));
#1432 = VECTOR('',#1433,1.);
#1433 = DIRECTION('',(0.,-2.449293598295E-16,-1.));
#1434 = ORIENTED_EDGE('',*,*,#1435,.T.);
#1435 = EDGE_CURVE('',#1428,#1373,#1436,.T.);
#1436 = LINE('',#1437,#1438);
#1437 = CARTESIAN_POINT('',(16.95,98.296816705891,1.8));
#1438 = VECTOR('',#1439,1.);
#1439 = DIRECTION('',(-0.866025403784,-0.5,1.224646799147E-16));
#1440 = ORIENTED_EDGE('',*,*,#1372,.F.);
#1441 = PLANE('',#1442);
#1442 = AXIS2_PLACEMENT_3D('',#1443,#1444,#1445);
#1443 = CARTESIAN_POINT('',(16.95,98.296816705891,8.1));
#1444 = DIRECTION('',(-0.5,0.866025403784,-2.12115047745E-16));
#1445 = DIRECTION('',(-0.866025403784,-0.5,1.224646799147E-16));
#1446 = ADVANCED_FACE('',(#1447),#1465,.T.);
#1447 = FACE_BOUND('',#1448,.T.);
#1448 = EDGE_LOOP('',(#1449,#1450,#1451,#1459));
#1449 = ORIENTED_EDGE('',*,*,#316,.T.);
#1450 = ORIENTED_EDGE('',*,*,#1412,.T.);
#1451 = ORIENTED_EDGE('',*,*,#1452,.T.);
#1452 = EDGE_CURVE('',#1405,#1453,#1455,.T.);
#1453 = VERTEX_POINT('',#1454);
#1454 = CARTESIAN_POINT('',(14.,103.40636658821,1.8));
#1455 = LINE('',#1456,#1457);
#1456 = CARTESIAN_POINT('',(11.05,101.7031832941,1.8));
#1457 = VECTOR('',#1458,1.);
#1458 = DIRECTION('',(0.866025403784,0.5,-1.224646799147E-16));
#1459 = ORIENTED_EDGE('',*,*,#1460,.F.);
#1460 = EDGE_CURVE('',#309,#1453,#1461,.T.);
#1461 = LINE('',#1462,#1463);
#1462 = CARTESIAN_POINT('',(14.,103.40636658821,8.1));
#1463 = VECTOR('',#1464,1.);
#1464 = DIRECTION('',(0.,-2.449293598295E-16,-1.));
#1465 = PLANE('',#1466);
#1466 = AXIS2_PLACEMENT_3D('',#1467,#1468,#1469);
#1467 = CARTESIAN_POINT('',(11.05,101.7031832941,8.1));
#1468 = DIRECTION('',(0.5,-0.866025403784,2.12115047745E-16));
#1469 = DIRECTION('',(0.866025403784,0.5,-1.224646799147E-16));
#1470 = ADVANCED_FACE('',(#1471),#1489,.T.);
#1471 = FACE_BOUND('',#1472,.T.);
#1472 = EDGE_LOOP('',(#1473,#1474,#1482,#1488));
#1473 = ORIENTED_EDGE('',*,*,#300,.T.);
#1474 = ORIENTED_EDGE('',*,*,#1475,.T.);
#1475 = EDGE_CURVE('',#301,#1476,#1478,.T.);
#1476 = VERTEX_POINT('',#1477);
#1477 = CARTESIAN_POINT('',(16.95,101.7031832941,1.8));
#1478 = LINE('',#1479,#1480);
#1479 = CARTESIAN_POINT('',(16.95,101.7031832941,8.1));
#1480 = VECTOR('',#1481,1.);
#1481 = DIRECTION('',(0.,-2.449293598295E-16,-1.));
#1482 = ORIENTED_EDGE('',*,*,#1483,.T.);
#1483 = EDGE_CURVE('',#1476,#1428,#1484,.T.);
#1484 = LINE('',#1485,#1486);
#1485 = CARTESIAN_POINT('',(16.95,101.7031832941,1.8));
#1486 = VECTOR('',#1487,1.);
#1487 = DIRECTION('',(0.,-1.,2.449293598295E-16));
#1488 = ORIENTED_EDGE('',*,*,#1427,.F.);
#1489 = PLANE('',#1490);
#1490 = AXIS2_PLACEMENT_3D('',#1491,#1492,#1493);
#1491 = CARTESIAN_POINT('',(16.95,101.7031832941,8.1));
#1492 = DIRECTION('',(-1.,-0.,0.));
#1493 = DIRECTION('',(0.,-1.,2.449293598295E-16));
#1494 = ADVANCED_FACE('',(#1495),#1506,.T.);
#1495 = FACE_BOUND('',#1496,.T.);
#1496 = EDGE_LOOP('',(#1497,#1498,#1499,#1505));
#1497 = ORIENTED_EDGE('',*,*,#308,.T.);
#1498 = ORIENTED_EDGE('',*,*,#1460,.T.);
#1499 = ORIENTED_EDGE('',*,*,#1500,.T.);
#1500 = EDGE_CURVE('',#1453,#1476,#1501,.T.);
#1501 = LINE('',#1502,#1503);
#1502 = CARTESIAN_POINT('',(14.,103.40636658821,1.8));
#1503 = VECTOR('',#1504,1.);
#1504 = DIRECTION('',(0.866025403784,-0.5,1.224646799147E-16));
#1505 = ORIENTED_EDGE('',*,*,#1475,.F.);
#1506 = PLANE('',#1507);
#1507 = AXIS2_PLACEMENT_3D('',#1508,#1509,#1510);
#1508 = CARTESIAN_POINT('',(14.,103.40636658821,8.1));
#1509 = DIRECTION('',(-0.5,-0.866025403784,2.12115047745E-16));
#1510 = DIRECTION('',(0.866025403784,-0.5,1.224646799147E-16));
#1511 = ADVANCED_FACE('',(#1512),#1537,.T.);
#1512 = FACE_BOUND('',#1513,.T.);
#1513 = EDGE_LOOP('',(#1514,#1522,#1523,#1531));
#1514 = ORIENTED_EDGE('',*,*,#1515,.F.);
#1515 = EDGE_CURVE('',#333,#1516,#1518,.T.);
#1516 = VERTEX_POINT('',#1517);
#1517 = CARTESIAN_POINT('',(172.,172.,0.));
#1518 = LINE('',#1519,#1520);
#1519 = CARTESIAN_POINT('',(172.,172.,9.));
#1520 = VECTOR('',#1521,1.);
#1521 = DIRECTION('',(0.,-2.449293598295E-16,-1.));
#1522 = ORIENTED_EDGE('',*,*,#332,.T.);
#1523 = ORIENTED_EDGE('',*,*,#1524,.T.);
#1524 = EDGE_CURVE('',#335,#1525,#1527,.T.);
#1525 = VERTEX_POINT('',#1526);
#1526 = CARTESIAN_POINT('',(28.,172.,0.));
#1527 = LINE('',#1528,#1529);
#1528 = CARTESIAN_POINT('',(28.,172.,9.));
#1529 = VECTOR('',#1530,1.);
#1530 = DIRECTION('',(0.,-2.449293598295E-16,-1.));
#1531 = ORIENTED_EDGE('',*,*,#1532,.F.);
#1532 = EDGE_CURVE('',#1516,#1525,#1533,.T.);
#1533 = LINE('',#1534,#1535);
#1534 = CARTESIAN_POINT('',(14.,172.,7.105427357601E-15));
#1535 = VECTOR('',#1536,1.);
#1536 = DIRECTION('',(-1.,0.,-0.));
#1537 = PLANE('',#1538);
#1538 = AXIS2_PLACEMENT_3D('',#1539,#1540,#1541);
#1539 = CARTESIAN_POINT('',(28.,172.,9.));
#1540 = DIRECTION('',(0.,-1.,2.449293598295E-16));
#1541 = DIRECTION('',(0.,-2.449293598295E-16,-1.));
#1542 = ADVANCED_FACE('',(#1543),#1561,.F.);
#1543 = FACE_BOUND('',#1544,.F.);
#1544 = EDGE_LOOP('',(#1545,#1546,#1547,#1555));
#1545 = ORIENTED_EDGE('',*,*,#1515,.F.);
#1546 = ORIENTED_EDGE('',*,*,#358,.T.);
#1547 = ORIENTED_EDGE('',*,*,#1548,.T.);
#1548 = EDGE_CURVE('',#351,#1549,#1551,.T.);
#1549 = VERTEX_POINT('',#1550);
#1550 = CARTESIAN_POINT('',(172.,28.,2.84217094304E-14));
#1551 = LINE('',#1552,#1553);
#1552 = CARTESIAN_POINT('',(172.,28.,9.));
#1553 = VECTOR('',#1554,1.);
#1554 = DIRECTION('',(0.,-2.449293598295E-16,-1.));
#1555 = ORIENTED_EDGE('',*,*,#1556,.F.);
#1556 = EDGE_CURVE('',#1516,#1549,#1557,.T.);
#1557 = LINE('',#1558,#1559);
#1558 = CARTESIAN_POINT('',(172.,186.,3.552713678801E-15));
#1559 = VECTOR('',#1560,1.);
#1560 = DIRECTION('',(0.,-1.,2.449293598295E-16));
#1561 = PLANE('',#1562);
#1562 = AXIS2_PLACEMENT_3D('',#1563,#1564,#1565);
#1563 = CARTESIAN_POINT('',(172.,172.,9.));
#1564 = DIRECTION('',(1.,0.,0.));
#1565 = DIRECTION('',(0.,-2.449293598295E-16,-1.));
#1566 = ADVANCED_FACE('',(#1567),#1585,.T.);
#1567 = FACE_BOUND('',#1568,.T.);
#1568 = EDGE_LOOP('',(#1569,#1570,#1571,#1579));
#1569 = ORIENTED_EDGE('',*,*,#1524,.F.);
#1570 = ORIENTED_EDGE('',*,*,#342,.T.);
#1571 = ORIENTED_EDGE('',*,*,#1572,.T.);
#1572 = EDGE_CURVE('',#343,#1573,#1575,.T.);
#1573 = VERTEX_POINT('',#1574);
#1574 = CARTESIAN_POINT('',(28.,28.,2.84217094304E-14));
#1575 = LINE('',#1576,#1577);
#1576 = CARTESIAN_POINT('',(28.,28.,9.));
#1577 = VECTOR('',#1578,1.);
#1578 = DIRECTION('',(0.,-2.449293598295E-16,-1.));
#1579 = ORIENTED_EDGE('',*,*,#1580,.F.);
#1580 = EDGE_CURVE('',#1525,#1573,#1581,.T.);
#1581 = LINE('',#1582,#1583);
#1582 = CARTESIAN_POINT('',(28.,186.,3.552713678801E-15));
#1583 = VECTOR('',#1584,1.);
#1584 = DIRECTION('',(0.,-1.,2.449293598295E-16));
#1585 = PLANE('',#1586);
#1586 = AXIS2_PLACEMENT_3D('',#1587,#1588,#1589);
#1587 = CARTESIAN_POINT('',(28.,172.,9.));
#1588 = DIRECTION('',(1.,0.,0.));
#1589 = DIRECTION('',(0.,-2.449293598295E-16,-1.));
#1590 = ADVANCED_FACE('',(#1591),#1602,.F.);
#1591 = FACE_BOUND('',#1592,.F.);
#1592 = EDGE_LOOP('',(#1593,#1594,#1595,#1596));
#1593 = ORIENTED_EDGE('',*,*,#1548,.F.);
#1594 = ORIENTED_EDGE('',*,*,#350,.T.);
#1595 = ORIENTED_EDGE('',*,*,#1572,.T.);
#1596 = ORIENTED_EDGE('',*,*,#1597,.F.);
#1597 = EDGE_CURVE('',#1549,#1573,#1598,.T.);
#1598 = LINE('',#1599,#1600);
#1599 = CARTESIAN_POINT('',(14.,28.,4.174438572591E-14));
#1600 = VECTOR('',#1601,1.);
#1601 = DIRECTION('',(-1.,0.,-0.));
#1602 = PLANE('',#1603);
#1603 = AXIS2_PLACEMENT_3D('',#1604,#1605,#1606);
#1604 = CARTESIAN_POINT('',(28.,28.,9.));
#1605 = DIRECTION('',(0.,-1.,2.449293598295E-16));
#1606 = DIRECTION('',(0.,-2.449293598295E-16,-1.));
#1607 = ADVANCED_FACE('',(#1608),#1633,.T.);
#1608 = FACE_BOUND('',#1609,.T.);
#1609 = EDGE_LOOP('',(#1610,#1611,#1619,#1627));
#1610 = ORIENTED_EDGE('',*,*,#366,.T.);
#1611 = ORIENTED_EDGE('',*,*,#1612,.T.);
#1612 = EDGE_CURVE('',#369,#1613,#1615,.T.);
#1613 = VERTEX_POINT('',#1614);
#1614 = CARTESIAN_POINT('',(14.,10.593633411781,1.8));
#1615 = LINE('',#1616,#1617);
#1616 = CARTESIAN_POINT('',(14.,10.593633411781,8.1));
#1617 = VECTOR('',#1618,1.);
#1618 = DIRECTION('',(0.,-2.449293598295E-16,-1.));
#1619 = ORIENTED_EDGE('',*,*,#1620,.T.);
#1620 = EDGE_CURVE('',#1613,#1621,#1623,.T.);
#1621 = VERTEX_POINT('',#1622);
#1622 = CARTESIAN_POINT('',(11.05,12.296816705891,1.8));
#1623 = LINE('',#1624,#1625);
#1624 = CARTESIAN_POINT('',(14.,10.593633411781,1.8));
#1625 = VECTOR('',#1626,1.);
#1626 = DIRECTION('',(-0.866025403784,0.5,-1.224646799147E-16));
#1627 = ORIENTED_EDGE('',*,*,#1628,.F.);
#1628 = EDGE_CURVE('',#367,#1621,#1629,.T.);
#1629 = LINE('',#1630,#1631);
#1630 = CARTESIAN_POINT('',(11.05,12.296816705891,8.1));
#1631 = VECTOR('',#1632,1.);
#1632 = DIRECTION('',(0.,-2.449293598295E-16,-1.));
#1633 = PLANE('',#1634);
#1634 = AXIS2_PLACEMENT_3D('',#1635,#1636,#1637);
#1635 = CARTESIAN_POINT('',(14.,10.593633411781,8.1));
#1636 = DIRECTION('',(0.5,0.866025403784,-2.12115047745E-16));
#1637 = DIRECTION('',(-0.866025403784,0.5,-1.224646799147E-16));
#1638 = ADVANCED_FACE('',(#1639),#1657,.T.);
#1639 = FACE_BOUND('',#1640,.T.);
#1640 = EDGE_LOOP('',(#1641,#1642,#1643,#1651));
#1641 = ORIENTED_EDGE('',*,*,#408,.T.);
#1642 = ORIENTED_EDGE('',*,*,#1628,.T.);
#1643 = ORIENTED_EDGE('',*,*,#1644,.T.);
#1644 = EDGE_CURVE('',#1621,#1645,#1647,.T.);
#1645 = VERTEX_POINT('',#1646);
#1646 = CARTESIAN_POINT('',(11.05,15.703183294109,1.8));
#1647 = LINE('',#1648,#1649);
#1648 = CARTESIAN_POINT('',(11.05,12.296816705891,1.8));
#1649 = VECTOR('',#1650,1.);
#1650 = DIRECTION('',(5.214814064769E-16,1.,-2.449293598295E-16));
#1651 = ORIENTED_EDGE('',*,*,#1652,.F.);
#1652 = EDGE_CURVE('',#401,#1645,#1653,.T.);
#1653 = LINE('',#1654,#1655);
#1654 = CARTESIAN_POINT('',(11.05,15.703183294109,8.1));
#1655 = VECTOR('',#1656,1.);
#1656 = DIRECTION('',(0.,-2.449293598295E-16,-1.));
#1657 = PLANE('',#1658);
#1658 = AXIS2_PLACEMENT_3D('',#1659,#1660,#1661);
#1659 = CARTESIAN_POINT('',(11.05,12.296816705891,8.1));
#1660 = DIRECTION('',(1.,-5.214814064769E-16,1.277261070514E-31));
#1661 = DIRECTION('',(5.214814064769E-16,1.,-2.449293598295E-16));
#1662 = ADVANCED_FACE('',(#1663),#1681,.T.);
#1663 = FACE_BOUND('',#1664,.T.);
#1664 = EDGE_LOOP('',(#1665,#1666,#1674,#1680));
#1665 = ORIENTED_EDGE('',*,*,#376,.T.);
#1666 = ORIENTED_EDGE('',*,*,#1667,.T.);
#1667 = EDGE_CURVE('',#377,#1668,#1670,.T.);
#1668 = VERTEX_POINT('',#1669);
#1669 = CARTESIAN_POINT('',(16.95,12.296816705891,1.8));
#1670 = LINE('',#1671,#1672);
#1671 = CARTESIAN_POINT('',(16.95,12.296816705891,8.1));
#1672 = VECTOR('',#1673,1.);
#1673 = DIRECTION('',(0.,-2.449293598295E-16,-1.));
#1674 = ORIENTED_EDGE('',*,*,#1675,.T.);
#1675 = EDGE_CURVE('',#1668,#1613,#1676,.T.);
#1676 = LINE('',#1677,#1678);
#1677 = CARTESIAN_POINT('',(16.95,12.296816705891,1.8));
#1678 = VECTOR('',#1679,1.);
#1679 = DIRECTION('',(-0.866025403784,-0.5,1.224646799147E-16));
#1680 = ORIENTED_EDGE('',*,*,#1612,.F.);
#1681 = PLANE('',#1682);
#1682 = AXIS2_PLACEMENT_3D('',#1683,#1684,#1685);
#1683 = CARTESIAN_POINT('',(16.95,12.296816705891,8.1));
#1684 = DIRECTION('',(-0.5,0.866025403784,-2.12115047745E-16));
#1685 = DIRECTION('',(-0.866025403784,-0.5,1.224646799147E-16));
#1686 = ADVANCED_FACE('',(#1687),#1705,.T.);
#1687 = FACE_BOUND('',#1688,.T.);
#1688 = EDGE_LOOP('',(#1689,#1690,#1691,#1699));
#1689 = ORIENTED_EDGE('',*,*,#400,.T.);
#1690 = ORIENTED_EDGE('',*,*,#1652,.T.);
#1691 = ORIENTED_EDGE('',*,*,#1692,.T.);
#1692 = EDGE_CURVE('',#1645,#1693,#1695,.T.);
#1693 = VERTEX_POINT('',#1694);
#1694 = CARTESIAN_POINT('',(14.,17.406366588219,1.8));
#1695 = LINE('',#1696,#1697);
#1696 = CARTESIAN_POINT('',(11.05,15.703183294109,1.8));
#1697 = VECTOR('',#1698,1.);
#1698 = DIRECTION('',(0.866025403784,0.5,-1.224646799147E-16));
#1699 = ORIENTED_EDGE('',*,*,#1700,.F.);
#1700 = EDGE_CURVE('',#393,#1693,#1701,.T.);
#1701 = LINE('',#1702,#1703);
#1702 = CARTESIAN_POINT('',(14.,17.406366588219,8.1));
#1703 = VECTOR('',#1704,1.);
#1704 = DIRECTION('',(0.,-2.449293598295E-16,-1.));
#1705 = PLANE('',#1706);
#1706 = AXIS2_PLACEMENT_3D('',#1707,#1708,#1709);
#1707 = CARTESIAN_POINT('',(11.05,15.703183294109,8.1));
#1708 = DIRECTION('',(0.5,-0.866025403784,2.12115047745E-16));
#1709 = DIRECTION('',(0.866025403784,0.5,-1.224646799147E-16));
#1710 = ADVANCED_FACE('',(#1711),#1729,.T.);
#1711 = FACE_BOUND('',#1712,.T.);
#1712 = EDGE_LOOP('',(#1713,#1714,#1722,#1728));
#1713 = ORIENTED_EDGE('',*,*,#384,.T.);
#1714 = ORIENTED_EDGE('',*,*,#1715,.T.);
#1715 = EDGE_CURVE('',#385,#1716,#1718,.T.);
#1716 = VERTEX_POINT('',#1717);
#1717 = CARTESIAN_POINT('',(16.95,15.703183294109,1.8));
#1718 = LINE('',#1719,#1720);
#1719 = CARTESIAN_POINT('',(16.95,15.703183294109,8.1));
#1720 = VECTOR('',#1721,1.);
#1721 = DIRECTION('',(0.,-2.449293598295E-16,-1.));
#1722 = ORIENTED_EDGE('',*,*,#1723,.T.);
#1723 = EDGE_CURVE('',#1716,#1668,#1724,.T.);
#1724 = LINE('',#1725,#1726);
#1725 = CARTESIAN_POINT('',(16.95,15.703183294109,1.8));
#1726 = VECTOR('',#1727,1.);
#1727 = DIRECTION('',(0.,-1.,2.449293598295E-16));
#1728 = ORIENTED_EDGE('',*,*,#1667,.F.);
#1729 = PLANE('',#1730);
#1730 = AXIS2_PLACEMENT_3D('',#1731,#1732,#1733);
#1731 = CARTESIAN_POINT('',(16.95,15.703183294109,8.1));
#1732 = DIRECTION('',(-1.,-0.,0.));
#1733 = DIRECTION('',(0.,-1.,2.449293598295E-16));
#1734 = ADVANCED_FACE('',(#1735),#1746,.T.);
#1735 = FACE_BOUND('',#1736,.T.);
#1736 = EDGE_LOOP('',(#1737,#1738,#1739,#1745));
#1737 = ORIENTED_EDGE('',*,*,#392,.T.);
#1738 = ORIENTED_EDGE('',*,*,#1700,.T.);
#1739 = ORIENTED_EDGE('',*,*,#1740,.T.);
#1740 = EDGE_CURVE('',#1693,#1716,#1741,.T.);
#1741 = LINE('',#1742,#1743);
#1742 = CARTESIAN_POINT('',(14.,17.406366588219,1.8));
#1743 = VECTOR('',#1744,1.);
#1744 = DIRECTION('',(0.866025403784,-0.5,1.224646799147E-16));
#1745 = ORIENTED_EDGE('',*,*,#1715,.F.);
#1746 = PLANE('',#1747);
#1747 = AXIS2_PLACEMENT_3D('',#1748,#1749,#1750);
#1748 = CARTESIAN_POINT('',(14.,17.406366588219,8.1));
#1749 = DIRECTION('',(-0.5,-0.866025403784,2.12115047745E-16));
#1750 = DIRECTION('',(0.866025403784,-0.5,1.224646799147E-16));
#1751 = ADVANCED_FACE('',(#1752),#1777,.F.);
#1752 = FACE_BOUND('',#1753,.F.);
#1753 = EDGE_LOOP('',(#1754,#1764,#1770,#1771));
#1754 = ORIENTED_EDGE('',*,*,#1755,.F.);
#1755 = EDGE_CURVE('',#1756,#1758,#1760,.T.);
#1756 = VERTEX_POINT('',#1757);
#1757 = CARTESIAN_POINT('',(70.4,15.6,7.6));
#1758 = VERTEX_POINT('',#1759);
#1759 = CARTESIAN_POINT('',(68.4,15.6,7.6));
#1760 = LINE('',#1761,#1762);
#1761 = CARTESIAN_POINT('',(70.4,15.6,7.6));
#1762 = VECTOR('',#1763,1.);
#1763 = DIRECTION('',(-1.,1.224646799147E-16,-1.499759782662E-32));
#1764 = ORIENTED_EDGE('',*,*,#1765,.T.);
#1765 = EDGE_CURVE('',#1756,#417,#1766,.T.);
#1766 = LINE('',#1767,#1768);
#1767 = CARTESIAN_POINT('',(70.4,15.6,7.6));
#1768 = VECTOR('',#1769,1.);
#1769 = DIRECTION('',(0.,1.224646799147E-16,1.));
#1770 = ORIENTED_EDGE('',*,*,#416,.T.);
#1771 = ORIENTED_EDGE('',*,*,#1772,.F.);
#1772 = EDGE_CURVE('',#1758,#419,#1773,.T.);
#1773 = LINE('',#1774,#1775);
#1774 = CARTESIAN_POINT('',(68.4,15.6,7.6));
#1775 = VECTOR('',#1776,1.);
#1776 = DIRECTION('',(0.,1.224646799147E-16,1.));
#1777 = PLANE('',#1778);
#1778 = AXIS2_PLACEMENT_3D('',#1779,#1780,#1781);
#1779 = CARTESIAN_POINT('',(70.4,15.6,7.6));
#1780 = DIRECTION('',(-1.224646799147E-16,-1.,1.224646799147E-16));
#1781 = DIRECTION('',(0.,1.224646799147E-16,1.));
#1782 = ADVANCED_FACE('',(#1783),#1801,.F.);
#1783 = FACE_BOUND('',#1784,.F.);
#1784 = EDGE_LOOP('',(#1785,#1793,#1794,#1795));
#1785 = ORIENTED_EDGE('',*,*,#1786,.F.);
#1786 = EDGE_CURVE('',#1758,#1787,#1789,.T.);
#1787 = VERTEX_POINT('',#1788);
#1788 = CARTESIAN_POINT('',(68.4,12.4,7.6));
#1789 = LINE('',#1790,#1791);
#1790 = CARTESIAN_POINT('',(68.4,16.,7.6));
#1791 = VECTOR('',#1792,1.);
#1792 = DIRECTION('',(1.110223024625E-16,-1.,1.224646799147E-16));
#1793 = ORIENTED_EDGE('',*,*,#1772,.T.);
#1794 = ORIENTED_EDGE('',*,*,#544,.T.);
#1795 = ORIENTED_EDGE('',*,*,#1796,.F.);
#1796 = EDGE_CURVE('',#1787,#537,#1797,.T.);
#1797 = LINE('',#1798,#1799);
#1798 = CARTESIAN_POINT('',(68.4,12.4,7.6));
#1799 = VECTOR('',#1800,1.);
#1800 = DIRECTION('',(0.,1.224646799147E-16,1.));
#1801 = PLANE('',#1802);
#1802 = AXIS2_PLACEMENT_3D('',#1803,#1804,#1805);
#1803 = CARTESIAN_POINT('',(68.4,16.,7.6));
#1804 = DIRECTION('',(1.,1.110223024625E-16,-1.359631073447E-32));
#1805 = DIRECTION('',(0.,1.224646799147E-16,1.));
#1806 = ADVANCED_FACE('',(#1807),#1825,.F.);
#1807 = FACE_BOUND('',#1808,.F.);
#1808 = EDGE_LOOP('',(#1809,#1817,#1818,#1819));
#1809 = ORIENTED_EDGE('',*,*,#1810,.F.);
#1810 = EDGE_CURVE('',#1787,#1811,#1813,.T.);
#1811 = VERTEX_POINT('',#1812);
#1812 = CARTESIAN_POINT('',(70.,12.4,7.6));
#1813 = LINE('',#1814,#1815);
#1814 = CARTESIAN_POINT('',(68.,12.4,7.6));
#1815 = VECTOR('',#1816,1.);
#1816 = DIRECTION('',(1.,0.,0.));
#1817 = ORIENTED_EDGE('',*,*,#1796,.T.);
#1818 = ORIENTED_EDGE('',*,*,#536,.T.);
#1819 = ORIENTED_EDGE('',*,*,#1820,.F.);
#1820 = EDGE_CURVE('',#1811,#529,#1821,.T.);
#1821 = LINE('',#1822,#1823);
#1822 = CARTESIAN_POINT('',(70.,12.4,7.6));
#1823 = VECTOR('',#1824,1.);
#1824 = DIRECTION('',(0.,1.224646799147E-16,1.));
#1825 = PLANE('',#1826);
#1826 = AXIS2_PLACEMENT_3D('',#1827,#1828,#1829);
#1827 = CARTESIAN_POINT('',(68.,12.4,7.6));
#1828 = DIRECTION('',(0.,1.,-1.224646799147E-16));
#1829 = DIRECTION('',(0.,1.224646799147E-16,1.));
#1830 = ADVANCED_FACE('',(#1831),#1849,.F.);
#1831 = FACE_BOUND('',#1832,.F.);
#1832 = EDGE_LOOP('',(#1833,#1841,#1842,#1843));
#1833 = ORIENTED_EDGE('',*,*,#1834,.F.);
#1834 = EDGE_CURVE('',#1811,#1835,#1837,.T.);
#1835 = VERTEX_POINT('',#1836);
#1836 = CARTESIAN_POINT('',(70.,13.6,7.6));
#1837 = LINE('',#1838,#1839);
#1838 = CARTESIAN_POINT('',(70.,12.,7.6));
#1839 = VECTOR('',#1840,1.);
#1840 = DIRECTION('',(1.110223024625E-16,1.,-1.224646799147E-16));
#1841 = ORIENTED_EDGE('',*,*,#1820,.T.);
#1842 = ORIENTED_EDGE('',*,*,#528,.T.);
#1843 = ORIENTED_EDGE('',*,*,#1844,.F.);
#1844 = EDGE_CURVE('',#1835,#521,#1845,.T.);
#1845 = LINE('',#1846,#1847);
#1846 = CARTESIAN_POINT('',(70.,13.6,7.6));
#1847 = VECTOR('',#1848,1.);
#1848 = DIRECTION('',(0.,1.224646799147E-16,1.));
#1849 = PLANE('',#1850);
#1850 = AXIS2_PLACEMENT_3D('',#1851,#1852,#1853);
#1851 = CARTESIAN_POINT('',(70.,12.,7.6));
#1852 = DIRECTION('',(-1.,1.110223024625E-16,-1.359631073447E-32));
#1853 = DIRECTION('',(0.,1.224646799147E-16,1.));
#1854 = ADVANCED_FACE('',(#1855),#1873,.F.);
#1855 = FACE_BOUND('',#1856,.F.);
#1856 = EDGE_LOOP('',(#1857,#1865,#1866,#1867));
#1857 = ORIENTED_EDGE('',*,*,#1858,.F.);
#1858 = EDGE_CURVE('',#1835,#1859,#1861,.T.);
#1859 = VERTEX_POINT('',#1860);
#1860 = CARTESIAN_POINT('',(69.3,13.6,7.6));
#1861 = LINE('',#1862,#1863);
#1862 = CARTESIAN_POINT('',(70.4,13.6,7.6));
#1863 = VECTOR('',#1864,1.);
#1864 = DIRECTION('',(-1.,1.224646799147E-16,-1.499759782662E-32));
#1865 = ORIENTED_EDGE('',*,*,#1844,.T.);
#1866 = ORIENTED_EDGE('',*,*,#520,.T.);
#1867 = ORIENTED_EDGE('',*,*,#1868,.F.);
#1868 = EDGE_CURVE('',#1859,#512,#1869,.T.);
#1869 = LINE('',#1870,#1871);
#1870 = CARTESIAN_POINT('',(69.3,13.6,7.6));
#1871 = VECTOR('',#1872,1.);
#1872 = DIRECTION('',(0.,1.224646799147E-16,1.));
#1873 = PLANE('',#1874);
#1874 = AXIS2_PLACEMENT_3D('',#1875,#1876,#1877);
#1875 = CARTESIAN_POINT('',(70.4,13.6,7.6));
#1876 = DIRECTION('',(-1.224646799147E-16,-1.,1.224646799147E-16));
#1877 = DIRECTION('',(0.,1.224646799147E-16,1.));
#1878 = ADVANCED_FACE('',(#1879),#1898,.F.);
#1879 = FACE_BOUND('',#1880,.F.);
#1880 = EDGE_LOOP('',(#1881,#1882,#1890,#1897));
#1881 = ORIENTED_EDGE('',*,*,#511,.F.);
#1882 = ORIENTED_EDGE('',*,*,#1883,.F.);
#1883 = EDGE_CURVE('',#1884,#504,#1886,.T.);
#1884 = VERTEX_POINT('',#1885);
#1885 = CARTESIAN_POINT('',(69.3,14.4,7.6));
#1886 = LINE('',#1887,#1888);
#1887 = CARTESIAN_POINT('',(69.3,14.4,7.6));
#1888 = VECTOR('',#1889,1.);
#1889 = DIRECTION('',(0.,1.224646799147E-16,1.));
#1890 = ORIENTED_EDGE('',*,*,#1891,.T.);
#1891 = EDGE_CURVE('',#1884,#1859,#1892,.T.);
#1892 = CIRCLE('',#1893,0.4);
#1893 = AXIS2_PLACEMENT_3D('',#1894,#1895,#1896);
#1894 = CARTESIAN_POINT('',(69.3,14.,7.6));
#1895 = DIRECTION('',(-0.,1.224646799147E-16,1.));
#1896 = DIRECTION('',(1.,0.,0.));
#1897 = ORIENTED_EDGE('',*,*,#1868,.T.);
#1898 = CYLINDRICAL_SURFACE('',#1899,0.4);
#1899 = AXIS2_PLACEMENT_3D('',#1900,#1901,#1902);
#1900 = CARTESIAN_POINT('',(69.3,14.,7.6));
#1901 = DIRECTION('',(0.,1.224646799147E-16,1.));
#1902 = DIRECTION('',(1.,0.,0.));
#1903 = ADVANCED_FACE('',(#1904),#1922,.T.);
#1904 = FACE_BOUND('',#1905,.T.);
#1905 = EDGE_LOOP('',(#1906,#1914,#1920,#1921));
#1906 = ORIENTED_EDGE('',*,*,#1907,.F.);
#1907 = EDGE_CURVE('',#1908,#1884,#1910,.T.);
#1908 = VERTEX_POINT('',#1909);
#1909 = CARTESIAN_POINT('',(70.4,14.4,7.6));
#1910 = LINE('',#1911,#1912);
#1911 = CARTESIAN_POINT('',(70.4,14.4,7.6));
#1912 = VECTOR('',#1913,1.);
#1913 = DIRECTION('',(-1.,1.224646799147E-16,-1.499759782662E-32));
#1914 = ORIENTED_EDGE('',*,*,#1915,.T.);
#1915 = EDGE_CURVE('',#1908,#495,#1916,.T.);
#1916 = LINE('',#1917,#1918);
#1917 = CARTESIAN_POINT('',(70.4,14.4,7.6));
#1918 = VECTOR('',#1919,1.);
#1919 = DIRECTION('',(0.,1.224646799147E-16,1.));
#1920 = ORIENTED_EDGE('',*,*,#503,.T.);
#1921 = ORIENTED_EDGE('',*,*,#1883,.F.);
#1922 = PLANE('',#1923);
#1923 = AXIS2_PLACEMENT_3D('',#1924,#1925,#1926);
#1924 = CARTESIAN_POINT('',(70.4,14.4,7.6));
#1925 = DIRECTION('',(-1.224646799147E-16,-1.,1.224646799147E-16));
#1926 = DIRECTION('',(0.,1.224646799147E-16,1.));
#1927 = ADVANCED_FACE('',(#1928),#1947,.F.);
#1928 = FACE_BOUND('',#1929,.F.);
#1929 = EDGE_LOOP('',(#1930,#1931,#1939,#1946));
#1930 = ORIENTED_EDGE('',*,*,#494,.F.);
#1931 = ORIENTED_EDGE('',*,*,#1932,.F.);
#1932 = EDGE_CURVE('',#1933,#487,#1935,.T.);
#1933 = VERTEX_POINT('',#1934);
#1934 = CARTESIAN_POINT('',(70.8,14.,7.6));
#1935 = LINE('',#1936,#1937);
#1936 = CARTESIAN_POINT('',(70.8,14.,7.6));
#1937 = VECTOR('',#1938,1.);
#1938 = DIRECTION('',(0.,1.224646799147E-16,1.));
#1939 = ORIENTED_EDGE('',*,*,#1940,.T.);
#1940 = EDGE_CURVE('',#1933,#1908,#1941,.T.);
#1941 = CIRCLE('',#1942,0.4);
#1942 = AXIS2_PLACEMENT_3D('',#1943,#1944,#1945);
#1943 = CARTESIAN_POINT('',(70.4,14.,7.6));
#1944 = DIRECTION('',(-0.,1.224646799147E-16,1.));
#1945 = DIRECTION('',(1.,0.,0.));
#1946 = ORIENTED_EDGE('',*,*,#1915,.T.);
#1947 = CYLINDRICAL_SURFACE('',#1948,0.4);
#1948 = AXIS2_PLACEMENT_3D('',#1949,#1950,#1951);
#1949 = CARTESIAN_POINT('',(70.4,14.,7.6));
#1950 = DIRECTION('',(0.,1.224646799147E-16,1.));
#1951 = DIRECTION('',(1.,0.,0.));
#1952 = ADVANCED_FACE('',(#1953),#1971,.T.);
#1953 = FACE_BOUND('',#1954,.T.);
#1954 = EDGE_LOOP('',(#1955,#1963,#1969,#1970));
#1955 = ORIENTED_EDGE('',*,*,#1956,.F.);
#1956 = EDGE_CURVE('',#1957,#1933,#1959,.T.);
#1957 = VERTEX_POINT('',#1958);
#1958 = CARTESIAN_POINT('',(70.8,12.,7.6));
#1959 = LINE('',#1960,#1961);
#1960 = CARTESIAN_POINT('',(70.8,12.,7.6));
#1961 = VECTOR('',#1962,1.);
#1962 = DIRECTION('',(1.110223024625E-16,1.,-1.224646799147E-16));
#1963 = ORIENTED_EDGE('',*,*,#1964,.T.);
#1964 = EDGE_CURVE('',#1957,#478,#1965,.T.);
#1965 = LINE('',#1966,#1967);
#1966 = CARTESIAN_POINT('',(70.8,12.,7.6));
#1967 = VECTOR('',#1968,1.);
#1968 = DIRECTION('',(0.,1.224646799147E-16,1.));
#1969 = ORIENTED_EDGE('',*,*,#486,.T.);
#1970 = ORIENTED_EDGE('',*,*,#1932,.F.);
#1971 = PLANE('',#1972);
#1972 = AXIS2_PLACEMENT_3D('',#1973,#1974,#1975);
#1973 = CARTESIAN_POINT('',(70.8,12.,7.6));
#1974 = DIRECTION('',(-1.,1.110223024625E-16,-1.359631073447E-32));
#1975 = DIRECTION('',(0.,1.224646799147E-16,1.));
#1976 = ADVANCED_FACE('',(#1977),#1996,.F.);
#1977 = FACE_BOUND('',#1978,.F.);
#1978 = EDGE_LOOP('',(#1979,#1988,#1989,#1990));
#1979 = ORIENTED_EDGE('',*,*,#1980,.T.);
#1980 = EDGE_CURVE('',#1981,#1957,#1983,.T.);
#1981 = VERTEX_POINT('',#1982);
#1982 = CARTESIAN_POINT('',(70.4,11.6,7.6));
#1983 = CIRCLE('',#1984,0.4);
#1984 = AXIS2_PLACEMENT_3D('',#1985,#1986,#1987);
#1985 = CARTESIAN_POINT('',(70.4,12.,7.6));
#1986 = DIRECTION('',(-0.,1.224646799147E-16,1.));
#1987 = DIRECTION('',(1.,0.,0.));
#1988 = ORIENTED_EDGE('',*,*,#1964,.T.);
#1989 = ORIENTED_EDGE('',*,*,#477,.F.);
#1990 = ORIENTED_EDGE('',*,*,#1991,.F.);
#1991 = EDGE_CURVE('',#1981,#470,#1992,.T.);
#1992 = LINE('',#1993,#1994);
#1993 = CARTESIAN_POINT('',(70.4,11.6,7.6));
#1994 = VECTOR('',#1995,1.);
#1995 = DIRECTION('',(0.,1.224646799147E-16,1.));
#1996 = CYLINDRICAL_SURFACE('',#1997,0.4);
#1997 = AXIS2_PLACEMENT_3D('',#1998,#1999,#2000);
#1998 = CARTESIAN_POINT('',(70.4,12.,7.6));
#1999 = DIRECTION('',(0.,1.224646799147E-16,1.));
#2000 = DIRECTION('',(1.,0.,0.));
#2001 = ADVANCED_FACE('',(#2002),#2020,.T.);
#2002 = FACE_BOUND('',#2003,.T.);
#2003 = EDGE_LOOP('',(#2004,#2012,#2018,#2019));
#2004 = ORIENTED_EDGE('',*,*,#2005,.F.);
#2005 = EDGE_CURVE('',#2006,#1981,#2008,.T.);
#2006 = VERTEX_POINT('',#2007);
#2007 = CARTESIAN_POINT('',(68.,11.6,7.6));
#2008 = LINE('',#2009,#2010);
#2009 = CARTESIAN_POINT('',(68.,11.6,7.6));
#2010 = VECTOR('',#2011,1.);
#2011 = DIRECTION('',(1.,0.,0.));
#2012 = ORIENTED_EDGE('',*,*,#2013,.T.);
#2013 = EDGE_CURVE('',#2006,#461,#2014,.T.);
#2014 = LINE('',#2015,#2016);
#2015 = CARTESIAN_POINT('',(68.,11.6,7.6));
#2016 = VECTOR('',#2017,1.);
#2017 = DIRECTION('',(0.,1.224646799147E-16,1.));
#2018 = ORIENTED_EDGE('',*,*,#469,.T.);
#2019 = ORIENTED_EDGE('',*,*,#1991,.F.);
#2020 = PLANE('',#2021);
#2021 = AXIS2_PLACEMENT_3D('',#2022,#2023,#2024);
#2022 = CARTESIAN_POINT('',(68.,11.6,7.6));
#2023 = DIRECTION('',(0.,1.,-1.224646799147E-16));
#2024 = DIRECTION('',(0.,1.224646799147E-16,1.));
#2025 = ADVANCED_FACE('',(#2026),#2045,.F.);
#2026 = FACE_BOUND('',#2027,.F.);
#2027 = EDGE_LOOP('',(#2028,#2037,#2038,#2039));
#2028 = ORIENTED_EDGE('',*,*,#2029,.T.);
#2029 = EDGE_CURVE('',#2030,#2006,#2032,.T.);
#2030 = VERTEX_POINT('',#2031);
#2031 = CARTESIAN_POINT('',(67.6,12.,7.6));
#2032 = CIRCLE('',#2033,0.4);
#2033 = AXIS2_PLACEMENT_3D('',#2034,#2035,#2036);
#2034 = CARTESIAN_POINT('',(68.,12.,7.6));
#2035 = DIRECTION('',(-0.,1.224646799147E-16,1.));
#2036 = DIRECTION('',(1.,0.,0.));
#2037 = ORIENTED_EDGE('',*,*,#2013,.T.);
#2038 = ORIENTED_EDGE('',*,*,#460,.F.);
#2039 = ORIENTED_EDGE('',*,*,#2040,.F.);
#2040 = EDGE_CURVE('',#2030,#453,#2041,.T.);
#2041 = LINE('',#2042,#2043);
#2042 = CARTESIAN_POINT('',(67.6,12.,7.6));
#2043 = VECTOR('',#2044,1.);
#2044 = DIRECTION('',(0.,1.224646799147E-16,1.));
#2045 = CYLINDRICAL_SURFACE('',#2046,0.4);
#2046 = AXIS2_PLACEMENT_3D('',#2047,#2048,#2049);
#2047 = CARTESIAN_POINT('',(68.,12.,7.6));
#2048 = DIRECTION('',(0.,1.224646799147E-16,1.));
#2049 = DIRECTION('',(1.,0.,0.));
#2050 = ADVANCED_FACE('',(#2051),#2069,.T.);
#2051 = FACE_BOUND('',#2052,.T.);
#2052 = EDGE_LOOP('',(#2053,#2061,#2067,#2068));
#2053 = ORIENTED_EDGE('',*,*,#2054,.F.);
#2054 = EDGE_CURVE('',#2055,#2030,#2057,.T.);
#2055 = VERTEX_POINT('',#2056);
#2056 = CARTESIAN_POINT('',(67.6,16.,7.6));
#2057 = LINE('',#2058,#2059);
#2058 = CARTESIAN_POINT('',(67.6,16.,7.6));
#2059 = VECTOR('',#2060,1.);
#2060 = DIRECTION('',(1.110223024625E-16,-1.,1.224646799147E-16));
#2061 = ORIENTED_EDGE('',*,*,#2062,.T.);
#2062 = EDGE_CURVE('',#2055,#444,#2063,.T.);
#2063 = LINE('',#2064,#2065);
#2064 = CARTESIAN_POINT('',(67.6,16.,7.6));
#2065 = VECTOR('',#2066,1.);
#2066 = DIRECTION('',(0.,1.224646799147E-16,1.));
#2067 = ORIENTED_EDGE('',*,*,#452,.T.);
#2068 = ORIENTED_EDGE('',*,*,#2040,.F.);
#2069 = PLANE('',#2070);
#2070 = AXIS2_PLACEMENT_3D('',#2071,#2072,#2073);
#2071 = CARTESIAN_POINT('',(67.6,16.,7.6));
#2072 = DIRECTION('',(1.,1.110223024625E-16,-1.359631073447E-32));
#2073 = DIRECTION('',(0.,1.224646799147E-16,1.));
#2074 = ADVANCED_FACE('',(#2075),#2094,.F.);
#2075 = FACE_BOUND('',#2076,.F.);
#2076 = EDGE_LOOP('',(#2077,#2078,#2086,#2093));
#2077 = ORIENTED_EDGE('',*,*,#443,.F.);
#2078 = ORIENTED_EDGE('',*,*,#2079,.F.);
#2079 = EDGE_CURVE('',#2080,#436,#2082,.T.);
#2080 = VERTEX_POINT('',#2081);
#2081 = CARTESIAN_POINT('',(68.,16.4,7.6));
#2082 = LINE('',#2083,#2084);
#2083 = CARTESIAN_POINT('',(68.,16.4,7.6));
#2084 = VECTOR('',#2085,1.);
#2085 = DIRECTION('',(0.,1.224646799147E-16,1.));
#2086 = ORIENTED_EDGE('',*,*,#2087,.T.);
#2087 = EDGE_CURVE('',#2080,#2055,#2088,.T.);
#2088 = CIRCLE('',#2089,0.4);
#2089 = AXIS2_PLACEMENT_3D('',#2090,#2091,#2092);
#2090 = CARTESIAN_POINT('',(68.,16.,7.6));
#2091 = DIRECTION('',(-0.,1.224646799147E-16,1.));
#2092 = DIRECTION('',(1.,0.,0.));
#2093 = ORIENTED_EDGE('',*,*,#2062,.T.);
#2094 = CYLINDRICAL_SURFACE('',#2095,0.4);
#2095 = AXIS2_PLACEMENT_3D('',#2096,#2097,#2098);
#2096 = CARTESIAN_POINT('',(68.,16.,7.6));
#2097 = DIRECTION('',(0.,1.224646799147E-16,1.));
#2098 = DIRECTION('',(1.,0.,0.));
#2099 = ADVANCED_FACE('',(#2100),#2118,.T.);
#2100 = FACE_BOUND('',#2101,.T.);
#2101 = EDGE_LOOP('',(#2102,#2110,#2116,#2117));
#2102 = ORIENTED_EDGE('',*,*,#2103,.F.);
#2103 = EDGE_CURVE('',#2104,#2080,#2106,.T.);
#2104 = VERTEX_POINT('',#2105);
#2105 = CARTESIAN_POINT('',(70.4,16.4,7.6));
#2106 = LINE('',#2107,#2108);
#2107 = CARTESIAN_POINT('',(70.4,16.4,7.6));
#2108 = VECTOR('',#2109,1.);
#2109 = DIRECTION('',(-1.,1.224646799147E-16,-1.499759782662E-32));
#2110 = ORIENTED_EDGE('',*,*,#2111,.T.);
#2111 = EDGE_CURVE('',#2104,#427,#2112,.T.);
#2112 = LINE('',#2113,#2114);
#2113 = CARTESIAN_POINT('',(70.4,16.4,7.6));
#2114 = VECTOR('',#2115,1.);
#2115 = DIRECTION('',(0.,1.224646799147E-16,1.));
#2116 = ORIENTED_EDGE('',*,*,#435,.T.);
#2117 = ORIENTED_EDGE('',*,*,#2079,.F.);
#2118 = PLANE('',#2119);
#2119 = AXIS2_PLACEMENT_3D('',#2120,#2121,#2122);
#2120 = CARTESIAN_POINT('',(70.4,16.4,7.6));
#2121 = DIRECTION('',(-1.224646799147E-16,-1.,1.224646799147E-16));
#2122 = DIRECTION('',(0.,1.224646799147E-16,1.));
#2123 = ADVANCED_FACE('',(#2124),#2145,.F.);
#2124 = FACE_BOUND('',#2125,.F.);
#2125 = EDGE_LOOP('',(#2126,#2135,#2142,#2143,#2144));
#2126 = ORIENTED_EDGE('',*,*,#2127,.T.);
#2127 = EDGE_CURVE('',#1756,#2128,#2130,.T.);
#2128 = VERTEX_POINT('',#2129);
#2129 = CARTESIAN_POINT('',(70.8,16.,7.6));
#2130 = CIRCLE('',#2131,0.4);
#2131 = AXIS2_PLACEMENT_3D('',#2132,#2133,#2134);
#2132 = CARTESIAN_POINT('',(70.4,16.,7.6));
#2133 = DIRECTION('',(-0.,1.224646799147E-16,1.));
#2134 = DIRECTION('',(1.,0.,0.));
#2135 = ORIENTED_EDGE('',*,*,#2136,.T.);
#2136 = EDGE_CURVE('',#2128,#2104,#2137,.T.);
#2137 = CIRCLE('',#2138,0.4);
#2138 = AXIS2_PLACEMENT_3D('',#2139,#2140,#2141);
#2139 = CARTESIAN_POINT('',(70.4,16.,7.6));
#2140 = DIRECTION('',(-0.,1.224646799147E-16,1.));
#2141 = DIRECTION('',(1.,0.,0.));
#2142 = ORIENTED_EDGE('',*,*,#2111,.T.);
#2143 = ORIENTED_EDGE('',*,*,#426,.F.);
#2144 = ORIENTED_EDGE('',*,*,#1765,.F.);
#2145 = CYLINDRICAL_SURFACE('',#2146,0.4);
#2146 = AXIS2_PLACEMENT_3D('',#2147,#2148,#2149);
#2147 = CARTESIAN_POINT('',(70.4,16.,7.6));
#2148 = DIRECTION('',(0.,1.224646799147E-16,1.));
#2149 = DIRECTION('',(1.,0.,0.));
#2150 = ADVANCED_FACE('',(#2151),#2176,.F.);
#2151 = FACE_BOUND('',#2152,.F.);
#2152 = EDGE_LOOP('',(#2153,#2163,#2169,#2170));
#2153 = ORIENTED_EDGE('',*,*,#2154,.F.);
#2154 = EDGE_CURVE('',#2155,#2157,#2159,.T.);
#2155 = VERTEX_POINT('',#2156);
#2156 = CARTESIAN_POINT('',(71.887652476223,15.249878019022,7.6));
#2157 = VERTEX_POINT('',#2158);
#2158 = CARTESIAN_POINT('',(72.687652476223,16.249878019022,7.6));
#2159 = LINE('',#2160,#2161);
#2160 = CARTESIAN_POINT('',(71.887652476223,15.249878019022,7.6));
#2161 = VECTOR('',#2162,1.);
#2162 = DIRECTION('',(0.624695047554,0.780868809443,-9.562884880384E-17)
  );
#2163 = ORIENTED_EDGE('',*,*,#2164,.T.);
#2164 = EDGE_CURVE('',#2155,#553,#2165,.T.);
#2165 = LINE('',#2166,#2167);
#2166 = CARTESIAN_POINT('',(71.887652476223,15.249878019022,7.6));
#2167 = VECTOR('',#2168,1.);
#2168 = DIRECTION('',(0.,1.224646799147E-16,1.));
#2169 = ORIENTED_EDGE('',*,*,#552,.T.);
#2170 = ORIENTED_EDGE('',*,*,#2171,.F.);
#2171 = EDGE_CURVE('',#2157,#555,#2172,.T.);
#2172 = LINE('',#2173,#2174);
#2173 = CARTESIAN_POINT('',(72.687652476223,16.249878019022,7.6));
#2174 = VECTOR('',#2175,1.);
#2175 = DIRECTION('',(0.,1.224646799147E-16,1.));
#2176 = PLANE('',#2177);
#2177 = AXIS2_PLACEMENT_3D('',#2178,#2179,#2180);
#2178 = CARTESIAN_POINT('',(71.887652476223,15.249878019022,7.6));
#2179 = DIRECTION('',(-0.780868809443,0.624695047554,-7.650307904307E-17
    ));
#2180 = DIRECTION('',(0.,1.224646799147E-16,1.));
#2181 = ADVANCED_FACE('',(#2182),#2201,.F.);
#2182 = FACE_BOUND('',#2183,.F.);
#2183 = EDGE_LOOP('',(#2184,#2185,#2193,#2200));
#2184 = ORIENTED_EDGE('',*,*,#637,.F.);
#2185 = ORIENTED_EDGE('',*,*,#2186,.F.);
#2186 = EDGE_CURVE('',#2187,#630,#2189,.T.);
#2187 = VERTEX_POINT('',#2188);
#2188 = CARTESIAN_POINT('',(73.4,16.,7.6));
#2189 = LINE('',#2190,#2191);
#2190 = CARTESIAN_POINT('',(73.4,16.,7.6));
#2191 = VECTOR('',#2192,1.);
#2192 = DIRECTION('',(0.,1.224646799147E-16,1.));
#2193 = ORIENTED_EDGE('',*,*,#2194,.T.);
#2194 = EDGE_CURVE('',#2187,#2157,#2195,.T.);
#2195 = CIRCLE('',#2196,0.4);
#2196 = AXIS2_PLACEMENT_3D('',#2197,#2198,#2199);
#2197 = CARTESIAN_POINT('',(73.,16.,7.6));
#2198 = DIRECTION('',(-0.,1.224646799147E-16,1.));
#2199 = DIRECTION('',(1.,0.,0.));
#2200 = ORIENTED_EDGE('',*,*,#2171,.T.);
#2201 = CYLINDRICAL_SURFACE('',#2202,0.4);
#2202 = AXIS2_PLACEMENT_3D('',#2203,#2204,#2205);
#2203 = CARTESIAN_POINT('',(73.,16.,7.6));
#2204 = DIRECTION('',(0.,1.224646799147E-16,1.));
#2205 = DIRECTION('',(1.,0.,0.));
#2206 = ADVANCED_FACE('',(#2207),#2225,.F.);
#2207 = FACE_BOUND('',#2208,.F.);
#2208 = EDGE_LOOP('',(#2209,#2217,#2218,#2219));
#2209 = ORIENTED_EDGE('',*,*,#2210,.F.);
#2210 = EDGE_CURVE('',#2187,#2211,#2213,.T.);
#2211 = VERTEX_POINT('',#2212);
#2212 = CARTESIAN_POINT('',(73.4,12.4,7.6));
#2213 = LINE('',#2214,#2215);
#2214 = CARTESIAN_POINT('',(73.4,16.,7.6));
#2215 = VECTOR('',#2216,1.);
#2216 = DIRECTION('',(1.110223024625E-16,-1.,1.224646799147E-16));
#2217 = ORIENTED_EDGE('',*,*,#2186,.T.);
#2218 = ORIENTED_EDGE('',*,*,#629,.T.);
#2219 = ORIENTED_EDGE('',*,*,#2220,.F.);
#2220 = EDGE_CURVE('',#2211,#622,#2221,.T.);
#2221 = LINE('',#2222,#2223);
#2222 = CARTESIAN_POINT('',(73.4,12.4,7.6));
#2223 = VECTOR('',#2224,1.);
#2224 = DIRECTION('',(0.,1.224646799147E-16,1.));
#2225 = PLANE('',#2226);
#2226 = AXIS2_PLACEMENT_3D('',#2227,#2228,#2229);
#2227 = CARTESIAN_POINT('',(73.4,16.,7.6));
#2228 = DIRECTION('',(1.,1.110223024625E-16,-1.359631073447E-32));
#2229 = DIRECTION('',(0.,1.224646799147E-16,1.));
#2230 = ADVANCED_FACE('',(#2231),#2249,.F.);
#2231 = FACE_BOUND('',#2232,.F.);
#2232 = EDGE_LOOP('',(#2233,#2241,#2242,#2243));
#2233 = ORIENTED_EDGE('',*,*,#2234,.F.);
#2234 = EDGE_CURVE('',#2211,#2235,#2237,.T.);
#2235 = VERTEX_POINT('',#2236);
#2236 = CARTESIAN_POINT('',(74.2,12.4,7.6));
#2237 = LINE('',#2238,#2239);
#2238 = CARTESIAN_POINT('',(71.8,12.4,7.6));
#2239 = VECTOR('',#2240,1.);
#2240 = DIRECTION('',(1.,0.,0.));
#2241 = ORIENTED_EDGE('',*,*,#2220,.T.);
#2242 = ORIENTED_EDGE('',*,*,#621,.T.);
#2243 = ORIENTED_EDGE('',*,*,#2244,.F.);
#2244 = EDGE_CURVE('',#2235,#613,#2245,.T.);
#2245 = LINE('',#2246,#2247);
#2246 = CARTESIAN_POINT('',(74.2,12.4,7.6));
#2247 = VECTOR('',#2248,1.);
#2248 = DIRECTION('',(0.,1.224646799147E-16,1.));
#2249 = PLANE('',#2250);
#2250 = AXIS2_PLACEMENT_3D('',#2251,#2252,#2253);
#2251 = CARTESIAN_POINT('',(71.8,12.4,7.6));
#2252 = DIRECTION('',(0.,1.,-1.224646799147E-16));
#2253 = DIRECTION('',(0.,1.224646799147E-16,1.));
#2254 = ADVANCED_FACE('',(#2255),#2283,.F.);
#2255 = FACE_BOUND('',#2256,.F.);
#2256 = EDGE_LOOP('',(#2257,#2258,#2266,#2275,#2282));
#2257 = ORIENTED_EDGE('',*,*,#612,.F.);
#2258 = ORIENTED_EDGE('',*,*,#2259,.F.);
#2259 = EDGE_CURVE('',#2260,#605,#2262,.T.);
#2260 = VERTEX_POINT('',#2261);
#2261 = CARTESIAN_POINT('',(74.2,11.6,7.6));
#2262 = LINE('',#2263,#2264);
#2263 = CARTESIAN_POINT('',(74.2,11.6,7.6));
#2264 = VECTOR('',#2265,1.);
#2265 = DIRECTION('',(0.,1.224646799147E-16,1.));
#2266 = ORIENTED_EDGE('',*,*,#2267,.T.);
#2267 = EDGE_CURVE('',#2260,#2268,#2270,.T.);
#2268 = VERTEX_POINT('',#2269);
#2269 = CARTESIAN_POINT('',(74.6,12.,7.6));
#2270 = CIRCLE('',#2271,0.4);
#2271 = AXIS2_PLACEMENT_3D('',#2272,#2273,#2274);
#2272 = CARTESIAN_POINT('',(74.2,12.,7.6));
#2273 = DIRECTION('',(-0.,1.224646799147E-16,1.));
#2274 = DIRECTION('',(1.,0.,0.));
#2275 = ORIENTED_EDGE('',*,*,#2276,.T.);
#2276 = EDGE_CURVE('',#2268,#2235,#2277,.T.);
#2277 = CIRCLE('',#2278,0.4);
#2278 = AXIS2_PLACEMENT_3D('',#2279,#2280,#2281);
#2279 = CARTESIAN_POINT('',(74.2,12.,7.6));
#2280 = DIRECTION('',(-0.,1.224646799147E-16,1.));
#2281 = DIRECTION('',(1.,0.,0.));
#2282 = ORIENTED_EDGE('',*,*,#2244,.T.);
#2283 = CYLINDRICAL_SURFACE('',#2284,0.4);
#2284 = AXIS2_PLACEMENT_3D('',#2285,#2286,#2287);
#2285 = CARTESIAN_POINT('',(74.2,12.,7.6));
#2286 = DIRECTION('',(0.,1.224646799147E-16,1.));
#2287 = DIRECTION('',(1.,0.,0.));
#2288 = ADVANCED_FACE('',(#2289),#2307,.T.);
#2289 = FACE_BOUND('',#2290,.T.);
#2290 = EDGE_LOOP('',(#2291,#2299,#2305,#2306));
#2291 = ORIENTED_EDGE('',*,*,#2292,.F.);
#2292 = EDGE_CURVE('',#2293,#2260,#2295,.T.);
#2293 = VERTEX_POINT('',#2294);
#2294 = CARTESIAN_POINT('',(71.8,11.6,7.6));
#2295 = LINE('',#2296,#2297);
#2296 = CARTESIAN_POINT('',(71.8,11.6,7.6));
#2297 = VECTOR('',#2298,1.);
#2298 = DIRECTION('',(1.,0.,0.));
#2299 = ORIENTED_EDGE('',*,*,#2300,.T.);
#2300 = EDGE_CURVE('',#2293,#596,#2301,.T.);
#2301 = LINE('',#2302,#2303);
#2302 = CARTESIAN_POINT('',(71.8,11.6,7.6));
#2303 = VECTOR('',#2304,1.);
#2304 = DIRECTION('',(0.,1.224646799147E-16,1.));
#2305 = ORIENTED_EDGE('',*,*,#604,.T.);
#2306 = ORIENTED_EDGE('',*,*,#2259,.F.);
#2307 = PLANE('',#2308);
#2308 = AXIS2_PLACEMENT_3D('',#2309,#2310,#2311);
#2309 = CARTESIAN_POINT('',(71.8,11.6,7.6));
#2310 = DIRECTION('',(0.,1.,-1.224646799147E-16));
#2311 = DIRECTION('',(0.,1.224646799147E-16,1.));
#2312 = ADVANCED_FACE('',(#2313),#2332,.F.);
#2313 = FACE_BOUND('',#2314,.F.);
#2314 = EDGE_LOOP('',(#2315,#2316,#2324,#2331));
#2315 = ORIENTED_EDGE('',*,*,#595,.F.);
#2316 = ORIENTED_EDGE('',*,*,#2317,.F.);
#2317 = EDGE_CURVE('',#2318,#588,#2320,.T.);
#2318 = VERTEX_POINT('',#2319);
#2319 = CARTESIAN_POINT('',(71.8,12.4,7.6));
#2320 = LINE('',#2321,#2322);
#2321 = CARTESIAN_POINT('',(71.8,12.4,7.6));
#2322 = VECTOR('',#2323,1.);
#2323 = DIRECTION('',(0.,1.224646799147E-16,1.));
#2324 = ORIENTED_EDGE('',*,*,#2325,.T.);
#2325 = EDGE_CURVE('',#2318,#2293,#2326,.T.);
#2326 = CIRCLE('',#2327,0.4);
#2327 = AXIS2_PLACEMENT_3D('',#2328,#2329,#2330);
#2328 = CARTESIAN_POINT('',(71.8,12.,7.6));
#2329 = DIRECTION('',(-0.,1.224646799147E-16,1.));
#2330 = DIRECTION('',(1.,0.,0.));
#2331 = ORIENTED_EDGE('',*,*,#2300,.T.);
#2332 = CYLINDRICAL_SURFACE('',#2333,0.4);
#2333 = AXIS2_PLACEMENT_3D('',#2334,#2335,#2336);
#2334 = CARTESIAN_POINT('',(71.8,12.,7.6));
#2335 = DIRECTION('',(0.,1.224646799147E-16,1.));
#2336 = DIRECTION('',(1.,0.,0.));
#2337 = ADVANCED_FACE('',(#2338),#2356,.F.);
#2338 = FACE_BOUND('',#2339,.F.);
#2339 = EDGE_LOOP('',(#2340,#2348,#2349,#2350));
#2340 = ORIENTED_EDGE('',*,*,#2341,.F.);
#2341 = EDGE_CURVE('',#2318,#2342,#2344,.T.);
#2342 = VERTEX_POINT('',#2343);
#2343 = CARTESIAN_POINT('',(72.6,12.4,7.6));
#2344 = LINE('',#2345,#2346);
#2345 = CARTESIAN_POINT('',(71.8,12.4,7.6));
#2346 = VECTOR('',#2347,1.);
#2347 = DIRECTION('',(1.,0.,0.));
#2348 = ORIENTED_EDGE('',*,*,#2317,.T.);
#2349 = ORIENTED_EDGE('',*,*,#587,.T.);
#2350 = ORIENTED_EDGE('',*,*,#2351,.F.);
#2351 = EDGE_CURVE('',#2342,#580,#2352,.T.);
#2352 = LINE('',#2353,#2354);
#2353 = CARTESIAN_POINT('',(72.6,12.4,7.6));
#2354 = VECTOR('',#2355,1.);
#2355 = DIRECTION('',(0.,1.224646799147E-16,1.));
#2356 = PLANE('',#2357);
#2357 = AXIS2_PLACEMENT_3D('',#2358,#2359,#2360);
#2358 = CARTESIAN_POINT('',(71.8,12.4,7.6));
#2359 = DIRECTION('',(0.,1.,-1.224646799147E-16));
#2360 = DIRECTION('',(0.,1.224646799147E-16,1.));
#2361 = ADVANCED_FACE('',(#2362),#2380,.T.);
#2362 = FACE_BOUND('',#2363,.T.);
#2363 = EDGE_LOOP('',(#2364,#2372,#2378,#2379));
#2364 = ORIENTED_EDGE('',*,*,#2365,.F.);
#2365 = EDGE_CURVE('',#2366,#2342,#2368,.T.);
#2366 = VERTEX_POINT('',#2367);
#2367 = CARTESIAN_POINT('',(72.6,14.859687576257,7.6));
#2368 = LINE('',#2369,#2370);
#2369 = CARTESIAN_POINT('',(72.6,16.,7.6));
#2370 = VECTOR('',#2371,1.);
#2371 = DIRECTION('',(1.110223024625E-16,-1.,1.224646799147E-16));
#2372 = ORIENTED_EDGE('',*,*,#2373,.F.);
#2373 = EDGE_CURVE('',#572,#2366,#2374,.T.);
#2374 = LINE('',#2375,#2376);
#2375 = CARTESIAN_POINT('',(72.6,14.859687576257,7.6));
#2376 = VECTOR('',#2377,1.);
#2377 = DIRECTION('',(0.,-1.224646799147E-16,-1.));
#2378 = ORIENTED_EDGE('',*,*,#579,.T.);
#2379 = ORIENTED_EDGE('',*,*,#2351,.F.);
#2380 = PLANE('',#2381);
#2381 = AXIS2_PLACEMENT_3D('',#2382,#2383,#2384);
#2382 = CARTESIAN_POINT('',(72.6,16.,7.6));
#2383 = DIRECTION('',(1.,1.110223024625E-16,-1.359631073447E-32));
#2384 = DIRECTION('',(0.,1.224646799147E-16,1.));
#2385 = ADVANCED_FACE('',(#2386),#2404,.T.);
#2386 = FACE_BOUND('',#2387,.T.);
#2387 = EDGE_LOOP('',(#2388,#2396,#2402,#2403));
#2388 = ORIENTED_EDGE('',*,*,#2389,.F.);
#2389 = EDGE_CURVE('',#2390,#2366,#2392,.T.);
#2390 = VERTEX_POINT('',#2391);
#2391 = CARTESIAN_POINT('',(72.512347523777,14.750121980978,7.6));
#2392 = LINE('',#2393,#2394);
#2393 = CARTESIAN_POINT('',(72.512347523777,14.750121980978,7.6));
#2394 = VECTOR('',#2395,1.);
#2395 = DIRECTION('',(0.624695047554,0.780868809443,-9.562884880384E-17)
  );
#2396 = ORIENTED_EDGE('',*,*,#2397,.T.);
#2397 = EDGE_CURVE('',#2390,#563,#2398,.T.);
#2398 = LINE('',#2399,#2400);
#2399 = CARTESIAN_POINT('',(72.512347523777,14.750121980978,7.6));
#2400 = VECTOR('',#2401,1.);
#2401 = DIRECTION('',(0.,1.224646799147E-16,1.));
#2402 = ORIENTED_EDGE('',*,*,#571,.T.);
#2403 = ORIENTED_EDGE('',*,*,#2373,.T.);
#2404 = PLANE('',#2405);
#2405 = AXIS2_PLACEMENT_3D('',#2406,#2407,#2408);
#2406 = CARTESIAN_POINT('',(72.512347523777,14.750121980978,7.6));
#2407 = DIRECTION('',(-0.780868809443,0.624695047554,-7.650307904307E-17
    ));
#2408 = DIRECTION('',(0.,1.224646799147E-16,1.));
#2409 = ADVANCED_FACE('',(#2410),#2422,.F.);
#2410 = FACE_BOUND('',#2411,.F.);
#2411 = EDGE_LOOP('',(#2412,#2413,#2414,#2421));
#2412 = ORIENTED_EDGE('',*,*,#562,.F.);
#2413 = ORIENTED_EDGE('',*,*,#2164,.F.);
#2414 = ORIENTED_EDGE('',*,*,#2415,.T.);
#2415 = EDGE_CURVE('',#2155,#2390,#2416,.T.);
#2416 = CIRCLE('',#2417,0.4);
#2417 = AXIS2_PLACEMENT_3D('',#2418,#2419,#2420);
#2418 = CARTESIAN_POINT('',(72.2,15.,7.6));
#2419 = DIRECTION('',(-0.,1.224646799147E-16,1.));
#2420 = DIRECTION('',(1.,0.,0.));
#2421 = ORIENTED_EDGE('',*,*,#2397,.T.);
#2422 = CYLINDRICAL_SURFACE('',#2423,0.4);
#2423 = AXIS2_PLACEMENT_3D('',#2424,#2425,#2426);
#2424 = CARTESIAN_POINT('',(72.2,15.,7.6));
#2425 = DIRECTION('',(0.,1.224646799147E-16,1.));
#2426 = DIRECTION('',(1.,0.,0.));
#2427 = ADVANCED_FACE('',(#2428),#2453,.T.);
#2428 = FACE_BOUND('',#2429,.T.);
#2429 = EDGE_LOOP('',(#2430,#2431,#2439,#2447));
#2430 = ORIENTED_EDGE('',*,*,#646,.T.);
#2431 = ORIENTED_EDGE('',*,*,#2432,.T.);
#2432 = EDGE_CURVE('',#649,#2433,#2435,.T.);
#2433 = VERTEX_POINT('',#2434);
#2434 = CARTESIAN_POINT('',(100.,10.593633411781,1.8));
#2435 = LINE('',#2436,#2437);
#2436 = CARTESIAN_POINT('',(100.,10.593633411781,8.1));
#2437 = VECTOR('',#2438,1.);
#2438 = DIRECTION('',(0.,-2.449293598295E-16,-1.));
#2439 = ORIENTED_EDGE('',*,*,#2440,.T.);
#2440 = EDGE_CURVE('',#2433,#2441,#2443,.T.);
#2441 = VERTEX_POINT('',#2442);
#2442 = CARTESIAN_POINT('',(97.05,12.296816705891,1.8));
#2443 = LINE('',#2444,#2445);
#2444 = CARTESIAN_POINT('',(100.,10.593633411781,1.8));
#2445 = VECTOR('',#2446,1.);
#2446 = DIRECTION('',(-0.866025403784,0.5,-1.224646799147E-16));
#2447 = ORIENTED_EDGE('',*,*,#2448,.F.);
#2448 = EDGE_CURVE('',#647,#2441,#2449,.T.);
#2449 = LINE('',#2450,#2451);
#2450 = CARTESIAN_POINT('',(97.05,12.296816705891,8.1));
#2451 = VECTOR('',#2452,1.);
#2452 = DIRECTION('',(0.,-2.449293598295E-16,-1.));
#2453 = PLANE('',#2454);
#2454 = AXIS2_PLACEMENT_3D('',#2455,#2456,#2457);
#2455 = CARTESIAN_POINT('',(100.,10.593633411781,8.1));
#2456 = DIRECTION('',(0.5,0.866025403784,-2.12115047745E-16));
#2457 = DIRECTION('',(-0.866025403784,0.5,-1.224646799147E-16));
#2458 = ADVANCED_FACE('',(#2459),#2477,.T.);
#2459 = FACE_BOUND('',#2460,.T.);
#2460 = EDGE_LOOP('',(#2461,#2462,#2463,#2471));
#2461 = ORIENTED_EDGE('',*,*,#688,.T.);
#2462 = ORIENTED_EDGE('',*,*,#2448,.T.);
#2463 = ORIENTED_EDGE('',*,*,#2464,.T.);
#2464 = EDGE_CURVE('',#2441,#2465,#2467,.T.);
#2465 = VERTEX_POINT('',#2466);
#2466 = CARTESIAN_POINT('',(97.05,15.703183294109,1.8));
#2467 = LINE('',#2468,#2469);
#2468 = CARTESIAN_POINT('',(97.05,12.296816705891,1.8));
#2469 = VECTOR('',#2470,1.);
#2470 = DIRECTION('',(0.,1.,-2.449293598295E-16));
#2471 = ORIENTED_EDGE('',*,*,#2472,.F.);
#2472 = EDGE_CURVE('',#681,#2465,#2473,.T.);
#2473 = LINE('',#2474,#2475);
#2474 = CARTESIAN_POINT('',(97.05,15.703183294109,8.1));
#2475 = VECTOR('',#2476,1.);
#2476 = DIRECTION('',(0.,-2.449293598295E-16,-1.));
#2477 = PLANE('',#2478);
#2478 = AXIS2_PLACEMENT_3D('',#2479,#2480,#2481);
#2479 = CARTESIAN_POINT('',(97.05,12.296816705891,8.1));
#2480 = DIRECTION('',(1.,0.,0.));
#2481 = DIRECTION('',(0.,1.,-2.449293598295E-16));
#2482 = ADVANCED_FACE('',(#2483),#2501,.T.);
#2483 = FACE_BOUND('',#2484,.T.);
#2484 = EDGE_LOOP('',(#2485,#2486,#2494,#2500));
#2485 = ORIENTED_EDGE('',*,*,#656,.T.);
#2486 = ORIENTED_EDGE('',*,*,#2487,.T.);
#2487 = EDGE_CURVE('',#657,#2488,#2490,.T.);
#2488 = VERTEX_POINT('',#2489);
#2489 = CARTESIAN_POINT('',(102.95,12.296816705891,1.8));
#2490 = LINE('',#2491,#2492);
#2491 = CARTESIAN_POINT('',(102.95,12.296816705891,8.1));
#2492 = VECTOR('',#2493,1.);
#2493 = DIRECTION('',(0.,-2.449293598295E-16,-1.));
#2494 = ORIENTED_EDGE('',*,*,#2495,.T.);
#2495 = EDGE_CURVE('',#2488,#2433,#2496,.T.);
#2496 = LINE('',#2497,#2498);
#2497 = CARTESIAN_POINT('',(102.95,12.296816705891,1.8));
#2498 = VECTOR('',#2499,1.);
#2499 = DIRECTION('',(-0.866025403784,-0.5,1.224646799147E-16));
#2500 = ORIENTED_EDGE('',*,*,#2432,.F.);
#2501 = PLANE('',#2502);
#2502 = AXIS2_PLACEMENT_3D('',#2503,#2504,#2505);
#2503 = CARTESIAN_POINT('',(102.95,12.296816705891,8.1));
#2504 = DIRECTION('',(-0.5,0.866025403784,-2.12115047745E-16));
#2505 = DIRECTION('',(-0.866025403784,-0.5,1.224646799147E-16));
#2506 = ADVANCED_FACE('',(#2507),#2525,.T.);
#2507 = FACE_BOUND('',#2508,.T.);
#2508 = EDGE_LOOP('',(#2509,#2510,#2511,#2519));
#2509 = ORIENTED_EDGE('',*,*,#680,.T.);
#2510 = ORIENTED_EDGE('',*,*,#2472,.T.);
#2511 = ORIENTED_EDGE('',*,*,#2512,.T.);
#2512 = EDGE_CURVE('',#2465,#2513,#2515,.T.);
#2513 = VERTEX_POINT('',#2514);
#2514 = CARTESIAN_POINT('',(100.,17.406366588219,1.8));
#2515 = LINE('',#2516,#2517);
#2516 = CARTESIAN_POINT('',(97.05,15.703183294109,1.8));
#2517 = VECTOR('',#2518,1.);
#2518 = DIRECTION('',(0.866025403784,0.5,-1.224646799147E-16));
#2519 = ORIENTED_EDGE('',*,*,#2520,.F.);
#2520 = EDGE_CURVE('',#673,#2513,#2521,.T.);
#2521 = LINE('',#2522,#2523);
#2522 = CARTESIAN_POINT('',(100.,17.406366588219,8.1));
#2523 = VECTOR('',#2524,1.);
#2524 = DIRECTION('',(0.,-2.449293598295E-16,-1.));
#2525 = PLANE('',#2526);
#2526 = AXIS2_PLACEMENT_3D('',#2527,#2528,#2529);
#2527 = CARTESIAN_POINT('',(97.05,15.703183294109,8.1));
#2528 = DIRECTION('',(0.5,-0.866025403784,2.12115047745E-16));
#2529 = DIRECTION('',(0.866025403784,0.5,-1.224646799147E-16));
#2530 = ADVANCED_FACE('',(#2531),#2549,.T.);
#2531 = FACE_BOUND('',#2532,.T.);
#2532 = EDGE_LOOP('',(#2533,#2534,#2542,#2548));
#2533 = ORIENTED_EDGE('',*,*,#664,.T.);
#2534 = ORIENTED_EDGE('',*,*,#2535,.T.);
#2535 = EDGE_CURVE('',#665,#2536,#2538,.T.);
#2536 = VERTEX_POINT('',#2537);
#2537 = CARTESIAN_POINT('',(102.95,15.703183294109,1.8));
#2538 = LINE('',#2539,#2540);
#2539 = CARTESIAN_POINT('',(102.95,15.703183294109,8.1));
#2540 = VECTOR('',#2541,1.);
#2541 = DIRECTION('',(0.,-2.449293598295E-16,-1.));
#2542 = ORIENTED_EDGE('',*,*,#2543,.T.);
#2543 = EDGE_CURVE('',#2536,#2488,#2544,.T.);
#2544 = LINE('',#2545,#2546);
#2545 = CARTESIAN_POINT('',(102.95,15.703183294109,1.8));
#2546 = VECTOR('',#2547,1.);
#2547 = DIRECTION('',(0.,-1.,2.449293598295E-16));
#2548 = ORIENTED_EDGE('',*,*,#2487,.F.);
#2549 = PLANE('',#2550);
#2550 = AXIS2_PLACEMENT_3D('',#2551,#2552,#2553);
#2551 = CARTESIAN_POINT('',(102.95,15.703183294109,8.1));
#2552 = DIRECTION('',(-1.,-0.,0.));
#2553 = DIRECTION('',(0.,-1.,2.449293598295E-16));
#2554 = ADVANCED_FACE('',(#2555),#2566,.T.);
#2555 = FACE_BOUND('',#2556,.T.);
#2556 = EDGE_LOOP('',(#2557,#2558,#2559,#2565));
#2557 = ORIENTED_EDGE('',*,*,#672,.T.);
#2558 = ORIENTED_EDGE('',*,*,#2520,.T.);
#2559 = ORIENTED_EDGE('',*,*,#2560,.T.);
#2560 = EDGE_CURVE('',#2513,#2536,#2561,.T.);
#2561 = LINE('',#2562,#2563);
#2562 = CARTESIAN_POINT('',(100.,17.406366588219,1.8));
#2563 = VECTOR('',#2564,1.);
#2564 = DIRECTION('',(0.866025403784,-0.5,1.224646799147E-16));
#2565 = ORIENTED_EDGE('',*,*,#2535,.F.);
#2566 = PLANE('',#2567);
#2567 = AXIS2_PLACEMENT_3D('',#2568,#2569,#2570);
#2568 = CARTESIAN_POINT('',(100.,17.406366588219,8.1));
#2569 = DIRECTION('',(-0.5,-0.866025403784,2.12115047745E-16));
#2570 = DIRECTION('',(0.866025403784,-0.5,1.224646799147E-16));
#2571 = ADVANCED_FACE('',(#2572),#2597,.T.);
#2572 = FACE_BOUND('',#2573,.T.);
#2573 = EDGE_LOOP('',(#2574,#2575,#2583,#2591));
#2574 = ORIENTED_EDGE('',*,*,#696,.T.);
#2575 = ORIENTED_EDGE('',*,*,#2576,.T.);
#2576 = EDGE_CURVE('',#699,#2577,#2579,.T.);
#2577 = VERTEX_POINT('',#2578);
#2578 = CARTESIAN_POINT('',(186.,96.593633411781,1.8));
#2579 = LINE('',#2580,#2581);
#2580 = CARTESIAN_POINT('',(186.,96.593633411781,8.1));
#2581 = VECTOR('',#2582,1.);
#2582 = DIRECTION('',(0.,-2.449293598295E-16,-1.));
#2583 = ORIENTED_EDGE('',*,*,#2584,.T.);
#2584 = EDGE_CURVE('',#2577,#2585,#2587,.T.);
#2585 = VERTEX_POINT('',#2586);
#2586 = CARTESIAN_POINT('',(183.05,98.296816705891,1.8));
#2587 = LINE('',#2588,#2589);
#2588 = CARTESIAN_POINT('',(186.,96.593633411781,1.8));
#2589 = VECTOR('',#2590,1.);
#2590 = DIRECTION('',(-0.866025403784,0.5,-1.224646799147E-16));
#2591 = ORIENTED_EDGE('',*,*,#2592,.F.);
#2592 = EDGE_CURVE('',#697,#2585,#2593,.T.);
#2593 = LINE('',#2594,#2595);
#2594 = CARTESIAN_POINT('',(183.05,98.296816705891,8.1));
#2595 = VECTOR('',#2596,1.);
#2596 = DIRECTION('',(0.,-2.449293598295E-16,-1.));
#2597 = PLANE('',#2598);
#2598 = AXIS2_PLACEMENT_3D('',#2599,#2600,#2601);
#2599 = CARTESIAN_POINT('',(186.,96.593633411781,8.1));
#2600 = DIRECTION('',(0.5,0.866025403784,-2.12115047745E-16));
#2601 = DIRECTION('',(-0.866025403784,0.5,-1.224646799147E-16));
#2602 = ADVANCED_FACE('',(#2603),#2621,.T.);
#2603 = FACE_BOUND('',#2604,.T.);
#2604 = EDGE_LOOP('',(#2605,#2606,#2607,#2615));
#2605 = ORIENTED_EDGE('',*,*,#738,.T.);
#2606 = ORIENTED_EDGE('',*,*,#2592,.T.);
#2607 = ORIENTED_EDGE('',*,*,#2608,.T.);
#2608 = EDGE_CURVE('',#2585,#2609,#2611,.T.);
#2609 = VERTEX_POINT('',#2610);
#2610 = CARTESIAN_POINT('',(183.05,101.7031832941,1.8));
#2611 = LINE('',#2612,#2613);
#2612 = CARTESIAN_POINT('',(183.05,98.296816705891,1.8));
#2613 = VECTOR('',#2614,1.);
#2614 = DIRECTION('',(0.,1.,-2.449293598295E-16));
#2615 = ORIENTED_EDGE('',*,*,#2616,.F.);
#2616 = EDGE_CURVE('',#731,#2609,#2617,.T.);
#2617 = LINE('',#2618,#2619);
#2618 = CARTESIAN_POINT('',(183.05,101.7031832941,8.1));
#2619 = VECTOR('',#2620,1.);
#2620 = DIRECTION('',(0.,-2.449293598295E-16,-1.));
#2621 = PLANE('',#2622);
#2622 = AXIS2_PLACEMENT_3D('',#2623,#2624,#2625);
#2623 = CARTESIAN_POINT('',(183.05,98.296816705891,8.1));
#2624 = DIRECTION('',(1.,0.,0.));
#2625 = DIRECTION('',(0.,1.,-2.449293598295E-16));
#2626 = ADVANCED_FACE('',(#2627),#2645,.T.);
#2627 = FACE_BOUND('',#2628,.T.);
#2628 = EDGE_LOOP('',(#2629,#2630,#2638,#2644));
#2629 = ORIENTED_EDGE('',*,*,#706,.T.);
#2630 = ORIENTED_EDGE('',*,*,#2631,.T.);
#2631 = EDGE_CURVE('',#707,#2632,#2634,.T.);
#2632 = VERTEX_POINT('',#2633);
#2633 = CARTESIAN_POINT('',(188.95,98.296816705891,1.8));
#2634 = LINE('',#2635,#2636);
#2635 = CARTESIAN_POINT('',(188.95,98.296816705891,8.1));
#2636 = VECTOR('',#2637,1.);
#2637 = DIRECTION('',(0.,-2.449293598295E-16,-1.));
#2638 = ORIENTED_EDGE('',*,*,#2639,.T.);
#2639 = EDGE_CURVE('',#2632,#2577,#2640,.T.);
#2640 = LINE('',#2641,#2642);
#2641 = CARTESIAN_POINT('',(188.95,98.296816705891,1.8));
#2642 = VECTOR('',#2643,1.);
#2643 = DIRECTION('',(-0.866025403784,-0.5,1.224646799147E-16));
#2644 = ORIENTED_EDGE('',*,*,#2576,.F.);
#2645 = PLANE('',#2646);
#2646 = AXIS2_PLACEMENT_3D('',#2647,#2648,#2649);
#2647 = CARTESIAN_POINT('',(188.95,98.296816705891,8.1));
#2648 = DIRECTION('',(-0.5,0.866025403784,-2.12115047745E-16));
#2649 = DIRECTION('',(-0.866025403784,-0.5,1.224646799147E-16));
#2650 = ADVANCED_FACE('',(#2651),#2669,.T.);
#2651 = FACE_BOUND('',#2652,.T.);
#2652 = EDGE_LOOP('',(#2653,#2654,#2655,#2663));
#2653 = ORIENTED_EDGE('',*,*,#730,.T.);
#2654 = ORIENTED_EDGE('',*,*,#2616,.T.);
#2655 = ORIENTED_EDGE('',*,*,#2656,.T.);
#2656 = EDGE_CURVE('',#2609,#2657,#2659,.T.);
#2657 = VERTEX_POINT('',#2658);
#2658 = CARTESIAN_POINT('',(186.,103.40636658821,1.8));
#2659 = LINE('',#2660,#2661);
#2660 = CARTESIAN_POINT('',(183.05,101.7031832941,1.8));
#2661 = VECTOR('',#2662,1.);
#2662 = DIRECTION('',(0.866025403784,0.5,-1.224646799147E-16));
#2663 = ORIENTED_EDGE('',*,*,#2664,.F.);
#2664 = EDGE_CURVE('',#723,#2657,#2665,.T.);
#2665 = LINE('',#2666,#2667);
#2666 = CARTESIAN_POINT('',(186.,103.40636658821,8.1));
#2667 = VECTOR('',#2668,1.);
#2668 = DIRECTION('',(0.,-2.449293598295E-16,-1.));
#2669 = PLANE('',#2670);
#2670 = AXIS2_PLACEMENT_3D('',#2671,#2672,#2673);
#2671 = CARTESIAN_POINT('',(183.05,101.7031832941,8.1));
#2672 = DIRECTION('',(0.5,-0.866025403784,2.12115047745E-16));
#2673 = DIRECTION('',(0.866025403784,0.5,-1.224646799147E-16));
#2674 = ADVANCED_FACE('',(#2675),#2693,.T.);
#2675 = FACE_BOUND('',#2676,.T.);
#2676 = EDGE_LOOP('',(#2677,#2678,#2686,#2692));
#2677 = ORIENTED_EDGE('',*,*,#714,.T.);
#2678 = ORIENTED_EDGE('',*,*,#2679,.T.);
#2679 = EDGE_CURVE('',#715,#2680,#2682,.T.);
#2680 = VERTEX_POINT('',#2681);
#2681 = CARTESIAN_POINT('',(188.95,101.7031832941,1.8));
#2682 = LINE('',#2683,#2684);
#2683 = CARTESIAN_POINT('',(188.95,101.7031832941,8.1));
#2684 = VECTOR('',#2685,1.);
#2685 = DIRECTION('',(0.,-2.449293598295E-16,-1.));
#2686 = ORIENTED_EDGE('',*,*,#2687,.T.);
#2687 = EDGE_CURVE('',#2680,#2632,#2688,.T.);
#2688 = LINE('',#2689,#2690);
#2689 = CARTESIAN_POINT('',(188.95,101.7031832941,1.8));
#2690 = VECTOR('',#2691,1.);
#2691 = DIRECTION('',(0.,-1.,2.449293598295E-16));
#2692 = ORIENTED_EDGE('',*,*,#2631,.F.);
#2693 = PLANE('',#2694);
#2694 = AXIS2_PLACEMENT_3D('',#2695,#2696,#2697);
#2695 = CARTESIAN_POINT('',(188.95,101.7031832941,8.1));
#2696 = DIRECTION('',(-1.,-0.,0.));
#2697 = DIRECTION('',(0.,-1.,2.449293598295E-16));
#2698 = ADVANCED_FACE('',(#2699),#2710,.T.);
#2699 = FACE_BOUND('',#2700,.T.);
#2700 = EDGE_LOOP('',(#2701,#2702,#2703,#2709));
#2701 = ORIENTED_EDGE('',*,*,#722,.T.);
#2702 = ORIENTED_EDGE('',*,*,#2664,.T.);
#2703 = ORIENTED_EDGE('',*,*,#2704,.T.);
#2704 = EDGE_CURVE('',#2657,#2680,#2705,.T.);
#2705 = LINE('',#2706,#2707);
#2706 = CARTESIAN_POINT('',(186.,103.40636658821,1.8));
#2707 = VECTOR('',#2708,1.);
#2708 = DIRECTION('',(0.866025403784,-0.5,1.224646799147E-16));
#2709 = ORIENTED_EDGE('',*,*,#2679,.F.);
#2710 = PLANE('',#2711);
#2711 = AXIS2_PLACEMENT_3D('',#2712,#2713,#2714);
#2712 = CARTESIAN_POINT('',(186.,103.40636658821,8.1));
#2713 = DIRECTION('',(-0.5,-0.866025403784,2.12115047745E-16));
#2714 = DIRECTION('',(0.866025403784,-0.5,1.224646799147E-16));
#2715 = ADVANCED_FACE('',(#2716),#2741,.T.);
#2716 = FACE_BOUND('',#2717,.T.);
#2717 = EDGE_LOOP('',(#2718,#2719,#2727,#2735));
#2718 = ORIENTED_EDGE('',*,*,#746,.T.);
#2719 = ORIENTED_EDGE('',*,*,#2720,.T.);
#2720 = EDGE_CURVE('',#749,#2721,#2723,.T.);
#2721 = VERTEX_POINT('',#2722);
#2722 = CARTESIAN_POINT('',(186.,10.593633411781,1.8));
#2723 = LINE('',#2724,#2725);
#2724 = CARTESIAN_POINT('',(186.,10.593633411781,8.1));
#2725 = VECTOR('',#2726,1.);
#2726 = DIRECTION('',(0.,-2.449293598295E-16,-1.));
#2727 = ORIENTED_EDGE('',*,*,#2728,.T.);
#2728 = EDGE_CURVE('',#2721,#2729,#2731,.T.);
#2729 = VERTEX_POINT('',#2730);
#2730 = CARTESIAN_POINT('',(183.05,12.296816705891,1.8));
#2731 = LINE('',#2732,#2733);
#2732 = CARTESIAN_POINT('',(186.,10.593633411781,1.8));
#2733 = VECTOR('',#2734,1.);
#2734 = DIRECTION('',(-0.866025403784,0.5,-1.224646799147E-16));
#2735 = ORIENTED_EDGE('',*,*,#2736,.F.);
#2736 = EDGE_CURVE('',#747,#2729,#2737,.T.);
#2737 = LINE('',#2738,#2739);
#2738 = CARTESIAN_POINT('',(183.05,12.296816705891,8.1));
#2739 = VECTOR('',#2740,1.);
#2740 = DIRECTION('',(0.,-2.449293598295E-16,-1.));
#2741 = PLANE('',#2742);
#2742 = AXIS2_PLACEMENT_3D('',#2743,#2744,#2745);
#2743 = CARTESIAN_POINT('',(186.,10.593633411781,8.1));
#2744 = DIRECTION('',(0.5,0.866025403784,-2.12115047745E-16));
#2745 = DIRECTION('',(-0.866025403784,0.5,-1.224646799147E-16));
#2746 = ADVANCED_FACE('',(#2747),#2765,.T.);
#2747 = FACE_BOUND('',#2748,.T.);
#2748 = EDGE_LOOP('',(#2749,#2750,#2751,#2759));
#2749 = ORIENTED_EDGE('',*,*,#788,.T.);
#2750 = ORIENTED_EDGE('',*,*,#2736,.T.);
#2751 = ORIENTED_EDGE('',*,*,#2752,.T.);
#2752 = EDGE_CURVE('',#2729,#2753,#2755,.T.);
#2753 = VERTEX_POINT('',#2754);
#2754 = CARTESIAN_POINT('',(183.05,15.703183294109,1.8));
#2755 = LINE('',#2756,#2757);
#2756 = CARTESIAN_POINT('',(183.05,12.296816705891,1.8));
#2757 = VECTOR('',#2758,1.);
#2758 = DIRECTION('',(0.,1.,-2.449293598295E-16));
#2759 = ORIENTED_EDGE('',*,*,#2760,.F.);
#2760 = EDGE_CURVE('',#781,#2753,#2761,.T.);
#2761 = LINE('',#2762,#2763);
#2762 = CARTESIAN_POINT('',(183.05,15.703183294109,8.1));
#2763 = VECTOR('',#2764,1.);
#2764 = DIRECTION('',(0.,-2.449293598295E-16,-1.));
#2765 = PLANE('',#2766);
#2766 = AXIS2_PLACEMENT_3D('',#2767,#2768,#2769);
#2767 = CARTESIAN_POINT('',(183.05,12.296816705891,8.1));
#2768 = DIRECTION('',(1.,0.,0.));
#2769 = DIRECTION('',(0.,1.,-2.449293598295E-16));
#2770 = ADVANCED_FACE('',(#2771),#2789,.T.);
#2771 = FACE_BOUND('',#2772,.T.);
#2772 = EDGE_LOOP('',(#2773,#2774,#2782,#2788));
#2773 = ORIENTED_EDGE('',*,*,#756,.T.);
#2774 = ORIENTED_EDGE('',*,*,#2775,.T.);
#2775 = EDGE_CURVE('',#757,#2776,#2778,.T.);
#2776 = VERTEX_POINT('',#2777);
#2777 = CARTESIAN_POINT('',(188.95,12.296816705891,1.8));
#2778 = LINE('',#2779,#2780);
#2779 = CARTESIAN_POINT('',(188.95,12.296816705891,8.1));
#2780 = VECTOR('',#2781,1.);
#2781 = DIRECTION('',(0.,-2.449293598295E-16,-1.));
#2782 = ORIENTED_EDGE('',*,*,#2783,.T.);
#2783 = EDGE_CURVE('',#2776,#2721,#2784,.T.);
#2784 = LINE('',#2785,#2786);
#2785 = CARTESIAN_POINT('',(188.95,12.296816705891,1.8));
#2786 = VECTOR('',#2787,1.);
#2787 = DIRECTION('',(-0.866025403784,-0.5,1.224646799147E-16));
#2788 = ORIENTED_EDGE('',*,*,#2720,.F.);
#2789 = PLANE('',#2790);
#2790 = AXIS2_PLACEMENT_3D('',#2791,#2792,#2793);
#2791 = CARTESIAN_POINT('',(188.95,12.296816705891,8.1));
#2792 = DIRECTION('',(-0.5,0.866025403784,-2.12115047745E-16));
#2793 = DIRECTION('',(-0.866025403784,-0.5,1.224646799147E-16));
#2794 = ADVANCED_FACE('',(#2795),#2813,.T.);
#2795 = FACE_BOUND('',#2796,.T.);
#2796 = EDGE_LOOP('',(#2797,#2798,#2799,#2807));
#2797 = ORIENTED_EDGE('',*,*,#780,.T.);
#2798 = ORIENTED_EDGE('',*,*,#2760,.T.);
#2799 = ORIENTED_EDGE('',*,*,#2800,.T.);
#2800 = EDGE_CURVE('',#2753,#2801,#2803,.T.);
#2801 = VERTEX_POINT('',#2802);
#2802 = CARTESIAN_POINT('',(186.,17.406366588219,1.8));
#2803 = LINE('',#2804,#2805);
#2804 = CARTESIAN_POINT('',(183.05,15.703183294109,1.8));
#2805 = VECTOR('',#2806,1.);
#2806 = DIRECTION('',(0.866025403784,0.5,-1.224646799147E-16));
#2807 = ORIENTED_EDGE('',*,*,#2808,.F.);
#2808 = EDGE_CURVE('',#773,#2801,#2809,.T.);
#2809 = LINE('',#2810,#2811);
#2810 = CARTESIAN_POINT('',(186.,17.406366588219,8.1));
#2811 = VECTOR('',#2812,1.);
#2812 = DIRECTION('',(0.,-2.449293598295E-16,-1.));
#2813 = PLANE('',#2814);
#2814 = AXIS2_PLACEMENT_3D('',#2815,#2816,#2817);
#2815 = CARTESIAN_POINT('',(183.05,15.703183294109,8.1));
#2816 = DIRECTION('',(0.5,-0.866025403784,2.12115047745E-16));
#2817 = DIRECTION('',(0.866025403784,0.5,-1.224646799147E-16));
#2818 = ADVANCED_FACE('',(#2819),#2837,.T.);
#2819 = FACE_BOUND('',#2820,.T.);
#2820 = EDGE_LOOP('',(#2821,#2822,#2830,#2836));
#2821 = ORIENTED_EDGE('',*,*,#764,.T.);
#2822 = ORIENTED_EDGE('',*,*,#2823,.T.);
#2823 = EDGE_CURVE('',#765,#2824,#2826,.T.);
#2824 = VERTEX_POINT('',#2825);
#2825 = CARTESIAN_POINT('',(188.95,15.703183294109,1.8));
#2826 = LINE('',#2827,#2828);
#2827 = CARTESIAN_POINT('',(188.95,15.703183294109,8.1));
#2828 = VECTOR('',#2829,1.);
#2829 = DIRECTION('',(0.,-2.449293598295E-16,-1.));
#2830 = ORIENTED_EDGE('',*,*,#2831,.T.);
#2831 = EDGE_CURVE('',#2824,#2776,#2832,.T.);
#2832 = LINE('',#2833,#2834);
#2833 = CARTESIAN_POINT('',(188.95,15.703183294109,1.8));
#2834 = VECTOR('',#2835,1.);
#2835 = DIRECTION('',(0.,-1.,2.449293598295E-16));
#2836 = ORIENTED_EDGE('',*,*,#2775,.F.);
#2837 = PLANE('',#2838);
#2838 = AXIS2_PLACEMENT_3D('',#2839,#2840,#2841);
#2839 = CARTESIAN_POINT('',(188.95,15.703183294109,8.1));
#2840 = DIRECTION('',(-1.,-0.,0.));
#2841 = DIRECTION('',(0.,-1.,2.449293598295E-16));
#2842 = ADVANCED_FACE('',(#2843),#2854,.T.);
#2843 = FACE_BOUND('',#2844,.T.);
#2844 = EDGE_LOOP('',(#2845,#2846,#2847,#2853));
#2845 = ORIENTED_EDGE('',*,*,#772,.T.);
#2846 = ORIENTED_EDGE('',*,*,#2808,.T.);
#2847 = ORIENTED_EDGE('',*,*,#2848,.T.);
#2848 = EDGE_CURVE('',#2801,#2824,#2849,.T.);
#2849 = LINE('',#2850,#2851);
#2850 = CARTESIAN_POINT('',(186.,17.406366588219,1.8));
#2851 = VECTOR('',#2852,1.);
#2852 = DIRECTION('',(0.866025403784,-0.5,1.224646799147E-16));
#2853 = ORIENTED_EDGE('',*,*,#2823,.F.);
#2854 = PLANE('',#2855);
#2855 = AXIS2_PLACEMENT_3D('',#2856,#2857,#2858);
#2856 = CARTESIAN_POINT('',(186.,17.406366588219,8.1));
#2857 = DIRECTION('',(-0.5,-0.866025403784,2.12115047745E-16));
#2858 = DIRECTION('',(0.866025403784,-0.5,1.224646799147E-16));
#2859 = ADVANCED_FACE('',(#2860),#2885,.F.);
#2860 = FACE_BOUND('',#2861,.F.);
#2861 = EDGE_LOOP('',(#2862,#2870,#2871,#2879));
#2862 = ORIENTED_EDGE('',*,*,#2863,.F.);
#2863 = EDGE_CURVE('',#829,#2864,#2866,.T.);
#2864 = VERTEX_POINT('',#2865);
#2865 = CARTESIAN_POINT('',(0.,200.,0.));
#2866 = LINE('',#2867,#2868);
#2867 = CARTESIAN_POINT('',(0.,200.,8.));
#2868 = VECTOR('',#2869,1.);
#2869 = DIRECTION('',(0.,-2.449293598295E-16,-1.));
#2870 = ORIENTED_EDGE('',*,*,#826,.F.);
#2871 = ORIENTED_EDGE('',*,*,#2872,.T.);
#2872 = EDGE_CURVE('',#827,#2873,#2875,.T.);
#2873 = VERTEX_POINT('',#2874);
#2874 = CARTESIAN_POINT('',(0.,0.,5.684341886081E-14));
#2875 = LINE('',#2876,#2877);
#2876 = CARTESIAN_POINT('',(0.,0.,8.));
#2877 = VECTOR('',#2878,1.);
#2878 = DIRECTION('',(0.,-2.449293598295E-16,-1.));
#2879 = ORIENTED_EDGE('',*,*,#2880,.F.);
#2880 = EDGE_CURVE('',#2864,#2873,#2881,.T.);
#2881 = LINE('',#2882,#2883);
#2882 = CARTESIAN_POINT('',(0.,200.,0.));
#2883 = VECTOR('',#2884,1.);
#2884 = DIRECTION('',(0.,-1.,2.449293598295E-16));
#2885 = PLANE('',#2886);
#2886 = AXIS2_PLACEMENT_3D('',#2887,#2888,#2889);
#2887 = CARTESIAN_POINT('',(0.,200.,8.));
#2888 = DIRECTION('',(1.,0.,0.));
#2889 = DIRECTION('',(0.,-2.449293598295E-16,-1.));
#2890 = ADVANCED_FACE('',(#2891),#2909,.T.);
#2891 = FACE_BOUND('',#2892,.T.);
#2892 = EDGE_LOOP('',(#2893,#2901,#2902,#2903));
#2893 = ORIENTED_EDGE('',*,*,#2894,.F.);
#2894 = EDGE_CURVE('',#837,#2895,#2897,.T.);
#2895 = VERTEX_POINT('',#2896);
#2896 = CARTESIAN_POINT('',(200.,0.,5.684341886081E-14));
#2897 = LINE('',#2898,#2899);
#2898 = CARTESIAN_POINT('',(200.,0.,8.));
#2899 = VECTOR('',#2900,1.);
#2900 = DIRECTION('',(0.,-2.449293598295E-16,-1.));
#2901 = ORIENTED_EDGE('',*,*,#836,.F.);
#2902 = ORIENTED_EDGE('',*,*,#2872,.T.);
#2903 = ORIENTED_EDGE('',*,*,#2904,.T.);
#2904 = EDGE_CURVE('',#2873,#2895,#2905,.T.);
#2905 = LINE('',#2906,#2907);
#2906 = CARTESIAN_POINT('',(0.,0.,4.884981308351E-14));
#2907 = VECTOR('',#2908,1.);
#2908 = DIRECTION('',(1.,0.,0.));
#2909 = PLANE('',#2910);
#2910 = AXIS2_PLACEMENT_3D('',#2911,#2912,#2913);
#2911 = CARTESIAN_POINT('',(0.,0.,8.));
#2912 = DIRECTION('',(0.,-1.,2.449293598295E-16));
#2913 = DIRECTION('',(0.,-2.449293598295E-16,-1.));
#2914 = ADVANCED_FACE('',(#2915),#2933,.T.);
#2915 = FACE_BOUND('',#2916,.T.);
#2916 = EDGE_LOOP('',(#2917,#2925,#2926,#2927));
#2917 = ORIENTED_EDGE('',*,*,#2918,.F.);
#2918 = EDGE_CURVE('',#845,#2919,#2921,.T.);
#2919 = VERTEX_POINT('',#2920);
#2920 = CARTESIAN_POINT('',(200.,200.,0.));
#2921 = LINE('',#2922,#2923);
#2922 = CARTESIAN_POINT('',(200.,200.,8.));
#2923 = VECTOR('',#2924,1.);
#2924 = DIRECTION('',(0.,-2.449293598295E-16,-1.));
#2925 = ORIENTED_EDGE('',*,*,#844,.F.);
#2926 = ORIENTED_EDGE('',*,*,#2894,.T.);
#2927 = ORIENTED_EDGE('',*,*,#2928,.F.);
#2928 = EDGE_CURVE('',#2919,#2895,#2929,.T.);
#2929 = LINE('',#2930,#2931);
#2930 = CARTESIAN_POINT('',(200.,200.,0.));
#2931 = VECTOR('',#2932,1.);
#2932 = DIRECTION('',(0.,-1.,2.449293598295E-16));
#2933 = PLANE('',#2934);
#2934 = AXIS2_PLACEMENT_3D('',#2935,#2936,#2937);
#2935 = CARTESIAN_POINT('',(200.,200.,8.));
#2936 = DIRECTION('',(1.,0.,0.));
#2937 = DIRECTION('',(0.,-2.449293598295E-16,-1.));
#2938 = ADVANCED_FACE('',(#2939),#2950,.F.);
#2939 = FACE_BOUND('',#2940,.F.);
#2940 = EDGE_LOOP('',(#2941,#2942,#2943,#2944));
#2941 = ORIENTED_EDGE('',*,*,#2918,.F.);
#2942 = ORIENTED_EDGE('',*,*,#852,.F.);
#2943 = ORIENTED_EDGE('',*,*,#2863,.T.);
#2944 = ORIENTED_EDGE('',*,*,#2945,.T.);
#2945 = EDGE_CURVE('',#2864,#2919,#2946,.T.);
#2946 = LINE('',#2947,#2948);
#2947 = CARTESIAN_POINT('',(0.,200.,0.));
#2948 = VECTOR('',#2949,1.);
#2949 = DIRECTION('',(1.,0.,0.));
#2950 = PLANE('',#2951);
#2951 = AXIS2_PLACEMENT_3D('',#2952,#2953,#2954);
#2952 = CARTESIAN_POINT('',(0.,200.,8.));
#2953 = DIRECTION('',(0.,-1.,2.449293598295E-16));
#2954 = DIRECTION('',(0.,-2.449293598295E-16,-1.));
#2955 = ADVANCED_FACE('',(#2956,#2964),#2975,.F.);
#2956 = FACE_BOUND('',#2957,.F.);
#2957 = EDGE_LOOP('',(#2958,#2959,#2960,#2961,#2962,#2963));
#2958 = ORIENTED_EDGE('',*,*,#953,.T.);
#2959 = ORIENTED_EDGE('',*,*,#898,.T.);
#2960 = ORIENTED_EDGE('',*,*,#922,.T.);
#2961 = ORIENTED_EDGE('',*,*,#970,.T.);
#2962 = ORIENTED_EDGE('',*,*,#1018,.T.);
#2963 = ORIENTED_EDGE('',*,*,#1001,.T.);
#2964 = FACE_BOUND('',#2965,.F.);
#2965 = EDGE_LOOP('',(#2966));
#2966 = ORIENTED_EDGE('',*,*,#2967,.F.);
#2967 = EDGE_CURVE('',#2968,#2968,#2970,.T.);
#2968 = VERTEX_POINT('',#2969);
#2969 = CARTESIAN_POINT('',(15.8,186.,1.8));
#2970 = CIRCLE('',#2971,1.8);
#2971 = AXIS2_PLACEMENT_3D('',#2972,#2973,#2974);
#2972 = CARTESIAN_POINT('',(14.,186.,1.8));
#2973 = DIRECTION('',(0.,-2.449293598295E-16,-1.));
#2974 = DIRECTION('',(1.,0.,0.));
#2975 = PLANE('',#2976);
#2976 = AXIS2_PLACEMENT_3D('',#2977,#2978,#2979);
#2977 = CARTESIAN_POINT('',(14.,186.,1.8));
#2978 = DIRECTION('',(0.,-2.449293598295E-16,-1.));
#2979 = DIRECTION('',(1.,0.,0.));
#2980 = ADVANCED_FACE('',(#2981,#2987,#2998,#3001,#3012,#3023,#3029,
    #3032,#3043,#3054,#3065,#3076),#3087,.T.);
#2981 = FACE_BOUND('',#2982,.T.);
#2982 = EDGE_LOOP('',(#2983,#2984,#2985,#2986));
#2983 = ORIENTED_EDGE('',*,*,#2880,.F.);
#2984 = ORIENTED_EDGE('',*,*,#2945,.T.);
#2985 = ORIENTED_EDGE('',*,*,#2928,.T.);
#2986 = ORIENTED_EDGE('',*,*,#2904,.F.);
#2987 = FACE_BOUND('',#2988,.T.);
#2988 = EDGE_LOOP('',(#2989));
#2989 = ORIENTED_EDGE('',*,*,#2990,.F.);
#2990 = EDGE_CURVE('',#2991,#2991,#2993,.T.);
#2991 = VERTEX_POINT('',#2992);
#2992 = CARTESIAN_POINT('',(15.8,186.,0.));
#2993 = CIRCLE('',#2994,1.8);
#2994 = AXIS2_PLACEMENT_3D('',#2995,#2996,#2997);
#2995 = CARTESIAN_POINT('',(14.,186.,3.552713678801E-15));
#2996 = DIRECTION('',(0.,-2.449293598295E-16,-1.));
#2997 = DIRECTION('',(1.,0.,0.));
#2998 = FACE_BOUND('',#2999,.T.);
#2999 = EDGE_LOOP('',(#3000));
#3000 = ORIENTED_EDGE('',*,*,#1033,.F.);
#3001 = FACE_BOUND('',#3002,.T.);
#3002 = EDGE_LOOP('',(#3003));
#3003 = ORIENTED_EDGE('',*,*,#3004,.F.);
#3004 = EDGE_CURVE('',#3005,#3005,#3007,.T.);
#3005 = VERTEX_POINT('',#3006);
#3006 = CARTESIAN_POINT('',(101.8,186.,0.));
#3007 = CIRCLE('',#3008,1.8);
#3008 = AXIS2_PLACEMENT_3D('',#3009,#3010,#3011);
#3009 = CARTESIAN_POINT('',(100.,186.,3.552713678801E-15));
#3010 = DIRECTION('',(0.,-2.449293598295E-16,-1.));
#3011 = DIRECTION('',(1.,0.,0.));
#3012 = FACE_BOUND('',#3013,.T.);
#3013 = EDGE_LOOP('',(#3014));
#3014 = ORIENTED_EDGE('',*,*,#3015,.F.);
#3015 = EDGE_CURVE('',#3016,#3016,#3018,.T.);
#3016 = VERTEX_POINT('',#3017);
#3017 = CARTESIAN_POINT('',(15.8,100.,0.));
#3018 = CIRCLE('',#3019,1.8);
#3019 = AXIS2_PLACEMENT_3D('',#3020,#3021,#3022);
#3020 = CARTESIAN_POINT('',(14.,100.,2.48689957516E-14));
#3021 = DIRECTION('',(0.,-2.449293598295E-16,-1.));
#3022 = DIRECTION('',(1.,0.,0.));
#3023 = FACE_BOUND('',#3024,.T.);
#3024 = EDGE_LOOP('',(#3025,#3026,#3027,#3028));
#3025 = ORIENTED_EDGE('',*,*,#1532,.T.);
#3026 = ORIENTED_EDGE('',*,*,#1580,.T.);
#3027 = ORIENTED_EDGE('',*,*,#1597,.F.);
#3028 = ORIENTED_EDGE('',*,*,#1556,.F.);
#3029 = FACE_BOUND('',#3030,.T.);
#3030 = EDGE_LOOP('',(#3031));
#3031 = ORIENTED_EDGE('',*,*,#1202,.F.);
#3032 = FACE_BOUND('',#3033,.T.);
#3033 = EDGE_LOOP('',(#3034));
#3034 = ORIENTED_EDGE('',*,*,#3035,.F.);
#3035 = EDGE_CURVE('',#3036,#3036,#3038,.T.);
#3036 = VERTEX_POINT('',#3037);
#3037 = CARTESIAN_POINT('',(187.8,186.,0.));
#3038 = CIRCLE('',#3039,1.8);
#3039 = AXIS2_PLACEMENT_3D('',#3040,#3041,#3042);
#3040 = CARTESIAN_POINT('',(186.,186.,3.552713678801E-15));
#3041 = DIRECTION('',(0.,-2.449293598295E-16,-1.));
#3042 = DIRECTION('',(1.,0.,0.));
#3043 = FACE_BOUND('',#3044,.T.);
#3044 = EDGE_LOOP('',(#3045));
#3045 = ORIENTED_EDGE('',*,*,#3046,.F.);
#3046 = EDGE_CURVE('',#3047,#3047,#3049,.T.);
#3047 = VERTEX_POINT('',#3048);
#3048 = CARTESIAN_POINT('',(187.8,100.,0.));
#3049 = CIRCLE('',#3050,1.8);
#3050 = AXIS2_PLACEMENT_3D('',#3051,#3052,#3053);
#3051 = CARTESIAN_POINT('',(186.,100.,2.48689957516E-14));
#3052 = DIRECTION('',(0.,-2.449293598295E-16,-1.));
#3053 = DIRECTION('',(1.,0.,0.));
#3054 = FACE_BOUND('',#3055,.T.);
#3055 = EDGE_LOOP('',(#3056));
#3056 = ORIENTED_EDGE('',*,*,#3057,.F.);
#3057 = EDGE_CURVE('',#3058,#3058,#3060,.T.);
#3058 = VERTEX_POINT('',#3059);
#3059 = CARTESIAN_POINT('',(15.8,14.,5.684341886081E-14));
#3060 = CIRCLE('',#3061,1.8);
#3061 = AXIS2_PLACEMENT_3D('',#3062,#3063,#3064);
#3062 = CARTESIAN_POINT('',(14.,14.,4.529709940471E-14));
#3063 = DIRECTION('',(0.,-2.449293598295E-16,-1.));
#3064 = DIRECTION('',(1.,0.,0.));
#3065 = FACE_BOUND('',#3066,.T.);
#3066 = EDGE_LOOP('',(#3067));
#3067 = ORIENTED_EDGE('',*,*,#3068,.F.);
#3068 = EDGE_CURVE('',#3069,#3069,#3071,.T.);
#3069 = VERTEX_POINT('',#3070);
#3070 = CARTESIAN_POINT('',(101.8,14.,5.684341886081E-14));
#3071 = CIRCLE('',#3072,1.8);
#3072 = AXIS2_PLACEMENT_3D('',#3073,#3074,#3075);
#3073 = CARTESIAN_POINT('',(100.,14.,4.529709940471E-14));
#3074 = DIRECTION('',(0.,-2.449293598295E-16,-1.));
#3075 = DIRECTION('',(1.,0.,0.));
#3076 = FACE_BOUND('',#3077,.T.);
#3077 = EDGE_LOOP('',(#3078));
#3078 = ORIENTED_EDGE('',*,*,#3079,.F.);
#3079 = EDGE_CURVE('',#3080,#3080,#3082,.T.);
#3080 = VERTEX_POINT('',#3081);
#3081 = CARTESIAN_POINT('',(187.8,14.,5.684341886081E-14));
#3082 = CIRCLE('',#3083,1.8);
#3083 = AXIS2_PLACEMENT_3D('',#3084,#3085,#3086);
#3084 = CARTESIAN_POINT('',(186.,14.,4.529709940471E-14));
#3085 = DIRECTION('',(0.,-2.449293598295E-16,-1.));
#3086 = DIRECTION('',(1.,0.,0.));
#3087 = PLANE('',#3088);
#3088 = AXIS2_PLACEMENT_3D('',#3089,#3090,#3091);
#3089 = CARTESIAN_POINT('',(0.,200.,0.));
#3090 = DIRECTION('',(0.,-2.449293598295E-16,-1.));
#3091 = DIRECTION('',(1.,0.,0.));
#3092 = ADVANCED_FACE('',(#3093,#3101),#3112,.F.);
#3093 = FACE_BOUND('',#3094,.F.);
#3094 = EDGE_LOOP('',(#3095,#3096,#3097,#3098,#3099,#3100));
#3095 = ORIENTED_EDGE('',*,*,#1122,.T.);
#3096 = ORIENTED_EDGE('',*,*,#1067,.T.);
#3097 = ORIENTED_EDGE('',*,*,#1091,.T.);
#3098 = ORIENTED_EDGE('',*,*,#1139,.T.);
#3099 = ORIENTED_EDGE('',*,*,#1187,.T.);
#3100 = ORIENTED_EDGE('',*,*,#1170,.T.);
#3101 = FACE_BOUND('',#3102,.F.);
#3102 = EDGE_LOOP('',(#3103));
#3103 = ORIENTED_EDGE('',*,*,#3104,.F.);
#3104 = EDGE_CURVE('',#3105,#3105,#3107,.T.);
#3105 = VERTEX_POINT('',#3106);
#3106 = CARTESIAN_POINT('',(101.8,186.,1.8));
#3107 = CIRCLE('',#3108,1.8);
#3108 = AXIS2_PLACEMENT_3D('',#3109,#3110,#3111);
#3109 = CARTESIAN_POINT('',(100.,186.,1.8));
#3110 = DIRECTION('',(0.,-2.449293598295E-16,-1.));
#3111 = DIRECTION('',(1.,0.,0.));
#3112 = PLANE('',#3113);
#3113 = AXIS2_PLACEMENT_3D('',#3114,#3115,#3116);
#3114 = CARTESIAN_POINT('',(100.,186.,1.8));
#3115 = DIRECTION('',(0.,-2.449293598295E-16,-1.));
#3116 = DIRECTION('',(1.,0.,0.));
#3117 = ADVANCED_FACE('',(#3118,#3126),#3137,.F.);
#3118 = FACE_BOUND('',#3119,.F.);
#3119 = EDGE_LOOP('',(#3120,#3121,#3122,#3123,#3124,#3125));
#3120 = ORIENTED_EDGE('',*,*,#1291,.T.);
#3121 = ORIENTED_EDGE('',*,*,#1236,.T.);
#3122 = ORIENTED_EDGE('',*,*,#1260,.T.);
#3123 = ORIENTED_EDGE('',*,*,#1308,.T.);
#3124 = ORIENTED_EDGE('',*,*,#1356,.T.);
#3125 = ORIENTED_EDGE('',*,*,#1339,.T.);
#3126 = FACE_BOUND('',#3127,.F.);
#3127 = EDGE_LOOP('',(#3128));
#3128 = ORIENTED_EDGE('',*,*,#3129,.F.);
#3129 = EDGE_CURVE('',#3130,#3130,#3132,.T.);
#3130 = VERTEX_POINT('',#3131);
#3131 = CARTESIAN_POINT('',(187.8,186.,1.8));
#3132 = CIRCLE('',#3133,1.8);
#3133 = AXIS2_PLACEMENT_3D('',#3134,#3135,#3136);
#3134 = CARTESIAN_POINT('',(186.,186.,1.8));
#3135 = DIRECTION('',(0.,-2.449293598295E-16,-1.));
#3136 = DIRECTION('',(1.,0.,0.));
#3137 = PLANE('',#3138);
#3138 = AXIS2_PLACEMENT_3D('',#3139,#3140,#3141);
#3139 = CARTESIAN_POINT('',(186.,186.,1.8));
#3140 = DIRECTION('',(0.,-2.449293598295E-16,-1.));
#3141 = DIRECTION('',(1.,0.,0.));
#3142 = ADVANCED_FACE('',(#3143,#3151),#3162,.F.);
#3143 = FACE_BOUND('',#3144,.F.);
#3144 = EDGE_LOOP('',(#3145,#3146,#3147,#3148,#3149,#3150));
#3145 = ORIENTED_EDGE('',*,*,#1435,.T.);
#3146 = ORIENTED_EDGE('',*,*,#1380,.T.);
#3147 = ORIENTED_EDGE('',*,*,#1404,.T.);
#3148 = ORIENTED_EDGE('',*,*,#1452,.T.);
#3149 = ORIENTED_EDGE('',*,*,#1500,.T.);
#3150 = ORIENTED_EDGE('',*,*,#1483,.T.);
#3151 = FACE_BOUND('',#3152,.F.);
#3152 = EDGE_LOOP('',(#3153));
#3153 = ORIENTED_EDGE('',*,*,#3154,.F.);
#3154 = EDGE_CURVE('',#3155,#3155,#3157,.T.);
#3155 = VERTEX_POINT('',#3156);
#3156 = CARTESIAN_POINT('',(15.8,100.,1.8));
#3157 = CIRCLE('',#3158,1.8);
#3158 = AXIS2_PLACEMENT_3D('',#3159,#3160,#3161);
#3159 = CARTESIAN_POINT('',(14.,100.,1.8));
#3160 = DIRECTION('',(0.,-2.449293598295E-16,-1.));
#3161 = DIRECTION('',(1.,0.,0.));
#3162 = PLANE('',#3163);
#3163 = AXIS2_PLACEMENT_3D('',#3164,#3165,#3166);
#3164 = CARTESIAN_POINT('',(14.,100.,1.8));
#3165 = DIRECTION('',(0.,-2.449293598295E-16,-1.));
#3166 = DIRECTION('',(1.,0.,0.));
#3167 = ADVANCED_FACE('',(#3168,#3176),#3187,.F.);
#3168 = FACE_BOUND('',#3169,.F.);
#3169 = EDGE_LOOP('',(#3170,#3171,#3172,#3173,#3174,#3175));
#3170 = ORIENTED_EDGE('',*,*,#1675,.T.);
#3171 = ORIENTED_EDGE('',*,*,#1620,.T.);
#3172 = ORIENTED_EDGE('',*,*,#1644,.T.);
#3173 = ORIENTED_EDGE('',*,*,#1692,.T.);
#3174 = ORIENTED_EDGE('',*,*,#1740,.T.);
#3175 = ORIENTED_EDGE('',*,*,#1723,.T.);
#3176 = FACE_BOUND('',#3177,.F.);
#3177 = EDGE_LOOP('',(#3178));
#3178 = ORIENTED_EDGE('',*,*,#3179,.F.);
#3179 = EDGE_CURVE('',#3180,#3180,#3182,.T.);
#3180 = VERTEX_POINT('',#3181);
#3181 = CARTESIAN_POINT('',(15.8,14.,1.8));
#3182 = CIRCLE('',#3183,1.8);
#3183 = AXIS2_PLACEMENT_3D('',#3184,#3185,#3186);
#3184 = CARTESIAN_POINT('',(14.,14.,1.8));
#3185 = DIRECTION('',(0.,-2.449293598295E-16,-1.));
#3186 = DIRECTION('',(1.,0.,0.));
#3187 = PLANE('',#3188);
#3188 = AXIS2_PLACEMENT_3D('',#3189,#3190,#3191);
#3189 = CARTESIAN_POINT('',(14.,14.,1.8));
#3190 = DIRECTION('',(0.,-2.449293598295E-16,-1.));
#3191 = DIRECTION('',(1.,0.,0.));
#3192 = ADVANCED_FACE('',(#3193),#3212,.F.);
#3193 = FACE_BOUND('',#3194,.F.);
#3194 = EDGE_LOOP('',(#3195,#3196,#3197,#3198,#3199,#3200,#3201,#3202,
    #3203,#3204,#3205,#3206,#3207,#3208,#3209,#3210,#3211));
#3195 = ORIENTED_EDGE('',*,*,#2127,.F.);
#3196 = ORIENTED_EDGE('',*,*,#1755,.T.);
#3197 = ORIENTED_EDGE('',*,*,#1786,.T.);
#3198 = ORIENTED_EDGE('',*,*,#1810,.T.);
#3199 = ORIENTED_EDGE('',*,*,#1834,.T.);
#3200 = ORIENTED_EDGE('',*,*,#1858,.T.);
#3201 = ORIENTED_EDGE('',*,*,#1891,.F.);
#3202 = ORIENTED_EDGE('',*,*,#1907,.F.);
#3203 = ORIENTED_EDGE('',*,*,#1940,.F.);
#3204 = ORIENTED_EDGE('',*,*,#1956,.F.);
#3205 = ORIENTED_EDGE('',*,*,#1980,.F.);
#3206 = ORIENTED_EDGE('',*,*,#2005,.F.);
#3207 = ORIENTED_EDGE('',*,*,#2029,.F.);
#3208 = ORIENTED_EDGE('',*,*,#2054,.F.);
#3209 = ORIENTED_EDGE('',*,*,#2087,.F.);
#3210 = ORIENTED_EDGE('',*,*,#2103,.F.);
#3211 = ORIENTED_EDGE('',*,*,#2136,.F.);
#3212 = PLANE('',#3213);
#3213 = AXIS2_PLACEMENT_3D('',#3214,#3215,#3216);
#3214 = CARTESIAN_POINT('',(69.132336954828,13.954649240244,7.6));
#3215 = DIRECTION('',(-0.,-1.224646799147E-16,-1.));
#3216 = DIRECTION('',(-1.,0.,0.));
#3217 = ADVANCED_FACE('',(#3218),#3232,.F.);
#3218 = FACE_BOUND('',#3219,.F.);
#3219 = EDGE_LOOP('',(#3220,#3221,#3222,#3223,#3224,#3225,#3226,#3227,
    #3228,#3229,#3230,#3231));
#3220 = ORIENTED_EDGE('',*,*,#2415,.F.);
#3221 = ORIENTED_EDGE('',*,*,#2154,.T.);
#3222 = ORIENTED_EDGE('',*,*,#2194,.F.);
#3223 = ORIENTED_EDGE('',*,*,#2210,.T.);
#3224 = ORIENTED_EDGE('',*,*,#2234,.T.);
#3225 = ORIENTED_EDGE('',*,*,#2276,.F.);
#3226 = ORIENTED_EDGE('',*,*,#2267,.F.);
#3227 = ORIENTED_EDGE('',*,*,#2292,.F.);
#3228 = ORIENTED_EDGE('',*,*,#2325,.F.);
#3229 = ORIENTED_EDGE('',*,*,#2341,.T.);
#3230 = ORIENTED_EDGE('',*,*,#2365,.F.);
#3231 = ORIENTED_EDGE('',*,*,#2389,.F.);
#3232 = PLANE('',#3233);
#3233 = AXIS2_PLACEMENT_3D('',#3234,#3235,#3236);
#3234 = CARTESIAN_POINT('',(72.908150716429,13.510132564992,7.6));
#3235 = DIRECTION('',(-0.,-1.224646799147E-16,-1.));
#3236 = DIRECTION('',(-1.,0.,0.));
#3237 = ADVANCED_FACE('',(#3238,#3246),#3257,.F.);
#3238 = FACE_BOUND('',#3239,.F.);
#3239 = EDGE_LOOP('',(#3240,#3241,#3242,#3243,#3244,#3245));
#3240 = ORIENTED_EDGE('',*,*,#2495,.T.);
#3241 = ORIENTED_EDGE('',*,*,#2440,.T.);
#3242 = ORIENTED_EDGE('',*,*,#2464,.T.);
#3243 = ORIENTED_EDGE('',*,*,#2512,.T.);
#3244 = ORIENTED_EDGE('',*,*,#2560,.T.);
#3245 = ORIENTED_EDGE('',*,*,#2543,.T.);
#3246 = FACE_BOUND('',#3247,.F.);
#3247 = EDGE_LOOP('',(#3248));
#3248 = ORIENTED_EDGE('',*,*,#3249,.F.);
#3249 = EDGE_CURVE('',#3250,#3250,#3252,.T.);
#3250 = VERTEX_POINT('',#3251);
#3251 = CARTESIAN_POINT('',(101.8,14.,1.8));
#3252 = CIRCLE('',#3253,1.8);
#3253 = AXIS2_PLACEMENT_3D('',#3254,#3255,#3256);
#3254 = CARTESIAN_POINT('',(100.,14.,1.8));
#3255 = DIRECTION('',(0.,-2.449293598295E-16,-1.));
#3256 = DIRECTION('',(1.,0.,0.));
#3257 = PLANE('',#3258);
#3258 = AXIS2_PLACEMENT_3D('',#3259,#3260,#3261);
#3259 = CARTESIAN_POINT('',(100.,14.,1.8));
#3260 = DIRECTION('',(0.,-2.449293598295E-16,-1.));
#3261 = DIRECTION('',(1.,0.,0.));
#3262 = ADVANCED_FACE('',(#3263,#3271),#3282,.F.);
#3263 = FACE_BOUND('',#3264,.F.);
#3264 = EDGE_LOOP('',(#3265,#3266,#3267,#3268,#3269,#3270));
#3265 = ORIENTED_EDGE('',*,*,#2639,.T.);
#3266 = ORIENTED_EDGE('',*,*,#2584,.T.);
#3267 = ORIENTED_EDGE('',*,*,#2608,.T.);
#3268 = ORIENTED_EDGE('',*,*,#2656,.T.);
#3269 = ORIENTED_EDGE('',*,*,#2704,.T.);
#3270 = ORIENTED_EDGE('',*,*,#2687,.T.);
#3271 = FACE_BOUND('',#3272,.F.);
#3272 = EDGE_LOOP('',(#3273));
#3273 = ORIENTED_EDGE('',*,*,#3274,.F.);
#3274 = EDGE_CURVE('',#3275,#3275,#3277,.T.);
#3275 = VERTEX_POINT('',#3276);
#3276 = CARTESIAN_POINT('',(187.8,100.,1.8));
#3277 = CIRCLE('',#3278,1.8);
#3278 = AXIS2_PLACEMENT_3D('',#3279,#3280,#3281);
#3279 = CARTESIAN_POINT('',(186.,100.,1.8));
#3280 = DIRECTION('',(0.,-2.449293598295E-16,-1.));
#3281 = DIRECTION('',(1.,0.,0.));
#3282 = PLANE('',#3283);
#3283 = AXIS2_PLACEMENT_3D('',#3284,#3285,#3286);
#3284 = CARTESIAN_POINT('',(186.,100.,1.8));
#3285 = DIRECTION('',(0.,-2.449293598295E-16,-1.));
#3286 = DIRECTION('',(1.,0.,0.));
#3287 = ADVANCED_FACE('',(#3288,#3296),#3307,.F.);
#3288 = FACE_BOUND('',#3289,.F.);
#3289 = EDGE_LOOP('',(#3290,#3291,#3292,#3293,#3294,#3295));
#3290 = ORIENTED_EDGE('',*,*,#2783,.T.);
#3291 = ORIENTED_EDGE('',*,*,#2728,.T.);
#3292 = ORIENTED_EDGE('',*,*,#2752,.T.);
#3293 = ORIENTED_EDGE('',*,*,#2800,.T.);
#3294 = ORIENTED_EDGE('',*,*,#2848,.T.);
#3295 = ORIENTED_EDGE('',*,*,#2831,.T.);
#3296 = FACE_BOUND('',#3297,.F.);
#3297 = EDGE_LOOP('',(#3298));
#3298 = ORIENTED_EDGE('',*,*,#3299,.F.);
#3299 = EDGE_CURVE('',#3300,#3300,#3302,.T.);
#3300 = VERTEX_POINT('',#3301);
#3301 = CARTESIAN_POINT('',(187.8,14.,1.8));
#3302 = CIRCLE('',#3303,1.8);
#3303 = AXIS2_PLACEMENT_3D('',#3304,#3305,#3306);
#3304 = CARTESIAN_POINT('',(186.,14.,1.8));
#3305 = DIRECTION('',(0.,-2.449293598295E-16,-1.));
#3306 = DIRECTION('',(1.,0.,0.));
#3307 = PLANE('',#3308);
#3308 = AXIS2_PLACEMENT_3D('',#3309,#3310,#3311);
#3309 = CARTESIAN_POINT('',(186.,14.,1.8));
#3310 = DIRECTION('',(0.,-2.449293598295E-16,-1.));
#3311 = DIRECTION('',(1.,0.,0.));
#3312 = ADVANCED_FACE('',(#3313),#3324,.F.);
#3313 = FACE_BOUND('',#3314,.F.);
#3314 = EDGE_LOOP('',(#3315,#3321,#3322,#3323));
#3315 = ORIENTED_EDGE('',*,*,#3316,.T.);
#3316 = EDGE_CURVE('',#2968,#2991,#3317,.T.);
#3317 = LINE('',#3318,#3319);
#3318 = CARTESIAN_POINT('',(15.8,186.,9.));
#3319 = VECTOR('',#3320,1.);
#3320 = DIRECTION('',(0.,-2.449293598295E-16,-1.));
#3321 = ORIENTED_EDGE('',*,*,#2990,.F.);
#3322 = ORIENTED_EDGE('',*,*,#3316,.F.);
#3323 = ORIENTED_EDGE('',*,*,#2967,.T.);
#3324 = CYLINDRICAL_SURFACE('',#3325,1.8);
#3325 = AXIS2_PLACEMENT_3D('',#3326,#3327,#3328);
#3326 = CARTESIAN_POINT('',(14.,186.,9.));
#3327 = DIRECTION('',(0.,-2.449293598295E-16,-1.));
#3328 = DIRECTION('',(1.,0.,0.));
#3329 = ADVANCED_FACE('',(#3330),#3341,.F.);
#3330 = FACE_BOUND('',#3331,.F.);
#3331 = EDGE_LOOP('',(#3332,#3338,#3339,#3340));
#3332 = ORIENTED_EDGE('',*,*,#3333,.T.);
#3333 = EDGE_CURVE('',#3105,#3005,#3334,.T.);
#3334 = LINE('',#3335,#3336);
#3335 = CARTESIAN_POINT('',(101.8,186.,9.));
#3336 = VECTOR('',#3337,1.);
#3337 = DIRECTION('',(0.,-2.449293598295E-16,-1.));
#3338 = ORIENTED_EDGE('',*,*,#3004,.F.);
#3339 = ORIENTED_EDGE('',*,*,#3333,.F.);
#3340 = ORIENTED_EDGE('',*,*,#3104,.T.);
#3341 = CYLINDRICAL_SURFACE('',#3342,1.8);
#3342 = AXIS2_PLACEMENT_3D('',#3343,#3344,#3345);
#3343 = CARTESIAN_POINT('',(100.,186.,9.));
#3344 = DIRECTION('',(0.,-2.449293598295E-16,-1.));
#3345 = DIRECTION('',(1.,0.,0.));
#3346 = ADVANCED_FACE('',(#3347),#3358,.F.);
#3347 = FACE_BOUND('',#3348,.F.);
#3348 = EDGE_LOOP('',(#3349,#3355,#3356,#3357));
#3349 = ORIENTED_EDGE('',*,*,#3350,.T.);
#3350 = EDGE_CURVE('',#3155,#3016,#3351,.T.);
#3351 = LINE('',#3352,#3353);
#3352 = CARTESIAN_POINT('',(15.8,100.,9.));
#3353 = VECTOR('',#3354,1.);
#3354 = DIRECTION('',(0.,-2.449293598295E-16,-1.));
#3355 = ORIENTED_EDGE('',*,*,#3015,.F.);
#3356 = ORIENTED_EDGE('',*,*,#3350,.F.);
#3357 = ORIENTED_EDGE('',*,*,#3154,.T.);
#3358 = CYLINDRICAL_SURFACE('',#3359,1.8);
#3359 = AXIS2_PLACEMENT_3D('',#3360,#3361,#3362);
#3360 = CARTESIAN_POINT('',(14.,100.,9.));
#3361 = DIRECTION('',(0.,-2.449293598295E-16,-1.));
#3362 = DIRECTION('',(1.,0.,0.));
#3363 = ADVANCED_FACE('',(#3364),#3375,.F.);
#3364 = FACE_BOUND('',#3365,.F.);
#3365 = EDGE_LOOP('',(#3366,#3372,#3373,#3374));
#3366 = ORIENTED_EDGE('',*,*,#3367,.T.);
#3367 = EDGE_CURVE('',#3130,#3036,#3368,.T.);
#3368 = LINE('',#3369,#3370);
#3369 = CARTESIAN_POINT('',(187.8,186.,9.));
#3370 = VECTOR('',#3371,1.);
#3371 = DIRECTION('',(0.,-2.449293598295E-16,-1.));
#3372 = ORIENTED_EDGE('',*,*,#3035,.F.);
#3373 = ORIENTED_EDGE('',*,*,#3367,.F.);
#3374 = ORIENTED_EDGE('',*,*,#3129,.T.);
#3375 = CYLINDRICAL_SURFACE('',#3376,1.8);
#3376 = AXIS2_PLACEMENT_3D('',#3377,#3378,#3379);
#3377 = CARTESIAN_POINT('',(186.,186.,9.));
#3378 = DIRECTION('',(0.,-2.449293598295E-16,-1.));
#3379 = DIRECTION('',(1.,0.,0.));
#3380 = ADVANCED_FACE('',(#3381),#3392,.F.);
#3381 = FACE_BOUND('',#3382,.F.);
#3382 = EDGE_LOOP('',(#3383,#3389,#3390,#3391));
#3383 = ORIENTED_EDGE('',*,*,#3384,.T.);
#3384 = EDGE_CURVE('',#3275,#3047,#3385,.T.);
#3385 = LINE('',#3386,#3387);
#3386 = CARTESIAN_POINT('',(187.8,100.,9.));
#3387 = VECTOR('',#3388,1.);
#3388 = DIRECTION('',(0.,-2.449293598295E-16,-1.));
#3389 = ORIENTED_EDGE('',*,*,#3046,.F.);
#3390 = ORIENTED_EDGE('',*,*,#3384,.F.);
#3391 = ORIENTED_EDGE('',*,*,#3274,.T.);
#3392 = CYLINDRICAL_SURFACE('',#3393,1.8);
#3393 = AXIS2_PLACEMENT_3D('',#3394,#3395,#3396);
#3394 = CARTESIAN_POINT('',(186.,100.,9.));
#3395 = DIRECTION('',(0.,-2.449293598295E-16,-1.));
#3396 = DIRECTION('',(1.,0.,0.));
#3397 = ADVANCED_FACE('',(#3398),#3409,.F.);
#3398 = FACE_BOUND('',#3399,.F.);
#3399 = EDGE_LOOP('',(#3400,#3406,#3407,#3408));
#3400 = ORIENTED_EDGE('',*,*,#3401,.T.);
#3401 = EDGE_CURVE('',#3180,#3058,#3402,.T.);
#3402 = LINE('',#3403,#3404);
#3403 = CARTESIAN_POINT('',(15.8,14.,9.));
#3404 = VECTOR('',#3405,1.);
#3405 = DIRECTION('',(0.,-2.449293598295E-16,-1.));
#3406 = ORIENTED_EDGE('',*,*,#3057,.F.);
#3407 = ORIENTED_EDGE('',*,*,#3401,.F.);
#3408 = ORIENTED_EDGE('',*,*,#3179,.T.);
#3409 = CYLINDRICAL_SURFACE('',#3410,1.8);
#3410 = AXIS2_PLACEMENT_3D('',#3411,#3412,#3413);
#3411 = CARTESIAN_POINT('',(14.,14.,9.));
#3412 = DIRECTION('',(0.,-2.449293598295E-16,-1.));
#3413 = DIRECTION('',(1.,0.,0.));
#3414 = ADVANCED_FACE('',(#3415),#3426,.F.);
#3415 = FACE_BOUND('',#3416,.F.);
#3416 = EDGE_LOOP('',(#3417,#3423,#3424,#3425));
#3417 = ORIENTED_EDGE('',*,*,#3418,.T.);
#3418 = EDGE_CURVE('',#3250,#3069,#3419,.T.);
#3419 = LINE('',#3420,#3421);
#3420 = CARTESIAN_POINT('',(101.8,14.,9.));
#3421 = VECTOR('',#3422,1.);
#3422 = DIRECTION('',(0.,-2.449293598295E-16,-1.));
#3423 = ORIENTED_EDGE('',*,*,#3068,.F.);
#3424 = ORIENTED_EDGE('',*,*,#3418,.F.);
#3425 = ORIENTED_EDGE('',*,*,#3249,.T.);
#3426 = CYLINDRICAL_SURFACE('',#3427,1.8);
#3427 = AXIS2_PLACEMENT_3D('',#3428,#3429,#3430);
#3428 = CARTESIAN_POINT('',(100.,14.,9.));
#3429 = DIRECTION('',(0.,-2.449293598295E-16,-1.));
#3430 = DIRECTION('',(1.,0.,0.));
#3431 = ADVANCED_FACE('',(#3432),#3443,.F.);
#3432 = FACE_BOUND('',#3433,.F.);
#3433 = EDGE_LOOP('',(#3434,#3440,#3441,#3442));
#3434 = ORIENTED_EDGE('',*,*,#3435,.T.);
#3435 = EDGE_CURVE('',#3300,#3080,#3436,.T.);
#3436 = LINE('',#3437,#3438);
#3437 = CARTESIAN_POINT('',(187.8,14.,9.));
#3438 = VECTOR('',#3439,1.);
#3439 = DIRECTION('',(0.,-2.449293598295E-16,-1.));
#3440 = ORIENTED_EDGE('',*,*,#3079,.F.);
#3441 = ORIENTED_EDGE('',*,*,#3435,.F.);
#3442 = ORIENTED_EDGE('',*,*,#3299,.T.);
#3443 = CYLINDRICAL_SURFACE('',#3444,1.8);
#3444 = AXIS2_PLACEMENT_3D('',#3445,#3446,#3447);
#3445 = CARTESIAN_POINT('',(186.,14.,9.));
#3446 = DIRECTION('',(0.,-2.449293598295E-16,-1.));
#3447 = DIRECTION('',(1.,0.,0.));
#3448 = ( GEOMETRIC_REPRESENTATION_CONTEXT(3)
GLOBAL_UNCERTAINTY_ASSIGNED_CONTEXT((#3452))
GLOBAL_UNIT_ASSIGNED_CONTEXT((#3449,#3450,#3451)) REPRESENTATION_CONTEXT
('Context #1','3D Context with UNIT and UNCERTAINTY') );
#3449 = ( LENGTH_UNIT() NAMED_UNIT(*) SI_UNIT(.MILLI.,.METRE.) );
#3450 = ( NAMED_UNIT(*) PLANE_ANGLE_UNIT() SI_UNIT($,.RADIAN.) );
#3451 = ( NAMED_UNIT(*) SI_UNIT($,.STERADIAN.) SOLID_ANGLE_UNIT() );
#3452 = UNCERTAINTY_MEASURE_WITH_UNIT(LENGTH_MEASURE(1.E-07),#3449,
  'distance_accuracy_value','confusion accuracy');
#3453 = PRODUCT_RELATED_PRODUCT_CATEGORY('part',$,(#7));
ENDSEC;
END-ISO-10303-21;
